"poll_id","source_poll_id","poll_name","issue_id","group_key","pair_id","dimension","group_id","adv_t1","dis_t1","adv_t2","dis_t2","grp_t1","grp_t2","disadvantaged_share","n_eligible","reference_tie","no_group_movement","ext_grp","ext_dis","ext_grp_mir","ext_adv_mir","ext_adv","adv_t1_paired","dis_t1_paired","adv_t2_paired","dis_t2_paired","grp_t1_paired","grp_t2_paired","disadvantaged_share_paired","n_eligible_paired","reference_tie_paired","no_group_movement_paired","ext_grp_paired","ext_dis_paired","ext_grp_mir_paired","ext_adv_mir_paired","ext_adv_paired","freqgrp_grp","freqdis_grp","freqgrp_mir","freqadv_mir","freqadv_grp"
12,91,"New Haven","nh.t1manvol","12:9101","12:9101::nh.t1manvol","income","9101",0.40625,0.53125,0.21875,0.0625,0.46875,0.166666666666667,0.5,4,FALSE,FALSE,0.302083333333333,0.46875,-0.302083333333333,-0.1875,0.1875,0.40625,0.5,0.21875,0.0625,0.4375,0.166666666666667,0.333333333333333,3,FALSE,FALSE,0.270833333333333,0.4375,-0.270833333333333,-0.1875,0.1875,TRUE,TRUE,FALSE,FALSE,TRUE
12,91,"New Haven","nh.t1manvol","12:9102","12:9102::nh.t1manvol","income","9102",0.5,0.40625,0.25,0.171875,0.4375,0.197916666666667,0.666666666666667,6,FALSE,FALSE,-0.239583333333333,-0.234375,0.239583333333333,0.25,-0.25,0.5,0.40625,0.25,0.171875,0.4375,0.197916666666667,0.666666666666667,6,FALSE,FALSE,-0.239583333333333,-0.234375,0.239583333333333,0.25,-0.25,FALSE,FALSE,TRUE,TRUE,FALSE
12,91,"New Haven","nh.t1manvol","12:9103","12:9103::nh.t1manvol","income","9103",0.40625,0.5,0.21875,0.1875,0.4375,0.208333333333333,0.333333333333333,6,FALSE,FALSE,0.229166666666667,0.3125,-0.229166666666667,-0.1875,0.1875,0.40625,0.5,0.21875,0.1875,0.4375,0.208333333333333,0.333333333333333,6,FALSE,FALSE,0.229166666666667,0.3125,-0.229166666666667,-0.1875,0.1875,TRUE,TRUE,FALSE,FALSE,TRUE
12,91,"New Haven","nh.t1manvol","12:9104","12:9104::nh.t1manvol","income","9104",0.410714285714286,0.53125,0.276785714285714,0.53125,0.4375,0.333333333333333,0.222222222222222,9,FALSE,FALSE,0.104166666666667,0,-0.104166666666667,-0.133928571428571,0.133928571428571,0.410714285714286,0.53125,0.276785714285714,0.53125,0.4375,0.333333333333333,0.222222222222222,9,FALSE,FALSE,0.104166666666667,0,-0.104166666666667,-0.133928571428571,0.133928571428571,TRUE,FALSE,FALSE,FALSE,TRUE
12,91,"New Haven","nh.t1manvol","12:9105","12:9105::nh.t1manvol","income","9105",0.3125,0.322916666666667,0.1875,0.177083333333333,0.3203125,0.1796875,0.75,8,FALSE,FALSE,0.140625,0.145833333333333,-0.140625,-0.125,0.125,0.3125,0.322916666666667,0.1875,0.177083333333333,0.3203125,0.1796875,0.75,8,FALSE,FALSE,0.140625,0.145833333333333,-0.140625,-0.125,0.125,TRUE,TRUE,FALSE,FALSE,TRUE
12,91,"New Haven","nh.t1manvol","12:9107","12:9107::nh.t1manvol","income","9107",0.125,0.5625,0.375,0.333333333333333,0.416666666666667,0.34375,0.8,5,FALSE,FALSE,0.0729166666666667,0.229166666666667,-0.0729166666666667,0.25,-0.25,0.125,0.5,0.375,0.5,0.3125,0.4375,0.5,2,FALSE,FALSE,-0.125,0,0.125,0.25,-0.25,TRUE,TRUE,FALSE,TRUE,FALSE
12,91,"New Haven","nh.t1manvol","12:9108","12:9108::nh.t1manvol","income","9108",0.46875,0.421875,0.40625,0.390625,0.4453125,0.3984375,0.5,8,FALSE,FALSE,-0.046875,-0.03125,0.046875,0.0625,-0.0625,0.46875,0.421875,0.40625,0.390625,0.4453125,0.3984375,0.5,8,FALSE,FALSE,-0.046875,-0.03125,0.046875,0.0625,-0.0625,FALSE,FALSE,TRUE,TRUE,FALSE
12,91,"New Haven","nh.t1manvol","12:9109","12:9109::nh.t1manvol","income","9109",0.270833333333333,0.5,0.395833333333333,0.2875,0.4140625,0.328125,0.625,8,FALSE,FALSE,0.0859375,0.2125,-0.0859375,0.125,-0.125,0.270833333333333,0.5,0.395833333333333,0.2875,0.4140625,0.328125,0.625,8,FALSE,FALSE,0.0859375,0.2125,-0.0859375,0.125,-0.125,TRUE,TRUE,FALSE,TRUE,FALSE
12,91,"New Haven","nh.t1manvol","12:9110","12:9110::nh.t1manvol","income","9110",0.375,0.5,0.291666666666667,0,0.4375,0.21875,0.4,5,FALSE,FALSE,0.21875,0.5,-0.21875,-0.0833333333333333,0.0833333333333333,0.375,0.375,0.3125,0,0.375,0.208333333333333,0.333333333333333,3,TRUE,FALSE,NA,NA,NA,NA,NA,TRUE,TRUE,FALSE,FALSE,TRUE
12,91,"New Haven","nh.t1manvol","12:9111","12:9111::nh.t1manvol","income","9111",0.166666666666667,0.45,0.09375,0.225,0.34375,0.166666666666667,0.6,10,FALSE,FALSE,0.177083333333333,0.225,-0.177083333333333,-0.0729166666666667,0.0729166666666667,0.166666666666667,0.46875,0.125,0.28125,0.339285714285714,0.214285714285714,0.571428571428571,7,FALSE,FALSE,0.125,0.1875,-0.125,-0.0416666666666667,0.0416666666666667,TRUE,TRUE,FALSE,FALSE,TRUE
12,91,"New Haven","nh.t1manvol","12:9112","12:9112::nh.t1manvol","income","9112",0.25,0.479166666666667,0.1875,0.296875,0.3875,0.260416666666667,0.666666666666667,6,FALSE,FALSE,0.127083333333333,0.182291666666667,-0.127083333333333,-0.0625,0.0625,0.25,0.479166666666667,0.1875,0.229166666666667,0.3875,0.2125,0.6,5,FALSE,FALSE,0.175,0.25,-0.175,-0.0625,0.0625,TRUE,TRUE,FALSE,FALSE,TRUE
12,91,"New Haven","nh.t1manvol","12:9113","12:9113::nh.t1manvol","income","9113",0.4375,0.395833333333333,0.1875,0.325,0.40625,0.302083333333333,0.833333333333333,6,FALSE,FALSE,-0.104166666666667,-0.0708333333333333,0.104166666666667,0.25,-0.25,0.4375,0.395833333333333,0.1875,0.354166666666667,0.40625,0.3125,0.75,4,FALSE,FALSE,-0.09375,-0.0416666666666666,0.09375,0.25,-0.25,FALSE,FALSE,TRUE,TRUE,FALSE
12,91,"New Haven","nh.t1manvol","12:9114","12:9114::nh.t1manvol","income","9114",0.416666666666667,0.458333333333333,0.5625,0.333333333333333,0.4375,0.447916666666667,0.571428571428571,7,FALSE,FALSE,-0.0104166666666667,0.125,0.0104166666666667,0.145833333333333,-0.145833333333333,0.416666666666667,0.458333333333333,0.5625,0.333333333333333,0.4375,0.447916666666667,0.5,6,FALSE,FALSE,-0.0104166666666667,0.125,0.0104166666666667,0.145833333333333,-0.145833333333333,FALSE,TRUE,TRUE,TRUE,FALSE
12,91,"New Haven","nh.t1manvol","12:9115","12:9115::nh.t1manvol","income","9115",0.359375,0.458333333333333,0.328125,0.383928571428571,0.401785714285714,0.363636363636364,0.636363636363636,11,FALSE,FALSE,0.0381493506493507,0.0744047619047619,-0.0381493506493507,-0.03125,0.03125,0.359375,0.458333333333333,0.328125,0.375,0.401785714285714,0.348214285714286,0.428571428571429,7,FALSE,FALSE,0.0535714285714286,0.0833333333333333,-0.0535714285714286,-0.03125,0.03125,TRUE,TRUE,FALSE,FALSE,TRUE
12,91,"New Haven","nh.t1manvol","12:9116","12:9116::nh.t1manvol","income","9116",0.375,0.4375,0.4375,0.53125,0.425,0.5125,0.8,5,FALSE,FALSE,-0.0875,-0.09375,0.0875,0.0625,-0.0625,0.375,0.4375,0.4375,0.53125,0.425,0.5125,0.8,5,FALSE,FALSE,-0.0875,-0.09375,0.0875,0.0625,-0.0625,FALSE,FALSE,TRUE,TRUE,FALSE
12,91,"New Haven","nh.t1endexp","12:9101","12:9101::nh.t1endexp","income","9101",0.6875,0.75,0.9375,0.875,0.71875,0.916666666666667,0.5,4,FALSE,FALSE,-0.197916666666667,-0.125,0.197916666666667,0.25,-0.25,0.6875,0.875,0.9375,0.875,0.75,0.916666666666667,0.333333333333333,3,FALSE,FALSE,-0.166666666666667,0,0.166666666666667,0.25,-0.25,FALSE,FALSE,TRUE,TRUE,FALSE
12,91,"New Haven","nh.t1endexp","12:9102","12:9102::nh.t1endexp","income","9102",1,0.96875,1,1,0.979166666666667,1,0.666666666666667,6,FALSE,FALSE,0.0208333333333334,0.03125,-0.0208333333333334,0,0,1,0.96875,1,1,0.975,1,0.8,5,FALSE,FALSE,0.025,0.03125,-0.025,0,0,TRUE,TRUE,FALSE,FALSE,FALSE
12,91,"New Haven","nh.t1endexp","12:9103","12:9103::nh.t1endexp","income","9103",0.96875,0.75,0.96875,0.875,0.895833333333333,0.9375,0.333333333333333,6,FALSE,FALSE,0.0416666666666666,0.125,-0.0416666666666666,0,0,0.96875,0.75,0.96875,0.875,0.895833333333333,0.9375,0.333333333333333,6,FALSE,FALSE,0.0416666666666666,0.125,-0.0416666666666666,0,0,TRUE,TRUE,FALSE,FALSE,FALSE
12,91,"New Haven","nh.t1endexp","12:9104","12:9104::nh.t1endexp","income","9104",0.75,0.75,0.875,0.25,0.75,0.785714285714286,0.222222222222222,9,TRUE,FALSE,NA,NA,NA,NA,NA,0.854166666666667,0.5,0.875,0.25,0.803571428571429,0.785714285714286,0.142857142857143,7,FALSE,FALSE,-0.0178571428571429,-0.25,0.0178571428571429,-0.0208333333333334,0.0208333333333334,NA,NA,NA,NA,NA
12,91,"New Haven","nh.t1endexp","12:9105","12:9105::nh.t1endexp","income","9105",1,0.825,0.875,0.791666666666667,0.875,0.8125,0.75,8,FALSE,FALSE,-0.0625,-0.0333333333333333,0.0625,0.125,-0.125,1,0.825,0.875,0.8,0.875,0.821428571428571,0.714285714285714,7,FALSE,FALSE,-0.0535714285714286,-0.0249999999999999,0.0535714285714286,0.125,-0.125,FALSE,FALSE,TRUE,TRUE,FALSE
12,91,"New Haven","nh.t1endexp","12:9107","12:9107::nh.t1endexp","income","9107",0.875,0.90625,0,0.40625,0.9,0.325,0.8,5,FALSE,FALSE,0.575,0.5,-0.575,-0.875,0.875,0.875,0.90625,0,0.40625,0.9,0.325,0.8,5,FALSE,FALSE,0.575,0.5,-0.575,-0.875,0.875,TRUE,TRUE,FALSE,FALSE,TRUE
12,91,"New Haven","nh.t1endexp","12:9108","12:9108::nh.t1endexp","income","9108",0.3125,0.96875,0.21875,0.78125,0.640625,0.5,0.5,8,FALSE,FALSE,0.140625,0.1875,-0.140625,-0.09375,0.09375,0.3125,0.96875,0.21875,0.78125,0.640625,0.5,0.5,8,FALSE,FALSE,0.140625,0.1875,-0.140625,-0.09375,0.09375,TRUE,TRUE,FALSE,FALSE,TRUE
12,91,"New Haven","nh.t1endexp","12:9109","12:9109::nh.t1endexp","income","9109",0.625,0.8,0.916666666666667,0.6,0.734375,0.71875,0.625,8,FALSE,FALSE,0.015625,0.2,-0.015625,0.291666666666667,-0.291666666666667,0.625,0.8,0.916666666666667,0.6,0.734375,0.71875,0.625,8,FALSE,FALSE,0.015625,0.2,-0.015625,0.291666666666667,-0.291666666666667,TRUE,TRUE,FALSE,TRUE,FALSE
12,91,"New Haven","nh.t1endexp","12:9110","12:9110::nh.t1endexp","income","9110",0.791666666666667,0.6875,0.791666666666667,0.625,0.75,0.725,0.4,5,FALSE,FALSE,-0.025,-0.0625,0.025,0,0,0.791666666666667,0.6875,0.791666666666667,0.625,0.75,0.725,0.4,5,FALSE,FALSE,-0.025,-0.0625,0.025,0,0,FALSE,FALSE,TRUE,FALSE,FALSE
12,91,"New Haven","nh.t1endexp","12:9111","12:9111::nh.t1endexp","income","9111",0.8125,0.825,0.78125,0.833333333333333,0.819444444444444,0.8125,0.6,10,FALSE,FALSE,0.00694444444444442,-0.00833333333333341,-0.00694444444444442,-0.03125,0.03125,0.8125,0.825,0.78125,0.825,0.819444444444444,0.805555555555556,0.555555555555556,9,FALSE,FALSE,0.0138888888888888,0,-0.0138888888888888,-0.03125,0.03125,TRUE,FALSE,FALSE,FALSE,TRUE
12,91,"New Haven","nh.t1endexp","12:9112","12:9112::nh.t1endexp","income","9112",0.9375,0.90625,1,0.84375,0.916666666666667,0.895833333333333,0.666666666666667,6,FALSE,FALSE,-0.0208333333333333,-0.0625,0.0208333333333333,-0.0625,0.0625,0.9375,0.90625,1,0.84375,0.916666666666667,0.895833333333333,0.666666666666667,6,FALSE,FALSE,-0.0208333333333333,-0.0625,0.0208333333333333,-0.0625,0.0625,FALSE,FALSE,TRUE,FALSE,TRUE
12,91,"New Haven","nh.t1endexp","12:9113","12:9113::nh.t1endexp","income","9113",1,0.85,1,0.95,0.875,0.958333333333333,0.833333333333333,6,FALSE,FALSE,0.0833333333333334,0.1,-0.0833333333333334,0,0,1,0.85,1,0.95,0.875,0.958333333333333,0.833333333333333,6,FALSE,FALSE,0.0833333333333334,0.1,-0.0833333333333334,0,0,TRUE,TRUE,FALSE,FALSE,FALSE
12,91,"New Haven","nh.t1endexp","12:9114","12:9114::nh.t1endexp","income","9114",0.958333333333333,1,0.333333333333333,0.958333333333333,0.979166666666667,0.645833333333333,0.571428571428571,7,FALSE,FALSE,0.333333333333333,0.0416666666666666,-0.333333333333333,-0.625,0.625,0.958333333333333,1,0.333333333333333,0.958333333333333,0.979166666666667,0.645833333333333,0.5,6,FALSE,FALSE,0.333333333333333,0.0416666666666666,-0.333333333333333,-0.625,0.625,TRUE,TRUE,FALSE,FALSE,TRUE
12,91,"New Haven","nh.t1endexp","12:9115","12:9115::nh.t1endexp","income","9115",0.875,0.833333333333333,0.75,0.660714285714286,0.85,0.693181818181818,0.636363636363636,11,FALSE,FALSE,-0.156818181818182,-0.172619047619048,0.156818181818182,0.125,-0.125,0.875,0.833333333333333,0.75,0.666666666666667,0.85,0.7,0.6,10,FALSE,FALSE,-0.15,-0.166666666666667,0.15,0.125,-0.125,FALSE,FALSE,TRUE,TRUE,FALSE
12,91,"New Haven","nh.t1endexp","12:9116","12:9116::nh.t1endexp","income","9116",0.875,0.875,0.875,0.875,0.875,0.875,0.8,5,TRUE,TRUE,NA,NA,NA,NA,NA,0.875,0.875,0.875,0.916666666666667,0.875,0.90625,0.75,4,TRUE,FALSE,NA,NA,NA,NA,NA,NA,NA,NA,NA,NA
13,92,"National Issues Convention 2","nic2.t1envir","13:9201","13:9201::nic2.t1envir","income","9201",0.702083334326744,0.887499995529652,0.868749991059303,0.896874994039536,0.825694441795349,0.887499993046125,0.666666666666667,12,FALSE,FALSE,-0.0618055512507757,-0.00937499850988388,0.0618055512507757,0.166666656732559,-0.166666656732559,0.702083334326744,0.887499995529652,0.868749991059303,0.896874994039536,0.825694441795349,0.887499993046125,0.666666666666667,12,FALSE,FALSE,-0.0618055512507757,-0.00937499850988388,0.0618055512507757,0.166666656732559,-0.166666656732559,FALSE,FALSE,TRUE,TRUE,FALSE
13,92,"National Issues Convention 2","nic2.t1envir","13:9202","13:9202::nic2.t1envir","income","9202",0.785714285714286,0.892708331346512,0.68928570832525,0.834375001490116,0.84277777671814,0.766666664679845,0.533333333333333,15,FALSE,FALSE,0.0761111120382946,0.0583333298563957,-0.0761111120382946,-0.0964285773890359,0.0964285773890359,0.785714285714286,0.892708331346512,0.68928570832525,0.834375001490116,0.84277777671814,0.766666664679845,0.533333333333333,15,FALSE,FALSE,0.0761111120382946,0.0583333298563957,-0.0761111120382946,-0.0964285773890359,0.0964285773890359,TRUE,TRUE,FALSE,FALSE,TRUE
13,92,"National Issues Convention 2","nic2.t1envir","13:9203","13:9203::nic2.t1envir","income","9203",0.806250004563481,0.737500002607703,0.81250000372529,0.75,0.771875003585592,0.781250001862645,0.5,16,FALSE,FALSE,0.00937499827705324,0.0124999973922968,-0.00937499827705324,-0.00624999916180968,0.00624999916180968,0.806250004563481,0.737500002607703,0.81250000372529,0.75,0.771875003585592,0.781250001862645,0.5,16,FALSE,FALSE,0.00937499827705324,0.0124999973922968,-0.00937499827705324,-0.00624999916180968,0.00624999916180968,TRUE,TRUE,FALSE,FALSE,TRUE
13,92,"National Issues Convention 2","nic2.t1envir","13:9204","13:9204::nic2.t1envir","income","9204",0.740625008940697,0.825,0.668749999254942,0.820000004768372,0.77307692857889,0.726923078298569,0.384615384615385,13,FALSE,FALSE,0.0461538502803216,0.00499999523162842,-0.0461538502803216,-0.0718750096857548,0.0718750096857548,0.740625008940697,0.825,0.668749999254942,0.820000004768372,0.77307692857889,0.726923078298569,0.384615384615385,13,FALSE,FALSE,0.0461538502803216,0.00499999523162842,-0.0461538502803216,-0.0718750096857548,0.0718750096857548,TRUE,TRUE,FALSE,FALSE,TRUE
13,92,"National Issues Convention 2","nic2.t1envir","13:9205","13:9205::nic2.t1envir","income","9205",0.680555558453004,0.871428574834551,0.708333340783914,0.878571425165449,0.783333336504606,0.80000000160474,0.538461538461538,13,FALSE,FALSE,-0.0166666651001343,-0.00714285033089768,0.0166666651001343,0.0277777823309104,-0.0277777823309104,0.680555558453004,0.871428574834551,0.708333340783914,0.878571425165449,0.783333336504606,0.80000000160474,0.538461538461538,13,FALSE,FALSE,-0.0166666651001343,-0.00714285033089768,0.0166666651001343,0.0277777823309104,-0.0277777823309104,FALSE,FALSE,TRUE,TRUE,FALSE
13,92,"National Issues Convention 2","nic2.t1envir","13:9206","13:9206::nic2.t1envir","income","9206",0.706250006332994,0.793750002980232,0.731250017881393,0.818750001490116,0.764583337431153,0.789583340287209,0.666666666666667,12,FALSE,FALSE,-0.0250000028560559,-0.0249999985098839,0.0250000028560559,0.0250000115483999,-0.0250000115483999,0.706250006332994,0.793750002980232,0.731250017881393,0.818750001490116,0.764583337431153,0.789583340287209,0.666666666666667,12,FALSE,FALSE,-0.0250000028560559,-0.0249999985098839,0.0250000028560559,0.0250000115483999,-0.0250000115483999,FALSE,FALSE,TRUE,TRUE,FALSE
13,92,"National Issues Convention 2","nic2.t1envir","13:9207","13:9207::nic2.t1envir","income","9207",0.820000004768372,0.766666661609303,0.710000002384186,0.743181816556237,0.783333331346512,0.732812499627471,0.6875,16,FALSE,FALSE,-0.0505208317190409,-0.0234848450530659,0.0505208317190409,0.110000002384186,-0.110000002384186,0.820000004768372,0.766666661609303,0.710000002384186,0.743181816556237,0.783333331346512,0.732812499627471,0.6875,16,FALSE,FALSE,-0.0505208317190409,-0.0234848450530659,0.0505208317190409,0.110000002384186,-0.110000002384186,FALSE,FALSE,TRUE,TRUE,FALSE
13,92,"National Issues Convention 2","nic2.t1envir","13:9208","13:9208::nic2.t1envir","income","9208",0.575,0.742857149669102,0.640000006556511,0.807142870766776,0.67291667064031,0.737500010679165,0.583333333333333,12,FALSE,FALSE,-0.0645833400388558,-0.0642857210976737,0.0645833400388558,0.065000006556511,-0.065000006556511,0.575,0.742857149669102,0.640000006556511,0.807142870766776,0.67291667064031,0.737500010679165,0.583333333333333,12,FALSE,FALSE,-0.0645833400388558,-0.0642857210976737,0.0645833400388558,0.065000006556511,-0.065000006556511,FALSE,FALSE,TRUE,TRUE,FALSE
13,92,"National Issues Convention 2","nic2.t1envir","13:9209","13:9209::nic2.t1envir","income","9209",0.784523810659136,0.658333337306976,0.717857143708638,0.625,0.731944446762403,0.679166667163372,0.416666666666667,12,FALSE,FALSE,-0.0527777795990308,-0.0333333373069763,0.0527777795990308,0.0666666669504984,-0.0666666669504984,0.784523810659136,0.658333337306976,0.717857143708638,0.625,0.731944446762403,0.679166667163372,0.416666666666667,12,FALSE,FALSE,-0.0527777795990308,-0.0333333373069763,0.0527777795990308,0.0666666669504984,-0.0666666669504984,FALSE,FALSE,TRUE,TRUE,FALSE
13,92,"National Issues Convention 2","nic2.t1envir","13:9210","13:9210::nic2.t1envir","income","9210",0.934999990463257,0.810185194015503,0.930000007152557,0.808333337306976,0.854761907032558,0.851785719394684,0.642857142857143,14,FALSE,FALSE,-0.00297618763787411,-0.00185185670852661,0.00297618763787411,0.00499998331069951,-0.00499998331069951,0.934999990463257,0.810185194015503,0.930000007152557,0.808333337306976,0.854761907032558,0.851785719394684,0.642857142857143,14,FALSE,FALSE,-0.00297618763787411,-0.00185185670852661,0.00297618763787411,0.00499998331069951,-0.00499998331069951,FALSE,FALSE,TRUE,TRUE,FALSE
13,92,"National Issues Convention 2","nic2.t1envir","13:9211","13:9211::nic2.t1envir","income","9211",0.712500000993411,0.806666660308838,0.724999996523062,0.703333330154419,0.755303027954969,0.715151511810043,0.454545454545455,11,FALSE,FALSE,0.0401515161449258,0.103333330154419,-0.0401515161449258,0.0124999955296516,-0.0124999955296516,0.712500000993411,0.806666660308838,0.724999996523062,0.703333330154419,0.755303027954969,0.715151511810043,0.454545454545455,11,FALSE,FALSE,0.0401515161449258,0.103333330154419,-0.0401515161449258,0.0124999955296516,-0.0124999955296516,TRUE,TRUE,FALSE,TRUE,FALSE
13,92,"National Issues Convention 2","nic2.t1envir","13:9212","13:9212::nic2.t1envir","income","9212",0.733333334326744,0.711666667461395,0.695833325386047,0.694999998807907,0.723484849387949,0.695454540577802,0.454545454545455,11,FALSE,FALSE,-0.0280303088101475,-0.0166666686534882,0.0280303088101475,0.0375000089406967,-0.0375000089406967,0.733333334326744,0.711666667461395,0.695833325386047,0.694999998807907,0.723484849387949,0.695454540577802,0.454545454545455,11,FALSE,FALSE,-0.0280303088101475,-0.0166666686534882,0.0280303088101475,0.0375000089406967,-0.0375000089406967,FALSE,FALSE,TRUE,TRUE,FALSE
13,92,"National Issues Convention 2","nic2.t1envir","13:9213","13:9213::nic2.t1envir","income","9213",0.858333349227905,0.649242430925369,0.808333337306976,0.67727273160761,0.694047627704484,0.705357147114617,0.785714285714286,14,FALSE,FALSE,0.0113095194101334,0.0280303006822412,-0.0113095194101334,0.050000011920929,-0.050000011920929,0.858333349227905,0.649242430925369,0.808333337306976,0.67727273160761,0.694047627704484,0.705357147114617,0.785714285714286,14,FALSE,FALSE,0.0113095194101334,0.0280303006822412,-0.0113095194101334,0.050000011920929,-0.050000011920929,TRUE,TRUE,FALSE,TRUE,FALSE
13,92,"National Issues Convention 2","nic2.t1envir","13:9214","13:9214::nic2.t1envir","income","9214",0.863888889551163,0.776388893524806,0.812037040789922,0.862500001986822,0.82888889114062,0.832222225268682,0.4,15,FALSE,FALSE,0.00333333412806192,0.0861111084620159,-0.00333333412806192,0.0518518487612406,-0.0518518487612406,0.863888889551163,0.776388893524806,0.812037040789922,0.862500001986822,0.82888889114062,0.832222225268682,0.4,15,FALSE,FALSE,0.00333333412806192,0.0861111084620159,-0.00333333412806192,0.0518518487612406,-0.0518518487612406,TRUE,TRUE,FALSE,TRUE,FALSE
13,92,"National Issues Convention 2","nic2.t1envir","13:9215","13:9215::nic2.t1envir","income","9215",0.834375008940697,0.770833333333333,0.78124999627471,0.774999996026357,0.807142862251827,0.778571424739701,0.428571428571429,14,FALSE,FALSE,-0.0285714375121253,0.00416666269302368,0.0285714375121253,0.053125012665987,-0.053125012665987,0.834375008940697,0.770833333333333,0.78124999627471,0.774999996026357,0.807142862251827,0.778571424739701,0.428571428571429,14,FALSE,FALSE,-0.0285714375121253,0.00416666269302368,0.0285714375121253,0.053125012665987,-0.053125012665987,FALSE,TRUE,TRUE,TRUE,FALSE
13,92,"National Issues Convention 2","nic2.t1envir","13:9216","13:9216::nic2.t1envir","income","9216",0.733333331346512,0.897222234143151,0.804999995231628,0.877777781751421,0.838690483144351,0.851785715137209,0.642857142857143,14,FALSE,FALSE,-0.0130952319928578,0.0194444523917304,0.0130952319928578,0.0716666638851167,-0.0716666638851167,0.733333331346512,0.897222234143151,0.804999995231628,0.877777781751421,0.838690483144351,0.851785715137209,0.642857142857143,14,FALSE,FALSE,-0.0130952319928578,0.0194444523917304,0.0130952319928578,0.0716666638851167,-0.0716666638851167,FALSE,TRUE,TRUE,TRUE,FALSE
13,92,"National Issues Convention 2","nic2.t1envir","13:9217","13:9217::nic2.t1envir","income","9217",0.751666676998138,0.745238099779401,0.790000009536743,0.760714292526245,0.747916673620542,0.772916674613953,0.583333333333333,12,FALSE,FALSE,0.0250000009934107,0.0154761927468436,-0.0250000009934107,-0.0383333325386048,0.0383333325386048,0.751666676998138,0.745238099779401,0.790000009536743,0.760714292526245,0.747916673620542,0.772916674613953,0.583333333333333,12,FALSE,FALSE,0.0250000009934107,0.0154761927468436,-0.0250000009934107,-0.0383333325386048,0.0383333325386048,TRUE,TRUE,FALSE,FALSE,TRUE
13,92,"National Issues Convention 2","nic2.t1envir","13:9218","13:9218::nic2.t1envir","income","9218",0.776851849423514,0.716666668653488,0.802777771320608,0.675000011920929,0.758333332263506,0.763461537659168,0.307692307692308,13,FALSE,FALSE,0.00512820539566183,-0.0416666567325592,-0.00512820539566183,-0.0259259218970934,0.0259259218970934,0.776851849423514,0.716666668653488,0.802777771320608,0.675000011920929,0.758333332263506,0.763461537659168,0.307692307692308,13,FALSE,FALSE,0.00512820539566183,-0.0416666567325592,-0.00512820539566183,-0.0259259218970934,0.0259259218970934,TRUE,FALSE,FALSE,FALSE,TRUE
13,92,"National Issues Convention 2","nic2.t1envir","13:9219","13:9219::nic2.t1envir","income","9219",0.847916662693024,0.671428569725582,0.865625001490116,0.696428567171097,0.765555552641551,0.786666665474574,0.466666666666667,15,FALSE,FALSE,0.021111112833023,0.0249999974455152,-0.021111112833023,-0.0177083387970924,0.0177083387970924,0.847916662693024,0.671428569725582,0.865625001490116,0.696428567171097,0.765555552641551,0.786666665474574,0.466666666666667,15,FALSE,FALSE,0.021111112833023,0.0249999974455152,-0.021111112833023,-0.0177083387970924,0.0177083387970924,TRUE,TRUE,FALSE,FALSE,TRUE
13,92,"National Issues Convention 2","nic2.t1envir","13:9220","13:9220::nic2.t1envir","income","9220",0.853124998509884,0.919444451729457,0.834374997764826,0.772222230831782,0.881547621318272,0.807738097650664,0.428571428571429,14,FALSE,FALSE,0.073809523667608,0.147222220897675,-0.073809523667608,-0.0187500007450581,0.0187500007450581,0.853124998509884,0.919444451729457,0.834374997764826,0.772222230831782,0.881547621318272,0.807738097650664,0.428571428571429,14,FALSE,FALSE,0.073809523667608,0.147222220897675,-0.073809523667608,-0.0187500007450581,0.0187500007450581,TRUE,TRUE,FALSE,FALSE,TRUE
13,92,"National Issues Convention 2","nic2.t1envir","13:9221","13:9221::nic2.t1envir","income","9221",0.695833345254262,0.803571437086378,0.700000010430813,0.821428571428571,0.753846163933094,0.765384620198837,0.538461538461538,13,FALSE,FALSE,-0.0115384562657429,-0.0178571343421936,0.0115384562657429,0.00416666517655051,-0.00416666517655051,0.695833345254262,0.803571437086378,0.700000010430813,0.821428571428571,0.753846163933094,0.765384620198837,0.538461538461538,13,FALSE,FALSE,-0.0115384562657429,-0.0178571343421936,0.0115384562657429,0.00416666517655051,-0.00416666517655051,FALSE,FALSE,TRUE,TRUE,FALSE
13,92,"National Issues Convention 2","nic2.t1envir","13:9222","13:9222::nic2.t1envir","income","9222",0.889999997615814,0.760000002384186,0.820000004768372,0.779999995231628,0.825,0.8,0.5,10,FALSE,FALSE,-0.0249999999999999,0.0199999928474427,0.0249999999999999,0.0699999928474426,-0.0699999928474426,0.889999997615814,0.760000002384186,0.820000004768372,0.779999995231628,0.825,0.8,0.5,10,FALSE,FALSE,-0.0249999999999999,0.0199999928474427,0.0249999999999999,0.0699999928474426,-0.0699999928474426,FALSE,TRUE,TRUE,TRUE,FALSE
13,92,"National Issues Convention 2","nic2.t1envir","13:9223","13:9223::nic2.t1envir","income","9223",0.740277767181396,0.76562499627471,0.655555561184883,0.803124994039536,0.754761898091861,0.739880951387542,0.571428571428571,14,FALSE,FALSE,0.0148809467043196,-0.0374999977648258,-0.0148809467043196,-0.0847222059965134,0.0847222059965134,0.740277767181396,0.76562499627471,0.655555561184883,0.803124994039536,0.754761898091861,0.739880951387542,0.571428571428571,14,FALSE,FALSE,0.0148809467043196,-0.0374999977648258,-0.0148809467043196,-0.0847222059965134,0.0847222059965134,TRUE,FALSE,FALSE,FALSE,TRUE
13,92,"National Issues Convention 2","nic2.t1envir","13:9224","13:9224::nic2.t1envir","income","9224",0.943333327770233,0.619444444775581,0.725,0.58333333581686,0.766666664318605,0.647727274081924,0.545454545454545,11,FALSE,FALSE,-0.118939390236681,-0.0361111089587212,0.118939390236681,0.218333327770233,-0.218333327770233,0.943333327770233,0.619444444775581,0.725,0.58333333581686,0.766666664318605,0.647727274081924,0.545454545454545,11,FALSE,FALSE,-0.118939390236681,-0.0361111089587212,0.118939390236681,0.218333327770233,-0.218333327770233,FALSE,FALSE,TRUE,TRUE,FALSE
13,92,"National Issues Convention 2","nic2.t1usseca","13:9201","13:9201::nic2.t1usseca","income","9201",0.836250007152557,0.816250003874302,0.852500006556511,0.803749993443489,0.82291667163372,0.819999997814496,0.666666666666667,12,FALSE,FALSE,-0.002916673819224,-0.0125000104308128,0.002916673819224,-0.0162499994039536,0.0162499994039536,0.836250007152557,0.816250003874302,0.852500006556511,0.803749993443489,0.82291667163372,0.819999997814496,0.666666666666667,12,FALSE,FALSE,-0.002916673819224,-0.0125000104308128,0.002916673819224,-0.0162499994039536,0.0162499994039536,FALSE,FALSE,TRUE,FALSE,TRUE
13,92,"National Issues Convention 2","nic2.t1usseca","13:9202","13:9202::nic2.t1usseca","income","9202",0.806428585733686,0.758750002831221,0.852857146944318,0.752500005066395,0.781000008185705,0.799333337942759,0.533333333333333,15,FALSE,FALSE,0.0183333297570546,-0.00624999776482582,-0.0183333297570546,-0.0464285612106323,0.0464285612106323,0.806428585733686,0.758750002831221,0.852857146944318,0.752500005066395,0.781000008185705,0.799333337942759,0.533333333333333,15,FALSE,FALSE,0.0183333297570546,-0.00624999776482582,-0.0183333297570546,-0.0464285612106323,0.0464285612106323,TRUE,FALSE,FALSE,FALSE,TRUE
13,92,"National Issues Convention 2","nic2.t1usseca","13:9203","13:9203::nic2.t1usseca","income","9203",0.680000010877848,0.784999996423721,0.723749998956919,0.821874991059303,0.732500003650784,0.772812495008111,0.5,16,FALSE,FALSE,-0.0403124913573265,-0.036874994635582,0.0403124913573265,0.043749988079071,-0.043749988079071,0.680000010877848,0.784999996423721,0.723749998956919,0.821874991059303,0.732500003650784,0.772812495008111,0.5,16,FALSE,FALSE,-0.0403124913573265,-0.036874994635582,0.0403124913573265,0.043749988079071,-0.043749988079071,FALSE,FALSE,TRUE,TRUE,FALSE
13,92,"National Issues Convention 2","nic2.t1usseca","13:9204","13:9204::nic2.t1usseca","income","9204",0.826874993741512,0.761000001430511,0.823750004172325,0.770999991893768,0.801538458237281,0.803461537911342,0.384615384615385,13,FALSE,FALSE,0.00192307967406058,0.00999999046325684,-0.00192307967406058,0.00312498956918716,-0.00312498956918716,0.826874993741512,0.761000001430511,0.823750004172325,0.770999991893768,0.801538458237281,0.803461537911342,0.384615384615385,13,FALSE,FALSE,0.00192307967406058,0.00999999046325684,-0.00192307967406058,0.00312498956918716,-0.00312498956918716,TRUE,TRUE,FALSE,TRUE,FALSE
13,92,"National Issues Convention 2","nic2.t1usseca","13:9205","13:9205::nic2.t1usseca","income","9205",0.721666658918063,0.707142855439867,0.800000001986822,0.767857134342194,0.713846149352881,0.78269230402433,0.538461538461538,13,FALSE,FALSE,0.068846154671449,0.0607142789023263,-0.068846154671449,-0.0783333430687587,0.0783333430687587,0.721666658918063,0.707142855439867,0.800000001986822,0.767857134342194,0.713846149352881,0.78269230402433,0.538461538461538,13,FALSE,FALSE,0.068846154671449,0.0607142789023263,-0.068846154671449,-0.0783333430687587,0.0783333430687587,TRUE,TRUE,FALSE,FALSE,TRUE
13,92,"National Issues Convention 2","nic2.t1usseca","13:9206","13:9206::nic2.t1usseca","income","9206",0.827500000596046,0.834374994039536,0.834999993443489,0.824374996125698,0.832083329558372,0.827916661898295,0.666666666666667,12,FALSE,FALSE,0.00416666766007745,0.00999999791383743,-0.00416666766007745,0.00749999284744263,-0.00749999284744263,0.827500000596046,0.834374994039536,0.834999993443489,0.824374996125698,0.832083329558372,0.827916661898295,0.666666666666667,12,FALSE,FALSE,0.00416666766007745,0.00999999791383743,-0.00416666766007745,0.00749999284744263,-0.00749999284744263,TRUE,TRUE,FALSE,TRUE,FALSE
13,92,"National Issues Convention 2","nic2.t1usseca","13:9207","13:9207::nic2.t1usseca","income","9207",0.738999998569489,0.780795454978943,0.784999996423721,0.803636361252178,0.767734374850988,0.797812497243285,0.6875,16,FALSE,FALSE,-0.0300781223922968,-0.022840906273235,0.0300781223922968,0.0459999978542328,-0.0459999978542328,0.738999998569489,0.780795454978943,0.784999996423721,0.803636361252178,0.767734374850988,0.797812497243285,0.6875,16,FALSE,FALSE,-0.0300781223922968,-0.022840906273235,0.0300781223922968,0.0459999978542328,-0.0459999978542328,FALSE,FALSE,TRUE,TRUE,FALSE
13,92,"National Issues Convention 2","nic2.t1usseca","13:9208","13:9208::nic2.t1usseca","income","9208",0.741000005602837,0.719999998807907,0.818999981880188,0.727857155459268,0.728750001639128,0.765833333134651,0.583333333333333,12,FALSE,FALSE,0.0370833314955235,0.00785715665136066,-0.0370833314955235,-0.0779999762773513,0.0779999762773513,0.741000005602837,0.719999998807907,0.818999981880188,0.727857155459268,0.728750001639128,0.765833333134651,0.583333333333333,12,FALSE,FALSE,0.0370833314955235,0.00785715665136066,-0.0370833314955235,-0.0779999762773513,0.0779999762773513,TRUE,TRUE,FALSE,FALSE,TRUE
13,92,"National Issues Convention 2","nic2.t1usseca","13:9209","13:9209::nic2.t1usseca","income","9209",0.808571432318006,0.892000007629395,0.850000006811959,0.831000006198883,0.843333338697751,0.842083339889844,0.416666666666667,12,FALSE,FALSE,0.0012499988079071,0.0610000014305115,-0.0012499988079071,0.0414285744939532,-0.0414285744939532,0.808571432318006,0.892000007629395,0.850000006811959,0.831000006198883,0.843333338697751,0.842083339889844,0.416666666666667,12,FALSE,FALSE,0.0012499988079071,0.0610000014305115,-0.0012499988079071,0.0414285744939532,-0.0414285744939532,TRUE,TRUE,FALSE,TRUE,FALSE
13,92,"National Issues Convention 2","nic2.t1usseca","13:9210","13:9210::nic2.t1usseca","income","9210",0.821999990940094,0.763333333863152,0.823000013828278,0.750555548402998,0.784285711390632,0.776428571769169,0.642857142857143,14,FALSE,FALSE,-0.00785713962146217,-0.0127777854601542,0.00785713962146217,-0.00100002288818357,0.00100002288818357,0.821999990940094,0.763333333863152,0.823000013828278,0.750555548402998,0.784285711390632,0.776428571769169,0.642857142857143,14,FALSE,FALSE,-0.00785713962146217,-0.0127777854601542,0.00785713962146217,-0.00100002288818357,0.00100002288818357,FALSE,FALSE,TRUE,FALSE,TRUE
13,92,"National Issues Convention 2","nic2.t1usseca","13:9211","13:9211::nic2.t1usseca","income","9211",0.801666657129923,0.880000007152557,0.912499994039536,0.852999985218048,0.83727272532203,0.885454535484314,0.454545454545455,11,FALSE,FALSE,-0.0481818101622842,0.0270000219345092,0.0481818101622842,0.110833336909612,-0.110833336909612,0.801666657129923,0.880000007152557,0.912499994039536,0.852999985218048,0.83727272532203,0.885454535484314,0.454545454545455,11,FALSE,FALSE,-0.0481818101622842,0.0270000219345092,0.0481818101622842,0.110833336909612,-0.110833336909612,FALSE,TRUE,TRUE,TRUE,FALSE
13,92,"National Issues Convention 2","nic2.t1usseca","13:9212","13:9212::nic2.t1usseca","income","9212",0.835833330949148,0.882000005245209,0.866666664679845,0.887000000476837,0.856818182901903,0.875909090042114,0.454545454545455,11,FALSE,FALSE,-0.0190909071402117,-0.00499999523162842,0.0190909071402117,0.0308333337306976,-0.0308333337306976,0.835833330949148,0.882000005245209,0.866666664679845,0.887000000476837,0.856818182901903,0.875909090042114,0.454545454545455,11,FALSE,FALSE,-0.0190909071402117,-0.00499999523162842,0.0190909071402117,0.0308333337306976,-0.0308333337306976,FALSE,FALSE,TRUE,TRUE,FALSE
13,92,"National Issues Convention 2","nic2.t1usseca","13:9213","13:9213::nic2.t1usseca","income","9213",0.776666661103567,0.817727267742157,0.758333325386047,0.776818177916787,0.808928566319602,0.772857138088771,0.785714285714286,14,FALSE,FALSE,0.0360714282308305,0.0409090898253701,-0.0360714282308305,-0.0183333357175192,0.0183333357175192,0.776666661103567,0.817727267742157,0.758333325386047,0.776818177916787,0.808928566319602,0.772857138088771,0.785714285714286,14,FALSE,FALSE,0.0360714282308305,0.0409090898253701,-0.0360714282308305,-0.0183333357175192,0.0183333357175192,TRUE,TRUE,FALSE,FALSE,TRUE
13,92,"National Issues Convention 2","nic2.t1usseca","13:9214","13:9214::nic2.t1usseca","income","9214",0.882222221957313,0.724166671435038,0.893333335717519,0.825833330551783,0.819000001748403,0.866333333651225,0.4,15,FALSE,FALSE,0.0473333319028219,0.101666659116745,-0.0473333319028219,-0.0111111137602065,0.0111111137602065,0.882222221957313,0.724166671435038,0.893333335717519,0.825833330551783,0.819000001748403,0.866333333651225,0.4,15,FALSE,FALSE,0.0473333319028219,0.101666659116745,-0.0473333319028219,-0.0111111137602065,0.0111111137602065,TRUE,TRUE,FALSE,FALSE,TRUE
13,92,"National Issues Convention 2","nic2.t1usseca","13:9215","13:9215::nic2.t1usseca","income","9215",0.88374999910593,0.85249999165535,0.886250004172325,0.787499994039536,0.870357138769967,0.843928571258272,0.428571428571429,14,FALSE,FALSE,-0.0264285675116948,-0.0649999976158142,0.0264285675116948,-0.00250000506639481,0.00250000506639481,0.88374999910593,0.85249999165535,0.886250004172325,0.787499994039536,0.870357138769967,0.843928571258272,0.428571428571429,14,FALSE,FALSE,-0.0264285675116948,-0.0649999976158142,0.0264285675116948,-0.00250000506639481,0.00250000506639481,FALSE,FALSE,TRUE,FALSE,TRUE
13,92,"National Issues Convention 2","nic2.t1usseca","13:9216","13:9216::nic2.t1usseca","income","9216",0.789999985694885,0.780555556217829,0.793999993801117,0.792222221692403,0.783928566745349,0.792857140302658,0.642857142857143,14,FALSE,FALSE,0.0089285735573087,0.0116666654745738,-0.0089285735573087,-0.00400000810623169,0.00400000810623169,0.789999985694885,0.780555556217829,0.793999993801117,0.792222221692403,0.783928566745349,0.792857140302658,0.642857142857143,14,FALSE,FALSE,0.0089285735573087,0.0116666654745738,-0.0089285735573087,-0.00400000810623169,0.00400000810623169,TRUE,TRUE,FALSE,FALSE,TRUE
13,92,"National Issues Convention 2","nic2.t1usseca","13:9217","13:9217::nic2.t1usseca","income","9217",0.825999999046326,0.835714272090367,0.872000002861023,0.827857136726379,0.831666658322016,0.846249997615814,0.583333333333333,12,FALSE,FALSE,-0.0145833392937978,0.00785713536398747,0.0145833392937978,0.0460000038146973,-0.0460000038146973,0.825999999046326,0.835714272090367,0.872000002861023,0.827857136726379,0.831666658322016,0.846249997615814,0.583333333333333,12,FALSE,FALSE,-0.0145833392937978,0.00785713536398747,0.0145833392937978,0.0460000038146973,-0.0460000038146973,FALSE,TRUE,TRUE,TRUE,FALSE
13,92,"National Issues Convention 2","nic2.t1usseca","13:9218","13:9218::nic2.t1usseca","income","9218",0.831111113230387,0.810000002384186,0.856666670905219,0.698750004172325,0.824615386816172,0.808076927295098,0.307692307692308,13,FALSE,FALSE,-0.0165384595210736,-0.111249998211861,0.0165384595210736,-0.0255555576748319,0.0255555576748319,0.831111113230387,0.810000002384186,0.856666670905219,0.698750004172325,0.824615386816172,0.808076927295098,0.307692307692308,13,FALSE,FALSE,-0.0165384595210736,-0.111249998211861,0.0165384595210736,-0.0255555576748319,0.0255555576748319,FALSE,FALSE,TRUE,FALSE,TRUE
13,92,"National Issues Convention 2","nic2.t1usseca","13:9219","13:9219::nic2.t1usseca","income","9219",0.866875000298023,0.809285717351096,0.893958337605,0.83571429337774,0.840000001589457,0.866777783632278,0.466666666666667,15,FALSE,FALSE,0.0267777820428212,0.0264285760266441,-0.0267777820428212,-0.0270833373069763,0.0270833373069763,0.866875000298023,0.809285717351096,0.893958337605,0.83571429337774,0.840000001589457,0.866777783632278,0.466666666666667,15,FALSE,FALSE,0.0267777820428212,0.0264285760266441,-0.0267777820428212,-0.0270833373069763,0.0270833373069763,TRUE,TRUE,FALSE,FALSE,TRUE
13,92,"National Issues Convention 2","nic2.t1usseca","13:9220","13:9220::nic2.t1usseca","income","9220",0.870624996721745,0.697500000397364,0.871250003576279,0.791666666666667,0.796428569725582,0.837142859186445,0.428571428571429,14,FALSE,FALSE,0.0407142894608633,0.0941666662693024,-0.0407142894608633,-0.000625006854534149,0.000625006854534149,0.870624996721745,0.697500000397364,0.871250003576279,0.791666666666667,0.796428569725582,0.837142859186445,0.428571428571429,14,FALSE,FALSE,0.0407142894608633,0.0941666662693024,-0.0407142894608633,-0.000625006854534149,0.000625006854534149,TRUE,TRUE,FALSE,FALSE,TRUE
13,92,"National Issues Convention 2","nic2.t1usseca","13:9221","13:9221::nic2.t1usseca","income","9221",0.71124999721845,0.814285721097674,0.825833330551783,0.832857140472957,0.766730771614955,0.8296153820478,0.538461538461538,13,FALSE,FALSE,-0.0628846104328449,-0.0185714193752834,0.0628846104328449,0.114583333333333,-0.114583333333333,0.71124999721845,0.814285721097674,0.825833330551783,0.832857140472957,0.766730771614955,0.8296153820478,0.538461538461538,13,FALSE,FALSE,-0.0628846104328449,-0.0185714193752834,0.0628846104328449,0.114583333333333,-0.114583333333333,FALSE,FALSE,TRUE,TRUE,FALSE
13,92,"National Issues Convention 2","nic2.t1usseca","13:9222","13:9222::nic2.t1usseca","income","9222",0.873999989032745,0.891000008583069,0.840000009536743,0.887000000476837,0.882499998807907,0.86350000500679,0.5,10,FALSE,FALSE,0.0189999938011169,0.00400000810623169,-0.0189999938011169,-0.0339999794960022,0.0339999794960022,0.873999989032745,0.891000008583069,0.840000009536743,0.887000000476837,0.882499998807907,0.86350000500679,0.5,10,FALSE,FALSE,0.0189999938011169,0.00400000810623169,-0.0189999938011169,-0.0339999794960022,0.0339999794960022,TRUE,TRUE,FALSE,FALSE,TRUE
13,92,"National Issues Convention 2","nic2.t1usseca","13:9223","13:9223::nic2.t1usseca","income","9223",0.8599999944369,0.858124986290932,0.800833334525426,0.814062498509884,0.858928561210632,0.808392856802259,0.571428571428571,14,FALSE,FALSE,-0.0505357044083732,-0.0440624877810478,0.0505357044083732,0.0591666599114735,-0.0591666599114735,0.8599999944369,0.858124986290932,0.800833334525426,0.814062498509884,0.858928561210632,0.808392856802259,0.571428571428571,14,FALSE,FALSE,-0.0505357044083732,-0.0440624877810478,0.0505357044083732,0.0591666599114735,-0.0591666599114735,FALSE,FALSE,TRUE,TRUE,FALSE
13,92,"National Issues Convention 2","nic2.t1usseca","13:9224","13:9224::nic2.t1usseca","income","9224",0.862000012397766,0.888333330551783,0.878999996185303,0.869166662295659,0.876363640481776,0.873636359518224,0.545454545454545,11,FALSE,FALSE,0.00272728096355102,0.0191666682561238,-0.00272728096355102,0.0169999837875366,-0.0169999837875366,0.862000012397766,0.888333330551783,0.878999996185303,0.869166662295659,0.876363640481776,0.873636359518224,0.545454545454545,11,FALSE,FALSE,0.00272728096355102,0.0191666682561238,-0.00272728096355102,0.0169999837875366,-0.0169999837875366,TRUE,TRUE,FALSE,TRUE,FALSE
13,92,"National Issues Convention 2","nic2.t1humrh2","13:9201","13:9201::nic2.t1humrh2","income","9201",0.725000008940697,0.787499986588955,0.775000005960464,0.8125,0.766666660706202,0.800000001986822,0.666666666666667,12,FALSE,FALSE,-0.0333333412806194,-0.0250000134110451,0.0333333412806194,0.0499999970197678,-0.0499999970197678,0.725000008940697,0.787499986588955,0.775000005960464,0.8125,0.766666660706202,0.800000001986822,0.666666666666667,12,FALSE,FALSE,-0.0333333412806194,-0.0250000134110451,0.0333333412806194,0.0499999970197678,-0.0499999970197678,FALSE,FALSE,TRUE,TRUE,FALSE
13,92,"National Issues Convention 2","nic2.t1humrh2","13:9202","13:9202::nic2.t1humrh2","income","9202",0.714285718543189,0.75000000372529,0.771428576537541,0.699999999254942,0.733333337306976,0.733333335320155,0.533333333333333,15,FALSE,FALSE,1.98682148511153e-09,0.0500000044703484,-1.98682148511153e-09,0.057142857994352,-0.057142857994352,0.714285718543189,0.75000000372529,0.771428576537541,0.699999999254942,0.733333337306976,0.733333335320155,0.533333333333333,15,FALSE,FALSE,1.98682148511153e-09,0.0500000044703484,-1.98682148511153e-09,0.057142857994352,-0.057142857994352,TRUE,TRUE,FALSE,TRUE,FALSE
13,92,"National Issues Convention 2","nic2.t1humrh2","13:9203","13:9203::nic2.t1humrh2","income","9203",0.712500005960464,0.787500001490116,0.6875,0.762500002980232,0.75000000372529,0.725000001490116,0.5,16,FALSE,FALSE,0.0250000022351742,0.0249999985098839,-0.0250000022351742,-0.0250000059604645,0.0250000059604645,0.712500005960464,0.787500001490116,0.6875,0.762500002980232,0.75000000372529,0.725000001490116,0.5,16,FALSE,FALSE,0.0250000022351742,0.0249999985098839,-0.0250000022351742,-0.0250000059604645,0.0250000059604645,TRUE,TRUE,FALSE,FALSE,TRUE
13,92,"National Issues Convention 2","nic2.t1humrh2","13:9204","13:9204::nic2.t1humrh2","income","9204",0.512500002980232,0.860000002384186,0.587500009685755,0.780000007152557,0.64615384890483,0.66153847024991,0.384615384615385,13,FALSE,FALSE,-0.0153846213450799,0.0799999952316285,0.0153846213450799,0.0750000067055225,-0.0750000067055225,0.512500002980232,0.860000002384186,0.587500009685755,0.780000007152557,0.64615384890483,0.66153847024991,0.384615384615385,13,FALSE,FALSE,-0.0153846213450799,0.0799999952316285,0.0153846213450799,0.0750000067055225,-0.0750000067055225,FALSE,TRUE,TRUE,TRUE,FALSE
13,92,"National Issues Convention 2","nic2.t1humrh2","13:9205","13:9205::nic2.t1humrh2","income","9205",0.683333332339923,0.642857147114617,0.76666667064031,0.800000007663454,0.661538463372451,0.784615390575849,0.538461538461538,13,FALSE,FALSE,0.123076927203398,0.157142860548837,-0.123076927203398,-0.0833333383003871,0.0833333383003871,0.683333332339923,0.642857147114617,0.76666667064031,0.800000007663454,0.661538463372451,0.784615390575849,0.538461538461538,13,FALSE,FALSE,0.123076927203398,0.157142860548837,-0.123076927203398,-0.0833333383003871,0.0833333383003871,TRUE,TRUE,FALSE,FALSE,TRUE
13,92,"National Issues Convention 2","nic2.t1humrh2","13:9206","13:9206::nic2.t1humrh2","income","9206",0.625,0.725000005215406,0.774999991059303,0.6875,0.691666670143604,0.716666663686434,0.666666666666667,12,FALSE,FALSE,-0.0249999935428301,0.0375000052154064,0.0249999935428301,0.149999991059303,-0.149999991059303,0.625,0.725000005215406,0.774999991059303,0.6875,0.691666670143604,0.716666663686434,0.666666666666667,12,FALSE,FALSE,-0.0249999935428301,0.0375000052154064,0.0249999935428301,0.149999991059303,-0.149999991059303,FALSE,TRUE,TRUE,TRUE,FALSE
13,92,"National Issues Convention 2","nic2.t1humrh2","13:9207","13:9207::nic2.t1humrh2","income","9207",0.7,0.745454545725476,0.779999995231628,0.709090918302536,0.731250000186265,0.731250004842877,0.6875,16,FALSE,FALSE,-4.65661287307739e-09,0.0363636274229396,4.65661287307739e-09,0.0799999952316285,-0.0799999952316285,0.7,0.745454545725476,0.779999995231628,0.709090918302536,0.731250000186265,0.731250004842877,0.6875,16,FALSE,FALSE,-4.65661287307739e-09,0.0363636274229396,4.65661287307739e-09,0.0799999952316285,-0.0799999952316285,FALSE,TRUE,TRUE,TRUE,FALSE
13,92,"National Issues Convention 2","nic2.t1humrh2","13:9208","13:9208::nic2.t1humrh2","income","9208",0.620000000298023,0.685714287417276,0.700000011920929,0.771428559507642,0.65833333445092,0.741666664679845,0.583333333333333,12,FALSE,FALSE,-0.0833333302289248,-0.0857142720903669,0.0833333302289248,0.0800000116229057,-0.0800000116229057,0.620000000298023,0.685714287417276,0.700000011920929,0.771428559507642,0.65833333445092,0.741666664679845,0.583333333333333,12,FALSE,FALSE,-0.0833333302289248,-0.0857142720903669,0.0833333302289248,0.0800000116229057,-0.0800000116229057,FALSE,FALSE,TRUE,TRUE,FALSE
13,92,"National Issues Convention 2","nic2.t1humrh2","13:9209","13:9209::nic2.t1humrh2","income","9209",0.571428577814783,0.679999995231628,0.571428579943521,0.679999995231628,0.616666668405136,0.616666669646899,0.416666666666667,12,FALSE,FALSE,-1.24176335880577e-09,0,1.24176335880577e-09,2.12873729754648e-09,-2.12873729754648e-09,0.571428577814783,0.679999995231628,0.571428579943521,0.679999995231628,0.616666668405136,0.616666669646899,0.416666666666667,12,FALSE,FALSE,-1.24176335880577e-09,0,1.24176335880577e-09,2.12873729754648e-09,-2.12873729754648e-09,FALSE,FALSE,TRUE,TRUE,FALSE
13,92,"National Issues Convention 2","nic2.t1humrh2","13:9210","13:9210::nic2.t1humrh2","income","9210",0.879999995231628,0.666666676600774,0.740000009536743,0.777777777777778,0.742857147540365,0.764285717691694,0.642857142857143,14,FALSE,FALSE,0.021428570151329,0.111111101177004,-0.021428570151329,0.139999985694885,-0.139999985694885,0.879999995231628,0.666666676600774,0.740000009536743,0.777777777777778,0.742857147540365,0.764285717691694,0.642857142857143,14,FALSE,FALSE,0.021428570151329,0.111111101177004,-0.021428570151329,0.139999985694885,-0.139999985694885,TRUE,TRUE,FALSE,TRUE,FALSE
13,92,"National Issues Convention 2","nic2.t1humrh2","13:9211","13:9211::nic2.t1humrh2","income","9211",0.75,0.660000002384186,0.750000004967054,0.660000002384186,0.70909091017463,0.709090912883932,0.454545454545455,11,FALSE,FALSE,2.70930200496622e-09,0,-2.70930200496622e-09,-4.96705376828999e-09,4.96705376828999e-09,0.75,0.660000002384186,0.750000004967054,0.660000002384186,0.70909091017463,0.709090912883932,0.454545454545455,11,FALSE,FALSE,2.70930200496622e-09,0,-2.70930200496622e-09,-4.96705376828999e-09,4.96705376828999e-09,TRUE,FALSE,FALSE,FALSE,TRUE
13,92,"National Issues Convention 2","nic2.t1humrh2","13:9212","13:9212::nic2.t1humrh2","income","9212",0.699999998013178,0.660000002384186,0.733333349227905,0.48000001013279,0.681818181818182,0.618181831457398,0.454545454545455,11,FALSE,FALSE,-0.0636363503607836,-0.179999992251396,0.0636363503607836,-0.0333333512147268,0.0333333512147268,0.699999998013178,0.660000002384186,0.733333349227905,0.48000001013279,0.681818181818182,0.618181831457398,0.454545454545455,11,FALSE,FALSE,-0.0636363503607836,-0.179999992251396,0.0636363503607836,-0.0333333512147268,0.0333333512147268,FALSE,FALSE,TRUE,FALSE,TRUE
13,92,"National Issues Convention 2","nic2.t1humrh2","13:9213","13:9213::nic2.t1humrh2","income","9213",0.600000003973643,0.66363635930148,0.566666672627131,0.700000001625581,0.649999997445515,0.671428573983056,0.785714285714286,14,FALSE,FALSE,-0.021428576537541,-0.0363636423241008,0.021428576537541,-0.0333333313465118,0.0333333313465118,0.600000003973643,0.66363635930148,0.566666672627131,0.700000001625581,0.649999997445515,0.671428573983056,0.785714285714286,14,FALSE,FALSE,-0.021428576537541,-0.0363636423241008,0.021428576537541,-0.0333333313465118,0.0333333313465118,FALSE,FALSE,TRUE,FALSE,TRUE
13,92,"National Issues Convention 2","nic2.t1humrh2","13:9214","13:9214::nic2.t1humrh2","income","9214",0.76666667064031,0.666666676600774,0.81111110581292,0.833333333333333,0.726666673024495,0.819999996821086,0.4,15,FALSE,FALSE,0.0933333237965902,0.166666656732559,-0.0933333237965902,-0.0444444351726108,0.0444444351726108,0.76666667064031,0.666666676600774,0.81111110581292,0.833333333333333,0.726666673024495,0.819999996821086,0.4,15,FALSE,FALSE,0.0933333237965902,0.166666656732559,-0.0933333237965902,-0.0444444351726108,0.0444444351726108,TRUE,TRUE,FALSE,FALSE,TRUE
13,92,"National Issues Convention 2","nic2.t1humrh2","13:9215","13:9215::nic2.t1humrh2","income","9215",0.550000002607703,0.716666668653488,0.712500005960464,0.700000007947286,0.621428573770182,0.707142863954817,0.428571428571429,14,FALSE,FALSE,-0.0857142901846341,0.0166666607062022,0.0857142901846341,0.162500003352761,-0.162500003352761,0.550000002607703,0.716666668653488,0.712500005960464,0.700000007947286,0.621428573770182,0.707142863954817,0.428571428571429,14,FALSE,FALSE,-0.0857142901846341,0.0166666607062022,0.0857142901846341,0.162500003352761,-0.162500003352761,FALSE,TRUE,TRUE,TRUE,FALSE
13,92,"National Issues Convention 2","nic2.t1humrh2","13:9216","13:9216::nic2.t1humrh2","income","9216",0.660000002384186,0.755555556880103,0.760000014305115,0.811111119058397,0.721428573131561,0.792857153075082,0.642857142857143,14,FALSE,FALSE,-0.0714285799435207,-0.0555555621782938,0.0714285799435207,0.100000011920929,-0.100000011920929,0.660000002384186,0.755555556880103,0.760000014305115,0.811111119058397,0.721428573131561,0.792857153075082,0.642857142857143,14,FALSE,FALSE,-0.0714285799435207,-0.0555555621782938,0.0714285799435207,0.100000011920929,-0.100000011920929,FALSE,FALSE,TRUE,TRUE,FALSE
13,92,"National Issues Convention 2","nic2.t1humrh2","13:9217","13:9217::nic2.t1humrh2","income","9217",0.780000007152557,0.728571436234883,0.819999992847443,0.757142854588372,0.750000007450581,0.783333328862985,0.583333333333333,12,FALSE,FALSE,0.0333333214124044,0.0285714183534895,-0.0333333214124044,-0.0399999856948853,0.0399999856948853,0.780000007152557,0.728571436234883,0.819999992847443,0.757142854588372,0.750000007450581,0.783333328862985,0.583333333333333,12,FALSE,FALSE,0.0333333214124044,0.0285714183534895,-0.0333333214124044,-0.0399999856948853,0.0399999856948853,TRUE,TRUE,FALSE,FALSE,TRUE
13,92,"National Issues Convention 2","nic2.t1humrh2","13:9218","13:9218::nic2.t1humrh2","income","9218",0.777777774466409,0.875,0.711111108462016,0.775000005960464,0.807692305399821,0.730769230769231,0.307692307692308,13,FALSE,FALSE,0.0769230746305907,0.0999999940395355,-0.0769230746305907,-0.0666666660043929,0.0666666660043929,0.777777774466409,0.875,0.711111108462016,0.775000005960464,0.807692305399821,0.730769230769231,0.307692307692308,13,FALSE,FALSE,0.0769230746305907,0.0999999940395355,-0.0769230746305907,-0.0666666660043929,0.0666666660043929,TRUE,TRUE,FALSE,FALSE,TRUE
13,92,"National Issues Convention 2","nic2.t1humrh2","13:9219","13:9219::nic2.t1humrh2","income","9219",0.81249999627471,0.657142860548837,0.737500000745058,0.700000000851495,0.739999999602636,0.720000000794729,0.466666666666667,15,FALSE,FALSE,-0.0199999988079071,0.0428571403026581,0.0199999988079071,0.0749999955296516,-0.0749999955296516,0.81249999627471,0.657142860548837,0.737500000745058,0.700000000851495,0.739999999602636,0.720000000794729,0.466666666666667,15,FALSE,FALSE,-0.0199999988079071,0.0428571403026581,0.0199999988079071,0.0749999955296516,-0.0749999955296516,FALSE,TRUE,TRUE,TRUE,FALSE
13,92,"National Issues Convention 2","nic2.t1humrh2","13:9220","13:9220::nic2.t1humrh2","income","9220",0.6875,0.716666668653488,0.837499998509884,0.683333327372869,0.700000000851495,0.771428568022592,0.428571428571429,14,FALSE,FALSE,-0.0714285671710968,0.0333333412806193,0.0714285671710968,0.149999998509884,-0.149999998509884,0.6875,0.716666668653488,0.837499998509884,0.683333327372869,0.700000000851495,0.771428568022592,0.428571428571429,14,FALSE,FALSE,-0.0714285671710968,0.0333333412806193,0.0714285671710968,0.149999998509884,-0.149999998509884,FALSE,TRUE,TRUE,TRUE,FALSE
13,92,"National Issues Convention 2","nic2.t1humrh2","13:9221","13:9221::nic2.t1humrh2","income","9221",0.650000005960464,0.714285719607558,0.566666682561239,0.742857141154153,0.684615390231976,0.661538467957423,0.538461538461538,13,FALSE,FALSE,0.0230769222745528,-0.0285714215465954,-0.0230769222745528,-0.0833333233992258,0.0833333233992258,0.650000005960464,0.714285719607558,0.566666682561239,0.742857141154153,0.684615390231976,0.661538467957423,0.538461538461538,13,FALSE,FALSE,0.0230769222745528,-0.0285714215465954,-0.0230769222745528,-0.0833333233992258,0.0833333233992258,TRUE,FALSE,FALSE,FALSE,TRUE
13,92,"National Issues Convention 2","nic2.t1humrh2","13:9222","13:9222::nic2.t1humrh2","income","9222",0.540000003576279,0.740000003576279,0.680000001192093,0.859999990463257,0.640000003576279,0.769999995827675,0.5,10,FALSE,FALSE,-0.129999992251396,-0.119999986886978,0.129999992251396,0.139999997615814,-0.139999997615814,0.540000003576279,0.740000003576279,0.680000001192093,0.859999990463257,0.640000003576279,0.769999995827675,0.5,10,FALSE,FALSE,-0.129999992251396,-0.119999986886978,0.129999992251396,0.139999997615814,-0.139999997615814,FALSE,FALSE,TRUE,TRUE,FALSE
13,92,"National Issues Convention 2","nic2.t1humrh2","13:9223","13:9223::nic2.t1humrh2","income","9223",0.649999996026357,0.762500002980232,0.666666661699613,0.662500001490116,0.714285714285714,0.664285713008472,0.571428571428571,14,FALSE,FALSE,0.0500000012772424,0.100000001490116,-0.0500000012772424,0.0166666656732559,-0.0166666656732559,0.649999996026357,0.762500002980232,0.666666661699613,0.662500001490116,0.714285714285714,0.664285713008472,0.571428571428571,14,FALSE,FALSE,0.0500000012772424,0.100000001490116,-0.0500000012772424,0.0166666656732559,-0.0166666656732559,TRUE,TRUE,FALSE,TRUE,FALSE
13,92,"National Issues Convention 2","nic2.t1humrh2","13:9224","13:9224::nic2.t1humrh2","income","9224",0.739999997615814,0.716666668653488,0.760000002384186,0.68333334227403,0.727272727272727,0.718181824142283,0.545454545454545,11,FALSE,FALSE,-0.00909090313044458,-0.0333333263794581,0.00909090313044458,-0.0200000047683715,0.0200000047683715,0.739999997615814,0.716666668653488,0.760000002384186,0.68333334227403,0.727272727272727,0.718181824142283,0.545454545454545,11,FALSE,FALSE,-0.00909090313044458,-0.0333333263794581,0.00909090313044458,-0.0200000047683715,0.0200000047683715,FALSE,FALSE,TRUE,FALSE,TRUE
13,92,"National Issues Convention 2","nic2.t1multi","13:9201","13:9201::nic2.t1multi","income","9201",0.708854168653488,0.709995038807392,0.773697927594185,0.791796885430813,0.709614748756091,0.78576389948527,0.666666666666667,12,FALSE,FALSE,-0.0761491507291794,-0.0818018466234207,0.0761491507291794,0.0648437589406967,-0.0648437589406967,0.708854168653488,0.709995038807392,0.773697927594185,0.791796885430813,0.709614748756091,0.78576389948527,0.666666666666667,12,FALSE,FALSE,-0.0761491507291794,-0.0818018466234207,0.0761491507291794,0.0648437589406967,-0.0648437589406967,FALSE,FALSE,TRUE,TRUE,FALSE
13,92,"National Issues Convention 2","nic2.t1multi","13:9202","13:9202::nic2.t1multi","income","9202",0.751615634986332,0.759635418653488,0.782079083578927,0.833649560809135,0.755892852942149,0.809583338101705,0.533333333333333,15,FALSE,FALSE,-0.0536904851595561,-0.0740141421556473,0.0536904851595561,0.0304634485925948,-0.0304634485925948,0.751615634986332,0.759635418653488,0.782079083578927,0.833649560809135,0.755892852942149,0.809583338101705,0.533333333333333,15,FALSE,FALSE,-0.0536904851595561,-0.0740141421556473,0.0536904851595561,0.0304634485925948,-0.0304634485925948,FALSE,FALSE,TRUE,TRUE,FALSE
13,92,"National Issues Convention 2","nic2.t1multi","13:9203","13:9203::nic2.t1multi","income","9203",0.701636914163828,0.694326639175415,0.789756953716278,0.78059896081686,0.697981776669621,0.785177957266569,0.5,16,FALSE,FALSE,0.0871961805969477,0.0862723216414452,-0.0871961805969477,-0.0881200395524502,0.0881200395524502,0.701636914163828,0.694326639175415,0.789756953716278,0.78059896081686,0.697981776669621,0.785177957266569,0.5,16,FALSE,FALSE,0.0871961805969477,0.0862723216414452,-0.0871961805969477,-0.0881200395524502,0.0881200395524502,TRUE,TRUE,FALSE,FALSE,TRUE
13,92,"National Issues Convention 2","nic2.t1multi","13:9204","13:9204::nic2.t1multi","income","9204",0.728311009705067,0.585833340883255,0.769363850355148,0.68368057012558,0.673511906312062,0.736408742574545,0.384615384615385,13,FALSE,FALSE,0.0628968362624829,0.0978472292423248,-0.0628968362624829,-0.0410528406500816,0.0410528406500816,0.728311009705067,0.585833340883255,0.769363850355148,0.68368057012558,0.673511906312062,0.736408742574545,0.384615384615385,13,FALSE,FALSE,0.0628968362624829,0.0978472292423248,-0.0628968362624829,-0.0410528406500816,0.0410528406500816,TRUE,TRUE,FALSE,FALSE,TRUE
13,92,"National Issues Convention 2","nic2.t1multi","13:9205","13:9205::nic2.t1multi","income","9205",0.760937501986822,0.762916675635746,0.808333327372869,0.8113095334598,0.762003210874704,0.809935899881216,0.538461538461538,13,FALSE,FALSE,-0.0479326890065119,-0.0483928578240531,0.0479326890065119,0.0473958253860474,-0.0473958253860474,0.760937501986822,0.762916675635746,0.808333327372869,0.8113095334598,0.762003210874704,0.809935899881216,0.538461538461538,13,FALSE,FALSE,-0.0479326890065119,-0.0483928578240531,0.0479326890065119,0.0473958253860474,-0.0473958253860474,FALSE,FALSE,TRUE,TRUE,FALSE
13,92,"National Issues Convention 2","nic2.t1multi","13:9206","13:9206::nic2.t1multi","income","9206",0.765885427594185,0.773846730589867,0.781398817896843,0.814304322004318,0.771192962924639,0.80333582063516,0.666666666666667,12,FALSE,FALSE,-0.0321428577105205,-0.0404575914144516,0.0321428577105205,0.0155133903026581,-0.0155133903026581,0.765885427594185,0.773846730589867,0.781398817896843,0.814304322004318,0.771192962924639,0.80333582063516,0.666666666666667,12,FALSE,FALSE,-0.0321428577105205,-0.0404575914144516,0.0321428577105205,0.0155133903026581,-0.0155133903026581,FALSE,FALSE,TRUE,TRUE,FALSE
13,92,"National Issues Convention 2","nic2.t1multi","13:9207","13:9207::nic2.t1multi","income","9207",0.754940474033356,0.740205629305406,0.763750004768372,0.815246224403381,0.74481026828289,0.799153655767441,0.6875,16,FALSE,FALSE,0.0543433874845505,0.0750405950979753,-0.0543433874845505,-0.00880953073501589,0.00880953073501589,0.754940474033356,0.740205629305406,0.763750004768372,0.815246224403381,0.74481026828289,0.799153655767441,0.6875,16,FALSE,FALSE,0.0543433874845505,0.0750405950979753,-0.0543433874845505,-0.00880953073501589,0.00880953073501589,TRUE,TRUE,FALSE,FALSE,TRUE
13,92,"National Issues Convention 2","nic2.t1multi","13:9208","13:9208::nic2.t1multi","income","9208",0.644017857313156,0.773292234965733,0.775416684150696,0.79880952835083,0.719427910943826,0.789062509934107,0.583333333333333,12,FALSE,FALSE,-0.0696345989902813,-0.025517293385097,0.0696345989902813,0.13139882683754,-0.13139882683754,0.644017857313156,0.773292234965733,0.775416684150696,0.79880952835083,0.719427910943826,0.789062509934107,0.583333333333333,12,FALSE,FALSE,-0.0696345989902813,-0.025517293385097,0.0696345989902813,0.13139882683754,-0.13139882683754,FALSE,FALSE,TRUE,TRUE,FALSE
13,92,"National Issues Convention 2","nic2.t1multi","13:9209","13:9209::nic2.t1multi","income","9209",0.696683670793261,0.823392868041992,0.785863084452493,0.839464294910431,0.749479169646899,0.8081969221433,0.416666666666667,12,FALSE,FALSE,-0.0587177524964015,-0.0160714268684388,0.0587177524964015,0.089179413659232,-0.089179413659232,0.696683670793261,0.823392868041992,0.785863084452493,0.839464294910431,0.749479169646899,0.8081969221433,0.416666666666667,12,FALSE,FALSE,-0.0587177524964015,-0.0160714268684388,0.0587177524964015,0.089179413659232,-0.089179413659232,FALSE,FALSE,TRUE,TRUE,FALSE
13,92,"National Issues Convention 2","nic2.t1multi","13:9210","13:9210::nic2.t1multi","income","9210",0.748124992847443,0.770877434147729,0.853125011920929,0.796296291881137,0.76275156225477,0.81659226332392,0.642857142857143,14,FALSE,FALSE,-0.0538407010691506,-0.0254188577334086,0.0538407010691506,0.105000019073486,-0.105000019073486,0.748124992847443,0.770877434147729,0.853125011920929,0.796296291881137,0.76275156225477,0.81659226332392,0.642857142857143,14,FALSE,FALSE,-0.0538407010691506,-0.0254188577334086,0.0538407010691506,0.105000019073486,-0.105000019073486,FALSE,FALSE,TRUE,TRUE,FALSE
13,92,"National Issues Convention 2","nic2.t1multi","13:9211","13:9211::nic2.t1multi","income","9211",0.636631945768992,0.640922617912292,0.692361116409302,0.73125,0.638582251288674,0.710037881677801,0.454545454545455,11,FALSE,FALSE,-0.0714556303891268,-0.0903273820877075,0.0714556303891268,0.0557291706403097,-0.0557291706403097,0.636631945768992,0.640922617912292,0.692361116409302,0.73125,0.638582251288674,0.710037881677801,0.454545454545455,11,FALSE,FALSE,-0.0714556303891268,-0.0903273820877075,0.0714556303891268,0.0557291706403097,-0.0557291706403097,FALSE,FALSE,TRUE,TRUE,FALSE
13,92,"National Issues Convention 2","nic2.t1multi","13:9212","13:9212::nic2.t1multi","income","9212",0.794965287049611,0.745839297771454,0.815104166666667,0.779722225666046,0.772635291923176,0.799021466211839,0.454545454545455,11,FALSE,FALSE,0.026386174288663,0.0338829278945922,-0.026386174288663,-0.0201388796170552,0.0201388796170552,0.794965287049611,0.745839297771454,0.815104166666667,0.779722225666046,0.772635291923176,0.799021466211839,0.454545454545455,11,FALSE,FALSE,0.026386174288663,0.0338829278945922,-0.026386174288663,-0.0201388796170552,0.0201388796170552,TRUE,TRUE,FALSE,FALSE,TRUE
13,92,"National Issues Convention 2","nic2.t1multi","13:9213","13:9213::nic2.t1multi","income","9213",0.789236108462016,0.712581168521534,0.842361092567444,0.749310065399517,0.729007227080209,0.769249571221215,0.785714285714286,14,FALSE,FALSE,0.0402423441410065,0.0367288968779824,-0.0402423441410065,-0.0531249841054281,0.0531249841054281,0.789236108462016,0.712581168521534,0.842361092567444,0.749310065399517,0.729007227080209,0.769249571221215,0.785714285714286,14,FALSE,FALSE,0.0402423441410065,0.0367288968779824,-0.0402423441410065,-0.0531249841054281,0.0531249841054281,TRUE,TRUE,FALSE,FALSE,TRUE
13,92,"National Issues Convention 2","nic2.t1multi","13:9214","13:9214::nic2.t1multi","income","9214",0.784160064326392,0.729497373104095,0.827083349227905,0.792352845271428,0.762294987837474,0.813191147645315,0.4,15,FALSE,FALSE,0.050896159807841,0.062855472167333,-0.050896159807841,-0.042923284901513,0.042923284901513,0.784160064326392,0.729497373104095,0.827083349227905,0.792352845271428,0.762294987837474,0.813191147645315,0.4,15,FALSE,FALSE,0.050896159807841,0.062855472167333,-0.050896159807841,-0.042923284901513,0.042923284901513,TRUE,TRUE,FALSE,FALSE,TRUE
13,92,"National Issues Convention 2","nic2.t1multi","13:9215","13:9215::nic2.t1multi","income","9215",0.746130958199501,0.76515377064546,0.756380207836628,0.765302588542302,0.754283592104912,0.760204085281917,0.428571428571429,14,FALSE,FALSE,-0.00592049317700527,-0.000148817896842957,0.00592049317700527,0.0102492496371269,-0.0102492496371269,0.746130958199501,0.76515377064546,0.756380207836628,0.765302588542302,0.754283592104912,0.760204085281917,0.428571428571429,14,FALSE,FALSE,-0.00592049317700527,-0.000148817896842957,0.00592049317700527,0.0102492496371269,-0.0102492496371269,FALSE,FALSE,TRUE,TRUE,FALSE
13,92,"National Issues Convention 2","nic2.t1multi","13:9216","13:9216::nic2.t1multi","income","9216",0.702470231056213,0.77647156185574,0.816815483570099,0.828703714741601,0.750042515141623,0.824457917894636,0.642857142857143,14,FALSE,FALSE,-0.0744154027530125,-0.0522321528858608,0.0744154027530125,0.114345252513885,-0.114345252513885,0.702470231056213,0.77647156185574,0.816815483570099,0.828703714741601,0.750042515141623,0.824457917894636,0.642857142857143,14,FALSE,FALSE,-0.0744154027530125,-0.0522321528858608,0.0744154027530125,0.114345252513885,-0.114345252513885,FALSE,FALSE,TRUE,TRUE,FALSE
13,92,"National Issues Convention 2","nic2.t1multi","13:9217","13:9217::nic2.t1multi","income","9217",0.699910700321198,0.739774652889797,0.772083330154419,0.794196435383388,0.72316467265288,0.784982641537984,0.583333333333333,12,FALSE,FALSE,-0.0618179688851039,-0.0544217824935913,0.0618179688851039,0.0721726298332215,-0.0721726298332215,0.699910700321198,0.739774652889797,0.772083330154419,0.794196435383388,0.72316467265288,0.784982641537984,0.583333333333333,12,FALSE,FALSE,-0.0618179688851039,-0.0544217824935913,0.0618179688851039,0.0721726298332215,-0.0721726298332215,FALSE,FALSE,TRUE,TRUE,FALSE
13,92,"National Issues Convention 2","nic2.t1multi","13:9218","13:9218::nic2.t1multi","income","9218",0.858945118056403,0.722197413444519,0.842592597007751,0.685416683554649,0.816868901252747,0.79423077748372,0.307692307692308,13,FALSE,FALSE,-0.0226381237690265,-0.0367807298898697,0.0226381237690265,0.0163525210486518,-0.0163525210486518,0.858945118056403,0.722197413444519,0.842592597007751,0.685416683554649,0.816868901252747,0.79423077748372,0.307692307692308,13,FALSE,FALSE,-0.0226381237690265,-0.0367807298898697,0.0226381237690265,0.0163525210486518,-0.0163525210486518,FALSE,FALSE,TRUE,TRUE,FALSE
13,92,"National Issues Convention 2","nic2.t1multi","13:9219","13:9219::nic2.t1multi","income","9219",0.795163698494434,0.674631514719554,0.786290936172009,0.780357156481062,0.738915346066157,0.7835218389829,0.466666666666667,15,FALSE,FALSE,0.0446064929167429,0.105725641761507,-0.0446064929167429,0.00887276232242584,-0.00887276232242584,0.795163698494434,0.674631514719554,0.786290936172009,0.780357156481062,0.738915346066157,0.7835218389829,0.466666666666667,15,FALSE,FALSE,0.0446064929167429,0.105725641761507,-0.0446064929167429,0.00887276232242584,-0.00887276232242584,TRUE,TRUE,FALSE,TRUE,FALSE
13,92,"National Issues Convention 2","nic2.t1multi","13:9220","13:9220::nic2.t1multi","income","9220",0.722030021250248,0.723784724871318,0.801909722387791,0.78802082935969,0.722782037087849,0.795957339661462,0.428571428571429,14,FALSE,FALSE,-0.0731753025736128,-0.0642361044883728,0.0731753025736128,0.0798797011375427,-0.0798797011375427,0.722030021250248,0.723784724871318,0.801909722387791,0.78802082935969,0.722782037087849,0.795957339661462,0.428571428571429,14,FALSE,FALSE,-0.0731753025736128,-0.0642361044883728,0.0731753025736128,0.0798797011375427,-0.0798797011375427,FALSE,FALSE,TRUE,TRUE,FALSE
13,92,"National Issues Convention 2","nic2.t1multi","13:9221","13:9221::nic2.t1multi","income","9221",0.603000994771719,0.803273814065116,0.752777794996897,0.811755963734218,0.710840205160471,0.784535270470839,0.538461538461538,13,FALSE,FALSE,-0.0736950653103682,-0.00848214966910232,0.0736950653103682,0.149776800225178,-0.149776800225178,0.603000994771719,0.803273814065116,0.752777794996897,0.811755963734218,0.710840205160471,0.784535270470839,0.538461538461538,13,FALSE,FALSE,-0.0736950653103682,-0.00848214966910232,0.0736950653103682,0.149776800225178,-0.149776800225178,FALSE,FALSE,TRUE,TRUE,FALSE
13,92,"National Issues Convention 2","nic2.t1multi","13:9222","13:9222::nic2.t1multi","income","9222",0.686458349227905,0.669374990463257,0.746220242977142,0.644236123561859,0.677916669845581,0.695228183269501,0.5,10,FALSE,FALSE,0.0173115134239197,-0.0251388669013978,-0.0173115134239197,-0.059761893749237,0.059761893749237,0.686458349227905,0.669374990463257,0.746220242977142,0.644236123561859,0.677916669845581,0.695228183269501,0.5,10,FALSE,FALSE,0.0173115134239197,-0.0251388669013978,-0.0173115134239197,-0.059761893749237,0.059761893749237,TRUE,FALSE,FALSE,FALSE,TRUE
13,92,"National Issues Convention 2","nic2.t1multi","13:9223","13:9223::nic2.t1multi","income","9223",0.71202877163887,0.716276042163372,0.781522820393244,0.828645847737789,0.714455783367157,0.808450264590127,0.571428571428571,14,FALSE,FALSE,-0.0939944812229702,-0.112369805574417,0.0939944812229702,0.0694940487543741,-0.0694940487543741,0.71202877163887,0.716276042163372,0.781522820393244,0.828645847737789,0.714455783367157,0.808450264590127,0.571428571428571,14,FALSE,FALSE,-0.0939944812229702,-0.112369805574417,0.0939944812229702,0.0694940487543741,-0.0694940487543741,FALSE,FALSE,TRUE,TRUE,FALSE
13,92,"National Issues Convention 2","nic2.t1multi","13:9224","13:9224::nic2.t1multi","income","9224",0.745386910438538,0.599280754725138,0.796666669845581,0.671319449941317,0.665692643685774,0.72829545898871,0.545454545454545,11,FALSE,FALSE,0.0626028153029354,0.0720386952161789,-0.0626028153029354,-0.0512797594070435,0.0512797594070435,0.745386910438538,0.599280754725138,0.796666669845581,0.671319449941317,0.665692643685774,0.72829545898871,0.545454545454545,11,FALSE,FALSE,0.0626028153029354,0.0720386952161789,-0.0626028153029354,-0.0512797594070435,0.0512797594070435,TRUE,TRUE,FALSE,FALSE,TRUE
13,92,"National Issues Convention 2","nic2.t1inter","13:9201","13:9201::nic2.t1inter","income","9201",0.75,0.78125,1,0.96875,0.770833333333333,0.979166666666667,0.666666666666667,12,FALSE,FALSE,-0.208333333333333,-0.1875,0.208333333333333,0.25,-0.25,0.75,0.78125,1,0.96875,0.770833333333333,0.979166666666667,0.666666666666667,12,FALSE,FALSE,-0.208333333333333,-0.1875,0.208333333333333,0.25,-0.25,FALSE,FALSE,TRUE,TRUE,FALSE
13,92,"National Issues Convention 2","nic2.t1inter","13:9202","13:9202::nic2.t1inter","income","9202",0.75,0.625,0.821428571428571,0.714285714285714,0.683333333333333,0.767857142857143,0.533333333333333,15,FALSE,FALSE,0.0845238095238096,0.0892857142857143,-0.0845238095238096,-0.0714285714285714,0.0714285714285714,0.75,0.571428571428571,0.821428571428571,0.714285714285714,0.660714285714286,0.767857142857143,0.5,14,FALSE,FALSE,0.107142857142857,0.142857142857143,-0.107142857142857,-0.0714285714285714,0.0714285714285714,TRUE,TRUE,FALSE,FALSE,TRUE
13,92,"National Issues Convention 2","nic2.t1inter","13:9203","13:9203::nic2.t1inter","income","9203",0.8125,0.84375,0.875,0.875,0.828125,0.875,0.5,16,FALSE,FALSE,-0.046875,-0.03125,0.046875,0.0625,-0.0625,0.8125,0.84375,0.875,0.875,0.828125,0.875,0.5,16,FALSE,FALSE,-0.046875,-0.03125,0.046875,0.0625,-0.0625,FALSE,FALSE,TRUE,TRUE,FALSE
13,92,"National Issues Convention 2","nic2.t1inter","13:9204","13:9204::nic2.t1inter","income","9204",0.75,0.85,0.857142857142857,0.95,0.788461538461538,0.895833333333333,0.384615384615385,13,FALSE,FALSE,-0.107371794871795,-0.1,0.107371794871795,0.107142857142857,-0.107142857142857,0.714285714285714,0.85,0.857142857142857,0.95,0.770833333333333,0.895833333333333,0.416666666666667,12,FALSE,FALSE,-0.125,-0.1,0.125,0.142857142857143,-0.142857142857143,FALSE,FALSE,TRUE,TRUE,FALSE
13,92,"National Issues Convention 2","nic2.t1inter","13:9205","13:9205::nic2.t1inter","income","9205",0.75,0.785714285714286,0.916666666666667,0.964285714285714,0.769230769230769,0.942307692307692,0.538461538461538,13,FALSE,FALSE,-0.173076923076923,-0.178571428571429,0.173076923076923,0.166666666666667,-0.166666666666667,0.75,0.785714285714286,0.916666666666667,0.964285714285714,0.769230769230769,0.942307692307692,0.538461538461538,13,FALSE,FALSE,-0.173076923076923,-0.178571428571429,0.173076923076923,0.166666666666667,-0.166666666666667,FALSE,FALSE,TRUE,TRUE,FALSE
13,92,"National Issues Convention 2","nic2.t1inter","13:9206","13:9206::nic2.t1inter","income","9206",0.75,0.71875,0.833333333333333,0.71875,0.729166666666667,0.75,0.666666666666667,12,FALSE,FALSE,0.0208333333333334,0,-0.0208333333333334,-0.0833333333333334,0.0833333333333334,0.666666666666667,0.71875,0.833333333333333,0.71875,0.704545454545455,0.75,0.727272727272727,11,FALSE,FALSE,-0.0454545454545454,0,0.0454545454545454,0.166666666666667,-0.166666666666667,TRUE,FALSE,FALSE,FALSE,TRUE
13,92,"National Issues Convention 2","nic2.t1inter","13:9207","13:9207::nic2.t1inter","income","9207",0.7,0.727272727272727,1,0.840909090909091,0.71875,0.890625,0.6875,16,FALSE,FALSE,-0.171875,-0.113636363636364,0.171875,0.3,-0.3,0.7,0.727272727272727,1,0.840909090909091,0.71875,0.890625,0.6875,16,FALSE,FALSE,-0.171875,-0.113636363636364,0.171875,0.3,-0.3,FALSE,FALSE,TRUE,TRUE,FALSE
13,92,"National Issues Convention 2","nic2.t1inter","13:9208","13:9208::nic2.t1inter","income","9208",0.85,0.75,0.95,0.821428571428571,0.791666666666667,0.875,0.583333333333333,12,FALSE,FALSE,0.0833333333333334,0.0714285714285714,-0.0833333333333334,-0.1,0.1,0.85,0.75,0.95,0.821428571428571,0.791666666666667,0.875,0.583333333333333,12,FALSE,FALSE,0.0833333333333334,0.0714285714285714,-0.0833333333333334,-0.1,0.1,TRUE,TRUE,FALSE,FALSE,TRUE
13,92,"National Issues Convention 2","nic2.t1inter","13:9209","13:9209::nic2.t1inter","income","9209",0.857142857142857,0.8,0.75,0.85,0.833333333333333,0.791666666666667,0.416666666666667,12,FALSE,FALSE,-0.0416666666666667,0.0499999999999999,0.0416666666666667,0.107142857142857,-0.107142857142857,0.857142857142857,0.8,0.75,0.85,0.833333333333333,0.791666666666667,0.416666666666667,12,FALSE,FALSE,-0.0416666666666667,0.0499999999999999,0.0416666666666667,0.107142857142857,-0.107142857142857,FALSE,TRUE,TRUE,TRUE,FALSE
13,92,"National Issues Convention 2","nic2.t1inter","13:9210","13:9210::nic2.t1inter","income","9210",0.85,0.5,0.9,0.805555555555556,0.625,0.839285714285714,0.642857142857143,14,FALSE,FALSE,0.214285714285714,0.305555555555556,-0.214285714285714,-0.05,0.05,0.85,0.5,0.9,0.805555555555556,0.625,0.839285714285714,0.642857142857143,14,FALSE,FALSE,0.214285714285714,0.305555555555556,-0.214285714285714,-0.05,0.05,TRUE,TRUE,FALSE,FALSE,TRUE
13,92,"National Issues Convention 2","nic2.t1inter","13:9211","13:9211::nic2.t1inter","income","9211",0.75,0.65,0.666666666666667,0.8,0.704545454545455,0.727272727272727,0.454545454545455,11,FALSE,FALSE,0.0227272727272727,0.15,-0.0227272727272727,0.0833333333333334,-0.0833333333333334,0.75,0.65,0.666666666666667,0.8,0.704545454545455,0.727272727272727,0.454545454545455,11,FALSE,FALSE,0.0227272727272727,0.15,-0.0227272727272727,0.0833333333333334,-0.0833333333333334,TRUE,TRUE,FALSE,TRUE,FALSE
13,92,"National Issues Convention 2","nic2.t1inter","13:9212","13:9212::nic2.t1inter","income","9212",0.708333333333333,0.6,0.958333333333333,0.7,0.659090909090909,0.840909090909091,0.454545454545455,11,FALSE,FALSE,0.181818181818182,0.1,-0.181818181818182,-0.25,0.25,0.708333333333333,0.6,0.958333333333333,0.7,0.659090909090909,0.840909090909091,0.454545454545455,11,FALSE,FALSE,0.181818181818182,0.1,-0.181818181818182,-0.25,0.25,TRUE,TRUE,FALSE,FALSE,TRUE
13,92,"National Issues Convention 2","nic2.t1inter","13:9213","13:9213::nic2.t1inter","income","9213",0.833333333333333,0.568181818181818,0.916666666666667,0.75,0.625,0.785714285714286,0.785714285714286,14,FALSE,FALSE,0.160714285714286,0.181818181818182,-0.160714285714286,-0.0833333333333333,0.0833333333333333,0.833333333333333,0.568181818181818,0.916666666666667,0.75,0.625,0.785714285714286,0.785714285714286,14,FALSE,FALSE,0.160714285714286,0.181818181818182,-0.160714285714286,-0.0833333333333333,0.0833333333333333,TRUE,TRUE,FALSE,FALSE,TRUE
13,92,"National Issues Convention 2","nic2.t1inter","13:9214","13:9214::nic2.t1inter","income","9214",0.722222222222222,0.833333333333333,0.861111111111111,0.9,0.766666666666667,0.875,0.4,15,FALSE,FALSE,-0.108333333333333,-0.0666666666666667,0.108333333333333,0.138888888888889,-0.138888888888889,0.722222222222222,0.9,0.861111111111111,0.9,0.785714285714286,0.875,0.357142857142857,14,FALSE,FALSE,-0.0892857142857143,0,0.0892857142857143,0.138888888888889,-0.138888888888889,FALSE,FALSE,TRUE,TRUE,FALSE
13,92,"National Issues Convention 2","nic2.t1inter","13:9215","13:9215::nic2.t1inter","income","9215",0.875,0.916666666666667,0.78125,0.958333333333333,0.892857142857143,0.857142857142857,0.428571428571429,14,FALSE,FALSE,0.0357142857142858,-0.0416666666666667,-0.0357142857142858,-0.09375,0.09375,0.875,0.916666666666667,0.78125,0.958333333333333,0.892857142857143,0.857142857142857,0.428571428571429,14,FALSE,FALSE,0.0357142857142858,-0.0416666666666667,-0.0357142857142858,-0.09375,0.09375,TRUE,FALSE,FALSE,FALSE,TRUE
13,92,"National Issues Convention 2","nic2.t1inter","13:9216","13:9216::nic2.t1inter","income","9216",0.75,0.805555555555556,0.8,0.944444444444444,0.785714285714286,0.892857142857143,0.642857142857143,14,FALSE,FALSE,-0.107142857142857,-0.138888888888889,0.107142857142857,0.05,-0.05,0.75,0.805555555555556,0.8,0.944444444444444,0.785714285714286,0.892857142857143,0.642857142857143,14,FALSE,FALSE,-0.107142857142857,-0.138888888888889,0.107142857142857,0.05,-0.05,FALSE,FALSE,TRUE,TRUE,FALSE
13,92,"National Issues Convention 2","nic2.t1inter","13:9217","13:9217::nic2.t1inter","income","9217",0.8,0.714285714285714,1,0.857142857142857,0.75,0.916666666666667,0.583333333333333,12,FALSE,FALSE,0.166666666666667,0.142857142857143,-0.166666666666667,-0.2,0.2,0.8,0.714285714285714,1,0.857142857142857,0.75,0.916666666666667,0.583333333333333,12,FALSE,FALSE,0.166666666666667,0.142857142857143,-0.166666666666667,-0.2,0.2,TRUE,TRUE,FALSE,FALSE,TRUE
13,92,"National Issues Convention 2","nic2.t1inter","13:9218","13:9218::nic2.t1inter","income","9218",0.805555555555556,0.875,0.916666666666667,0.625,0.826923076923077,0.826923076923077,0.307692307692308,13,FALSE,TRUE,0,0.25,0,0.111111111111111,-0.111111111111111,0.805555555555556,0.875,0.916666666666667,0.625,0.826923076923077,0.826923076923077,0.307692307692308,13,FALSE,TRUE,0,0.25,0,0.111111111111111,-0.111111111111111,FALSE,TRUE,FALSE,TRUE,FALSE
13,92,"National Issues Convention 2","nic2.t1inter","13:9219","13:9219::nic2.t1inter","income","9219",0.84375,0.75,0.78125,0.857142857142857,0.8,0.816666666666667,0.466666666666667,15,FALSE,FALSE,0.0166666666666666,0.107142857142857,-0.0166666666666666,0.0625,-0.0625,0.84375,0.75,0.78125,0.857142857142857,0.8,0.816666666666667,0.466666666666667,15,FALSE,FALSE,0.0166666666666666,0.107142857142857,-0.0166666666666666,0.0625,-0.0625,TRUE,TRUE,FALSE,TRUE,FALSE
13,92,"National Issues Convention 2","nic2.t1inter","13:9220","13:9220::nic2.t1inter","income","9220",0.8125,0.8,0.71875,0.708333333333333,0.807692307692308,0.714285714285714,0.428571428571429,14,FALSE,FALSE,-0.0934065934065934,-0.0916666666666667,0.0934065934065934,0.09375,-0.09375,0.8125,0.8,0.71875,0.7,0.807692307692308,0.711538461538462,0.384615384615385,13,FALSE,FALSE,-0.0961538461538461,-0.1,0.0961538461538461,0.09375,-0.09375,FALSE,FALSE,TRUE,TRUE,FALSE
13,92,"National Issues Convention 2","nic2.t1inter","13:9221","13:9221::nic2.t1inter","income","9221",0.666666666666667,0.857142857142857,0.916666666666667,0.928571428571429,0.769230769230769,0.923076923076923,0.538461538461538,13,FALSE,FALSE,-0.153846153846154,-0.0714285714285715,0.153846153846154,0.25,-0.25,0.666666666666667,0.857142857142857,0.916666666666667,0.928571428571429,0.769230769230769,0.923076923076923,0.538461538461538,13,FALSE,FALSE,-0.153846153846154,-0.0714285714285715,0.153846153846154,0.25,-0.25,FALSE,FALSE,TRUE,TRUE,FALSE
13,92,"National Issues Convention 2","nic2.t1inter","13:9222","13:9222::nic2.t1inter","income","9222",0.65,0.7,0.7,0.85,0.675,0.775,0.5,10,FALSE,FALSE,-0.1,-0.15,0.1,0.0499999999999999,-0.0499999999999999,0.65,0.7,0.7,0.85,0.675,0.775,0.5,10,FALSE,FALSE,-0.1,-0.15,0.1,0.0499999999999999,-0.0499999999999999,FALSE,FALSE,TRUE,TRUE,FALSE
13,92,"National Issues Convention 2","nic2.t1inter","13:9223","13:9223::nic2.t1inter","income","9223",0.791666666666667,0.625,0.875,0.78125,0.696428571428571,0.821428571428571,0.571428571428571,14,FALSE,FALSE,0.125,0.15625,-0.125,-0.0833333333333334,0.0833333333333334,0.791666666666667,0.625,0.875,0.78125,0.696428571428571,0.821428571428571,0.571428571428571,14,FALSE,FALSE,0.125,0.15625,-0.125,-0.0833333333333334,0.0833333333333334,TRUE,TRUE,FALSE,FALSE,TRUE
13,92,"National Issues Convention 2","nic2.t1inter","13:9224","13:9224::nic2.t1inter","income","9224",1,0.9,0.95,0.833333333333333,0.95,0.886363636363636,0.545454545454545,11,FALSE,FALSE,-0.0636363636363636,-0.0666666666666667,0.0636363636363636,0.05,-0.05,1,0.9,0.95,0.85,0.95,0.9,0.5,10,FALSE,FALSE,-0.0499999999999999,-0.05,0.0499999999999999,0.05,-0.05,FALSE,FALSE,TRUE,TRUE,FALSE
13,92,"National Issues Convention 2","nic2.t1global","13:9201","13:9201::nic2.t1global","income","9201",0.628472223877907,0.619444452226162,0.779166668653488,0.737152777612209,0.62245370944341,0.751157407959302,0.666666666666667,12,FALSE,FALSE,0.128703698515892,0.117708325386047,-0.128703698515892,-0.150694444775581,0.150694444775581,0.628472223877907,0.619444452226162,0.779166668653488,0.737152777612209,0.62245370944341,0.751157407959302,0.666666666666667,12,FALSE,FALSE,0.128703698515892,0.117708325386047,-0.128703698515892,-0.150694444775581,0.150694444775581,TRUE,TRUE,FALSE,FALSE,TRUE
13,92,"National Issues Convention 2","nic2.t1global","13:9202","13:9202::nic2.t1global","income","9202",0.575634926557541,0.693750001490116,0.701587293829237,0.673437498509884,0.638629633188248,0.686574069658915,0.533333333333333,15,FALSE,FALSE,-0.0479444364706675,0.0203125029802322,0.0479444364706675,0.125952367271696,-0.125952367271696,0.575634926557541,0.693750001490116,0.701587293829237,0.673437498509884,0.638629633188248,0.686574069658915,0.533333333333333,15,FALSE,FALSE,-0.0479444364706675,0.0203125029802322,0.0479444364706675,0.125952367271696,-0.125952367271696,FALSE,TRUE,TRUE,TRUE,FALSE
13,92,"National Issues Convention 2","nic2.t1global","13:9203","13:9203::nic2.t1global","income","9203",0.647569451481104,0.670624997466803,0.67111112549901,0.751388892531395,0.659097224473953,0.711250009015203,0.5,16,FALSE,FALSE,-0.0521527845412493,-0.0807638950645924,0.0521527845412493,0.0235416740179062,-0.0235416740179062,0.647569451481104,0.670624997466803,0.67111112549901,0.751388892531395,0.659097224473953,0.711250009015203,0.5,16,FALSE,FALSE,-0.0521527845412493,-0.0807638950645924,0.0521527845412493,0.0235416740179062,-0.0235416740179062,FALSE,FALSE,TRUE,TRUE,FALSE
13,92,"National Issues Convention 2","nic2.t1global","13:9204","13:9204::nic2.t1global","income","9204",0.533680565655231,0.70888888835907,0.621527791023254,0.75166665315628,0.601068382079785,0.671581199535957,0.384615384615385,13,FALSE,FALSE,-0.0705128174561721,-0.0427777647972107,0.0705128174561721,0.0878472253680229,-0.0878472253680229,0.533680565655231,0.70888888835907,0.621527791023254,0.75166665315628,0.601068382079785,0.671581199535957,0.384615384615385,13,FALSE,FALSE,-0.0705128174561721,-0.0427777647972107,0.0705128174561721,0.0878472253680229,-0.0878472253680229,FALSE,FALSE,TRUE,TRUE,FALSE
13,92,"National Issues Convention 2","nic2.t1global","13:9205","13:9205::nic2.t1global","income","9205",0.635185182094574,0.600793655429568,0.772731492916743,0.743015876838139,0.616666667736494,0.756730776566725,0.538461538461538,13,FALSE,FALSE,0.140064108830232,0.142222221408571,-0.140064108830232,-0.137546310822169,0.137546310822169,0.635185182094574,0.600793655429568,0.772731492916743,0.743015876838139,0.616666667736494,0.756730776566725,0.538461538461538,13,FALSE,FALSE,0.140064108830232,0.142222221408571,-0.140064108830232,-0.137546310822169,0.137546310822169,TRUE,TRUE,FALSE,FALSE,TRUE
13,92,"National Issues Convention 2","nic2.t1global","13:9206","13:9206::nic2.t1global","income","9206",0.421666659414768,0.592361118644476,0.587152771651745,0.724305558949709,0.535462965567907,0.678587963183721,0.666666666666667,12,FALSE,FALSE,-0.143124997615814,-0.131944440305233,0.143124997615814,0.165486112236977,-0.165486112236977,0.421666659414768,0.592361118644476,0.587152771651745,0.724305558949709,0.535462965567907,0.678587963183721,0.666666666666667,12,FALSE,FALSE,-0.143124997615814,-0.131944440305233,0.143124997615814,0.165486112236977,-0.165486112236977,FALSE,FALSE,TRUE,TRUE,FALSE
13,92,"National Issues Convention 2","nic2.t1global","13:9207","13:9207::nic2.t1global","income","9207",0.465555554628372,0.578030311248519,0.656944441795349,0.631565654819662,0.542881949804723,0.639496525749564,0.6875,16,FALSE,FALSE,-0.0966145759448409,-0.0535353435711426,0.0966145759448409,0.191388887166977,-0.191388887166977,0.465555554628372,0.578030311248519,0.656944441795349,0.631565654819662,0.542881949804723,0.639496525749564,0.6875,16,FALSE,FALSE,-0.0966145759448409,-0.0535353435711426,0.0966145759448409,0.191388887166977,-0.191388887166977,FALSE,FALSE,TRUE,TRUE,FALSE
13,92,"National Issues Convention 2","nic2.t1global","13:9208","13:9208::nic2.t1global","income","9208",0.478333348035812,0.610317460128239,0.57222221493721,0.685714287417276,0.555324080089728,0.638425923883915,0.583333333333333,12,FALSE,FALSE,-0.083101843794187,-0.0753968272890364,0.083101843794187,0.0938888669013976,-0.0938888669013976,0.478333348035812,0.610317460128239,0.57222221493721,0.685714287417276,0.555324080089728,0.638425923883915,0.583333333333333,12,FALSE,FALSE,-0.083101843794187,-0.0753968272890364,0.083101843794187,0.0938888669013976,-0.0938888669013976,FALSE,FALSE,TRUE,TRUE,FALSE
13,92,"National Issues Convention 2","nic2.t1global","13:9209","13:9209::nic2.t1global","income","9209",0.519642861826079,0.527777761220932,0.607936501502991,0.595666664838791,0.523032403240601,0.602824069559574,0.416666666666667,12,FALSE,FALSE,-0.0797916663189729,-0.0678889036178589,0.0797916663189729,0.0882936396769115,-0.0882936396769115,0.519642861826079,0.527777761220932,0.607936501502991,0.595666664838791,0.523032403240601,0.602824069559574,0.416666666666667,12,FALSE,FALSE,-0.0797916663189729,-0.0678889036178589,0.0797916663189729,0.0882936396769115,-0.0882936396769115,FALSE,FALSE,TRUE,TRUE,FALSE
13,92,"National Issues Convention 2","nic2.t1global","13:9210","13:9210::nic2.t1global","income","9210",0.678333342075348,0.510493824879328,0.695000004768372,0.640061726172765,0.570436509592192,0.65968253995691,0.642857142857143,14,FALSE,FALSE,0.0892460303647178,0.129567901293437,-0.0892460303647178,-0.0166666626930236,0.0166666626930236,0.678333342075348,0.510493824879328,0.695000004768372,0.640061726172765,0.570436509592192,0.65968253995691,0.642857142857143,14,FALSE,FALSE,0.0892460303647178,0.129567901293437,-0.0892460303647178,-0.0166666626930236,0.0166666626930236,TRUE,TRUE,FALSE,FALSE,TRUE
13,92,"National Issues Convention 2","nic2.t1global","13:9211","13:9211::nic2.t1global","income","9211",0.570833340287209,0.442777794599533,0.641203716397285,0.625833332538605,0.512626274065538,0.634217178279703,0.454545454545455,11,FALSE,FALSE,0.121590904214166,0.183055537939072,-0.121590904214166,-0.0703703761100769,0.0703703761100769,0.570833340287209,0.442777794599533,0.641203716397285,0.625833332538605,0.512626274065538,0.634217178279703,0.454545454545455,11,FALSE,FALSE,0.121590904214166,0.183055537939072,-0.121590904214166,-0.0703703761100769,0.0703703761100769,TRUE,TRUE,FALSE,FALSE,TRUE
13,92,"National Issues Convention 2","nic2.t1global","13:9212","13:9212::nic2.t1global","income","9212",0.547685181101163,0.451111114025116,0.695833345254262,0.496666675806046,0.503787877884778,0.605303040959618,0.454545454545455,11,FALSE,FALSE,0.10151516307484,0.0455555617809296,-0.10151516307484,-0.148148164153099,0.148148164153099,0.547685181101163,0.451111114025116,0.695833345254262,0.496666675806046,0.503787877884778,0.605303040959618,0.454545454545455,11,FALSE,FALSE,0.10151516307484,0.0455555617809296,-0.10151516307484,-0.148148164153099,0.148148164153099,TRUE,TRUE,FALSE,FALSE,TRUE
13,92,"National Issues Convention 2","nic2.t1global","13:9213","13:9213::nic2.t1global","income","9213",0.529629647731781,0.48080808212134,0.623148143291473,0.657171709970994,0.49126984618072,0.649880945682526,0.785714285714286,14,FALSE,FALSE,0.158611099501806,0.176363627849655,-0.158611099501806,-0.0935184955596924,0.0935184955596924,0.529629647731781,0.48080808212134,0.623148143291473,0.657171709970994,0.49126984618072,0.649880945682526,0.785714285714286,14,FALSE,FALSE,0.158611099501806,0.176363627849655,-0.158611099501806,-0.0935184955596924,0.0935184955596924,TRUE,TRUE,FALSE,FALSE,TRUE
13,92,"National Issues Convention 2","nic2.t1global","13:9214","13:9214::nic2.t1global","income","9214",0.683950616253747,0.562962959210078,0.790401236878501,0.77361111342907,0.635555553436279,0.783685187498728,0.4,15,FALSE,FALSE,0.148129634062449,0.210648154218992,-0.148129634062449,-0.106450620624754,0.106450620624754,0.683950616253747,0.562962959210078,0.790401236878501,0.77361111342907,0.635555553436279,0.783685187498728,0.4,15,FALSE,FALSE,0.148129634062449,0.210648154218992,-0.148129634062449,-0.106450620624754,0.106450620624754,TRUE,TRUE,FALSE,FALSE,TRUE
13,92,"National Issues Convention 2","nic2.t1global","13:9215","13:9215::nic2.t1global","income","9215",0.553819444030523,0.636111110448837,0.650868065655231,0.655787030855815,0.589087301066944,0.652976193598339,0.428571428571429,14,FALSE,FALSE,-0.063888892531395,-0.0196759204069773,0.063888892531395,0.0970486216247082,-0.0970486216247082,0.553819444030523,0.636111110448837,0.650868065655231,0.655787030855815,0.589087301066944,0.652976193598339,0.428571428571429,14,FALSE,FALSE,-0.063888892531395,-0.0196759204069773,0.063888892531395,0.0970486216247082,-0.0970486216247082,FALSE,FALSE,TRUE,TRUE,FALSE
13,92,"National Issues Convention 2","nic2.t1global","13:9216","13:9216::nic2.t1global","income","9216",0.714999997615814,0.674382719728682,0.749444437026977,0.730246921380361,0.688888890402658,0.737103176968438,0.642857142857143,14,FALSE,FALSE,0.0482142865657806,0.0558642016516792,-0.0482142865657806,-0.0344444394111633,0.0344444394111633,0.714999997615814,0.674382719728682,0.749444437026977,0.730246921380361,0.688888890402658,0.737103176968438,0.642857142857143,14,FALSE,FALSE,0.0482142865657806,0.0558642016516792,-0.0482142865657806,-0.0344444394111633,0.0344444394111633,TRUE,TRUE,FALSE,FALSE,TRUE
13,92,"National Issues Convention 2","nic2.t1global","13:9217","13:9217::nic2.t1global","income","9217",0.590333342552185,0.634920635393688,0.722222220897675,0.691031732729503,0.616342596709728,0.704027769466241,0.583333333333333,12,FALSE,FALSE,-0.087685172756513,-0.0561110973358154,0.087685172756513,0.131888878345489,-0.131888878345489,0.590333342552185,0.634920635393688,0.722222220897675,0.691031732729503,0.616342596709728,0.704027769466241,0.583333333333333,12,FALSE,FALSE,-0.087685172756513,-0.0561110973358154,0.087685172756513,0.131888878345489,-0.131888878345489,FALSE,FALSE,TRUE,TRUE,FALSE
13,92,"National Issues Convention 2","nic2.t1global","13:9218","13:9218::nic2.t1global","income","9218",0.612037039465374,0.754861116409302,0.678549379110336,0.673472225666046,0.655982909294275,0.676987178050555,0.307692307692308,13,FALSE,FALSE,-0.0210042687562796,0.0813888907432556,0.0210042687562796,0.0665123396449618,-0.0665123396449618,0.612037039465374,0.754861116409302,0.678549379110336,0.673472225666046,0.655982909294275,0.676987178050555,0.307692307692308,13,FALSE,FALSE,-0.0210042687562796,0.0813888907432556,0.0210042687562796,0.0665123396449618,-0.0665123396449618,FALSE,TRUE,TRUE,TRUE,FALSE
13,92,"National Issues Convention 2","nic2.t1global","13:9219","13:9219::nic2.t1global","income","9219",0.675347223877907,0.621428579092026,0.692013882100582,0.70396824819701,0.650185189644496,0.697592586278915,0.466666666666667,15,FALSE,FALSE,0.0474073966344197,0.0825396691049848,-0.0474073966344197,-0.0166666582226753,0.0166666582226753,0.675347223877907,0.621428579092026,0.692013882100582,0.70396824819701,0.650185189644496,0.697592586278915,0.466666666666667,15,FALSE,FALSE,0.0474073966344197,0.0825396691049848,-0.0474073966344197,-0.0166666582226753,0.0166666582226753,TRUE,TRUE,FALSE,FALSE,TRUE
13,92,"National Issues Convention 2","nic2.t1global","13:9220","13:9220::nic2.t1global","income","9220",0.688888881355524,0.501388887564341,0.815277770161629,0.660648147265116,0.608531741159303,0.749007931777409,0.428571428571429,14,FALSE,FALSE,0.140476190618106,0.159259259700775,-0.140476190618106,-0.126388888806105,0.126388888806105,0.688888881355524,0.501388887564341,0.815277770161629,0.660648147265116,0.608531741159303,0.749007931777409,0.428571428571429,14,FALSE,FALSE,0.140476190618106,0.159259259700775,-0.140476190618106,-0.126388888806105,0.126388888806105,TRUE,TRUE,FALSE,FALSE,TRUE
13,92,"National Issues Convention 2","nic2.t1global","13:9221","13:9221::nic2.t1global","income","9221",0.506944447755814,0.651349214570863,0.582407424847285,0.743253980364118,0.584700860656225,0.669017108587118,0.538461538461538,13,FALSE,FALSE,-0.0843162479308935,-0.0919047657932553,0.0843162479308935,0.0754629770914713,-0.0754629770914713,0.506944447755814,0.651349214570863,0.582407424847285,0.743253980364118,0.584700860656225,0.669017108587118,0.538461538461538,13,FALSE,FALSE,-0.0843162479308935,-0.0919047657932553,0.0843162479308935,0.0754629770914713,-0.0754629770914713,FALSE,FALSE,TRUE,TRUE,FALSE
13,92,"National Issues Convention 2","nic2.t1global","13:9222","13:9222::nic2.t1global","income","9222",0.396111120283604,0.635777789354324,0.577222228050232,0.775833332538605,0.515944454818964,0.676527780294418,0.5,10,FALSE,FALSE,-0.160583325475454,-0.14005554318428,0.160583325475454,0.181111107766628,-0.181111107766628,0.396111120283604,0.635777789354324,0.577222228050232,0.775833332538605,0.515944454818964,0.676527780294418,0.5,10,FALSE,FALSE,-0.160583325475454,-0.14005554318428,0.160583325475454,0.181111107766628,-0.181111107766628,FALSE,FALSE,TRUE,TRUE,FALSE
13,92,"National Issues Convention 2","nic2.t1global","13:9223","13:9223::nic2.t1global","income","9223",0.600092604756355,0.50902777723968,0.655324071645737,0.590520838275552,0.548055560461112,0.61829365257706,0.571428571428571,14,FALSE,FALSE,0.0702380921159471,0.0814930610358715,-0.0702380921159471,-0.0552314668893814,0.0552314668893814,0.600092604756355,0.50902777723968,0.655324071645737,0.590520838275552,0.548055560461112,0.61829365257706,0.571428571428571,14,FALSE,FALSE,0.0702380921159471,0.0814930610358715,-0.0702380921159471,-0.0552314668893814,0.0552314668893814,TRUE,TRUE,FALSE,FALSE,TRUE
13,92,"National Issues Convention 2","nic2.t1global","13:9224","13:9224::nic2.t1global","income","9224",0.61611111164093,0.498148153225581,0.573333352804184,0.563888887564341,0.551767679778012,0.568181826309724,0.545454545454545,11,FALSE,FALSE,0.0164141465317119,0.0657407343387603,-0.0164141465317119,0.0427777588367462,-0.0427777588367462,0.61611111164093,0.498148153225581,0.573333352804184,0.563888887564341,0.551767679778012,0.568181826309724,0.545454545454545,11,FALSE,FALSE,0.0164141465317119,0.0657407343387603,-0.0164141465317119,0.0427777588367462,-0.0427777588367462,TRUE,TRUE,FALSE,TRUE,FALSE
13,92,"National Issues Convention 2","nic2.t1demo","13:9201","13:9201::nic2.t1demo","income","9201",0.637500010430813,0.70312499627471,0.733333341777325,0.717013888061047,0.681250000993411,0.722453705966473,0.666666666666667,12,FALSE,FALSE,-0.0412037049730619,-0.0138888917863369,0.0412037049730619,0.0958333313465118,-0.0958333313465118,0.637500010430813,0.70312499627471,0.733333341777325,0.717013888061047,0.681250000993411,0.722453705966473,0.666666666666667,12,FALSE,FALSE,-0.0412037049730619,-0.0138888917863369,0.0412037049730619,0.0958333313465118,-0.0958333313465118,FALSE,FALSE,TRUE,TRUE,FALSE
13,92,"National Issues Convention 2","nic2.t1demo","13:9202","13:9202::nic2.t1demo","income","9202",0.578571421759469,0.579166674986482,0.668253962482725,0.627430569380522,0.578888890147209,0.64648148616155,0.533333333333333,15,FALSE,FALSE,-0.0675925960143408,-0.0482638943940401,0.0675925960143408,0.0896825407232557,-0.0896825407232557,0.578571421759469,0.579166674986482,0.668253962482725,0.627430569380522,0.578888890147209,0.64648148616155,0.533333333333333,15,FALSE,FALSE,-0.0675925960143408,-0.0482638943940401,0.0675925960143408,0.0896825407232557,-0.0896825407232557,FALSE,FALSE,TRUE,TRUE,FALSE
13,92,"National Issues Convention 2","nic2.t1demo","13:9203","13:9203::nic2.t1demo","income","9203",0.668611124157906,0.694722220301628,0.732291676104069,0.735069446265697,0.681666672229767,0.733680561184883,0.5,16,FALSE,FALSE,-0.0520138889551163,-0.0403472259640694,0.0520138889551163,0.0636805519461632,-0.0636805519461632,0.668611124157906,0.694722220301628,0.732291676104069,0.735069446265697,0.681666672229767,0.733680561184883,0.5,16,FALSE,FALSE,-0.0520138889551163,-0.0403472259640694,0.0520138889551163,0.0636805519461632,-0.0636805519461632,FALSE,FALSE,TRUE,TRUE,FALSE
13,92,"National Issues Convention 2","nic2.t1demo","13:9204","13:9204::nic2.t1demo","income","9204",0.676388874650002,0.752222234010696,0.647916663438082,0.715333318710327,0.705555551327192,0.673846146235099,0.384615384615385,13,FALSE,FALSE,0.0317094050920926,0.0368889153003693,-0.0317094050920926,-0.0284722112119198,0.0284722112119198,0.676388874650002,0.752222234010696,0.647916663438082,0.715333318710327,0.705555551327192,0.673846146235099,0.384615384615385,13,FALSE,FALSE,0.0317094050920926,0.0368889153003693,-0.0317094050920926,-0.0284722112119198,0.0284722112119198,TRUE,TRUE,FALSE,FALSE,TRUE
13,92,"National Issues Convention 2","nic2.t1demo","13:9205","13:9205::nic2.t1demo","income","9205",0.625000004967054,0.62222221493721,0.716666658719381,0.624603177819933,0.623504271874061,0.66709401515814,0.538461538461538,13,FALSE,FALSE,0.0435897432840787,0.00238096288272316,-0.0435897432840787,-0.091666653752327,0.091666653752327,0.625000004967054,0.62222221493721,0.716666658719381,0.624603177819933,0.623504271874061,0.66709401515814,0.538461538461538,13,FALSE,FALSE,0.0435897432840787,0.00238096288272316,-0.0435897432840787,-0.091666653752327,0.091666653752327,TRUE,TRUE,FALSE,FALSE,TRUE
13,92,"National Issues Convention 2","nic2.t1demo","13:9206","13:9206::nic2.t1demo","income","9206",0.62222221493721,0.65625,0.711111098527908,0.681597221642733,0.64490740497907,0.691435180604458,0.666666666666667,12,FALSE,FALSE,-0.0465277756253878,-0.0253472216427326,0.0465277756253878,0.0888888835906982,-0.0888888835906982,0.62222221493721,0.65625,0.711111098527908,0.681597221642733,0.64490740497907,0.691435180604458,0.666666666666667,12,FALSE,FALSE,-0.0465277756253878,-0.0253472216427326,0.0465277756253878,0.0888888835906982,-0.0888888835906982,FALSE,FALSE,TRUE,TRUE,FALSE
13,92,"National Issues Convention 2","nic2.t1demo","13:9207","13:9207::nic2.t1demo","income","9207",0.523333334922791,0.609090912071141,0.619444447755814,0.733585862950845,0.582291669212282,0.697916670702398,0.6875,16,FALSE,FALSE,-0.115625001490116,-0.124494950879704,0.115625001490116,0.0961111128330231,-0.0961111128330231,0.523333334922791,0.609090912071141,0.619444447755814,0.733585862950845,0.582291669212282,0.697916670702398,0.6875,16,FALSE,FALSE,-0.115625001490116,-0.124494950879704,0.115625001490116,0.0961111128330231,-0.0961111128330231,FALSE,FALSE,TRUE,TRUE,FALSE
13,92,"National Issues Convention 2","nic2.t1demo","13:9208","13:9208::nic2.t1demo","income","9208",0.637777784466743,0.638888895511627,0.773333323001862,0.703174603836877,0.638425932576259,0.732407403488954,0.583333333333333,12,FALSE,FALSE,-0.0939814709126949,-0.0642857083252498,0.0939814709126949,0.135555538535118,-0.135555538535118,0.637777784466743,0.638888895511627,0.773333323001862,0.703174603836877,0.638425932576259,0.732407403488954,0.583333333333333,12,FALSE,FALSE,-0.0939814709126949,-0.0642857083252498,0.0939814709126949,0.135555538535118,-0.135555538535118,FALSE,FALSE,TRUE,TRUE,FALSE
13,92,"National Issues Convention 2","nic2.t1demo","13:9209","13:9209::nic2.t1demo","income","9209",0.750000008514949,0.569999998807907,0.69206349338804,0.598888891935349,0.675000004470348,0.653240742782752,0.416666666666667,12,FALSE,FALSE,-0.0217592616875967,0.0288888931274415,0.0217592616875967,0.0579365151269096,-0.0579365151269096,0.750000008514949,0.569999998807907,0.69206349338804,0.598888891935349,0.675000004470348,0.653240742782752,0.416666666666667,12,FALSE,FALSE,-0.0217592616875967,0.0288888931274415,0.0217592616875967,0.0579365151269096,-0.0579365151269096,FALSE,TRUE,TRUE,TRUE,FALSE
13,92,"National Issues Convention 2","nic2.t1demo","13:9210","13:9210::nic2.t1demo","income","9210",0.683333331346512,0.559876537985272,0.732777786254883,0.577160485088825,0.6039682499,0.632738092648132,0.642857142857143,14,FALSE,FALSE,0.0287698427481311,0.0172839471035533,-0.0287698427481311,-0.0494444549083709,0.0494444549083709,0.683333331346512,0.559876537985272,0.732777786254883,0.577160485088825,0.6039682499,0.632738092648132,0.642857142857143,14,FALSE,FALSE,0.0287698427481311,0.0172839471035533,-0.0287698427481311,-0.0494444549083709,0.0494444549083709,TRUE,TRUE,FALSE,FALSE,TRUE
13,92,"National Issues Convention 2","nic2.t1demo","13:9211","13:9211::nic2.t1demo","income","9211",0.697222212950389,0.613888895511627,0.706481476624807,0.633333331346512,0.659343432296406,0.673232319680127,0.454545454545455,11,FALSE,FALSE,0.0138888873837211,0.0194444358348846,-0.0138888873837211,-0.0092592636744182,0.0092592636744182,0.697222212950389,0.613888895511627,0.706481476624807,0.633333331346512,0.659343432296406,0.673232319680127,0.454545454545455,11,FALSE,FALSE,0.0138888873837211,0.0194444358348846,-0.0138888873837211,-0.0092592636744182,0.0092592636744182,TRUE,TRUE,FALSE,FALSE,TRUE
13,92,"National Issues Convention 2","nic2.t1demo","13:9212","13:9212::nic2.t1demo","income","9212",0.739814812938372,0.653333336114883,0.754629621903102,0.699444448947906,0.700505050745877,0.729545452378013,0.454545454545455,11,FALSE,FALSE,0.0290404016321356,0.046111112833023,-0.0290404016321356,-0.0148148089647293,0.0148148089647293,0.739814812938372,0.653333336114883,0.754629621903102,0.699444448947906,0.700505050745877,0.729545452378013,0.454545454545455,11,FALSE,FALSE,0.0290404016321356,0.046111112833023,-0.0290404016321356,-0.0148148089647293,0.0148148089647293,TRUE,TRUE,FALSE,FALSE,TRUE
13,92,"National Issues Convention 2","nic2.t1demo","13:9213","13:9213::nic2.t1demo","income","9213",0.612962961196899,0.552525253458457,0.687037030855815,0.628535349260677,0.56547619083098,0.641071423888206,0.785714285714286,14,FALSE,FALSE,0.0755952330572265,0.0760100958022204,-0.0755952330572265,-0.0740740696589152,0.0740740696589152,0.612962961196899,0.552525253458457,0.687037030855815,0.628535349260677,0.56547619083098,0.641071423888206,0.785714285714286,14,FALSE,FALSE,0.0755952330572265,0.0760100958022204,-0.0755952330572265,-0.0740740696589152,0.0740740696589152,TRUE,TRUE,FALSE,FALSE,TRUE
13,92,"National Issues Convention 2","nic2.t1demo","13:9214","13:9214::nic2.t1demo","income","9214",0.697530873947673,0.589814816912015,0.76629630724589,0.765370359023412,0.65444445113341,0.765925927956899,0.4,15,FALSE,FALSE,0.111481476823489,0.175555542111397,-0.111481476823489,-0.0687654332982169,0.0687654332982169,0.697530873947673,0.589814816912015,0.76629630724589,0.765370359023412,0.65444445113341,0.765925927956899,0.4,15,FALSE,FALSE,0.111481476823489,0.175555542111397,-0.111481476823489,-0.0687654332982169,0.0687654332982169,TRUE,TRUE,FALSE,FALSE,TRUE
13,92,"National Issues Convention 2","nic2.t1demo","13:9215","13:9215::nic2.t1demo","income","9215",0.679722227156162,0.642592589060465,0.608680564910173,0.640740742286046,0.663809525115149,0.622420640928405,0.428571428571429,14,FALSE,FALSE,-0.0413888841867447,-0.00185184677441907,0.0413888841867447,0.0710416622459888,-0.0710416622459888,0.679722227156162,0.642592589060465,0.608680564910173,0.640740742286046,0.663809525115149,0.622420640928405,0.428571428571429,14,FALSE,FALSE,-0.0413888841867447,-0.00185184677441907,0.0413888841867447,0.0710416622459888,-0.0710416622459888,FALSE,FALSE,TRUE,TRUE,FALSE
13,92,"National Issues Convention 2","nic2.t1demo","13:9216","13:9216::nic2.t1demo","income","9216",0.663333332538605,0.694135804971059,0.685555571317673,0.657098766830232,0.683134921959468,0.667261911290033,0.642857142857143,14,FALSE,FALSE,0.0158730106694358,0.0370370381408268,-0.0158730106694358,0.022222238779068,-0.022222238779068,0.663333332538605,0.694135804971059,0.685555571317673,0.657098766830232,0.683134921959468,0.667261911290033,0.642857142857143,14,FALSE,FALSE,0.0158730106694358,0.0370370381408268,-0.0158730106694358,0.022222238779068,-0.022222238779068,TRUE,TRUE,FALSE,TRUE,FALSE
13,92,"National Issues Convention 2","nic2.t1demo","13:9217","13:9217::nic2.t1demo","income","9217",0.71611111164093,0.634523808956146,0.782222211360931,0.696031749248505,0.66851851840814,0.731944441795349,0.583333333333333,12,FALSE,FALSE,0.0634259233872095,0.0615079402923584,-0.0634259233872095,-0.0661110997200012,0.0661110997200012,0.71611111164093,0.634523808956146,0.782222211360931,0.696031749248505,0.66851851840814,0.731944441795349,0.583333333333333,12,FALSE,FALSE,0.0634259233872095,0.0615079402923584,-0.0634259233872095,-0.0661110997200012,0.0661110997200012,TRUE,TRUE,FALSE,FALSE,TRUE
13,92,"National Issues Convention 2","nic2.t1demo","13:9218","13:9218::nic2.t1demo","income","9218",0.61234567562739,0.745833322405815,0.76666667064031,0.610416673123837,0.65341879771306,0.718589748327549,0.307692307692308,13,FALSE,FALSE,-0.0651709506144891,0.135416649281979,0.0651709506144891,0.154320995012919,-0.154320995012919,0.61234567562739,0.745833322405815,0.76666667064031,0.610416673123837,0.65341879771306,0.718589748327549,0.307692307692308,13,FALSE,FALSE,-0.0651709506144891,0.135416649281979,0.0651709506144891,0.154320995012919,-0.154320995012919,FALSE,TRUE,TRUE,TRUE,FALSE
13,92,"National Issues Convention 2","nic2.t1demo","13:9219","13:9219::nic2.t1demo","income","9219",0.683333344757557,0.632539698055812,0.815555557608604,0.726984117712293,0.659629642963409,0.774222218990326,0.466666666666667,15,FALSE,FALSE,0.114592576026917,0.094444419656481,-0.114592576026917,-0.132222212851048,0.132222212851048,0.683333344757557,0.632539698055812,0.815555557608604,0.726984117712293,0.659629642963409,0.774222218990326,0.466666666666667,15,FALSE,FALSE,0.114592576026917,0.094444419656481,-0.114592576026917,-0.132222212851048,0.132222212851048,TRUE,TRUE,FALSE,FALSE,TRUE
13,92,"National Issues Convention 2","nic2.t1demo","13:9220","13:9220::nic2.t1demo","income","9220",0.752083342522383,0.476388881603877,0.84375,0.603240748246511,0.633928573557309,0.740674606391362,0.428571428571429,14,FALSE,FALSE,0.106746032834053,0.126851866642634,-0.106746032834053,-0.0916666574776173,0.0916666574776173,0.752083342522383,0.476388881603877,0.84375,0.603240748246511,0.633928573557309,0.740674606391362,0.428571428571429,14,FALSE,FALSE,0.106746032834053,0.126851866642634,-0.106746032834053,-0.0916666574776173,0.0916666574776173,TRUE,TRUE,FALSE,FALSE,TRUE
13,92,"National Issues Convention 2","nic2.t1demo","13:9221","13:9221::nic2.t1demo","income","9221",0.608148142695427,0.561904753957476,0.611574058731397,0.717063503605979,0.583247856451915,0.668376067510018,0.538461538461538,13,FALSE,FALSE,0.0851282110581031,0.155158749648503,-0.0851282110581031,-0.00342591603597009,0.00342591603597009,0.608148142695427,0.561904753957476,0.611574058731397,0.717063503605979,0.583247856451915,0.668376067510018,0.538461538461538,13,FALSE,FALSE,0.0851282110581031,0.155158749648503,-0.0851282110581031,-0.00342591603597009,0.00342591603597009,TRUE,TRUE,FALSE,FALSE,TRUE
13,92,"National Issues Convention 2","nic2.t1demo","13:9222","13:9222::nic2.t1demo","income","9222",0.447777792811394,0.59111111164093,0.545555555820465,0.73211110830307,0.519444452226162,0.638833332061768,0.5,10,FALSE,FALSE,-0.119388879835606,-0.14099999666214,0.119388879835606,0.0977777630090714,-0.0977777630090714,0.447777792811394,0.59111111164093,0.545555555820465,0.73211110830307,0.519444452226162,0.638833332061768,0.5,10,FALSE,FALSE,-0.119388879835606,-0.14099999666214,0.119388879835606,0.0977777630090714,-0.0977777630090714,FALSE,FALSE,TRUE,TRUE,FALSE
13,92,"National Issues Convention 2","nic2.t1demo","13:9223","13:9223::nic2.t1demo","income","9223",0.53981480995814,0.596527777612209,0.602685193220774,0.628298617899418,0.57222222004618,0.617321435894285,0.571428571428571,14,FALSE,FALSE,-0.0450992158481053,-0.0317708402872086,0.0450992158481053,0.0628703832626343,-0.0628703832626343,0.53981480995814,0.596527777612209,0.602685193220774,0.628298617899418,0.57222222004618,0.617321435894285,0.571428571428571,14,FALSE,FALSE,-0.0450992158481053,-0.0317708402872086,0.0450992158481053,0.0628703832626343,-0.0628703832626343,FALSE,FALSE,TRUE,TRUE,FALSE
13,92,"National Issues Convention 2","nic2.t1demo","13:9224","13:9224::nic2.t1demo","income","9224",0.703333348035812,0.67870369553566,0.775555562973022,0.614814812938372,0.689898992126638,0.68787879022685,0.545454545454545,11,FALSE,FALSE,-0.00202020189978858,-0.0638888825972875,0.00202020189978858,-0.07222221493721,0.07222221493721,0.703333348035812,0.67870369553566,0.775555562973022,0.614814812938372,0.689898992126638,0.68787879022685,0.545454545454545,11,FALSE,FALSE,-0.00202020189978858,-0.0638888825972875,0.00202020189978858,-0.07222221493721,0.07222221493721,FALSE,FALSE,TRUE,FALSE,TRUE
13,92,"National Issues Convention 2","nic2.t1forai1","13:9201","13:9201::nic2.t1forai1","income","9201",0.5,0.4375,1,0.75,0.458333333333333,0.833333333333333,0.666666666666667,12,FALSE,FALSE,0.375,0.3125,-0.375,-0.5,0.5,0.5,0.4375,1,0.75,0.458333333333333,0.833333333333333,0.666666666666667,12,FALSE,FALSE,0.375,0.3125,-0.375,-0.5,0.5,TRUE,TRUE,FALSE,FALSE,TRUE
13,92,"National Issues Convention 2","nic2.t1forai1","13:9202","13:9202::nic2.t1forai1","income","9202",0.571428571428571,0.642857142857143,0.642857142857143,0.8125,0.607142857142857,0.733333333333333,0.533333333333333,15,FALSE,FALSE,-0.126190476190476,-0.169642857142857,0.126190476190476,0.0714285714285715,-0.0714285714285715,0.571428571428571,0.642857142857143,0.642857142857143,0.857142857142857,0.607142857142857,0.75,0.5,14,FALSE,FALSE,-0.142857142857143,-0.214285714285714,0.142857142857143,0.0714285714285715,-0.0714285714285715,FALSE,FALSE,TRUE,TRUE,FALSE
13,92,"National Issues Convention 2","nic2.t1forai1","13:9203","13:9203::nic2.t1forai1","income","9203",0.357142857142857,0.625,0.875,0.75,0.5,0.8125,0.5,16,FALSE,FALSE,-0.3125,-0.125,0.3125,0.517857142857143,-0.517857142857143,0.357142857142857,0.625,0.857142857142857,0.75,0.5,0.8,0.533333333333333,15,FALSE,FALSE,-0.3,-0.125,0.3,0.5,-0.5,FALSE,FALSE,TRUE,TRUE,FALSE
13,92,"National Issues Convention 2","nic2.t1forai1","13:9204","13:9204::nic2.t1forai1","income","9204",0.3125,0.6,0.75,0.8,0.423076923076923,0.769230769230769,0.384615384615385,13,FALSE,FALSE,-0.346153846153846,-0.2,0.346153846153846,0.4375,-0.4375,0.3125,0.6,0.75,0.8,0.423076923076923,0.769230769230769,0.384615384615385,13,FALSE,FALSE,-0.346153846153846,-0.2,0.346153846153846,0.4375,-0.4375,FALSE,FALSE,TRUE,TRUE,FALSE
13,92,"National Issues Convention 2","nic2.t1forai1","13:9205","13:9205::nic2.t1forai1","income","9205",0.5,0.571428571428571,0.916666666666667,0.928571428571429,0.55,0.923076923076923,0.538461538461538,13,FALSE,FALSE,-0.373076923076923,-0.357142857142857,0.373076923076923,0.416666666666667,-0.416666666666667,0.5,0.571428571428571,0.833333333333333,0.928571428571429,0.55,0.9,0.7,10,FALSE,FALSE,-0.35,-0.357142857142857,0.35,0.333333333333333,-0.333333333333333,FALSE,FALSE,TRUE,TRUE,FALSE
13,92,"National Issues Convention 2","nic2.t1forai1","13:9206","13:9206::nic2.t1forai1","income","9206",0.125,0.428571428571429,0.625,0.75,0.318181818181818,0.708333333333333,0.666666666666667,12,FALSE,FALSE,-0.390151515151515,-0.321428571428571,0.390151515151515,0.5,-0.5,0.125,0.428571428571429,0.625,0.714285714285714,0.318181818181818,0.681818181818182,0.636363636363636,11,FALSE,FALSE,-0.363636363636364,-0.285714285714286,0.363636363636364,0.5,-0.5,FALSE,FALSE,TRUE,TRUE,FALSE
13,92,"National Issues Convention 2","nic2.t1forai1","13:9207","13:9207::nic2.t1forai1","income","9207",0.3,0.5,0.6,0.590909090909091,0.4375,0.59375,0.6875,16,FALSE,FALSE,-0.15625,-0.0909090909090909,0.15625,0.3,-0.3,0.3,0.5,0.6,0.590909090909091,0.4375,0.59375,0.6875,16,FALSE,FALSE,-0.15625,-0.0909090909090909,0.15625,0.3,-0.3,FALSE,FALSE,TRUE,TRUE,FALSE
13,92,"National Issues Convention 2","nic2.t1forai1","13:9208","13:9208::nic2.t1forai1","income","9208",0.3,0.571428571428571,0.5,0.928571428571429,0.458333333333333,0.75,0.583333333333333,12,FALSE,FALSE,-0.291666666666667,-0.357142857142857,0.291666666666667,0.2,-0.2,0.3,0.571428571428571,0.5,0.928571428571429,0.458333333333333,0.75,0.583333333333333,12,FALSE,FALSE,-0.291666666666667,-0.357142857142857,0.291666666666667,0.2,-0.2,FALSE,FALSE,TRUE,TRUE,FALSE
13,92,"National Issues Convention 2","nic2.t1forai1","13:9209","13:9209::nic2.t1forai1","income","9209",0.571428571428571,0.25,0.642857142857143,0.6,0.454545454545455,0.625,0.416666666666667,12,FALSE,FALSE,0.170454545454545,0.35,-0.170454545454545,-0.0714285714285715,0.0714285714285715,0.571428571428571,0.25,0.642857142857143,0.5,0.454545454545455,0.590909090909091,0.363636363636364,11,FALSE,FALSE,0.136363636363636,0.25,-0.136363636363636,-0.0714285714285715,0.0714285714285715,TRUE,TRUE,FALSE,FALSE,TRUE
13,92,"National Issues Convention 2","nic2.t1forai1","13:9210","13:9210::nic2.t1forai1","income","9210",0.5,0.388888888888889,0.8,0.722222222222222,0.423076923076923,0.75,0.642857142857143,14,FALSE,FALSE,0.326923076923077,0.333333333333333,-0.326923076923077,-0.3,0.3,0.5,0.388888888888889,0.75,0.722222222222222,0.423076923076923,0.730769230769231,0.692307692307692,13,FALSE,FALSE,0.307692307692308,0.333333333333333,-0.307692307692308,-0.25,0.25,TRUE,TRUE,FALSE,FALSE,TRUE
13,92,"National Issues Convention 2","nic2.t1forai1","13:9211","13:9211::nic2.t1forai1","income","9211",0.416666666666667,0.4,0.75,0.6,0.409090909090909,0.681818181818182,0.454545454545455,11,FALSE,FALSE,0.272727272727273,0.2,-0.272727272727273,-0.333333333333333,0.333333333333333,0.416666666666667,0.4,0.75,0.6,0.409090909090909,0.681818181818182,0.454545454545455,11,FALSE,FALSE,0.272727272727273,0.2,-0.272727272727273,-0.333333333333333,0.333333333333333,TRUE,TRUE,FALSE,FALSE,TRUE
13,92,"National Issues Convention 2","nic2.t1forai1","13:9212","13:9212::nic2.t1forai1","income","9212",0.5,0.25,0.916666666666667,0.6,0.4,0.772727272727273,0.454545454545455,11,FALSE,FALSE,0.372727272727273,0.35,-0.372727272727273,-0.416666666666667,0.416666666666667,0.5,0.25,0.916666666666667,0.5,0.4,0.75,0.4,10,FALSE,FALSE,0.35,0.25,-0.35,-0.416666666666667,0.416666666666667,TRUE,TRUE,FALSE,FALSE,TRUE
13,92,"National Issues Convention 2","nic2.t1forai1","13:9213","13:9213::nic2.t1forai1","income","9213",0.5,0.454545454545455,0.833333333333333,0.5,0.464285714285714,0.571428571428571,0.785714285714286,14,FALSE,FALSE,0.107142857142857,0.0454545454545455,-0.107142857142857,-0.333333333333333,0.333333333333333,0.5,0.454545454545455,0.833333333333333,0.5,0.464285714285714,0.571428571428571,0.785714285714286,14,FALSE,FALSE,0.107142857142857,0.0454545454545455,-0.107142857142857,-0.333333333333333,0.333333333333333,TRUE,TRUE,FALSE,FALSE,TRUE
13,92,"National Issues Convention 2","nic2.t1forai1","13:9214","13:9214::nic2.t1forai1","income","9214",0.625,0.4,0.8125,0.833333333333333,0.538461538461538,0.821428571428571,0.4,15,FALSE,FALSE,0.282967032967033,0.433333333333333,-0.282967032967033,-0.1875,0.1875,0.642857142857143,0.4,0.785714285714286,0.9,0.541666666666667,0.833333333333333,0.416666666666667,12,FALSE,FALSE,0.291666666666667,0.5,-0.291666666666667,-0.142857142857143,0.142857142857143,TRUE,TRUE,FALSE,FALSE,TRUE
13,92,"National Issues Convention 2","nic2.t1forai1","13:9215","13:9215::nic2.t1forai1","income","9215",0.428571428571429,0.6,0.8125,0.666666666666667,0.5,0.75,0.428571428571429,14,FALSE,FALSE,-0.25,-0.0666666666666667,0.25,0.383928571428571,-0.383928571428571,0.428571428571429,0.6,0.785714285714286,0.8,0.5,0.791666666666667,0.416666666666667,12,FALSE,FALSE,-0.291666666666667,-0.2,0.291666666666667,0.357142857142857,-0.357142857142857,FALSE,FALSE,TRUE,TRUE,FALSE
13,92,"National Issues Convention 2","nic2.t1forai1","13:9216","13:9216::nic2.t1forai1","income","9216",0.6,0.555555555555556,0.8,0.888888888888889,0.571428571428571,0.857142857142857,0.642857142857143,14,FALSE,FALSE,0.285714285714286,0.333333333333333,-0.285714285714286,-0.2,0.2,0.6,0.555555555555556,0.8,0.888888888888889,0.571428571428571,0.857142857142857,0.642857142857143,14,FALSE,FALSE,0.285714285714286,0.333333333333333,-0.285714285714286,-0.2,0.2,TRUE,TRUE,FALSE,FALSE,TRUE
13,92,"National Issues Convention 2","nic2.t1forai1","13:9217","13:9217::nic2.t1forai1","income","9217",0.8,0.5,0.8,0.785714285714286,0.636363636363636,0.791666666666667,0.583333333333333,12,FALSE,FALSE,0.15530303030303,0.285714285714286,-0.15530303030303,0,0,0.8,0.5,0.8,0.75,0.636363636363636,0.772727272727273,0.545454545454545,11,FALSE,FALSE,0.136363636363636,0.25,-0.136363636363636,0,0,TRUE,TRUE,FALSE,FALSE,FALSE
13,92,"National Issues Convention 2","nic2.t1forai1","13:9218","13:9218::nic2.t1forai1","income","9218",0.666666666666667,0.75,0.777777777777778,0.5,0.7,0.692307692307692,0.307692307692308,13,FALSE,FALSE,0.00769230769230766,0.25,-0.00769230769230766,0.111111111111111,-0.111111111111111,0.666666666666667,0.75,0.666666666666667,0.5,0.7,0.6,0.4,10,FALSE,FALSE,0.1,0.25,-0.1,0,0,TRUE,TRUE,FALSE,TRUE,FALSE
13,92,"National Issues Convention 2","nic2.t1forai1","13:9219","13:9219::nic2.t1forai1","income","9219",0.5,0.583333333333333,0.75,0.642857142857143,0.538461538461538,0.7,0.466666666666667,15,FALSE,FALSE,-0.161538461538462,-0.0595238095238095,0.161538461538462,0.25,-0.25,0.5,0.583333333333333,0.714285714285714,0.583333333333333,0.538461538461538,0.653846153846154,0.461538461538462,13,FALSE,FALSE,-0.115384615384615,0,0.115384615384615,0.214285714285714,-0.214285714285714,FALSE,FALSE,TRUE,TRUE,FALSE
13,92,"National Issues Convention 2","nic2.t1forai1","13:9220","13:9220::nic2.t1forai1","income","9220",0.642857142857143,0.416666666666667,0.9375,0.5,0.538461538461538,0.75,0.428571428571429,14,FALSE,FALSE,0.211538461538462,0.0833333333333334,-0.211538461538462,-0.294642857142857,0.294642857142857,0.642857142857143,0.416666666666667,0.928571428571429,0.5,0.538461538461538,0.730769230769231,0.461538461538462,13,FALSE,FALSE,0.192307692307692,0.0833333333333334,-0.192307692307692,-0.285714285714286,0.285714285714286,TRUE,TRUE,FALSE,FALSE,TRUE
13,92,"National Issues Convention 2","nic2.t1forai1","13:9221","13:9221::nic2.t1forai1","income","9221",0.333333333333333,0.5,0.583333333333333,0.642857142857143,0.416666666666667,0.615384615384615,0.538461538461538,13,FALSE,FALSE,-0.198717948717949,-0.142857142857143,0.198717948717949,0.25,-0.25,0.333333333333333,0.5,0.583333333333333,0.583333333333333,0.416666666666667,0.583333333333333,0.5,12,FALSE,FALSE,-0.166666666666667,-0.0833333333333334,0.166666666666667,0.25,-0.25,FALSE,FALSE,TRUE,TRUE,FALSE
13,92,"National Issues Convention 2","nic2.t1forai1","13:9222","13:9222::nic2.t1forai1","income","9222",0.3,0.5,0.6,0.6,0.4,0.6,0.5,10,FALSE,FALSE,-0.2,-0.1,0.2,0.3,-0.3,0.3,0.5,0.6,0.6,0.4,0.6,0.5,10,FALSE,FALSE,-0.2,-0.1,0.2,0.3,-0.3,FALSE,FALSE,TRUE,TRUE,FALSE
13,92,"National Issues Convention 2","nic2.t1forai1","13:9223","13:9223::nic2.t1forai1","income","9223",0.4,0.3125,0.8,0.5625,0.346153846153846,0.653846153846154,0.571428571428571,14,FALSE,FALSE,0.307692307692308,0.25,-0.307692307692308,-0.4,0.4,0.5,0.3125,0.875,0.5625,0.375,0.666666666666667,0.666666666666667,12,FALSE,FALSE,0.291666666666667,0.25,-0.291666666666667,-0.375,0.375,TRUE,TRUE,FALSE,FALSE,TRUE
13,92,"National Issues Convention 2","nic2.t1forai1","13:9224","13:9224::nic2.t1forai1","income","9224",0.5,0.3,0.8,0.5,0.4,0.636363636363636,0.545454545454545,11,FALSE,FALSE,0.236363636363636,0.2,-0.236363636363636,-0.3,0.3,0.5,0.3,0.8,0.6,0.4,0.7,0.5,10,FALSE,FALSE,0.3,0.3,-0.3,-0.3,0.3,TRUE,TRUE,FALSE,FALSE,TRUE
13,92,"National Issues Convention 2","nic2.t1trade_b","13:9201","13:9201::nic2.t1trade_b","income","9201",0.5,0.4,0.5,0.5,0.4375,0.5,0.666666666666667,12,FALSE,FALSE,0.0625,0.1,-0.0625,0,0,0.5,0.4,0.5,0.6,0.4375,0.5625,0.625,8,FALSE,FALSE,0.125,0.2,-0.125,0,0,TRUE,TRUE,FALSE,FALSE,FALSE
13,92,"National Issues Convention 2","nic2.t1trade_b","13:9202","13:9202::nic2.t1trade_b","income","9202",0.714285714285714,0.5,0.642857142857143,0.5625,0.607142857142857,0.6,0.533333333333333,15,FALSE,FALSE,-0.00714285714285712,0.0625,0.00714285714285712,0.0714285714285714,-0.0714285714285714,0.714285714285714,0.5,0.642857142857143,0.571428571428571,0.607142857142857,0.607142857142857,0.5,14,FALSE,TRUE,0,0.0714285714285714,0,0.0714285714285714,-0.0714285714285714,FALSE,TRUE,TRUE,TRUE,FALSE
13,92,"National Issues Convention 2","nic2.t1trade_b","13:9203","13:9203::nic2.t1trade_b","income","9203",0.625,0.642857142857143,0.875,0.625,0.633333333333333,0.75,0.5,16,FALSE,FALSE,-0.116666666666667,0.0178571428571429,0.116666666666667,0.25,-0.25,0.625,0.642857142857143,0.875,0.714285714285714,0.633333333333333,0.8,0.466666666666667,15,FALSE,FALSE,-0.166666666666667,-0.0714285714285714,0.166666666666667,0.25,-0.25,FALSE,TRUE,TRUE,TRUE,FALSE
13,92,"National Issues Convention 2","nic2.t1trade_b","13:9204","13:9204::nic2.t1trade_b","income","9204",0.625,0.6,0.625,0.3,0.615384615384615,0.5,0.384615384615385,13,FALSE,FALSE,-0.115384615384615,-0.3,0.115384615384615,0,0,0.625,0.6,0.625,0.3,0.615384615384615,0.5,0.384615384615385,13,FALSE,FALSE,-0.115384615384615,-0.3,0.115384615384615,0,0,FALSE,FALSE,TRUE,FALSE,FALSE
13,92,"National Issues Convention 2","nic2.t1trade_b","13:9205","13:9205::nic2.t1trade_b","income","9205",0.875,0.4,0.75,0.642857142857143,0.611111111111111,0.692307692307692,0.538461538461538,13,FALSE,FALSE,0.0811965811965811,0.242857142857143,-0.0811965811965811,0.125,-0.125,0.875,0.4,0.875,0.6,0.611111111111111,0.722222222222222,0.555555555555556,9,FALSE,FALSE,0.111111111111111,0.2,-0.111111111111111,0,0,TRUE,TRUE,FALSE,TRUE,FALSE
13,92,"National Issues Convention 2","nic2.t1trade_b","13:9206","13:9206::nic2.t1trade_b","income","9206",0.75,0.714285714285714,0.5,0.5625,0.727272727272727,0.541666666666667,0.666666666666667,12,FALSE,FALSE,-0.185606060606061,-0.151785714285714,0.185606060606061,0.25,-0.25,0.75,0.714285714285714,0.5,0.571428571428571,0.727272727272727,0.545454545454545,0.636363636363636,11,FALSE,FALSE,-0.181818181818182,-0.142857142857143,0.181818181818182,0.25,-0.25,FALSE,FALSE,TRUE,TRUE,FALSE
13,92,"National Issues Convention 2","nic2.t1trade_b","13:9207","13:9207::nic2.t1trade_b","income","9207",0.7,0.714285714285714,0.7,0.454545454545455,0.708333333333333,0.53125,0.6875,16,FALSE,FALSE,0.177083333333333,0.25974025974026,-0.177083333333333,0,0,0.7,0.714285714285714,0.7,0.357142857142857,0.708333333333333,0.5,0.583333333333333,12,FALSE,FALSE,0.208333333333333,0.357142857142857,-0.208333333333333,0,0,TRUE,TRUE,FALSE,FALSE,FALSE
13,92,"National Issues Convention 2","nic2.t1trade_b","13:9208","13:9208::nic2.t1trade_b","income","9208",0.833333333333333,0.583333333333333,0.8,0.75,0.666666666666667,0.772727272727273,0.583333333333333,12,FALSE,FALSE,0.106060606060606,0.166666666666667,-0.106060606060606,0.0333333333333333,-0.0333333333333333,0.833333333333333,0.5,0.833333333333333,0.7,0.625,0.75,0.625,8,FALSE,FALSE,0.125,0.2,-0.125,0,0,TRUE,TRUE,FALSE,TRUE,FALSE
13,92,"National Issues Convention 2","nic2.t1trade_b","13:9209","13:9209::nic2.t1trade_b","income","9209",0.666666666666667,0.625,0.583333333333333,0.5,0.65,0.545454545454545,0.416666666666667,12,FALSE,FALSE,-0.104545454545455,-0.125,0.104545454545455,0.0833333333333333,-0.0833333333333333,0.666666666666667,0.625,0.583333333333333,0.5,0.65,0.55,0.4,10,FALSE,FALSE,-0.1,-0.125,0.1,0.0833333333333333,-0.0833333333333333,FALSE,FALSE,TRUE,TRUE,FALSE
13,92,"National Issues Convention 2","nic2.t1trade_b","13:9210","13:9210::nic2.t1trade_b","income","9210",0.875,0.777777777777778,0.5,0.444444444444444,0.807692307692308,0.464285714285714,0.642857142857143,14,FALSE,FALSE,-0.343406593406593,-0.333333333333333,0.343406593406593,0.375,-0.375,0.875,0.777777777777778,0.375,0.444444444444444,0.807692307692308,0.423076923076923,0.692307692307692,13,FALSE,FALSE,-0.384615384615385,-0.333333333333333,0.384615384615385,0.5,-0.5,FALSE,FALSE,TRUE,TRUE,FALSE
13,92,"National Issues Convention 2","nic2.t1trade_b","13:9211","13:9211::nic2.t1trade_b","income","9211",0.75,0.4,0.5,0.5,0.555555555555556,0.5,0.454545454545455,11,FALSE,FALSE,-0.0555555555555556,0.1,0.0555555555555556,0.25,-0.25,0.75,0.4,0.5,0.5,0.555555555555556,0.5,0.555555555555556,9,FALSE,FALSE,-0.0555555555555556,0.1,0.0555555555555556,0.25,-0.25,FALSE,TRUE,TRUE,TRUE,FALSE
13,92,"National Issues Convention 2","nic2.t1trade_b","13:9212","13:9212::nic2.t1trade_b","income","9212",0.7,0.75,0.416666666666667,0.5,0.722222222222222,0.454545454545455,0.454545454545455,11,FALSE,FALSE,0.267676767676768,0.25,-0.267676767676768,-0.283333333333333,0.283333333333333,0.7,0.75,0.5,0.5,0.722222222222222,0.5,0.444444444444444,9,FALSE,FALSE,0.222222222222222,0.25,-0.222222222222222,-0.2,0.2,TRUE,TRUE,FALSE,FALSE,TRUE
13,92,"National Issues Convention 2","nic2.t1trade_b","13:9213","13:9213::nic2.t1trade_b","income","9213",0.75,0.666666666666667,0.666666666666667,0.55,0.681818181818182,0.576923076923077,0.785714285714286,14,FALSE,FALSE,-0.104895104895105,-0.116666666666667,0.104895104895105,0.0833333333333334,-0.0833333333333334,0.75,0.666666666666667,0.5,0.555555555555556,0.681818181818182,0.545454545454545,0.818181818181818,11,FALSE,FALSE,-0.136363636363636,-0.111111111111111,0.136363636363636,0.25,-0.25,FALSE,FALSE,TRUE,TRUE,FALSE
13,92,"National Issues Convention 2","nic2.t1trade_b","13:9214","13:9214::nic2.t1trade_b","income","9214",0.571428571428571,0.7,0.428571428571429,0.333333333333333,0.625,0.384615384615385,0.4,15,FALSE,FALSE,0.240384615384615,0.366666666666667,-0.240384615384615,-0.142857142857143,0.142857142857143,0.5,0.7,0.416666666666667,0.4,0.590909090909091,0.409090909090909,0.454545454545455,11,FALSE,FALSE,0.181818181818182,0.3,-0.181818181818182,-0.0833333333333334,0.0833333333333334,TRUE,TRUE,FALSE,FALSE,TRUE
13,92,"National Issues Convention 2","nic2.t1trade_b","13:9215","13:9215::nic2.t1trade_b","income","9215",0.833333333333333,0.4,0.6875,0.5,0.636363636363636,0.615384615384615,0.428571428571429,14,FALSE,FALSE,-0.020979020979021,0.1,0.020979020979021,0.145833333333333,-0.145833333333333,0.833333333333333,0.4,0.833333333333333,0.5,0.636363636363636,0.681818181818182,0.454545454545455,11,FALSE,FALSE,0.0454545454545454,0.1,-0.0454545454545454,0,0,FALSE,TRUE,TRUE,TRUE,FALSE
13,92,"National Issues Convention 2","nic2.t1trade_b","13:9216","13:9216::nic2.t1trade_b","income","9216",0.125,0.5,0.5,0.571428571428571,0.363636363636364,0.541666666666667,0.642857142857143,14,FALSE,FALSE,-0.178030303030303,-0.0714285714285714,0.178030303030303,0.375,-0.375,0.125,0.416666666666667,0.625,0.5,0.3,0.55,0.6,10,FALSE,FALSE,-0.25,-0.0833333333333334,0.25,0.5,-0.5,FALSE,FALSE,TRUE,TRUE,FALSE
13,92,"National Issues Convention 2","nic2.t1trade_b","13:9217","13:9217::nic2.t1trade_b","income","9217",0.75,0.416666666666667,0.7,0.785714285714286,0.55,0.75,0.583333333333333,12,FALSE,FALSE,0.2,0.369047619047619,-0.2,0.05,-0.05,0.75,0.416666666666667,0.625,0.916666666666667,0.55,0.8,0.6,10,FALSE,FALSE,0.25,0.5,-0.25,0.125,-0.125,TRUE,TRUE,FALSE,TRUE,FALSE
13,92,"National Issues Convention 2","nic2.t1trade_b","13:9218","13:9218::nic2.t1trade_b","income","9218",0.8125,0.333333333333333,0.833333333333333,0.375,0.681818181818182,0.692307692307692,0.307692307692308,13,FALSE,FALSE,0.0104895104895105,0.0416666666666667,-0.0104895104895105,-0.0208333333333334,0.0208333333333334,0.8125,0.333333333333333,0.8125,0.166666666666667,0.681818181818182,0.636363636363636,0.272727272727273,11,FALSE,FALSE,-0.0454545454545454,-0.166666666666667,0.0454545454545454,0,0,TRUE,TRUE,FALSE,FALSE,TRUE
13,92,"National Issues Convention 2","nic2.t1trade_b","13:9219","13:9219::nic2.t1trade_b","income","9219",0.8125,0.875,0.5625,0.642857142857143,0.833333333333333,0.6,0.466666666666667,15,FALSE,FALSE,0.233333333333333,0.232142857142857,-0.233333333333333,-0.25,0.25,0.8125,0.875,0.5625,0.625,0.833333333333333,0.583333333333333,0.333333333333333,12,FALSE,FALSE,0.25,0.25,-0.25,-0.25,0.25,TRUE,TRUE,FALSE,FALSE,TRUE
13,92,"National Issues Convention 2","nic2.t1trade_b","13:9220","13:9220::nic2.t1trade_b","income","9220",0.5,0.833333333333333,0.875,0.666666666666667,0.666666666666667,0.785714285714286,0.428571428571429,14,FALSE,FALSE,-0.119047619047619,0.166666666666667,0.119047619047619,0.375,-0.375,0.5,0.833333333333333,0.916666666666667,0.666666666666667,0.666666666666667,0.791666666666667,0.5,12,FALSE,FALSE,-0.125,0.166666666666667,0.125,0.416666666666667,-0.416666666666667,FALSE,TRUE,TRUE,TRUE,FALSE
13,92,"National Issues Convention 2","nic2.t1trade_b","13:9221","13:9221::nic2.t1trade_b","income","9221",0.5,0.8,0.416666666666667,0.571428571428571,0.666666666666667,0.5,0.538461538461538,13,FALSE,FALSE,0.166666666666667,0.228571428571429,-0.166666666666667,-0.0833333333333334,0.0833333333333334,0.5,0.8,0.5,0.6,0.666666666666667,0.555555555555556,0.555555555555556,9,FALSE,FALSE,0.111111111111111,0.2,-0.111111111111111,0,0,TRUE,TRUE,FALSE,FALSE,TRUE
13,92,"National Issues Convention 2","nic2.t1trade_b","13:9222","13:9222::nic2.t1trade_b","income","9222",0.4,0.5,0.4,0.8,0.444444444444444,0.6,0.5,10,FALSE,FALSE,-0.155555555555556,-0.3,0.155555555555556,0,0,0.4,0.5,0.4,0.75,0.444444444444444,0.555555555555556,0.444444444444444,9,FALSE,FALSE,-0.111111111111111,-0.25,0.111111111111111,0,0,FALSE,FALSE,TRUE,FALSE,FALSE
13,92,"National Issues Convention 2","nic2.t1trade_b","13:9223","13:9223::nic2.t1trade_b","income","9223",0.333333333333333,0.5,0.7,0.4375,0.45,0.538461538461538,0.571428571428571,14,FALSE,FALSE,-0.0884615384615384,0.0625,0.0884615384615384,0.366666666666667,-0.366666666666667,0.333333333333333,0.5,0.666666666666667,0.357142857142857,0.45,0.45,0.7,10,FALSE,TRUE,0,0.142857142857143,0,0.333333333333333,-0.333333333333333,FALSE,TRUE,TRUE,TRUE,FALSE
13,92,"National Issues Convention 2","nic2.t1trade_b","13:9224","13:9224::nic2.t1trade_b","income","9224",0.2,0.375,0.5,0.25,0.277777777777778,0.363636363636364,0.545454545454545,11,FALSE,FALSE,-0.0858585858585859,0.125,0.0858585858585859,0.3,-0.3,0.2,0.375,0.5,0.25,0.277777777777778,0.388888888888889,0.444444444444444,9,FALSE,FALSE,-0.111111111111111,0.125,0.111111111111111,0.3,-0.3,FALSE,TRUE,TRUE,TRUE,FALSE
15,94,"By The People 2004 US General Election","btp04.w4b42","15:9401","15:9401::btp04.w4b42","income","9401",0.683332994580269,0.481481115023295,0.666667002439499,0.483334004878998,0.587718946369071,0.575000503659248,0.5,20,FALSE,FALSE,-0.0127184427098224,0.00185288985570276,0.0127184427098224,0.0166659921407699,-0.0166659921407699,0.683332994580269,0.481481115023295,0.666667002439499,0.481482227643331,0.587718946369071,0.578947898588682,0.473684210526316,19,FALSE,FALSE,-0.00877104778038829,1.1126200358258e-06,0.00877104778038829,0.0166659921407699,-0.0166659921407699,FALSE,TRUE,TRUE,TRUE,FALSE
15,94,"By The People 2004 US General Election","btp04.w4b42","15:9402","15:9402::btp04.w4b42","income","9402",0.458334170281887,0.515150910074061,0.43055750677983,0.545454542745243,0.485507393660753,0.485508263111115,0.5,24,FALSE,FALSE,-8.69450361817847e-07,-0.0303036326711827,8.69450361817847e-07,-0.0277766635020574,0.0277766635020574,0.458334170281887,0.516666001081467,0.43055750677983,0.549999997019768,0.48484863882715,0.484849547797983,0.454545454545455,22,FALSE,FALSE,-9.08970832824707e-07,-0.0333339959383011,9.08970832824707e-07,-0.0277766635020574,0.0277766635020574,FALSE,FALSE,TRUE,FALSE,TRUE
15,94,"By The People 2004 US General Election","btp04.w4b42","15:9403","15:9403::btp04.w4b42","income","9403",0.650001010298729,0.530303638089787,0.712121825326573,0.606060000983151,0.587302386760712,0.659090913154862,0.5,22,FALSE,FALSE,0.0717885263941505,0.0757563628933646,-0.0717885263941505,-0.0621208150278438,0.0621208150278438,0.650001010298729,0.530303638089787,0.68333400785923,0.606060000983151,0.587302386760712,0.642857147114617,0.523809523809524,21,FALSE,FALSE,0.0555547603539058,0.0757563628933646,-0.0555547603539058,-0.0333329975605011,0.0333329975605011,TRUE,TRUE,FALSE,FALSE,TRUE
15,94,"By The People 2004 US General Election","btp04.w4b42","15:9404","15:9404::btp04.w4b42","income","9404",0.388890004820294,0.690475706543241,0.518517775668038,0.642857147114617,0.520833749324083,0.572916250675917,0.4375,16,FALSE,FALSE,-0.0520825013518333,0.0476185594286237,0.0520825013518333,0.129627770847744,-0.129627770847744,0.388890004820294,0.690475706543241,0.518517775668038,0.642857147114617,0.520833749324083,0.572916250675917,0.4375,16,FALSE,FALSE,-0.0520825013518333,0.0476185594286237,0.0520825013518333,0.129627770847744,-0.129627770847744,FALSE,TRUE,TRUE,TRUE,FALSE
15,94,"By The People 2004 US General Election","btp04.w4b42","15:9405","15:9405::btp04.w4b42","income","9405",0.555555562178294,0.654761427215168,0.499998887379964,0.726189994386264,0.615941740896391,0.637680430775103,0.608695652173913,23,FALSE,FALSE,-0.0217386898787125,-0.0714285671710968,0.0217386898787125,-0.0555566747983297,0.0555566747983297,0.555555562178294,0.654761427215168,0.499998887379964,0.726189994386264,0.615941740896391,0.637680430775103,0.608695652173913,23,FALSE,FALSE,-0.0217386898787125,-0.0714285671710968,0.0217386898787125,-0.0555566747983297,0.0555566747983297,FALSE,FALSE,TRUE,FALSE,TRUE
15,94,"By The People 2004 US General Election","btp04.w4b42","15:9406","15:9406::btp04.w4b42","income","9406",0.472221670051416,0.520833756774664,0.375000007450581,0.629630002710554,0.491666504740715,0.484127148276284,0.454545454545455,22,FALSE,FALSE,0.00753935646443143,-0.10879624593589,-0.00753935646443143,-0.0972216626008351,0.0972216626008351,0.472221670051416,0.520833756774664,0.375000007450581,0.645833753049374,0.491666504740715,0.483333505690098,0.4,20,FALSE,FALSE,0.00833299905061724,-0.12499999627471,-0.00833299905061724,-0.0972216626008351,0.0972216626008351,TRUE,FALSE,FALSE,FALSE,TRUE
15,94,"By The People 2004 US General Election","btp04.w4b42","15:9407","15:9407::btp04.w4b42","income","9407",0.388890008131663,0.638889166216056,0.433333998918533,0.653846928706536,0.531746669894173,0.557971741842187,0.565217391304348,23,FALSE,FALSE,-0.0262250719480139,-0.0149577624904804,0.0262250719480139,0.0444439907868703,-0.0444439907868703,0.388890008131663,0.638889166216056,0.388890001508925,0.694445006549358,0.531746669894173,0.56349286153203,0.571428571428571,21,FALSE,FALSE,-0.0317461916378565,-0.0555558403333029,0.0317461916378565,-6.62273830220883e-09,6.62273830220883e-09,FALSE,FALSE,TRUE,TRUE,FALSE
15,94,"By The People 2004 US General Election","btp04.w4b42","15:9408","15:9408::btp04.w4b42","income","9408",0.166665002703667,0.888890008131663,0.25,0.555553327004115,0.600000005960464,0.433331996202469,0.6,5,FALSE,FALSE,0.166668009757996,0.333336681127548,-0.166668009757996,0.0833349972963333,-0.0833349972963333,0.166665002703667,0.888890008131663,0.25,0.555553327004115,0.600000005960464,0.433331996202469,0.6,5,FALSE,FALSE,0.166668009757996,0.333336681127548,-0.166668009757996,0.0833349972963333,-0.0833349972963333,TRUE,TRUE,FALSE,TRUE,FALSE
15,94,"By The People 2004 US General Election","btp04.w4b42","15:9409","15:9409::btp04.w4b42","income","9409",0.333333741873503,0.500001673897107,0.24999999627471,0.555556669831276,0.404762855597905,0.380952856370381,0.466666666666667,15,FALSE,FALSE,0.0238099992275238,-0.0555549959341685,-0.0238099992275238,-0.083333745598793,0.083333745598793,0.333333741873503,0.500002008676529,0.24999999627471,0.566668003797531,0.397436921413128,0.371795383783487,0.384615384615385,13,FALSE,FALSE,0.025641537629641,-0.0666659951210022,-0.025641537629641,-0.083333745598793,0.083333745598793,TRUE,FALSE,FALSE,FALSE,TRUE
15,94,"By The People 2004 US General Election","btp04.w4b42","15:9410","15:9410::btp04.w4b42","income","9410",0.729164987802505,0.566665989160538,0.708333753049374,0.566665995121002,0.66666537294021,0.653846153846154,0.428571428571429,14,FALSE,FALSE,-0.0128192190940564,5.9604645663569e-09,0.0128192190940564,0.0208312347531319,-0.0208312347531319,0.729164987802505,0.566665989160538,0.708333753049374,0.566665995121002,0.66666537294021,0.653846153846154,0.384615384615385,13,FALSE,FALSE,-0.0128192190940564,5.9604645663569e-09,0.0128192190940564,0.0208312347531319,-0.0208312347531319,FALSE,TRUE,TRUE,TRUE,FALSE
15,94,"By The People 2004 US General Election","btp04.w4b42","15:9411","15:9411::btp04.w4b42","income","9411",0.444445004065831,0.621211815964092,0.472221662600835,0.606060003692454,0.558823529411765,0.558822942130706,0.647058823529412,17,FALSE,FALSE,5.87281058783695e-07,0.0151518122716383,-5.87281058783695e-07,0.0277766585350037,-0.0277766585350037,0.444445004065831,0.621211815964092,0.472221662600835,0.606060003692454,0.558823529411765,0.558822942130706,0.647058823529412,17,FALSE,FALSE,5.87281058783695e-07,0.0151518122716383,-5.87281058783695e-07,0.0277766585350037,-0.0277766585350037,TRUE,TRUE,FALSE,TRUE,FALSE
15,94,"By The People 2004 US General Election","btp04.w4b42","15:9412","15:9412::btp04.w4b42","income","9412",0.166666666666667,0.433331996202469,0.208332501351833,0.458332493901253,0.333332497626543,0.333332497626543,0.555555555555556,9,FALSE,TRUE,0,-0.0250004976987839,0,0.0416658346851667,-0.0416658346851667,0.166666666666667,0.458332493901253,0.166666666666667,0.458332493901253,0.333332853657859,0.333332853657859,0.571428571428571,7,FALSE,TRUE,0,0,0,0,0,FALSE,FALSE,FALSE,TRUE,FALSE
15,94,"By The People 2004 US General Election","btp04.w4b42","15:9413","15:9413::btp04.w4b42","income","9413",0.333333343267441,0.5,0.44444332520167,0.625002518296242,0.41666667163372,0.547620006969997,0.571428571428571,7,FALSE,FALSE,-0.130953335336277,-0.125002518296242,0.130953335336277,0.11110998193423,-0.11110998193423,0.333333343267441,0.5,0.44444332520167,0.666670024394989,0.41666667163372,0.55555667479833,0.5,6,FALSE,FALSE,-0.138890003164609,-0.166670024394989,0.138890003164609,0.11110998193423,-0.11110998193423,FALSE,FALSE,TRUE,TRUE,FALSE
15,94,"By The People 2004 US General Election","btp04.w4b42","15:9414","15:9414::btp04.w4b42","income","9414",0.523811433996473,0.611111670732498,0.404761429343905,0.472223336497943,0.564103850951562,0.43589769418423,0.5,14,FALSE,FALSE,0.128206156767332,0.138888334234556,-0.128206156767332,-0.119050004652568,0.119050004652568,0.523811433996473,0.611111670732498,0.404761429343905,0.472223336497943,0.564103850951562,0.43589769418423,0.461538461538462,13,FALSE,FALSE,0.128206156767332,0.138888334234556,-0.128206156767332,-0.119050004652568,0.119050004652568,TRUE,TRUE,FALSE,FALSE,TRUE
15,94,"By The People 2004 US General Election","btp04.w4b42","15:9415","15:9415::btp04.w4b42","income","9415",0.533331990242004,0.527778332432111,0.600000005960464,0.583333333333333,0.530302722345699,0.590909093618393,0.545454545454545,11,FALSE,FALSE,0.060606371272694,0.0555550009012222,-0.060606371272694,-0.06666801571846,0.06666801571846,0.533331990242004,0.527778332432111,0.600000005960464,0.583333333333333,0.530302722345699,0.590909093618393,0.545454545454545,11,FALSE,FALSE,0.060606371272694,0.0555550009012222,-0.060606371272694,-0.06666801571846,0.06666801571846,TRUE,TRUE,FALSE,FALSE,TRUE
15,94,"By The People 2004 US General Election","btp04.w4b45","15:9401","15:9401::btp04.w4b45","income","9401",0.783334004878998,0.616667002439499,0.816665995121002,0.600001001358032,0.700000503659248,0.708333498239517,0.5,20,FALSE,FALSE,0.00833299458026882,-0.0166660010814667,-0.00833299458026882,-0.0333319902420044,0.0333319902420044,0.783334004878998,0.616667002439499,0.816665995121002,0.600001001358032,0.700000503659248,0.708333498239517,0.5,20,FALSE,FALSE,0.00833299458026882,-0.0166660010814667,-0.00833299458026882,-0.0333319902420044,0.0333319902420044,TRUE,FALSE,FALSE,FALSE,TRUE
15,94,"By The People 2004 US General Election","btp04.w4b45","15:9402","15:9402::btp04.w4b45","income","9402",0.530303640799089,0.566665998101234,0.486110831300418,0.597222499549389,0.547619049038206,0.541666665424903,0.5,24,FALSE,FALSE,0.00595238361330253,-0.0305565014481545,-0.00595238361330253,-0.0441928094986713,0.0441928094986713,0.530303640799089,0.566665998101234,0.499999997290698,0.583332994580269,0.547619049038206,0.539682376952398,0.476190476190476,21,FALSE,FALSE,0.0079366720858074,-0.0166669964790345,-0.0079366720858074,-0.0303036435083909,0.0303036435083909,TRUE,FALSE,FALSE,FALSE,TRUE
15,94,"By The People 2004 US General Election","btp04.w4b45","15:9403","15:9403::btp04.w4b45","income","9403",0.696968173438852,0.648147778378593,0.772726359692487,0.648147768444485,0.674998995661735,0.716665993630886,0.5,22,FALSE,FALSE,0.0416669979691506,-9.93410742555767e-09,-0.0416669979691506,-0.0757581862536344,0.0757581862536344,0.696968173438852,0.666666250675917,0.772726359692487,0.708332490175962,0.684209469117616,0.745613151475003,0.421052631578947,19,FALSE,FALSE,0.0614036823573865,0.0416662395000458,-0.0614036823573865,-0.0757581862536344,0.0757581862536344,TRUE,FALSE,FALSE,FALSE,TRUE
15,94,"By The People 2004 US General Election","btp04.w4b45","15:9404","15:9404::btp04.w4b45","income","9404",0.629630002710554,0.666664982835452,0.583332501351833,0.527778327465057,0.644443994760513,0.559523569686072,0.4375,16,FALSE,FALSE,0.0849204250744411,0.138886655370394,-0.0849204250744411,-0.046297501358721,0.046297501358721,0.625,0.699997979402542,0.583332501351833,0.599999994039536,0.653845376693285,0.589743075462488,0.384615384615385,13,FALSE,FALSE,0.0641023012307974,0.0999979853630066,-0.0641023012307974,-0.0416674986481667,0.0416674986481667,TRUE,TRUE,FALSE,FALSE,TRUE
15,94,"By The People 2004 US General Election","btp04.w4b45","15:9405","15:9405::btp04.w4b45","income","9405",0.738094283001763,0.60714285501412,0.604164995253086,0.726189996515002,0.650793331010001,0.681817268783396,0.608695652173913,23,FALSE,FALSE,0.031023937773395,0.119047141500882,-0.031023937773395,0.133929287748677,-0.133929287748677,0.738094283001763,0.60714285501412,0.642855708088194,0.726189996515002,0.650793331010001,0.698411900372732,0.666666666666667,21,FALSE,FALSE,0.0476185693627312,0.119047141500882,-0.0476185693627312,0.0952385749135699,-0.0952385749135699,TRUE,TRUE,FALSE,TRUE,FALSE
15,94,"By The People 2004 US General Election","btp04.w4b45","15:9406","15:9406::btp04.w4b45","income","9406",0.569444999098778,0.8,0.527777497967084,0.729166246950626,0.674242726781151,0.608332997560501,0.454545454545455,22,FALSE,FALSE,0.0659097292206504,0.0708337530493737,-0.0659097292206504,-0.0416675011316935,0.0416675011316935,0.569444999098778,0.770833753049374,0.527777497967084,0.729166246950626,0.650000500679016,0.608332997560501,0.4,20,FALSE,FALSE,0.0416675031185151,0.0416675060987473,-0.0416675031185151,-0.0416675011316935,0.0416675011316935,TRUE,TRUE,FALSE,FALSE,TRUE
15,94,"By The People 2004 US General Election","btp04.w4b45","15:9407","15:9407::btp04.w4b45","income","9407",0.516665995121002,0.692306919739797,0.433331996202469,0.777778337399165,0.615941300340321,0.621211818673394,0.565217391304348,23,FALSE,FALSE,-0.00527051833307313,-0.0854714176593683,0.00527051833307313,-0.0833339989185333,0.0833339989185333,0.516665995121002,0.70833249638478,0.433331996202469,0.777778337399165,0.621211359446699,0.621211818673394,0.545454545454545,22,FALSE,FALSE,-4.59226695004311e-07,-0.0694458410143852,4.59226695004311e-07,-0.0833339989185333,0.0833339989185333,FALSE,FALSE,TRUE,FALSE,TRUE
15,94,"By The People 2004 US General Election","btp04.w4b45","15:9408","15:9408::btp04.w4b45","income","9408",0.499999985098839,0.833335012197495,0.333334997296333,0.833335012197495,0.666667498648167,0.583335004746914,0.6,5,FALSE,FALSE,0.0833324939012527,0,-0.0833324939012527,-0.166664987802505,0.166664987802505,0.499999985098839,0.833335012197495,0.333334997296333,0.833335012197495,0.666667498648167,0.583335004746914,0.5,4,FALSE,FALSE,0.0833324939012527,0,-0.0833324939012527,-0.166664987802505,0.166664987802505,TRUE,FALSE,FALSE,FALSE,TRUE
15,94,"By The People 2004 US General Election","btp04.w4b45","15:9409","15:9409::btp04.w4b45","income","9409",0.333332857915333,0.523810007742473,0.309522854430335,0.619047139372144,0.428571432828903,0.46428499690124,0.466666666666667,15,FALSE,FALSE,-0.0357135640723364,-0.0952371316296713,0.0357135640723364,-0.0238100034849985,0.0238100034849985,0.333332857915333,0.523810007742473,0.309522854430335,0.619047139372144,0.428571432828903,0.46428499690124,0.5,14,FALSE,FALSE,-0.0357135640723364,-0.0952371316296713,0.0357135640723364,-0.0238100034849985,0.0238100034849985,FALSE,FALSE,TRUE,FALSE,TRUE
15,94,"By The People 2004 US General Election","btp04.w4b45","15:9410","15:9410::btp04.w4b45","income","9410",0.770833749324083,0.694444999098778,0.75000000372529,0.638888324300448,0.738095713513238,0.702380712543215,0.428571428571429,14,FALSE,FALSE,-0.035715000970023,-0.0555566747983297,0.035715000970023,0.020833745598793,-0.020833745598793,0.770833749324083,0.694444999098778,0.75000000372529,0.638888324300448,0.738095713513238,0.702380712543215,0.428571428571429,14,FALSE,FALSE,-0.035715000970023,-0.0555566747983297,0.035715000970023,0.020833745598793,-0.020833745598793,FALSE,FALSE,TRUE,TRUE,FALSE
15,94,"By The People 2004 US General Election","btp04.w4b45","15:9411","15:9411::btp04.w4b45","income","9411",0.555555000901222,0.629628886779149,0.500001683831215,0.574072221914927,0.599999332427979,0.544444006681442,0.647058823529412,17,FALSE,FALSE,0.0555553257465363,0.0555566648642223,-0.0555553257465363,-0.0555533170700073,0.0555533170700073,0.555555000901222,0.629628886779149,0.500001683831215,0.574072221914927,0.599999332427979,0.544444006681442,0.6,15,FALSE,FALSE,0.0555553257465363,0.0555566648642223,-0.0555553257465363,-0.0555533170700073,0.0555533170700073,TRUE,TRUE,FALSE,FALSE,TRUE
15,94,"By The People 2004 US General Election","btp04.w4b45","15:9412","15:9412::btp04.w4b45","income","9412",0.375,0.599999988079071,0.375,0.416667506098747,0.499999993377262,0.395833753049374,0.555555555555556,9,FALSE,FALSE,0.104166240327888,0.183332481980324,-0.104166240327888,0,0,0.375,0.541667491197586,0.375,0.416667506098747,0.458333745598793,0.395833753049374,0.5,8,FALSE,FALSE,0.0624999925494194,0.124999985098839,-0.0624999925494194,0,0,TRUE,TRUE,FALSE,FALSE,FALSE
15,94,"By The People 2004 US General Election","btp04.w4b45","15:9413","15:9413::btp04.w4b45","income","9413",0.5,0.875,0.583334997296333,0.833332493901253,0.75,0.749999995032946,0.571428571428571,7,FALSE,FALSE,4.96705376828999e-09,0.0416675060987473,-4.96705376828999e-09,0.0833349972963333,-0.0833349972963333,0.5,0.875,0.583334997296333,0.833332493901253,0.75,0.749999995032946,0.666666666666667,6,FALSE,FALSE,4.96705376828999e-09,0.0416675060987473,-4.96705376828999e-09,0.0833349972963333,-0.0833349972963333,TRUE,TRUE,FALSE,TRUE,FALSE
15,94,"By The People 2004 US General Election","btp04.w4b45","15:9414","15:9414::btp04.w4b45","income","9414",0.571428579943521,0.499998331069946,0.523808564458575,0.476190000772476,0.538460772771102,0.499999282615525,0.5,14,FALSE,FALSE,-0.0384614901555763,-0.0238083302974701,0.0384614901555763,0.0476200154849461,-0.0476200154849461,0.571428579943521,0.499998331069946,0.523808564458575,0.472221667567889,0.538460772771102,0.499999227432104,0.461538461538462,13,FALSE,FALSE,-0.0384615453389975,-0.0277766635020574,0.0384615453389975,0.0476200154849461,-0.0476200154849461,FALSE,FALSE,TRUE,TRUE,FALSE
15,94,"By The People 2004 US General Election","btp04.w4b45","15:9415","15:9415::btp04.w4b45","income","9415",0.533332002162933,0.466666001081467,0.600000005960464,0.533334004878998,0.4999990016222,0.566667005419731,0.545454545454545,11,FALSE,FALSE,0.0666680037975311,0.0666680037975312,-0.0666680037975311,-0.0666680037975311,0.0666680037975311,0.533332002162933,0.466666001081467,0.600000005960464,0.533334004878998,0.4999990016222,0.566667005419731,0.5,10,FALSE,FALSE,0.0666680037975311,0.0666680037975312,-0.0666680037975311,-0.0666680037975311,0.0666680037975311,TRUE,TRUE,FALSE,FALSE,TRUE
15,94,"By The People 2004 US General Election","btp04.w4b48","15:9401","15:9401::btp04.w4b48","income","9401",0.700000002980232,0.833333753049374,0.666667002439499,0.766666999459267,0.759259447455406,0.716667000949383,0.5,20,FALSE,FALSE,0.0425924465060235,0.066666753590107,-0.0425924465060235,-0.0333330005407333,0.0333330005407333,0.700000002980232,0.833333753049374,0.666667002439499,0.854166246950626,0.759259447455406,0.75,0.444444444444444,18,FALSE,FALSE,0.00925944745540619,-0.0208324939012527,-0.00925944745540619,-0.0333330005407333,0.0333330005407333,TRUE,TRUE,FALSE,FALSE,TRUE
15,94,"By The People 2004 US General Election","btp04.w4b48","15:9402","15:9402::btp04.w4b48","income","9402",0.500000002709302,0.712121828035875,0.500000839432081,0.611111670732498,0.606060915372588,0.555556255082289,0.5,24,FALSE,FALSE,0.0505046602902991,0.101010157303377,-0.0505046602902991,8.36722778618793e-07,-8.36722778618793e-07,0.500000002709302,0.712121828035875,0.454546370289542,0.62121273170818,0.606060915372588,0.537879550998861,0.5,22,FALSE,FALSE,0.0681813643737273,0.090909096327695,-0.0681813643737273,-0.0454536324197595,0.0454536324197595,TRUE,TRUE,FALSE,TRUE,FALSE
15,94,"By The People 2004 US General Election","btp04.w4b48","15:9403","15:9403::btp04.w4b48","income","9403",0.611111111111111,0.69696908918294,0.696969083764336,0.681818184527484,0.658332999050617,0.68939363414591,0.5,22,FALSE,FALSE,-0.0310606350952928,0.0151509046554565,0.0310606350952928,0.0858579726532251,-0.0858579726532251,0.611111111111111,0.69696908918294,0.740739994578891,0.681818184527484,0.658332999050617,0.708332999050617,0.55,20,FALSE,FALSE,-0.0499999999999999,0.0151509046554565,0.0499999999999999,0.12962888346778,-0.12962888346778,FALSE,TRUE,TRUE,TRUE,FALSE
15,94,"By The People 2004 US General Election","btp04.w4b48","15:9404","15:9404::btp04.w4b48","income","9404",0.666668901840846,0.761902843202863,0.629631121953328,0.805555000901222,0.708333751186728,0.700000673532486,0.4375,16,FALSE,FALSE,0.00833307765424252,-0.0436521576983588,-0.00833307765424252,-0.0370377798875172,0.0370377798875172,0.666668901840846,0.805553317070007,0.629631121953328,0.805555000901222,0.72222266793251,0.700000673532486,0.4,15,FALSE,FALSE,0.0222219944000244,-1.68383121490479e-06,-0.0222219944000244,-0.0370377798875172,0.0370377798875172,TRUE,FALSE,FALSE,FALSE,TRUE
15,94,"By The People 2004 US General Election","btp04.w4b48","15:9405","15:9405::btp04.w4b48","income","9405",0.6875,0.666665711573192,0.833334292684283,0.726189998643739,0.674241816455668,0.76190476332392,0.608695652173913,23,FALSE,FALSE,0.0876629468682524,0.0595242870705468,-0.0876629468682524,-0.145834292684283,0.145834292684283,0.714285714285714,0.666665711573192,0.833334292684283,0.726189998643739,0.6825390458107,0.76190476332392,0.666666666666667,21,FALSE,FALSE,0.0793657175132206,0.0595242870705468,-0.0793657175132206,-0.119048578398568,0.119048578398568,TRUE,TRUE,FALSE,FALSE,TRUE
15,94,"By The People 2004 US General Election","btp04.w4b48","15:9406","15:9406::btp04.w4b48","income","9406",0.666665827234586,0.851851105690002,0.625000836948554,0.75925776693556,0.746030946572622,0.682539521228699,0.454545454545455,22,FALSE,FALSE,0.0634914253439223,0.092593338754442,-0.0634914253439223,-0.0416649902860324,0.0416649902860324,0.666665827234586,0.851851105690002,0.625000836948554,0.75925776693556,0.746030946572622,0.682539521228699,0.428571428571429,21,FALSE,FALSE,0.0634914253439223,0.092593338754442,-0.0634914253439223,-0.0416649902860324,0.0416649902860324,TRUE,TRUE,FALSE,FALSE,TRUE
15,94,"By The People 2004 US General Election","btp04.w4b48","15:9407","15:9407::btp04.w4b48","income","9407",0.533334001898766,0.666666924953461,0.351852221621407,0.615385392537484,0.608696088842724,0.507576368071816,0.565217391304348,23,FALSE,FALSE,0.101119720770907,0.0512815324159769,-0.101119720770907,-0.181481780277358,0.181481780277358,0.481482224331962,0.666666924953461,0.351852221621407,0.615385392537484,0.590909547426484,0.507576368071816,0.590909090909091,22,FALSE,FALSE,0.0833331793546677,0.0512815324159769,-0.0833331793546677,-0.129630002710554,0.129630002710554,TRUE,TRUE,FALSE,FALSE,TRUE
15,94,"By The People 2004 US General Election","btp04.w4b48","15:9408","15:9408::btp04.w4b48","income","9408",0.416670009493828,0.833333333333333,0.416664987802505,0.611110001802444,0.666668003797531,0.533331996202469,0.6,5,FALSE,FALSE,0.133336007595062,0.222223331530889,-0.133336007595062,-5.02169132232666e-06,5.02169132232666e-06,0.416670009493828,0.833333333333333,0.416664987802505,0.611110001802444,0.666668003797531,0.533331996202469,0.6,5,FALSE,FALSE,0.133336007595062,0.222223331530889,-0.133336007595062,-5.02169132232666e-06,5.02169132232666e-06,TRUE,TRUE,FALSE,FALSE,TRUE
15,94,"By The People 2004 US General Election","btp04.w4b48","15:9409","15:9409::btp04.w4b48","income","9409",0.357141426631383,0.666665715830667,0.404761433601379,0.78571428997176,0.511903571231025,0.59523786178657,0.466666666666667,15,FALSE,FALSE,-0.0833342905555453,-0.119048574141094,0.0833342905555453,0.0476200069699969,-0.0476200069699969,0.357141426631383,0.666665715830667,0.404761433601379,0.78571428997176,0.511903571231025,0.59523786178657,0.5,14,FALSE,FALSE,-0.0833342905555453,-0.119048574141094,0.0833342905555453,0.0476200069699969,-0.0476200069699969,FALSE,FALSE,TRUE,TRUE,FALSE
15,94,"By The People 2004 US General Election","btp04.w4b48","15:9410","15:9410::btp04.w4b48","income","9410",0.687501259148121,0.875,0.75,0.866665995121002,0.750000839432081,0.794871536585001,0.428571428571429,14,FALSE,FALSE,-0.0448706971529202,0.00833400487899782,0.0448706971529202,0.0624987408518791,-0.0624987408518791,0.687501259148121,0.875,0.75,0.833332493901253,0.750000839432081,0.777777497967084,0.333333333333333,12,FALSE,FALSE,-0.0277766585350037,0.0416675060987473,0.0277766585350037,0.0624987408518791,-0.0624987408518791,FALSE,TRUE,TRUE,TRUE,FALSE
15,94,"By The People 2004 US General Election","btp04.w4b48","15:9411","15:9411::btp04.w4b48","income","9411",0.499998331069946,0.777776655223634,0.333333333333333,0.772727275436575,0.666665325562159,0.617647060576607,0.647058823529412,17,FALSE,FALSE,0.049018264985552,0.00504937978705977,-0.049018264985552,-0.166664997736613,0.166664997736613,0.499998331069946,0.777776655223634,0.333333333333333,0.759258889489704,0.666665325562159,0.588888667027156,0.6,15,FALSE,FALSE,0.0777766585350036,0.0185177657339308,-0.0777766585350036,-0.166664997736613,0.166664997736613,TRUE,TRUE,FALSE,FALSE,TRUE
15,94,"By The People 2004 US General Election","btp04.w4b48","15:9412","15:9412::btp04.w4b48","income","9412",0.708335004746914,0.625000007450581,0.500000007450581,0.5,0.666667506098747,0.50000000372529,0.555555555555556,9,FALSE,FALSE,-0.166667502373457,-0.125000007450581,0.166667502373457,0.208334997296333,-0.208334997296333,0.708335004746914,0.500000009934107,0.500000007450581,0.5,0.619048578398568,0.500000004257475,0.428571428571429,7,FALSE,FALSE,-0.119048574141094,-9.93410742555767e-09,0.119048574141094,0.208334997296333,-0.208334997296333,FALSE,FALSE,TRUE,TRUE,FALSE
15,94,"By The People 2004 US General Election","btp04.w4b48","15:9413","15:9413::btp04.w4b48","income","9413",0.444446672995885,0.5,0.444446672995885,0.555556664864222,0.472223336497943,0.500001668930054,0.571428571428571,7,FALSE,FALSE,-0.0277783324321111,-0.0555566648642222,0.0277783324321111,0,0,0.444446672995885,0.5,0.444446672995885,0.555556664864222,0.472223336497943,0.500001668930054,0.5,6,FALSE,FALSE,-0.0277783324321111,-0.0555566648642222,0.0277783324321111,0,0,FALSE,FALSE,TRUE,FALSE,FALSE
15,94,"By The People 2004 US General Election","btp04.w4b48","15:9414","15:9414::btp04.w4b48","income","9414",0.642855712345668,0.738095717770713,0.595238579171045,0.75,0.69047571505819,0.666666927245947,0.5,14,FALSE,FALSE,0.0238087878122435,-0.0119042822292873,-0.0238087878122435,-0.0476171331746238,0.0476171331746238,0.642855712345668,0.75,0.595238579171045,0.75,0.692306922032283,0.666666927245947,0.461538461538462,13,FALSE,FALSE,0.0256399947863359,0,-0.0256399947863359,-0.0476171331746238,0.0476171331746238,TRUE,FALSE,FALSE,FALSE,TRUE
15,94,"By The People 2004 US General Election","btp04.w4b48","15:9415","15:9415::btp04.w4b48","income","9415",0.366668003797531,0.733334004878998,0.466666001081467,0.805554995934168,0.550001004338264,0.651514543728395,0.545454545454545,11,FALSE,FALSE,-0.10151353939013,-0.0722209910551707,0.10151353939013,0.0999979972839355,-0.0999979972839355,0.366668003797531,0.733334004878998,0.466666001081467,0.833331990242004,0.550001004338264,0.649998995661736,0.5,10,FALSE,FALSE,-0.0999979913234711,-0.0999979853630066,0.0999979913234711,0.0999979972839355,-0.0999979972839355,FALSE,FALSE,TRUE,TRUE,FALSE
15,94,"By The People 2004 US General Election","btp04.w4b51","15:9401","15:9401::btp04.w4b51","income","9401",0.516665995121002,0.516667005419731,0.499998998641968,0.433333998918533,0.516666500270367,0.466666498780251,0.5,20,FALSE,FALSE,0.0500000014901161,0.0833330065011978,-0.0500000014901161,-0.0166669964790344,0.0166669964790344,0.516665995121002,0.516667005419731,0.499998998641968,0.433333998918533,0.516666500270367,0.466666498780251,0.5,20,FALSE,FALSE,0.0500000014901161,0.0833330065011978,-0.0500000014901161,-0.0166669964790344,0.0166669964790344,TRUE,TRUE,FALSE,FALSE,TRUE
15,94,"By The People 2004 US General Election","btp04.w4b51","15:9402","15:9402::btp04.w4b51","income","9402",0.333332725546577,0.530302730473605,0.47222250699997,0.515151817690242,0.431817728010091,0.492753916460535,0.5,24,FALSE,FALSE,-0.0609361884504439,0.0151509127833627,0.0609361884504439,0.138889781453393,-0.138889781453393,0.333332725546577,0.516666001081467,0.454545459964059,0.516666999459267,0.420634285325096,0.484127145437967,0.476190476190476,21,FALSE,FALSE,-0.0634928601128714,-9.98377799987793e-07,0.0634928601128714,0.121212734417482,-0.121212734417482,FALSE,TRUE,TRUE,TRUE,FALSE
15,94,"By The People 2004 US General Election","btp04.w4b51","15:9403","15:9403::btp04.w4b51","income","9403",0.439394544471394,0.566667002439499,0.439394547180696,0.696970002217726,0.500000476837158,0.568182274699211,0.5,22,FALSE,FALSE,-0.0681817978620529,-0.130302999778227,0.0681817978620529,2.70930206047737e-09,-2.70930206047737e-09,0.439394544471394,0.566667002439499,0.439394547180696,0.716667002439499,0.500000476837158,0.571429049684888,0.476190476190476,21,FALSE,FALSE,-0.0714285728477296,-0.15,0.0714285728477296,2.70930206047737e-09,-2.70930206047737e-09,FALSE,FALSE,TRUE,TRUE,FALSE
15,94,"By The People 2004 US General Election","btp04.w4b51","15:9404","15:9404::btp04.w4b51","income","9404",0.537037783198886,0.428572859082903,0.574074450466368,0.500001678864161,0.489584378898144,0.544445341825485,0.4375,16,FALSE,FALSE,0.0548609629273414,0.071428819781258,-0.0548609629273414,-0.0370366672674816,0.0370366672674816,0.537037783198886,0.472223336497943,0.574074450466368,0.500001678864161,0.511112004518509,0.544445341825485,0.4,15,FALSE,FALSE,0.0333333373069763,0.0277783423662185,-0.0333333373069763,-0.0370366672674816,0.0370366672674816,TRUE,TRUE,FALSE,FALSE,TRUE
15,94,"By The People 2004 US General Election","btp04.w4b51","15:9405","15:9405::btp04.w4b51","income","9405",0.624998744577169,0.630952138985906,0.703704449865553,0.57142785191536,0.62878726829182,0.623188259808914,0.608695652173913,23,FALSE,FALSE,0.00559900848290662,0.0595242870705468,-0.00559900848290662,0.0787057052883837,-0.0787057052883837,0.624998744577169,0.630952138985906,0.687501259148121,0.57142785191536,0.62878726829182,0.613636363636364,0.636363636363636,22,FALSE,FALSE,0.0151509046554565,0.0595242870705468,-0.0151509046554565,0.0625025145709515,-0.0625025145709515,TRUE,TRUE,FALSE,TRUE,FALSE
15,94,"By The People 2004 US General Election","btp04.w4b51","15:9406","15:9406::btp04.w4b51","income","9406",0.569445001582305,0.685185561577479,0.555554161469142,0.574074450466368,0.619048098723094,0.563491428182239,0.454545454545455,22,FALSE,FALSE,0.055556670540855,0.111111111111111,-0.055556670540855,-0.013890840113163,0.013890840113163,0.569445001582305,0.685185561577479,0.555554161469142,0.574074450466368,0.619048098723094,0.563491428182239,0.428571428571429,21,FALSE,FALSE,0.055556670540855,0.111111111111111,-0.055556670540855,-0.013890840113163,0.013890840113163,TRUE,TRUE,FALSE,FALSE,TRUE
15,94,"By The People 2004 US General Election","btp04.w4b51","15:9407","15:9407::btp04.w4b51","income","9407",0.518518888288074,0.458334172765414,0.555555552244186,0.444445838530858,0.484127622275125,0.492064287265142,0.565217391304348,23,FALSE,FALSE,0.00793666499001644,-0.0138883342345555,-0.00793666499001644,-0.0370366639561124,0.0370366639561124,0.518518888288074,0.458334172765414,0.555555552244186,0.444445838530858,0.484127622275125,0.492064287265142,0.571428571428571,21,FALSE,FALSE,0.00793666499001644,-0.0138883342345555,-0.00793666499001644,-0.0370366639561124,0.0370366639561124,TRUE,FALSE,FALSE,FALSE,TRUE
15,94,"By The People 2004 US General Election","btp04.w4b51","15:9408","15:9408::btp04.w4b51","income","9408",0.833329975605011,0.277780006329219,0.75,0.277780006329219,0.499999994039536,0.466668003797531,0.6,5,FALSE,FALSE,-0.0333319902420044,0,0.0333319902420044,0.083329975605011,-0.083329975605011,0.833329975605011,0.277780006329219,0.75,0.277780006329219,0.499999994039536,0.466668003797531,0.6,5,FALSE,FALSE,-0.0333319902420044,0,0.0333319902420044,0.083329975605011,-0.083329975605011,FALSE,FALSE,TRUE,TRUE,FALSE
15,94,"By The People 2004 US General Election","btp04.w4b51","15:9409","15:9409::btp04.w4b51","income","9409",0.380951425858906,0.619048578398568,0.59523857491357,0.571428571428571,0.500000002128737,0.583333573171071,0.466666666666667,15,FALSE,FALSE,-0.0833335710423333,0.0476200069699969,0.0833335710423333,0.214287149054664,-0.214287149054664,0.380951425858906,0.619048578398568,0.59523857491357,0.571428571428571,0.500000002128737,0.583333573171071,0.5,14,FALSE,FALSE,-0.0833335710423333,0.0476200069699969,0.0833335710423333,0.214287149054664,-0.214287149054664,FALSE,TRUE,TRUE,TRUE,FALSE
15,94,"By The People 2004 US General Election","btp04.w4b51","15:9410","15:9410::btp04.w4b51","income","9410",0.479167506098747,0.433333998918533,0.395833756774664,0.266668003797531,0.461539234106357,0.346154621014228,0.428571428571429,14,FALSE,FALSE,-0.115384613092129,-0.166665995121002,0.115384613092129,0.0833337493240833,-0.0833337493240833,0.479167506098747,0.433333998918533,0.395833756774664,0.266668003797531,0.461539234106357,0.346154621014228,0.384615384615385,13,FALSE,FALSE,-0.115384613092129,-0.166665995121002,0.115384613092129,0.0833337493240833,-0.0833337493240833,FALSE,FALSE,TRUE,TRUE,FALSE
15,94,"By The People 2004 US General Election","btp04.w4b51","15:9411","15:9411::btp04.w4b51","income","9411",0.444443335135778,0.333333995938301,0.472223331530889,0.424242732199756,0.374999998137355,0.44117706137545,0.647058823529412,17,FALSE,FALSE,0.0661770632380948,0.0909087362614545,-0.0661770632380948,-0.027779996395111,0.027779996395111,0.444443335135778,0.333333995938301,0.472223331530889,0.400000002980232,0.374999998137355,0.427083751186728,0.625,16,FALSE,FALSE,0.0520837530493736,0.0666660070419312,-0.0520837530493736,-0.027779996395111,0.027779996395111,TRUE,TRUE,FALSE,FALSE,TRUE
15,94,"By The People 2004 US General Election","btp04.w4b51","15:9412","15:9412::btp04.w4b51","income","9412",0.444446682929993,0.333334004878998,0.208332501351833,0.166665002703667,0.375001259148121,0.18749875202775,0.555555555555556,9,FALSE,FALSE,-0.187502507120371,-0.166669002175331,0.187502507120371,0.236114181578159,-0.236114181578159,0.444446682929993,0.25,0.277776668469111,0.166665002703667,0.333334292684283,0.214284288031714,0.571428571428571,7,FALSE,FALSE,-0.119050004652568,-0.0833349972963333,0.119050004652568,0.166670014460882,-0.166670014460882,FALSE,FALSE,TRUE,TRUE,FALSE
15,94,"By The People 2004 US General Election","btp04.w4b51","15:9413","15:9413::btp04.w4b51","income","9413",0.416664987802505,0.277779996395111,0.5,0.625002518296242,0.333333992958069,0.583335012197495,0.571428571428571,7,FALSE,FALSE,0.250001019239426,0.347222521901131,-0.250001019239426,-0.0833350121974945,0.0833350121974945,0.416664987802505,0.277779996395111,0.5,0.666670024394989,0.333333992958069,0.600002014636993,0.6,5,FALSE,FALSE,0.266668021678925,0.388890027999878,-0.266668021678925,-0.0833350121974945,0.0833350121974945,TRUE,TRUE,FALSE,FALSE,TRUE
15,94,"By The People 2004 US General Election","btp04.w4b51","15:9414","15:9414::btp04.w4b51","income","9414",0.500001426254,0.472219993670781,0.452381432056427,0.452380005802427,0.487179226600207,0.452380718929427,0.5,14,FALSE,FALSE,-0.0347985076707798,-0.0198399878683544,0.0347985076707798,0.047619994197573,-0.047619994197573,0.500001426254,0.472219993670781,0.452381432056427,0.416665002703667,0.487179226600207,0.435896926201307,0.461538461538462,13,FALSE,FALSE,-0.0512823003988999,-0.0555549909671147,0.0512823003988999,0.047619994197573,-0.047619994197573,FALSE,FALSE,TRUE,TRUE,FALSE
15,94,"By The People 2004 US General Election","btp04.w4b51","15:9415","15:9415::btp04.w4b51","income","9415",0.533331990242004,0.400000005960464,0.6,0.305554995934168,0.466665998101234,0.43939363414591,0.545454545454545,11,FALSE,FALSE,-0.0272723639553243,-0.094445010026296,0.0272723639553243,-0.0666680097579956,0.0666680097579956,0.533331990242004,0.400000005960464,0.6,0.2,0.466665998101234,0.4,0.5,10,FALSE,FALSE,-0.0666659981012344,-0.200000005960464,0.0666659981012344,-0.0666680097579956,0.0666680097579956,FALSE,FALSE,TRUE,FALSE,TRUE
15,94,"By The People 2004 US General Election","btp04.w4b54","15:9401","15:9401::btp04.w4b54","income","9401",0.407406661245558,0.333331996202469,0.599998992681503,0.425925552845001,0.368419995433406,0.51754315275895,0.5,20,FALSE,FALSE,0.149123157325544,0.0925935566425323,-0.149123157325544,-0.192592331435945,0.192592331435945,0.407406661245558,0.351849996381336,0.611109991868337,0.425925552845001,0.379628328813447,0.518517772356669,0.5,18,FALSE,FALSE,0.138889443543222,0.0740755564636654,-0.138889443543222,-0.203703330622779,0.203703330622779,TRUE,TRUE,FALSE,FALSE,TRUE
15,94,"By The People 2004 US General Election","btp04.w4b54","15:9402","15:9402::btp04.w4b54","income","9402",0.469696361910213,0.402778334915638,0.513888331751029,0.430554998417695,0.434782608695652,0.472221665084362,0.5,24,FALSE,FALSE,0.0374390563887098,0.0277766635020574,-0.0374390563887098,-0.0441919698408155,0.0441919698408155,0.469696361910213,0.402778334915638,0.530302725055001,0.430554998417695,0.434782608695652,0.478260432896407,0.521739130434783,23,FALSE,FALSE,0.0434778242007545,0.0277766635020574,-0.0434778242007545,-0.0606063631447878,0.0606063631447878,TRUE,TRUE,FALSE,FALSE,TRUE
15,94,"By The People 2004 US General Election","btp04.w4b54","15:9403","15:9403::btp04.w4b54","income","9403",0.333333635872061,0.348485458980907,0.348484548655423,0.42424272407185,0.340909547426484,0.386363636363636,0.5,22,FALSE,FALSE,-0.0454540889371525,-0.0757572650909424,0.0454540889371525,0.0151509127833627,-0.0151509127833627,0.333333635872061,0.348485458980907,0.348484548655423,0.42424272407185,0.340909547426484,0.386363636363636,0.5,22,FALSE,FALSE,-0.0454540889371525,-0.0757572650909424,0.0454540889371525,0.0151509127833627,-0.0151509127833627,FALSE,FALSE,TRUE,TRUE,FALSE
15,94,"By The People 2004 US General Election","btp04.w4b54","15:9404","15:9404::btp04.w4b54","income","9404",0.444444441133075,0.238095713513238,0.38888888557752,0.333332862172808,0.354166872799397,0.364583125337958,0.4375,16,FALSE,FALSE,0.0104162525385618,0.0952371486595699,-0.0104162525385618,0.0555555555555556,-0.0555555555555556,0.444444441133075,0.238095713513238,0.38888888557752,0.333332862172808,0.354166872799397,0.364583125337958,0.4375,16,FALSE,FALSE,0.0104162525385618,0.0952371486595699,-0.0104162525385618,0.0555555555555556,-0.0555555555555556,TRUE,TRUE,FALSE,TRUE,FALSE
15,94,"By The People 2004 US General Election","btp04.w4b54","15:9405","15:9405::btp04.w4b54","income","9405",0.314814445045259,0.190476434571402,0.388888892200258,0.333333849906921,0.239130438669868,0.356060912663286,0.608695652173913,23,FALSE,FALSE,0.116930473993418,0.142857415335519,-0.116930473993418,-0.0740744471549988,0.0740744471549988,0.314814445045259,0.205128467999972,0.388888892200258,0.333333849906921,0.250000004063953,0.356060912663286,0.590909090909091,22,FALSE,FALSE,0.106060908599333,0.12820538190695,-0.106060908599333,-0.0740744471549988,0.0740744471549988,TRUE,TRUE,FALSE,FALSE,TRUE
15,94,"By The People 2004 US General Election","btp04.w4b54","15:9406","15:9406::btp04.w4b54","income","9406",0.499999165534973,0.283334001898766,0.499999160567919,0.229167502373457,0.401515000245788,0.391666497290134,0.454545454545455,22,FALSE,FALSE,-0.00984850295565348,-0.0541664995253086,0.00984850295565348,4.96705376828999e-09,-4.96705376828999e-09,0.499999165534973,0.229167502373457,0.499999160567919,0.229167502373457,0.391666500270367,0.391666497290134,0.4,20,FALSE,FALSE,-2.9802322276673e-09,0,2.9802322276673e-09,4.96705376828999e-09,-4.96705376828999e-09,FALSE,FALSE,TRUE,TRUE,FALSE
15,94,"By The People 2004 US General Election","btp04.w4b54","15:9407","15:9407::btp04.w4b54","income","9407",0.592591106891632,0.250000002483527,0.592591110203001,0.272728180343455,0.396824761515572,0.41666649878025,0.565217391304348,23,FALSE,FALSE,0.0198417372646786,0.0227281778599276,-0.0198417372646786,-3.31136917885999e-09,3.31136917885999e-09,0.592591106891632,0.242424547672272,0.592591110203001,0.272728180343455,0.399999499320984,0.41666649878025,0.55,20,FALSE,FALSE,0.0166669994592666,0.0303036326711828,-0.0166669994592666,-3.31136917885999e-09,3.31136917885999e-09,TRUE,TRUE,FALSE,FALSE,TRUE
15,94,"By The People 2004 US General Election","btp04.w4b54","15:9408","15:9408::btp04.w4b54","income","9408",0.666670024394989,0.416664987802505,0.75,0.416664987802505,0.541667506098747,0.583332493901253,0.6,5,FALSE,FALSE,0.0416649878025055,0,-0.0416649878025055,-0.083329975605011,0.083329975605011,0.666670024394989,0.416664987802505,0.75,0.416664987802505,0.541667506098747,0.583332493901253,0.5,4,FALSE,FALSE,0.0416649878025055,0,-0.0416649878025055,-0.083329975605011,0.083329975605011,TRUE,FALSE,FALSE,FALSE,TRUE
15,94,"By The People 2004 US General Election","btp04.w4b54","15:9409","15:9409::btp04.w4b54","income","9409",0.714285718543189,0.261905712740762,0.666666250675917,0.499998326102893,0.488095715641975,0.595237140144621,0.466666666666667,15,FALSE,FALSE,0.107141424502645,0.238092613362131,-0.107141424502645,0.0476194678672722,-0.0476194678672722,0.714285718543189,0.305556664864222,0.761904286486762,0.499998326102893,0.525641539922127,0.641024612463438,0.461538461538462,13,FALSE,FALSE,0.11538307254131,0.19444166123867,-0.11538307254131,-0.047618567943573,0.047618567943573,TRUE,TRUE,FALSE,TRUE,FALSE
15,94,"By The People 2004 US General Election","btp04.w4b54","15:9410","15:9410::btp04.w4b54","income","9410",0.437501255422831,0.333334004878998,0.416666246950626,0.3,0.397436928290587,0.371794613508078,0.428571428571429,14,FALSE,FALSE,-0.0256423147825094,-0.0333340048789978,0.0256423147825094,0.0208350084722042,-0.0208350084722042,0.437501255422831,0.333334004878998,0.416666246950626,0.3,0.397436928290587,0.371794613508078,0.384615384615385,13,FALSE,FALSE,-0.0256423147825094,-0.0333340048789978,0.0256423147825094,0.0208350084722042,-0.0208350084722042,FALSE,FALSE,TRUE,TRUE,FALSE
15,94,"By The People 2004 US General Election","btp04.w4b54","15:9411","15:9411::btp04.w4b54","income","9411",0.388888334234556,0.3000009983778,0.444444999098778,0.39394000172615,0.333333749324083,0.41176529491649,0.647058823529412,17,FALSE,FALSE,0.0784315455924062,0.0939390033483505,-0.0784315455924062,-0.0555566648642222,0.0555566648642222,0.388888334234556,0.3000009983778,0.444444999098778,0.433334001898766,0.333333749324083,0.43750062584877,0.625,16,FALSE,FALSE,0.104166876524687,0.133333003520966,-0.104166876524687,-0.0555566648642222,0.0555566648642222,TRUE,TRUE,FALSE,FALSE,TRUE
15,94,"By The People 2004 US General Election","btp04.w4b54","15:9412","15:9412::btp04.w4b54","income","9412",0.625,0.458335004746914,0.541664995253086,0.416667498648167,0.541667502373457,0.479166246950626,0.555555555555556,9,FALSE,FALSE,-0.0625012554228306,-0.0416675060987473,0.0625012554228306,0.0833350047469139,-0.0833350047469139,0.625,0.458335004746914,0.541664995253086,0.416667498648167,0.541667502373457,0.479166246950626,0.5,8,FALSE,FALSE,-0.0625012554228306,-0.0416675060987473,0.0625012554228306,0.0833350047469139,-0.0833350047469139,FALSE,FALSE,TRUE,TRUE,FALSE
15,94,"By The People 2004 US General Election","btp04.w4b54","15:9413","15:9413::btp04.w4b54","income","9413",0.611109991868337,0.416664995253086,0.555553327004115,0.625,0.499998565231051,0.595237140144621,0.571428571428571,7,FALSE,FALSE,0.0952385749135699,0.208335004746914,-0.0952385749135699,0.0555566648642223,-0.0555566648642223,0.611109991868337,0.416664995253086,0.555553327004115,0.625,0.499998565231051,0.595237140144621,0.571428571428571,7,FALSE,FALSE,0.0952385749135699,0.208335004746914,-0.0952385749135699,0.0555566648642223,-0.0555566648642223,TRUE,TRUE,FALSE,TRUE,FALSE
15,94,"By The People 2004 US General Election","btp04.w4b54","15:9414","15:9414::btp04.w4b54","income","9414",0.523811438253948,0.472221662600835,0.619047139372144,0.388888339201609,0.500000772567896,0.512820000831897,0.5,14,FALSE,FALSE,0.0128192282640017,-0.0833333233992259,-0.0128192282640017,-0.0952357011181967,0.0952357011181967,0.523811438253948,0.366665995121002,0.619047139372144,0.366666007041931,0.458334170281887,0.513888334234556,0.416666666666667,12,FALSE,FALSE,0.0555541639526685,1.19209289661804e-08,-0.0555541639526685,-0.0952357011181967,0.0952357011181967,TRUE,FALSE,FALSE,FALSE,TRUE
15,94,"By The People 2004 US General Election","btp04.w4b54","15:9415","15:9415::btp04.w4b54","income","9415",0.466668009757996,0.41666667163372,0.599999994039536,0.44444332520167,0.4393945525993,0.515150901946155,0.545454545454545,11,FALSE,FALSE,0.0757563493468545,0.02777665356795,-0.0757563493468545,-0.13333198428154,0.13333198428154,0.466668009757996,0.41666667163372,0.599999994039536,0.44444332520167,0.4393945525993,0.515150901946155,0.545454545454545,11,FALSE,FALSE,0.0757563493468545,0.02777665356795,-0.0757563493468545,-0.13333198428154,0.13333198428154,TRUE,TRUE,FALSE,FALSE,TRUE
15,94,"By The People 2004 US General Election","btp04.w4b57","15:9401","15:9401::btp04.w4b57","income","9401",0.699999997019768,0.722221109602186,0.749998992681503,0.74073999789026,0.710525787190387,0.745613153043546,0.5,20,FALSE,FALSE,-0.035087365853159,-0.018518888288074,0.035087365853159,0.0499989956617355,-0.0499989956617355,0.699999997019768,0.68749874830246,0.749998992681503,0.708332497626543,0.694443886478742,0.731480550434854,0.444444444444444,18,FALSE,FALSE,0.0370366639561124,0.0208337493240833,-0.0370366639561124,-0.0499989956617355,0.0499989956617355,FALSE,FALSE,TRUE,TRUE,FALSE
15,94,"By The People 2004 US General Election","btp04.w4b57","15:9402","15:9402::btp04.w4b57","income","9402",0.469696364619515,0.666667274453423,0.597221662600835,0.750000002483527,0.568181819536469,0.673610832542181,0.5,24,FALSE,FALSE,-0.105429013005712,-0.0833327280301036,0.105429013005712,0.12752529798132,-0.12752529798132,0.469696364619515,0.666667274453423,0.560605450110002,0.75757545503703,0.568181819536469,0.659090452573516,0.5,22,FALSE,FALSE,-0.090908633037047,-0.0909081805836071,0.090908633037047,0.0909090854904868,-0.0909090854904868,FALSE,FALSE,TRUE,TRUE,FALSE
15,94,"By The People 2004 US General Election","btp04.w4b57","15:9403","15:9403::btp04.w4b57","income","9403",0.450001001358032,0.833333638581363,0.530302727764303,0.666666361418637,0.650794287522634,0.59848454459147,0.5,22,FALSE,FALSE,0.0523097429311637,0.166667277162725,-0.0523097429311637,0.0803017264062709,-0.0803017264062709,0.450001001358032,0.833333638581363,0.533333000540733,0.666666361418637,0.650794287522634,0.603174284810112,0.523809523809524,21,FALSE,FALSE,0.0476200027125223,0.166667277162725,-0.0476200027125223,0.0833319991827011,-0.0833319991827011,TRUE,TRUE,FALSE,TRUE,FALSE
15,94,"By The People 2004 US General Election","btp04.w4b57","15:9404","15:9404::btp04.w4b57","income","9404",0.759258886178335,0.361111670732498,0.759258886178335,0.416664992769559,0.6,0.622221328814824,0.4375,16,FALSE,FALSE,0.0222213288148244,0.055553322037061,-0.0222213288148244,0,0,0.759258886178335,0.361111670732498,0.759258886178335,0.416664992769559,0.6,0.622221328814824,0.4,15,FALSE,FALSE,0.0222213288148244,0.055553322037061,-0.0222213288148244,0,0,TRUE,TRUE,FALSE,FALSE,FALSE
15,94,"By The People 2004 US General Election","btp04.w4b57","15:9405","15:9405::btp04.w4b57","income","9405",0.81481444173389,0.512820000831897,0.685184439023336,0.511904282229287,0.636363181200894,0.579709560974785,0.608695652173913,23,FALSE,FALSE,-0.0566536202261099,-0.000915718602610194,0.0566536202261099,0.129630002710554,-0.129630002710554,0.81481444173389,0.512820000831897,0.685184439023336,0.512819996246925,0.636363181200894,0.583332722837275,0.590909090909091,22,FALSE,FALSE,-0.0530304583636196,-4.58497273481129e-09,0.0530304583636196,0.129630002710554,-0.129630002710554,FALSE,FALSE,TRUE,TRUE,FALSE
15,94,"By The People 2004 US General Election","btp04.w4b57","15:9406","15:9406::btp04.w4b57","income","9406",0.555554993450642,0.907406664556927,0.590909090909091,0.907407780488332,0.706348566781907,0.73333350121975,0.454545454545455,22,FALSE,FALSE,-0.0269849344378427,-1.11593140494914e-06,0.0269849344378427,0.0353540974584493,-0.0353540974584493,0.530302722345699,0.907406664556927,0.590909090909091,0.907407780488332,0.699999496340752,0.73333350121975,0.45,20,FALSE,FALSE,-0.0333340048789978,-1.11593140494914e-06,0.0333340048789978,0.060606368563392,-0.060606368563392,FALSE,FALSE,TRUE,TRUE,FALSE
15,94,"By The People 2004 US General Election","btp04.w4b57","15:9407","15:9407::btp04.w4b57","income","9407",0.766665998101234,0.444444164633751,0.716667002439499,0.291666669150194,0.590908634391698,0.48484863882715,0.565217391304348,23,FALSE,FALSE,-0.106059995564547,-0.152777495483557,0.106059995564547,0.0499989956617356,-0.0499989956617356,0.766665998101234,0.393939088691365,0.716667002439499,0.287879093126817,0.571428093172255,0.492063811847142,0.523809523809524,21,FALSE,FALSE,-0.0793642813251133,-0.106059995564547,0.0793642813251133,0.0499989956617356,-0.0499989956617356,FALSE,FALSE,TRUE,TRUE,FALSE
15,94,"By The People 2004 US General Election","btp04.w4b57","15:9408","15:9408::btp04.w4b57","income","9408",0.75,0.333333323399226,0.75,0.333334997296333,0.499999994039536,0.541667498648167,0.6,5,FALSE,FALSE,0.0416675046086311,1.67389710742372e-06,-0.0416675046086311,0,0,0.75,0.499999985098839,0.75,0.333334997296333,0.624999992549419,0.541667498648167,0.5,4,FALSE,FALSE,-0.0833324939012527,-0.166664987802505,0.0833324939012527,0,0,TRUE,TRUE,FALSE,FALSE,FALSE
15,94,"By The People 2004 US General Election","btp04.w4b57","15:9409","15:9409::btp04.w4b57","income","9409",0.75000000372529,0.805554995934168,0.690477154084614,0.805554995934168,0.773809286100524,0.743590004169024,0.466666666666667,15,FALSE,FALSE,0.0302192819314998,0,-0.0302192819314998,-0.059522849640676,0.059522849640676,0.714285718543189,0.805554995934168,0.690477154084614,0.805554995934168,0.756410000415949,0.743590004169024,0.461538461538462,13,FALSE,FALSE,0.0128199962469248,0,-0.0128199962469248,-0.0238085644585746,0.0238085644585746,TRUE,FALSE,FALSE,FALSE,TRUE
15,94,"By The People 2004 US General Election","btp04.w4b57","15:9410","15:9410::btp04.w4b57","income","9410",0.479166250675917,0.7,0.437499992549419,0.7,0.564102308108256,0.538461533876566,0.428571428571429,14,FALSE,FALSE,0.0256407742316906,0,-0.0256407742316906,-0.0416662581264973,0.0416662581264973,0.479166250675917,0.7,0.437499992549419,0.7,0.564102308108256,0.538461533876566,0.384615384615385,13,FALSE,FALSE,0.0256407742316906,0,-0.0256407742316906,-0.0416662581264973,0.0416662581264973,TRUE,FALSE,FALSE,FALSE,TRUE
15,94,"By The People 2004 US General Election","btp04.w4b57","15:9411","15:9411::btp04.w4b57","income","9411",0.555555000901222,0.616666999459267,0.527778332432111,0.515150907364759,0.59375,0.519607645623824,0.647058823529412,17,FALSE,FALSE,0.0741423543761758,0.101516092094508,-0.0741423543761758,-0.0277766684691111,0.0277766684691111,0.555555000901222,0.616666999459267,0.527778332432111,0.566665998101234,0.59375,0.552083123475313,0.625,16,FALSE,FALSE,0.0416668765246868,0.0500010013580322,-0.0416668765246868,-0.0277766684691111,0.0277766684691111,TRUE,TRUE,FALSE,FALSE,TRUE
15,94,"By The People 2004 US General Election","btp04.w4b57","15:9412","15:9412::btp04.w4b57","income","9412",1,0.5,0.75,0.333332501351833,0.75,0.541666250675917,0.555555555555556,9,FALSE,FALSE,-0.208333749324083,-0.166667498648167,0.208333749324083,0.25,-0.25,1,0.333333333333333,0.75,0.333333333333333,0.714285714285714,0.571428571428571,0.428571428571429,7,FALSE,FALSE,-0.142857142857143,0,0.142857142857143,0.25,-0.25,FALSE,FALSE,TRUE,TRUE,FALSE
15,94,"By The People 2004 US General Election","btp04.w4b57","15:9413","15:9413::btp04.w4b57","income","9413",0.5,0.333332501351833,0.5,0.333332501351833,0.404761429343905,0.388888334234556,0.571428571428571,7,FALSE,FALSE,-0.0158730951093491,0,0.0158730951093491,0,0,0.5,0.333332501351833,0.5,0.333332501351833,0.388888334234556,0.388888334234556,0.666666666666667,6,FALSE,TRUE,0,0,0,0,0,FALSE,FALSE,TRUE,FALSE,FALSE
15,94,"By The People 2004 US General Election","btp04.w4b57","15:9414","15:9414::btp04.w4b57","income","9414",0.595237135887146,0.766665995121002,0.571428567171097,0.633333998918533,0.666665827234586,0.597222497065862,0.5,14,FALSE,FALSE,0.0694433301687241,0.133331996202469,-0.0694433301687241,-0.0238085687160492,0.0238085687160492,0.595237135887146,0.766665995121002,0.571428567171097,0.633333998918533,0.666665827234586,0.597222497065862,0.416666666666667,12,FALSE,FALSE,0.0694433301687241,0.133331996202469,-0.0694433301687241,-0.0238085687160492,0.0238085687160492,TRUE,TRUE,FALSE,FALSE,TRUE
15,94,"By The People 2004 US General Election","btp04.w4b57","15:9415","15:9415::btp04.w4b57","income","9415",0.466665995121002,0.250000004967054,0.633332002162933,0.388886660337448,0.348484545946121,0.499998179349032,0.545454545454545,11,FALSE,FALSE,0.151513633402911,0.138886655370394,-0.151513633402911,-0.166666007041931,0.166666007041931,0.466665995121002,0.250000004967054,0.633332002162933,0.388886660337448,0.348484545946121,0.499998179349032,0.545454545454545,11,FALSE,FALSE,0.151513633402911,0.138886655370394,-0.151513633402911,-0.166666007041931,0.166666007041931,TRUE,TRUE,FALSE,FALSE,TRUE
17,96,"San Mateo","sm.t1more","17:9601","17:9601::sm.t1more","income","9601",1,0.41666667163372,1,0.75,0.533333337306976,0.8,0.8,5,FALSE,FALSE,0.266666662693024,0.33333332836628,-0.266666662693024,0,0,1,0.41666667163372,1,0.75,0.533333337306976,0.8,0.8,5,FALSE,FALSE,0.266666662693024,0.33333332836628,-0.266666662693024,0,0,TRUE,TRUE,FALSE,FALSE,FALSE
17,96,"San Mateo","sm.t1more","17:9602","17:9602::sm.t1more","income","9602",0.527777781089147,0.75,0.666666669150194,0.541666675359011,0.616666668653488,0.61666667163372,0.4,10,FALSE,FALSE,-2.98023217215615e-09,0.208333324640989,2.98023217215615e-09,0.138888888061047,-0.138888888061047,0.527777781089147,0.75,0.666666669150194,0.541666675359011,0.616666668653488,0.61666667163372,0.4,10,FALSE,FALSE,-2.98023217215615e-09,0.208333324640989,2.98023217215615e-09,0.138888888061047,-0.138888888061047,FALSE,TRUE,TRUE,TRUE,FALSE
17,96,"San Mateo","sm.t1more","17:9603","17:9603::sm.t1more","income","9603",0.111111104488373,0.416666656732559,0.666666666666667,0.583333343267441,0.233333325386047,0.633333337306976,0.4,5,FALSE,FALSE,-0.400000011920929,-0.166666686534882,0.400000011920929,0.555555562178294,-0.555555562178294,0.111111104488373,0.416666656732559,0.666666666666667,0.583333343267441,0.233333325386047,0.633333337306976,0.4,5,FALSE,FALSE,-0.400000011920929,-0.166666686534882,0.400000011920929,0.555555562178294,-0.555555562178294,FALSE,FALSE,TRUE,TRUE,FALSE
17,96,"San Mateo","sm.t1more","17:9604","17:9604::sm.t1more","income","9604",0.70833332836628,0.5,0.749999985098839,0,0.666666662693024,0.599999988079071,0.2,5,FALSE,FALSE,-0.0666666746139526,-0.5,0.0666666746139526,-0.0416666567325592,0.0416666567325592,0.70833332836628,0.5,0.749999985098839,0,0.666666662693024,0.599999988079071,0.2,5,FALSE,FALSE,-0.0666666746139526,-0.5,0.0666666746139526,-0.0416666567325592,0.0416666567325592,FALSE,FALSE,TRUE,FALSE,TRUE
17,96,"San Mateo","sm.t1more","17:9605","17:9605::sm.t1more","income","9605",0.433333343267441,1,0.666666662693024,0.611111124356588,0.64583333954215,0.64583333581686,0.375,8,FALSE,FALSE,3.72529029846191e-09,0.388888875643412,-3.72529029846191e-09,0.233333319425583,-0.233333319425583,0.433333343267441,1,0.666666662693024,0.611111124356588,0.64583333954215,0.64583333581686,0.375,8,FALSE,FALSE,3.72529029846191e-09,0.388888875643412,-3.72529029846191e-09,0.233333319425583,-0.233333319425583,TRUE,TRUE,FALSE,TRUE,FALSE
17,96,"San Mateo","sm.t1more","17:9606","17:9606::sm.t1more","income","9606",0.33333333581686,1,0.777777781089147,1,0.500000001862645,0.851851854059431,0.333333333333333,9,FALSE,FALSE,-0.351851852196786,0,0.351851852196786,0.444444445272287,-0.444444445272287,0.33333333581686,1,0.777777781089147,1,0.500000001862645,0.83333333581686,0.25,8,FALSE,FALSE,-0.333333333954215,0,0.333333333954215,0.444444445272287,-0.444444445272287,FALSE,FALSE,TRUE,TRUE,FALSE
17,96,"San Mateo","sm.t1more","17:9607","17:9607::sm.t1more","income","9607",0.333333338300387,0.566666680574417,0.944444437821706,0.666666666666667,0.479166677221656,0.75925925705168,0.666666666666667,9,FALSE,FALSE,-0.280092579830024,-0.0999999860922495,0.280092579830024,0.611111099521319,-0.611111099521319,0.333333338300387,0.566666680574417,0.944444437821706,0.633333337306976,0.479166677221656,0.75,0.625,8,FALSE,FALSE,-0.270833322778344,-0.0666666567325591,0.270833322778344,0.611111099521319,-0.611111099521319,FALSE,FALSE,TRUE,TRUE,FALSE
17,96,"San Mateo","sm.t1more","17:9608","17:9608::sm.t1more","income","9608",0.833333313465118,0.729166673496366,1,0.907407402992249,0.740740744604005,0.916666662693024,0.9,10,FALSE,FALSE,0.175925918089019,0.178240729495883,-0.175925918089019,-0.166666686534882,0.166666686534882,0.833333313465118,0.729166673496366,1,0.89583332836628,0.740740744604005,0.907407402992249,0.888888888888889,9,FALSE,FALSE,0.166666658388244,0.166666654869914,-0.166666658388244,-0.166666686534882,0.166666686534882,TRUE,TRUE,FALSE,FALSE,TRUE
17,96,"San Mateo","sm.t1more","17:9609","17:9609::sm.t1more","income","9609",0.25,1,0.75,1,0.625,0.875,0.5,4,FALSE,FALSE,-0.25,0,0.25,0.5,-0.5,0.25,1,0.75,1,0.625,0.875,0.5,4,FALSE,FALSE,-0.25,0,0.25,0.5,-0.5,FALSE,FALSE,TRUE,TRUE,FALSE
17,96,"San Mateo","sm.t1more","17:9610","17:9610::sm.t1more","income","9610",0.625,0.555555562178294,0.58333332836628,0.555555562178294,0.595238098076412,0.571428571428571,0.428571428571429,7,FALSE,FALSE,-0.0238095266478403,0,0.0238095266478403,0.0416666716337204,-0.0416666716337204,0.625,0.555555562178294,0.58333332836628,0.555555562178294,0.595238098076412,0.571428571428571,0.428571428571429,7,FALSE,FALSE,-0.0238095266478403,0,0.0238095266478403,0.0416666716337204,-0.0416666716337204,FALSE,FALSE,TRUE,TRUE,FALSE
17,96,"San Mateo","sm.t1more","17:9611","17:9611::sm.t1more","income","9611",0.583333343267441,0.7,0.83333332836628,0.666666666666667,0.648148152563307,0.733333331346512,0.6,10,FALSE,FALSE,-0.0851851787832048,0.0333333333333333,0.0851851787832048,0.249999985098839,-0.249999985098839,0.583333343267441,0.7,0.83333332836628,0.633333337306976,0.648148152563307,0.722222222222222,0.555555555555556,9,FALSE,FALSE,-0.0740740696589152,0.0666666626930237,0.0740740696589152,0.249999985098839,-0.249999985098839,FALSE,TRUE,TRUE,TRUE,FALSE
17,96,"San Mateo","sm.t1more","17:9612","17:9612::sm.t1more","income","9612",0.833333343267441,0.5,0.916666656732559,0.722222208976746,0.633333337306976,0.799999988079071,0.6,5,FALSE,FALSE,0.166666650772095,0.222222208976746,-0.166666650772095,-0.0833333134651184,0.0833333134651184,0.833333343267441,0.5,0.916666656732559,0.722222208976746,0.633333337306976,0.799999988079071,0.6,5,FALSE,FALSE,0.166666650772095,0.222222208976746,-0.166666650772095,-0.0833333134651184,0.0833333134651184,TRUE,TRUE,FALSE,FALSE,TRUE
17,96,"San Mateo","sm.t1more","17:9613","17:9613::sm.t1more","income","9613",0.333333333333333,0.5,0.44444444278876,0.500000004257475,0.45,0.48333333581686,0.7,10,FALSE,FALSE,-0.0333333358168602,-4.25747459509296e-09,0.0333333358168602,0.111111109455427,-0.111111109455427,0.333333333333333,0.5,0.44444444278876,0.500000004257475,0.45,0.48333333581686,0.7,10,FALSE,FALSE,-0.0333333358168602,-4.25747459509296e-09,0.0333333358168602,0.111111109455427,-0.111111109455427,FALSE,FALSE,TRUE,TRUE,FALSE
17,96,"San Mateo","sm.t1more","17:9614","17:9614::sm.t1more","income","9614",0.611111129323641,0.666666666666667,0.888888875643412,0.666666666666667,0.638888897995154,0.777777771155039,0.5,6,FALSE,FALSE,-0.138888873159885,0,0.138888873159885,0.277777746319771,-0.277777746319771,0.611111129323641,0.666666666666667,0.888888875643412,0.666666666666667,0.638888897995154,0.777777771155039,0.5,6,FALSE,FALSE,-0.138888873159885,0,0.138888873159885,0.277777746319771,-0.277777746319771,FALSE,FALSE,TRUE,TRUE,FALSE
17,96,"San Mateo","sm.t1more","17:9615","17:9615::sm.t1more","income","9615",0.611111104488373,0.555555542310079,0.722222228844961,0.722222228844961,0.583333323399226,0.722222228844961,0.5,6,FALSE,FALSE,0.138888905445735,0.166666686534882,-0.138888905445735,-0.111111124356588,0.111111124356588,0.611111104488373,0.555555542310079,0.722222228844961,0.722222228844961,0.583333323399226,0.722222228844961,0.5,6,FALSE,FALSE,0.138888905445735,0.166666686534882,-0.138888905445735,-0.111111124356588,0.111111124356588,TRUE,TRUE,FALSE,FALSE,TRUE
17,96,"San Mateo","sm.t1more","17:9616","17:9616::sm.t1more","income","9616",0.416666693985462,0.20833333209157,0.5,0.66666667163372,0.277777786056201,0.61111111442248,0.666666666666667,6,FALSE,FALSE,0.33333332836628,0.45833333954215,-0.33333332836628,-0.0833333060145378,0.0833333060145378,0.416666693985462,0.20833333209157,0.5,0.66666667163372,0.277777786056201,0.61111111442248,0.666666666666667,6,FALSE,FALSE,0.33333332836628,0.45833333954215,-0.33333332836628,-0.0833333060145378,0.0833333060145378,TRUE,TRUE,FALSE,FALSE,TRUE
17,96,"San Mateo","sm.t1more","17:9617","17:9617::sm.t1more","income","9617",0.222222233812014,0.166666701436043,0.333333333333333,0.166666701436043,0.208333350718021,0.291666675359011,0.25,4,FALSE,FALSE,0.0833333246409893,0,-0.0833333246409893,-0.111111099521319,0.111111099521319,0.222222233812014,0.166666701436043,0.333333333333333,0.166666701436043,0.208333350718021,0.291666675359011,0.25,4,FALSE,FALSE,0.0833333246409893,0,-0.0833333246409893,-0.111111099521319,0.111111099521319,TRUE,FALSE,FALSE,FALSE,TRUE
17,96,"San Mateo","sm.t1more","17:9618","17:9618::sm.t1more","income","9618",0.833333343267441,0.714285716414452,0.916666656732559,0.833333330495017,0.740740744604005,0.851851847436693,0.777777777777778,9,FALSE,FALSE,0.111111102832688,0.119047614080565,-0.111111102832688,-0.0833333134651184,0.0833333134651184,0.833333343267441,0.714285716414452,0.916666656732559,0.833333330495017,0.740740744604005,0.851851847436693,0.777777777777778,9,FALSE,FALSE,0.111111102832688,0.119047614080565,-0.111111102832688,-0.0833333134651184,0.0833333134651184,TRUE,TRUE,FALSE,FALSE,TRUE
17,96,"San Mateo","sm.t1more","17:9619","17:9619::sm.t1more","income","9619",0.666666666666667,0.666666656732559,0.722222228844961,0.583333346992731,0.666666660990034,0.642857153500829,0.571428571428571,7,FALSE,FALSE,-0.0238095074892044,-0.0833333097398281,0.0238095074892044,-0.0555555621782939,0.0555555621782939,0.666666666666667,0.666666656732559,0.722222228844961,0.583333346992731,0.666666660990034,0.642857153500829,0.571428571428571,7,FALSE,FALSE,-0.0238095074892044,-0.0833333097398281,0.0238095074892044,-0.0555555621782939,0.0555555621782939,FALSE,FALSE,TRUE,FALSE,TRUE
17,96,"San Mateo","sm.t1more","17:9620","17:9620::sm.t1more","income","9620",0.291666656732559,0.5,0.75,0.75,0.416666662693024,0.75,0.6,10,FALSE,FALSE,-0.333333337306976,-0.25,0.333333337306976,0.458333343267441,-0.458333343267441,0.291666656732559,0.5,0.75,0.75,0.416666662693024,0.75,0.6,10,FALSE,FALSE,-0.333333337306976,-0.25,0.333333337306976,0.458333343267441,-0.458333343267441,FALSE,FALSE,TRUE,TRUE,FALSE
17,96,"San Mateo","sm.t1more","17:9621","17:9621::sm.t1more","income","9621",0.166666656732559,0,0.416666656732559,0.0833333507180214,0.0833333283662796,0.25000000372529,0.5,4,FALSE,FALSE,0.166666675359011,0.0833333507180214,-0.166666675359011,-0.25,0.25,0.166666656732559,0,0.416666656732559,0.0833333507180214,0.0833333283662796,0.25000000372529,0.5,4,FALSE,FALSE,0.166666675359011,0.0833333507180214,-0.166666675359011,-0.25,0.25,TRUE,TRUE,FALSE,FALSE,TRUE
17,96,"San Mateo","sm.t1more","17:9622","17:9622::sm.t1more","income","9622",0.5,0.875,0.777777771155039,0.83333332836628,0.714285714285714,0.809523803847177,0.571428571428571,7,FALSE,FALSE,-0.0952380895614624,0.0416666716337204,0.0952380895614624,0.277777771155039,-0.277777771155039,0.5,0.875,0.777777771155039,0.83333332836628,0.714285714285714,0.809523803847177,0.571428571428571,7,FALSE,FALSE,-0.0952380895614624,0.0416666716337204,0.0952380895614624,0.277777771155039,-0.277777771155039,FALSE,TRUE,TRUE,TRUE,FALSE
17,96,"San Mateo","sm.t1more","17:9623","17:9623::sm.t1more","income","9623",0.916666656732559,0.833333333333333,0.333333343267441,0.666666675359011,0.866666662693024,0.555555564661821,0.666666666666667,6,FALSE,FALSE,-0.311111098031203,-0.166666657974323,0.311111098031203,0.583333313465118,-0.583333313465118,0.916666656732559,0.833333333333333,0.333333343267441,0.555555567145348,0.866666662693024,0.466666677594185,0.6,5,FALSE,FALSE,-0.399999985098839,-0.277777766187986,0.399999985098839,0.583333313465118,-0.583333313465118,FALSE,FALSE,TRUE,TRUE,FALSE
17,96,"San Mateo","sm.t1more","17:9624","17:9624::sm.t1more","income","9624",0.5,0.75,0.91666667163372,0.583333343267441,0.6,0.805555562178294,0.333333333333333,6,FALSE,FALSE,-0.205555562178294,0.166666656732559,0.205555562178294,0.41666667163372,-0.41666667163372,0.5,0.75,0.888888895511627,0.583333343267441,0.6,0.766666674613953,0.4,5,FALSE,FALSE,-0.166666674613953,0.166666656732559,0.166666674613953,0.388888895511627,-0.388888895511627,FALSE,TRUE,TRUE,TRUE,FALSE
17,96,"San Mateo","sm.t1more","17:9625","17:9625::sm.t1more","income","9625",NA,0.500000002483527,0.833333313465118,0.694444437821706,0.500000002483527,0.714285705770765,0.857142857142857,7,NA,FALSE,NA,NA,NA,NA,NA,NA,NA,NA,NA,NA,NA,NA,NA,NA,NA,NA,NA,NA,NA,NA,NA,NA,NA,NA,NA
17,96,"San Mateo","sm.t1belowmrkt","17:9601","17:9601::sm.t1belowmrkt","income","9601",0.5,0.625,0.5,0.75,0.6,0.7,0.8,5,FALSE,FALSE,-0.1,-0.125,0.1,0,0,0.5,0.625,0.5,0.75,0.6,0.7,0.8,5,FALSE,FALSE,-0.1,-0.125,0.1,0,0,FALSE,FALSE,TRUE,FALSE,FALSE
17,96,"San Mateo","sm.t1belowmrkt","17:9602","17:9602::sm.t1belowmrkt","income","9602",0.472222233812014,0.416666656732559,0.666666669150194,0.624999985098839,0.450000002980232,0.649999995529652,0.4,10,FALSE,FALSE,0.199999992549419,0.20833332836628,-0.199999992549419,-0.194444435338179,0.194444435338179,0.472222233812014,0.416666656732559,0.666666669150194,0.624999985098839,0.450000002980232,0.649999995529652,0.4,10,FALSE,FALSE,0.199999992549419,0.20833332836628,-0.199999992549419,-0.194444435338179,0.194444435338179,TRUE,TRUE,FALSE,FALSE,TRUE
17,96,"San Mateo","sm.t1belowmrkt","17:9603","17:9603::sm.t1belowmrkt","income","9603",1,0.916666656732559,0.666666666666667,1,0.966666662693024,0.8,0.4,5,FALSE,FALSE,-0.166666662693024,0.0833333432674408,0.166666662693024,0.333333333333333,-0.333333333333333,1,0.916666656732559,0.666666666666667,1,0.966666662693024,0.8,0.4,5,FALSE,FALSE,-0.166666662693024,0.0833333432674408,0.166666662693024,0.333333333333333,-0.333333333333333,FALSE,TRUE,TRUE,TRUE,FALSE
17,96,"San Mateo","sm.t1belowmrkt","17:9604","17:9604::sm.t1belowmrkt","income","9604",0.541666656732559,1,0.50000000372529,0.833333313465118,0.633333325386047,0.566666665673256,0.2,5,FALSE,FALSE,0.0666666597127914,0.166666686534882,-0.0666666597127914,-0.0416666530072689,0.0416666530072689,0.541666656732559,1,0.50000000372529,0.833333313465118,0.633333325386047,0.566666665673256,0.2,5,FALSE,FALSE,0.0666666597127914,0.166666686534882,-0.0666666597127914,-0.0416666530072689,0.0416666530072689,TRUE,TRUE,FALSE,FALSE,TRUE
17,96,"San Mateo","sm.t1belowmrkt","17:9605","17:9605::sm.t1belowmrkt","income","9605",0.766666677594185,0.777777771155039,0.7,0.777777771155039,0.770833337679505,0.72916666418314,0.375,8,FALSE,FALSE,0.0416666734963655,0,-0.0416666734963655,-0.0666666775941849,0.0666666775941849,0.766666677594185,0.777777771155039,0.7,0.777777771155039,0.770833337679505,0.72916666418314,0.375,8,FALSE,FALSE,0.0416666734963655,0,-0.0416666734963655,-0.0666666775941849,0.0666666775941849,TRUE,FALSE,FALSE,FALSE,TRUE
17,96,"San Mateo","sm.t1belowmrkt","17:9606","17:9606::sm.t1belowmrkt","income","9606",0.722222218910853,0.944444437821706,0.733333340287209,1,0.796296291881137,0.833333337679505,0.333333333333333,9,FALSE,FALSE,-0.037037045798368,-0.0555555621782938,0.037037045798368,0.0111111213763555,-0.0111111213763555,0.866666662693024,0.944444437821706,0.733333340287209,1,0.89583332836628,0.833333337679505,0.375,8,FALSE,FALSE,0.0624999906867743,-0.0555555621782938,-0.0624999906867743,-0.133333322405815,0.133333322405815,FALSE,FALSE,TRUE,TRUE,FALSE
17,96,"San Mateo","sm.t1belowmrkt","17:9607","17:9607::sm.t1belowmrkt","income","9607",0.66666667163372,0.583333333333333,0.777777771155039,0.722222231328487,0.611111112766796,0.740740744604005,0.666666666666667,9,FALSE,FALSE,0.129629631837209,0.138888897995154,-0.129629631837209,-0.111111099521319,0.111111099521319,0.66666667163372,0.583333333333333,0.777777771155039,0.722222231328487,0.611111112766796,0.740740744604005,0.666666666666667,9,FALSE,FALSE,0.129629631837209,0.138888897995154,-0.129629631837209,-0.111111099521319,0.111111099521319,TRUE,TRUE,FALSE,FALSE,TRUE
17,96,"San Mateo","sm.t1belowmrkt","17:9608","17:9608::sm.t1belowmrkt","income","9608",1,0.537037036485142,0.666666686534882,0.64583332836628,0.583333332836628,0.648148145940569,0.9,10,FALSE,FALSE,0.0648148131039408,0.108796291881137,-0.0648148131039408,0.333333313465118,-0.333333313465118,1,0.541666666045785,0.666666686534882,0.64583332836628,0.592592592040698,0.648148145940569,0.888888888888889,9,FALSE,FALSE,0.055555553899871,0.104166662320495,-0.055555553899871,0.333333313465118,-0.333333313465118,TRUE,TRUE,FALSE,TRUE,FALSE
17,96,"San Mateo","sm.t1belowmrkt","17:9609","17:9609::sm.t1belowmrkt","income","9609",1,0.5,1,0.416666656732559,0.75,0.70833332836628,0.5,4,FALSE,FALSE,-0.0416666716337204,-0.0833333432674408,0.0416666716337204,0,0,1,0.5,1,0.416666656732559,0.75,0.70833332836628,0.5,4,FALSE,FALSE,-0.0416666716337204,-0.0833333432674408,0.0416666716337204,0,0,FALSE,FALSE,TRUE,FALSE,FALSE
17,96,"San Mateo","sm.t1belowmrkt","17:9610","17:9610::sm.t1belowmrkt","income","9610",0.75000000372529,0.777777771155039,0.75000000372529,0.944444437821706,0.761904761195183,0.833333332623754,0.428571428571429,7,FALSE,FALSE,-0.0714285714285714,-0.166666666666667,0.0714285714285714,0,0,0.75000000372529,0.777777771155039,0.75000000372529,0.944444437821706,0.761904761195183,0.833333332623754,0.428571428571429,7,FALSE,FALSE,-0.0714285714285714,-0.166666666666667,0.0714285714285714,0,0,FALSE,FALSE,TRUE,FALSE,FALSE
17,96,"San Mateo","sm.t1belowmrkt","17:9611","17:9611::sm.t1belowmrkt","income","9611",0.666666656732559,0.88888888557752,0.70833332836628,0.777777781089147,0.799999994039535,0.75,0.6,10,FALSE,FALSE,0.0499999940395355,0.111111104488373,-0.0499999940395355,0.0416666716337204,-0.0416666716337204,0.666666656732559,0.88888888557752,0.70833332836628,0.777777781089147,0.799999994039535,0.75,0.6,10,FALSE,FALSE,0.0499999940395355,0.111111104488373,-0.0499999940395355,0.0416666716337204,-0.0416666716337204,TRUE,TRUE,FALSE,TRUE,FALSE
17,96,"San Mateo","sm.t1belowmrkt","17:9612","17:9612::sm.t1belowmrkt","income","9612",1,0.388888895511627,1,0.555555562178294,0.633333337306976,0.733333337306976,0.6,5,FALSE,FALSE,0.1,0.166666666666667,-0.1,0,0,1,0.388888895511627,1,0.555555562178294,0.633333337306976,0.733333337306976,0.6,5,FALSE,FALSE,0.1,0.166666666666667,-0.1,0,0,TRUE,TRUE,FALSE,FALSE,FALSE
17,96,"San Mateo","sm.t1belowmrkt","17:9613","17:9613::sm.t1belowmrkt","income","9613",0.388888895511627,0.5,0.777777771155039,0.64285714498588,0.466666668653488,0.683333332836628,0.7,10,FALSE,FALSE,-0.21666666418314,-0.14285714498588,0.21666666418314,0.388888875643412,-0.388888875643412,0.388888895511627,0.5,0.777777771155039,0.64285714498588,0.466666668653488,0.683333332836628,0.7,10,FALSE,FALSE,-0.21666666418314,-0.14285714498588,0.21666666418314,0.388888875643412,-0.388888875643412,FALSE,FALSE,TRUE,TRUE,FALSE
17,96,"San Mateo","sm.t1belowmrkt","17:9614","17:9614::sm.t1belowmrkt","income","9614",0.27777777115504,0.722222233812014,0.666666666666667,0.833333333333333,0.500000002483527,0.75,0.5,6,FALSE,FALSE,-0.249999997516473,-0.111111099521319,0.249999997516473,0.388888895511627,-0.388888895511627,0.27777777115504,0.722222233812014,0.666666666666667,0.833333333333333,0.500000002483527,0.75,0.5,6,FALSE,FALSE,-0.249999997516473,-0.111111099521319,0.249999997516473,0.388888895511627,-0.388888895511627,FALSE,FALSE,TRUE,TRUE,FALSE
17,96,"San Mateo","sm.t1belowmrkt","17:9615","17:9615::sm.t1belowmrkt","income","9615",0.888888895511627,0.833333333333333,1,0.833333333333333,0.86111111442248,0.9,0.5,6,FALSE,FALSE,0.0388888855775198,0,-0.0388888855775198,-0.111111104488373,0.111111104488373,1,0.833333333333333,1,0.833333333333333,0.9,0.9,0.6,5,FALSE,TRUE,0,0,0,0,0,TRUE,FALSE,FALSE,FALSE,TRUE
17,96,"San Mateo","sm.t1belowmrkt","17:9616","17:9616::sm.t1belowmrkt","income","9616",0.583333313465118,0.708333343267441,0.416666656732559,0.75,0.666666666666667,0.63888888557752,0.666666666666667,6,FALSE,FALSE,0.0277777810891469,-0.0416666567325592,-0.0277777810891469,-0.166666656732559,0.166666656732559,0.583333313465118,0.708333343267441,0.416666656732559,0.75,0.666666666666667,0.63888888557752,0.666666666666667,6,FALSE,FALSE,0.0277777810891469,-0.0416666567325592,-0.0277777810891469,-0.166666656732559,0.166666656732559,TRUE,FALSE,FALSE,FALSE,TRUE
17,96,"San Mateo","sm.t1belowmrkt","17:9617","17:9617::sm.t1belowmrkt","income","9617",0.333333333333333,0.666666686534882,0.5,0.666666686534882,0.41666667163372,0.54166667163372,0.25,4,FALSE,FALSE,-0.125,0,0.125,0.166666666666667,-0.166666666666667,0.333333333333333,0.666666686534882,0.5,0.666666686534882,0.41666667163372,0.54166667163372,0.25,4,FALSE,FALSE,-0.125,0,0.125,0.166666666666667,-0.166666666666667,FALSE,FALSE,TRUE,TRUE,FALSE
17,96,"San Mateo","sm.t1belowmrkt","17:9618","17:9618::sm.t1belowmrkt","income","9618",0.666666686534882,0.694444447755814,0.833333343267441,0.666666669504983,0.690476196152823,0.703703708118863,0.777777777777778,9,FALSE,FALSE,-0.0132275119660393,0.0277777782508305,0.0132275119660393,0.166666656732559,-0.166666656732559,0.666666686534882,0.694444447755814,0.666666686534882,0.61111111442248,0.690476196152823,0.619047624724252,0.857142857142857,7,FALSE,FALSE,0.0714285714285714,0.0833333333333334,-0.0714285714285714,0,0,FALSE,TRUE,TRUE,TRUE,FALSE
17,96,"San Mateo","sm.t1belowmrkt","17:9619","17:9619::sm.t1belowmrkt","income","9619",0.555555567145348,0.75,0.388888875643412,0.833333343267441,0.66666667163372,0.642857142857143,0.571428571428571,7,FALSE,FALSE,0.0238095287765775,-0.0833333432674408,-0.0238095287765775,-0.166666691501935,0.166666691501935,0.555555567145348,0.75,0.388888875643412,0.833333343267441,0.66666667163372,0.642857142857143,0.571428571428571,7,FALSE,FALSE,0.0238095287765775,-0.0833333432674408,-0.0238095287765775,-0.166666691501935,0.166666691501935,TRUE,FALSE,FALSE,FALSE,TRUE
17,96,"San Mateo","sm.t1belowmrkt","17:9620","17:9620::sm.t1belowmrkt","income","9620",0.416666656732559,0.75,1,0.88888888557752,0.616666662693024,0.933333331346512,0.6,10,FALSE,FALSE,-0.316666668653488,-0.13888888557752,0.316666668653488,0.583333343267441,-0.583333343267441,0.416666656732559,0.75,1,0.88888888557752,0.616666662693024,0.933333331346512,0.6,10,FALSE,FALSE,-0.316666668653488,-0.13888888557752,0.316666668653488,0.583333343267441,-0.583333343267441,FALSE,FALSE,TRUE,TRUE,FALSE
17,96,"San Mateo","sm.t1belowmrkt","17:9621","17:9621::sm.t1belowmrkt","income","9621",0,0.75,0.833333343267441,0.75,0.5,0.79166667163372,0.5,4,FALSE,FALSE,-0.29166667163372,0,0.29166667163372,0.833333343267441,-0.833333343267441,0,0.75,0.666666686534882,0.75,0.5,0.722222228844961,0.666666666666667,3,FALSE,FALSE,-0.222222228844961,0,0.222222228844961,0.666666686534882,-0.666666686534882,FALSE,FALSE,TRUE,TRUE,FALSE
17,96,"San Mateo","sm.t1belowmrkt","17:9622","17:9622::sm.t1belowmrkt","income","9622",0.611111124356588,0.5,0.666666666666667,0.70833332836628,0.54761905329568,0.690476187637874,0.571428571428571,7,FALSE,FALSE,0.142857134342194,0.20833332836628,-0.142857134342194,-0.0555555423100789,0.0555555423100789,0.611111124356588,0.5,0.666666666666667,0.70833332836628,0.54761905329568,0.690476187637874,0.571428571428571,7,FALSE,FALSE,0.142857134342194,0.20833332836628,-0.142857134342194,-0.0555555423100789,0.0555555423100789,TRUE,TRUE,FALSE,FALSE,TRUE
17,96,"San Mateo","sm.t1belowmrkt","17:9623","17:9623::sm.t1belowmrkt","income","9623",0.583333343267441,0.388888875643412,0.0833333507180214,0.58333333209157,0.466666662693024,0.41666667163372,0.666666666666667,6,FALSE,FALSE,-0.0499999910593033,0.194444456448158,0.0499999910593033,0.499999992549419,-0.499999992549419,0.583333343267441,0.388888875643412,0.0833333507180214,0.722222208976746,0.466666662693024,0.466666665673256,0.6,5,FALSE,FALSE,2.9802322276673e-09,0.333333333333333,-2.9802322276673e-09,0.499999992549419,-0.499999992549419,FALSE,TRUE,TRUE,TRUE,FALSE
17,96,"San Mateo","sm.t1belowmrkt","17:9624","17:9624::sm.t1belowmrkt","income","9624",0.5,0.5,0.75,0.833333343267441,0.5,0.777777781089147,0.333333333333333,6,TRUE,FALSE,NA,NA,NA,NA,NA,0.5,0.5,0.75,0.833333343267441,0.5,0.777777781089147,0.333333333333333,6,TRUE,FALSE,NA,NA,NA,NA,NA,NA,NA,NA,NA,NA
17,96,"San Mateo","sm.t1belowmrkt","17:9625","17:9625::sm.t1belowmrkt","income","9625",0.666666686534882,0.700000002980232,0.666666686534882,0.805555552244186,0.69444445023934,0.785714285714286,0.857142857142857,7,FALSE,FALSE,-0.0912698354749453,-0.105555549263954,0.0912698354749453,0,0,0.666666686534882,0.700000002980232,0.666666686534882,0.8,0.69444445023934,0.777777781089147,0.833333333333333,6,FALSE,FALSE,-0.0833333308498065,-0.0999999970197678,0.0833333308498065,0,0,FALSE,FALSE,TRUE,FALSE,FALSE
17,96,"San Mateo","sm.t1openspace","17:9601","17:9601::sm.t1openspace","income","9601",0.5,0.375,0.5,0.0833333283662796,0.4,0.166666662693024,0.8,5,FALSE,FALSE,-0.233333337306976,-0.29166667163372,0.233333337306976,0,0,0.5,0.375,0.5,0.0833333283662796,0.4,0.166666662693024,0.8,5,FALSE,FALSE,-0.233333337306976,-0.29166667163372,0.233333337306976,0,0,FALSE,FALSE,TRUE,FALSE,FALSE
17,96,"San Mateo","sm.t1openspace","17:9602","17:9602::sm.t1openspace","income","9602",0.611111119389534,0.62500000372529,0.250000002483527,0.416666675359011,0.616666673123836,0.31666667163372,0.4,10,FALSE,FALSE,0.300000001490116,0.20833332836628,-0.300000001490116,-0.361111116906007,0.361111116906007,0.611111119389534,0.62500000372529,0.250000002483527,0.416666675359011,0.616666673123836,0.31666667163372,0.4,10,FALSE,FALSE,0.300000001490116,0.20833332836628,-0.300000001490116,-0.361111116906007,0.361111116906007,TRUE,TRUE,FALSE,FALSE,TRUE
17,96,"San Mateo","sm.t1openspace","17:9603","17:9603::sm.t1openspace","income","9603",0,0.25,0.0555555671453476,0.166666656732559,0.1,0.100000002980232,0.4,5,FALSE,FALSE,-2.9802322276673e-09,0.0833333432674408,2.9802322276673e-09,0.0555555671453476,-0.0555555671453476,0,0.25,0.0555555671453476,0.166666656732559,0.1,0.100000002980232,0.4,5,FALSE,FALSE,-2.9802322276673e-09,0.0833333432674408,2.9802322276673e-09,0.0555555671453476,-0.0555555671453476,FALSE,TRUE,TRUE,TRUE,FALSE
17,96,"San Mateo","sm.t1openspace","17:9604","17:9604::sm.t1openspace","income","9604",0.166666679084301,0,0.0833333507180214,0,0.133333343267441,0.0666666805744171,0.2,5,FALSE,FALSE,-0.0666666626930237,0,0.0666666626930237,0.0833333283662796,-0.0833333283662796,0.166666679084301,0,0.0833333507180214,0,0.133333343267441,0.0666666805744171,0.2,5,FALSE,FALSE,-0.0666666626930237,0,0.0666666626930237,0.0833333283662796,-0.0833333283662796,FALSE,FALSE,TRUE,TRUE,FALSE
17,96,"San Mateo","sm.t1openspace","17:9605","17:9605::sm.t1openspace","income","9605",0.0833333283662796,0.611111104488373,0.0666666626930237,0.222222233812014,0.309523803847177,0.125000001862645,0.375,8,FALSE,FALSE,0.184523801984532,0.388888870676359,-0.184523801984532,-0.0166666656732559,0.0166666656732559,0.0833333283662796,0.611111104488373,0.0833333283662796,0.222222233812014,0.309523803847177,0.14285714498588,0.428571428571429,7,FALSE,FALSE,0.166666658861297,0.388888870676359,-0.166666658861297,0,0,TRUE,TRUE,FALSE,FALSE,TRUE
17,96,"San Mateo","sm.t1openspace","17:9606","17:9606::sm.t1openspace","income","9606",0.222222218910853,0,0.222222236295541,0,0.148148145940569,0.148148157530361,0.333333333333333,9,FALSE,FALSE,1.15897920427432e-08,0,-1.15897920427432e-08,-1.73846880224815e-08,1.73846880224815e-08,0.222222218910853,0,0.222222236295541,0,0.148148145940569,0.148148157530361,0.333333333333333,9,FALSE,FALSE,1.15897920427432e-08,0,-1.15897920427432e-08,-1.73846880224815e-08,1.73846880224815e-08,TRUE,FALSE,FALSE,FALSE,TRUE
17,96,"San Mateo","sm.t1openspace","17:9607","17:9607::sm.t1openspace","income","9607",0.0833333507180214,0.13888888557752,0.166666666666667,0.366666662693024,0.125000001862645,0.29166666418314,0.666666666666667,9,FALSE,FALSE,-0.166666662320495,-0.227777777115504,0.166666662320495,0.0833333159486453,-0.0833333159486453,0.0833333507180214,0.166666662693024,0,0.366666662693024,0.14285714498588,0.261904759066446,0.714285714285714,7,FALSE,FALSE,-0.119047614080565,-0.2,0.119047614080565,-0.0833333507180214,0.0833333507180214,FALSE,FALSE,TRUE,TRUE,FALSE
17,96,"San Mateo","sm.t1openspace","17:9608","17:9608::sm.t1openspace","income","9608",0,0.41666666418314,0.166666701436043,0.203703709774547,0.370370368162791,0.200000008940697,0.9,10,FALSE,FALSE,0.170370359222094,0.212962954408593,-0.170370359222094,0.166666701436043,-0.166666701436043,0,0.41666666418314,0.166666701436043,0.229166673496366,0.370370368162791,0.22222223215633,0.888888888888889,9,FALSE,FALSE,0.148148136006461,0.187499990686774,-0.148148136006461,0.166666701436043,-0.166666701436043,TRUE,TRUE,FALSE,TRUE,FALSE
17,96,"San Mateo","sm.t1openspace","17:9609","17:9609::sm.t1openspace","income","9609",0.583333343267441,0.833333343267441,0.833333343267441,0.5,0.708333343267441,0.66666667163372,0.5,4,FALSE,FALSE,0.0416666716337204,0.333333343267441,-0.0416666716337204,0.25,-0.25,0.583333343267441,0.833333343267441,0.833333343267441,0.5,0.708333343267441,0.66666667163372,0.5,4,FALSE,FALSE,0.0416666716337204,0.333333343267441,-0.0416666716337204,0.25,-0.25,TRUE,TRUE,FALSE,TRUE,FALSE
17,96,"San Mateo","sm.t1openspace","17:9610","17:9610::sm.t1openspace","income","9610",0.45833332836628,0.222222238779068,0.375000022351742,0.27777777115504,0.357142861400332,0.333333343267441,0.428571428571429,7,FALSE,FALSE,-0.023809518132891,0.0555555323759715,0.023809518132891,0.0833333060145378,-0.0833333060145378,0.45833332836628,0.222222238779068,0.375000022351742,0.27777777115504,0.357142861400332,0.333333343267441,0.428571428571429,7,FALSE,FALSE,-0.023809518132891,0.0555555323759715,0.023809518132891,0.0833333060145378,-0.0833333060145378,FALSE,TRUE,TRUE,TRUE,FALSE
17,96,"San Mateo","sm.t1openspace","17:9611","17:9611::sm.t1openspace","income","9611",0,0.200000002980232,0.0416666753590107,0.361111104488373,0.111111112766796,0.233333332836628,0.6,10,FALSE,FALSE,-0.122222220069832,-0.161111101508141,0.122222220069832,0.0416666753590107,-0.0416666753590107,0,0.200000002980232,0.0416666753590107,0.333333325386047,0.111111112766796,0.203703703151809,0.555555555555556,9,FALSE,FALSE,-0.0925925903850132,-0.133333322405815,0.0925925903850132,0.0416666753590107,-0.0416666753590107,FALSE,FALSE,TRUE,TRUE,FALSE
17,96,"San Mateo","sm.t1openspace","17:9612","17:9612::sm.t1openspace","income","9612",0.0833333507180214,0.22222222884496,0.166666656732559,0.388888900478681,0.166666677594185,0.300000002980232,0.6,5,FALSE,FALSE,-0.133333325386047,-0.16666667163372,0.133333325386047,0.0833333060145378,-0.0833333060145378,0.0833333507180214,0.22222222884496,0.166666656732559,0.388888900478681,0.166666677594185,0.300000002980232,0.6,5,FALSE,FALSE,-0.133333325386047,-0.16666667163372,0.133333325386047,0.0833333060145378,-0.0833333060145378,FALSE,FALSE,TRUE,TRUE,FALSE
17,96,"San Mateo","sm.t1openspace","17:9613","17:9613::sm.t1openspace","income","9613",0,0.547619055424418,0,0.357142857142857,0.383333338797092,0.25,0.7,10,FALSE,FALSE,0.133333338797092,0.190476198281561,-0.133333338797092,0,0,0,0.547619055424418,0,0.357142857142857,0.383333338797092,0.25,0.7,10,FALSE,FALSE,0.133333338797092,0.190476198281561,-0.133333338797092,0,0,TRUE,TRUE,FALSE,FALSE,FALSE
17,96,"San Mateo","sm.t1openspace","17:9614","17:9614::sm.t1openspace","income","9614",0.0555555671453476,0.222222233812014,0.0555555671453476,0.166666701436043,0.138888900478681,0.111111134290695,0.5,6,FALSE,FALSE,0.0277777661879857,0.0555555323759715,-0.0277777661879857,0,0,0.0555555671453476,0.222222233812014,0.0555555671453476,0.166666701436043,0.138888900478681,0.111111134290695,0.5,6,FALSE,FALSE,0.0277777661879857,0.0555555323759715,-0.0277777661879857,0,0,TRUE,TRUE,FALSE,FALSE,FALSE
17,96,"San Mateo","sm.t1openspace","17:9615","17:9615::sm.t1openspace","income","9615",0.166666666666667,0.222222233812014,0.166666666666667,0.222222233812014,0.19444445023934,0.19444445023934,0.5,6,FALSE,TRUE,0,0,0,0,0,0.166666666666667,0.222222233812014,0.166666666666667,0.222222233812014,0.19444445023934,0.19444445023934,0.5,6,FALSE,TRUE,0,0,0,0,0,FALSE,FALSE,FALSE,FALSE,FALSE
17,96,"San Mateo","sm.t1openspace","17:9616","17:9616::sm.t1openspace","income","9616",0.250000007450581,0.45833332836628,0.0833333507180214,0.37500000372529,0.388888888061047,0.277777786056201,0.666666666666667,6,FALSE,FALSE,0.111111102004846,0.0833333246409893,-0.111111102004846,-0.166666656732559,0.166666656732559,0.250000007450581,0.45833332836628,0.0833333507180214,0.37500000372529,0.388888888061047,0.277777786056201,0.666666666666667,6,FALSE,FALSE,0.111111102004846,0.0833333246409893,-0.111111102004846,-0.166666656732559,0.166666656732559,TRUE,TRUE,FALSE,FALSE,TRUE
17,96,"San Mateo","sm.t1openspace","17:9617","17:9617::sm.t1openspace","income","9617",0.444444467624029,0.166666701436043,0.16666667163372,0.333333313465118,0.375000026077032,0.20833333209157,0.25,4,FALSE,FALSE,-0.166666693985462,0.166666612029076,0.166666693985462,0.277777795990308,-0.277777795990308,0.444444467624029,0.166666701436043,0.16666667163372,0.333333313465118,0.375000026077032,0.20833333209157,0.25,4,FALSE,FALSE,-0.166666693985462,0.166666612029076,0.166666693985462,0.277777795990308,-0.277777795990308,FALSE,TRUE,TRUE,TRUE,FALSE
17,96,"San Mateo","sm.t1openspace","17:9618","17:9618::sm.t1openspace","income","9618",0.250000007450581,0.285714285714286,0.166666701436043,0.476190483995846,0.277777779433462,0.407407421204779,0.777777777777778,9,FALSE,FALSE,-0.129629641771317,-0.190476198281561,0.129629641771317,-0.0833333060145378,0.0833333060145378,0.250000007450581,0.285714285714286,0.166666701436043,0.476190483995846,0.277777779433462,0.407407421204779,0.777777777777778,9,FALSE,FALSE,-0.129629641771317,-0.190476198281561,0.129629641771317,-0.0833333060145378,0.0833333060145378,FALSE,FALSE,TRUE,FALSE,TRUE
17,96,"San Mateo","sm.t1openspace","17:9619","17:9619::sm.t1openspace","income","9619",0.722222228844961,0.333333338300387,0.222222238779068,0.25000000372529,0.527777783572674,0.238095247319766,0.571428571428571,7,FALSE,FALSE,-0.289682536252907,-0.0833333345750968,0.289682536252907,0.499999990065893,-0.499999990065893,0.722222228844961,0.333333338300387,0.222222238779068,0.27777777115504,0.527777783572674,0.250000004967054,0.5,6,FALSE,FALSE,-0.27777777860562,-0.0555555671453476,0.27777777860562,0.499999990065893,-0.499999990065893,FALSE,FALSE,TRUE,TRUE,FALSE
17,96,"San Mateo","sm.t1openspace","17:9620","17:9620::sm.t1openspace","income","9620",0.458333346992731,0.138888900478681,0.33333332836628,0.333333338300387,0.266666679084301,0.333333334326744,0.6,10,FALSE,FALSE,0.0666666552424431,0.194444437821706,-0.0666666552424431,0.125000018626451,-0.125000018626451,0.458333346992731,0.138888900478681,0.33333332836628,0.333333338300387,0.266666679084301,0.333333334326744,0.6,10,FALSE,FALSE,0.0666666552424431,0.194444437821706,-0.0666666552424431,0.125000018626451,-0.125000018626451,TRUE,TRUE,FALSE,TRUE,FALSE
17,96,"San Mateo","sm.t1openspace","17:9621","17:9621::sm.t1openspace","income","9621",0.5,0.916666656732559,0.916666656732559,0.500000007450581,0.777777771155039,0.70833333209157,0.5,4,FALSE,FALSE,0.0694444390634695,0.416666649281979,-0.0694444390634695,0.416666656732559,-0.416666656732559,0.5,0.916666656732559,1,0.500000007450581,0.777777771155039,0.66666667163372,0.666666666666667,3,FALSE,FALSE,0.111111099521319,0.416666649281979,-0.111111099521319,0.5,-0.5,TRUE,TRUE,FALSE,TRUE,FALSE
17,96,"San Mateo","sm.t1openspace","17:9622","17:9622::sm.t1openspace","income","9622",0,0.625,0.111111104488373,0.75,0.357142857142857,0.47619047335216,0.571428571428571,7,FALSE,FALSE,-0.119047616209303,-0.125,0.119047616209303,0.111111104488373,-0.111111104488373,0,0.625,0.111111104488373,0.75,0.357142857142857,0.47619047335216,0.571428571428571,7,FALSE,FALSE,-0.119047616209303,-0.125,0.119047616209303,0.111111104488373,-0.111111104488373,FALSE,FALSE,TRUE,TRUE,FALSE
17,96,"San Mateo","sm.t1openspace","17:9623","17:9623::sm.t1openspace","income","9623",0.0833333507180214,0.333333333333333,0,0.541666656732559,0.233333340287209,0.361111104488373,0.666666666666667,6,FALSE,FALSE,-0.127777764201164,-0.208333323399226,0.127777764201164,-0.0833333507180214,0.0833333507180214,0.0833333507180214,0.333333333333333,0,0.388888875643412,0.233333340287209,0.233333325386047,0.6,5,FALSE,FALSE,1.49011611938477e-08,-0.0555555423100789,-1.49011611938477e-08,-0.0833333507180214,0.0833333507180214,FALSE,FALSE,TRUE,FALSE,TRUE
17,96,"San Mateo","sm.t1openspace","17:9624","17:9624::sm.t1openspace","income","9624",0.25,0.5,0.0833333507180214,0.0833333507180214,0.333333333333333,0.0833333507180214,0.333333333333333,6,FALSE,FALSE,0.249999982615312,0.416666649281979,-0.249999982615312,-0.166666649281979,0.166666649281979,0.25,0.5,0.0833333507180214,0.0833333507180214,0.333333333333333,0.0833333507180214,0.333333333333333,6,FALSE,FALSE,0.249999982615312,0.416666649281979,-0.249999982615312,-0.166666649281979,0.166666649281979,TRUE,TRUE,FALSE,FALSE,TRUE
17,96,"San Mateo","sm.t1openspace","17:9625","17:9625::sm.t1openspace","income","9625",0.166666701436043,0.277777781089147,0.166666701436043,0.38888888557752,0.261904769710132,0.357142859271594,0.857142857142857,7,FALSE,FALSE,-0.0952380895614624,-0.111111104488373,0.0952380895614624,0,0,0.166666701436043,0.277777781089147,0.166666701436043,0.38888888557752,0.261904769710132,0.357142859271594,0.857142857142857,7,FALSE,FALSE,-0.0952380895614624,-0.111111104488373,0.0952380895614624,0,0,FALSE,FALSE,TRUE,FALSE,FALSE
17,96,"San Mateo","sm.t1countyl","17:9601","17:9601::sm.t1countyl","income","9601",0.666666686534882,0.5,0.666666686534882,0.291666675359011,0.54166667163372,0.366666677594185,0.8,5,FALSE,FALSE,-0.174999994039536,-0.208333324640989,0.174999994039536,0,0,0.666666686534882,0.5,0.666666686534882,0.333333333333333,0.54166667163372,0.41666667163372,0.75,4,FALSE,FALSE,-0.125,-0.166666666666667,0.125,0,0,FALSE,FALSE,TRUE,FALSE,FALSE
17,96,"San Mateo","sm.t1countyl","17:9602","17:9602::sm.t1countyl","income","9602",0.500000002483527,0.5,0.722222218910853,0.45833332836628,0.500000001655685,0.616666662693024,0.4,10,FALSE,FALSE,0.116666661037339,-0.0416666716337204,-0.116666661037339,-0.222222216427326,0.222222216427326,0.500000002483527,0.5,0.722222218910853,0.5,0.500000001655685,0.648148145940569,0.333333333333333,9,FALSE,FALSE,0.148148144284884,0,-0.148148144284884,-0.222222216427326,0.222222216427326,TRUE,FALSE,FALSE,FALSE,TRUE
17,96,"San Mateo","sm.t1countyl","17:9603","17:9603::sm.t1countyl","income","9603",0.22222222884496,0.0833333507180214,0.444444437821706,0,0.166666677594185,0.266666662693024,0.4,5,FALSE,FALSE,0.0999999850988388,-0.0833333507180214,-0.0999999850988388,-0.222222208976746,0.222222208976746,0.22222222884496,0.0833333507180214,0.444444437821706,0,0.166666677594185,0.266666662693024,0.4,5,FALSE,FALSE,0.0999999850988388,-0.0833333507180214,-0.0999999850988388,-0.222222208976746,0.222222208976746,TRUE,FALSE,FALSE,FALSE,TRUE
17,96,"San Mateo","sm.t1countyl","17:9604","17:9604::sm.t1countyl","income","9604",0.708333346992731,0.833333313465118,0.458333346992731,0.166666701436043,0.733333340287209,0.400000017881393,0.2,5,FALSE,FALSE,0.333333322405815,0.666666612029076,-0.333333322405815,-0.25,0.25,0.708333346992731,0.833333313465118,0.458333346992731,0.166666701436043,0.733333340287209,0.400000017881393,0.2,5,FALSE,FALSE,0.333333322405815,0.666666612029076,-0.333333322405815,-0.25,0.25,TRUE,TRUE,FALSE,FALSE,TRUE
17,96,"San Mateo","sm.t1countyl","17:9605","17:9605::sm.t1countyl","income","9605",0.766666662693024,0.5,0.6,0.388888875643412,0.690476187637874,0.52083332836628,0.375,8,FALSE,FALSE,-0.169642859271595,-0.111111124356588,0.169642859271595,0.166666662693024,-0.166666662693024,0.766666662693024,0.5,0.6,0.166666656732559,0.690476187637874,0.47619047335216,0.285714285714286,7,FALSE,FALSE,-0.214285714285714,-0.333333343267441,0.214285714285714,0.166666662693024,-0.166666662693024,FALSE,FALSE,TRUE,TRUE,FALSE
17,96,"San Mateo","sm.t1countyl","17:9606","17:9606::sm.t1countyl","income","9606",0.694444437821706,0.5,0.638888897995154,0.444444467624029,0.64583332836628,0.574074087871446,0.333333333333333,9,FALSE,FALSE,-0.0717592404948341,-0.0555555323759714,0.0717592404948341,0.0555555398265521,-0.0555555398265521,0.694444437821706,0.5,0.638888897995154,0.166666701436043,0.64583332836628,0.520833348855376,0.25,8,FALSE,FALSE,-0.124999979510903,-0.333333298563957,0.124999979510903,0.0555555398265521,-0.0555555398265521,FALSE,FALSE,TRUE,TRUE,FALSE
17,96,"San Mateo","sm.t1countyl","17:9607","17:9607::sm.t1countyl","income","9607",0.666666646798452,0.583333333333333,0.722222233812014,0.47222222139438,0.611111104488373,0.555555558866925,0.666666666666667,9,FALSE,FALSE,-0.055555545621448,-0.111111111938953,0.055555545621448,-0.0555555870135624,0.0555555870135624,0.666666646798452,0.583333333333333,0.722222233812014,0.47222222139438,0.611111104488373,0.555555558866925,0.666666666666667,9,FALSE,FALSE,-0.055555545621448,-0.111111111938953,0.055555545621448,-0.0555555870135624,0.0555555870135624,FALSE,FALSE,TRUE,FALSE,TRUE
17,96,"San Mateo","sm.t1countyl","17:9608","17:9608::sm.t1countyl","income","9608",0.833333313465118,0.499999993377262,0.833333313465118,0.5740740713146,0.533333325386047,0.599999995529652,0.9,10,FALSE,FALSE,0.0666666701436043,0.0740740779373381,-0.0666666701436043,0,0,0.833333313465118,0.499999993377262,0.833333313465118,0.5740740713146,0.533333325386047,0.599999995529652,0.9,10,FALSE,FALSE,0.0666666701436043,0.0740740779373381,-0.0666666701436043,0,0,TRUE,TRUE,FALSE,FALSE,FALSE
17,96,"San Mateo","sm.t1countyl","17:9609","17:9609::sm.t1countyl","income","9609",0.5,0.5,0.916666656732559,0.416666656732559,0.5,0.666666656732559,0.5,4,TRUE,FALSE,NA,NA,NA,NA,NA,0.5,0.5,0.916666656732559,0.416666656732559,0.5,0.666666656732559,0.5,4,TRUE,FALSE,NA,NA,NA,NA,NA,NA,NA,NA,NA,NA
17,96,"San Mateo","sm.t1countyl","17:9610","17:9610::sm.t1countyl","income","9610",0.791666656732559,0.444444437821706,0.416666656732559,0.277777800957362,0.642857134342194,0.357142861400332,0.428571428571429,7,FALSE,FALSE,-0.285714272941862,-0.166666636864344,0.285714272941862,0.375,-0.375,0.791666656732559,0.444444437821706,0.416666656732559,0.277777800957362,0.642857134342194,0.357142861400332,0.428571428571429,7,FALSE,FALSE,-0.285714272941862,-0.166666636864344,0.285714272941862,0.375,-0.375,FALSE,FALSE,TRUE,TRUE,FALSE
17,96,"San Mateo","sm.t1countyl","17:9611","17:9611::sm.t1countyl","income","9611",0.70833332836628,0.566666662693024,0.54166667163372,0.472222208976746,0.629629625214471,0.499999994039536,0.6,10,FALSE,FALSE,-0.129629631174935,-0.0944444537162781,0.129629631174935,0.166666656732559,-0.166666656732559,0.70833332836628,0.566666662693024,0.54166667163372,0.366666650772095,0.629629625214471,0.444444437821706,0.555555555555556,9,FALSE,FALSE,-0.185185187392765,-0.200000011920929,0.185185187392765,0.166666656732559,-0.166666656732559,FALSE,FALSE,TRUE,TRUE,FALSE
17,96,"San Mateo","sm.t1countyl","17:9612","17:9612::sm.t1countyl","income","9612",0.5,0.333333333333333,0.75,0.388888900478681,0.4,0.533333340287209,0.6,5,FALSE,FALSE,0.133333340287209,0.0555555671453477,-0.133333340287209,-0.25,0.25,0.5,0.333333333333333,0.75,0.388888900478681,0.4,0.533333340287209,0.6,5,FALSE,FALSE,0.133333340287209,0.0555555671453477,-0.133333340287209,-0.25,0.25,TRUE,TRUE,FALSE,FALSE,TRUE
17,96,"San Mateo","sm.t1countyl","17:9613","17:9613::sm.t1countyl","income","9613",0.416666693985462,0.428571439215115,0.722222228844961,0.666666669504983,0.425925940275192,0.683333337306976,0.7,10,FALSE,FALSE,-0.257407397031784,-0.238095230289868,0.257407397031784,0.305555534859498,-0.305555534859498,0.416666693985462,0.428571439215115,0.75,0.666666669504983,0.425925940275192,0.685185187392765,0.777777777777778,9,FALSE,FALSE,-0.259259247117572,-0.238095230289868,0.259259247117572,0.333333306014538,-0.333333306014538,FALSE,FALSE,TRUE,TRUE,FALSE
17,96,"San Mateo","sm.t1countyl","17:9614","17:9614::sm.t1countyl","income","9614",0.722222228844961,0.388888875643412,0.277777800957362,0.66666667163372,0.555555552244186,0.472222236295541,0.5,6,FALSE,FALSE,-0.0833333159486452,0.277777795990308,0.0833333159486452,0.444444427887599,-0.444444427887599,0.722222228844961,0.388888875643412,0.277777800957362,0.66666667163372,0.555555552244186,0.472222236295541,0.5,6,FALSE,FALSE,-0.0833333159486452,0.277777795990308,0.0833333159486452,0.444444427887599,-0.444444427887599,FALSE,TRUE,TRUE,TRUE,FALSE
17,96,"San Mateo","sm.t1countyl","17:9615","17:9615::sm.t1countyl","income","9615",0.444444437821706,0.555555562178294,0.500000004967054,0.222222238779068,0.5,0.361111121873061,0.5,6,FALSE,FALSE,0.138888878126939,0.333333323399226,-0.138888878126939,0.0555555671453477,-0.0555555671453477,0.444444437821706,0.555555562178294,0.500000004967054,0.222222238779068,0.5,0.361111121873061,0.5,6,FALSE,FALSE,0.138888878126939,0.333333323399226,-0.138888878126939,0.0555555671453477,-0.0555555671453477,TRUE,TRUE,FALSE,TRUE,FALSE
17,96,"San Mateo","sm.t1countyl","17:9616","17:9616::sm.t1countyl","income","9616",0.75,0.45833332836628,0.416666656732559,0.20833332836628,0.555555552244186,0.277777771155039,0.666666666666667,6,FALSE,FALSE,-0.277777781089147,-0.25,0.277777781089147,0.333333343267441,-0.333333343267441,0.75,0.45833332836628,0.416666656732559,0.20833332836628,0.555555552244186,0.277777771155039,0.666666666666667,6,FALSE,FALSE,-0.277777781089147,-0.25,0.277777781089147,0.333333343267441,-0.333333343267441,FALSE,FALSE,TRUE,TRUE,FALSE
17,96,"San Mateo","sm.t1countyl","17:9617","17:9617::sm.t1countyl","income","9617",0.944444437821706,0.166666701436043,0.555555542310079,0.833333313465118,0.75000000372529,0.624999985098839,0.25,4,FALSE,FALSE,-0.125000018626451,0.666666612029076,0.125000018626451,0.388888895511627,-0.388888895511627,0.944444437821706,0.166666701436043,0.555555542310079,0.833333313465118,0.75000000372529,0.624999985098839,0.25,4,FALSE,FALSE,-0.125000018626451,0.666666612029076,0.125000018626451,0.388888895511627,-0.388888895511627,FALSE,TRUE,TRUE,TRUE,FALSE
17,96,"San Mateo","sm.t1countyl","17:9618","17:9618::sm.t1countyl","income","9618",0.666666656732559,0.555555552244186,0.333333350718021,0.666666663118771,0.58333332836628,0.592592593696382,0.777777777777778,9,FALSE,FALSE,0.00925926533010268,0.111111110874585,-0.00925926533010268,0.333333306014538,-0.333333306014538,0.666666656732559,0.555555552244186,0.333333350718021,0.72222222139438,0.58333332836628,0.62500000372529,0.75,8,FALSE,FALSE,0.0416666753590107,0.166666669150194,-0.0416666753590107,0.333333306014538,-0.333333306014538,TRUE,TRUE,FALSE,TRUE,FALSE
17,96,"San Mateo","sm.t1countyl","17:9619","17:9619::sm.t1countyl","income","9619",0.5,0.25000000372529,0.111111104488373,0.41666667163372,0.357142859271594,0.285714285714286,0.571428571428571,7,FALSE,FALSE,-0.0714285735573087,0.16666666790843,0.0714285735573087,0.388888895511627,-0.388888895511627,0.5,0.25000000372529,0.111111104488373,0.41666667163372,0.357142859271594,0.285714285714286,0.571428571428571,7,FALSE,FALSE,-0.0714285735573087,0.16666666790843,0.0714285735573087,0.388888895511627,-0.388888895511627,FALSE,TRUE,TRUE,TRUE,FALSE
17,96,"San Mateo","sm.t1countyl","17:9620","17:9620::sm.t1countyl","income","9620",0.75,0.44444445023934,0.95833332836628,0.69444445023934,0.566666670143604,0.800000001490116,0.6,10,FALSE,FALSE,0.233333331346512,0.25,-0.233333331346512,-0.20833332836628,0.20833332836628,0.75,0.44444445023934,0.95833332836628,0.69444445023934,0.566666670143604,0.800000001490116,0.6,10,FALSE,FALSE,0.233333331346512,0.25,-0.233333331346512,-0.20833332836628,0.20833332836628,TRUE,TRUE,FALSE,FALSE,TRUE
17,96,"San Mateo","sm.t1countyl","17:9621","17:9621::sm.t1countyl","income","9621",0,0,0.0833333507180214,0.416666656732559,0,0.25000000372529,0.5,4,TRUE,FALSE,NA,NA,NA,NA,NA,0,0,0.0833333507180214,0.416666656732559,0,0.25000000372529,0.5,4,TRUE,FALSE,NA,NA,NA,NA,NA,NA,NA,NA,NA,NA
17,96,"San Mateo","sm.t1countyl","17:9622","17:9622::sm.t1countyl","income","9622",0.833333333333333,0.58333332836628,0.5,0.50000000372529,0.690476187637874,0.500000002128737,0.571428571428571,7,FALSE,FALSE,-0.190476185509137,-0.0833333246409893,0.190476185509137,0.333333333333333,-0.333333333333333,0.833333333333333,0.58333332836628,0.5,0.50000000372529,0.690476187637874,0.500000002128737,0.571428571428571,7,FALSE,FALSE,-0.190476185509137,-0.0833333246409893,0.190476185509137,0.333333333333333,-0.333333333333333,FALSE,FALSE,TRUE,TRUE,FALSE
17,96,"San Mateo","sm.t1countyl","17:9623","17:9623::sm.t1countyl","income","9623",0.416666656732559,0.25,0.5,0.583333343267441,0.305555552244186,0.555555562178294,0.666666666666667,6,FALSE,FALSE,0.250000009934107,0.333333343267441,-0.250000009934107,-0.0833333432674408,0.0833333432674408,0.416666656732559,0.25,0.5,0.583333343267441,0.305555552244186,0.555555562178294,0.666666666666667,6,FALSE,FALSE,0.250000009934107,0.333333343267441,-0.250000009934107,-0.0833333432674408,0.0833333432674408,TRUE,TRUE,FALSE,FALSE,TRUE
17,96,"San Mateo","sm.t1countyl","17:9624","17:9624::sm.t1countyl","income","9624",0.333333333333333,0.666666656732559,0.75,0.75,0.466666662693024,0.75,0.333333333333333,6,FALSE,FALSE,-0.283333337306976,-0.0833333432674408,0.283333337306976,0.416666666666667,-0.416666666666667,0.333333333333333,0.666666656732559,0.666666666666667,0.75,0.466666662693024,0.7,0.4,5,FALSE,FALSE,-0.233333337306976,-0.0833333432674408,0.233333337306976,0.333333333333333,-0.333333333333333,FALSE,FALSE,TRUE,TRUE,FALSE
17,96,"San Mateo","sm.t1countyl","17:9625","17:9625::sm.t1countyl","income","9625",0.666666686534882,0.249999990065893,0.333333313465118,0.611111104488373,0.309523803847177,0.571428562913622,0.857142857142857,7,FALSE,FALSE,0.261904759066446,0.36111111442248,-0.261904759066446,0.333333373069763,-0.333333373069763,0.666666686534882,0.249999990065893,0.333333313465118,0.611111104488373,0.309523803847177,0.571428562913622,0.857142857142857,7,FALSE,FALSE,0.261904759066446,0.36111111442248,-0.261904759066446,0.333333373069763,-0.333333373069763,TRUE,TRUE,FALSE,TRUE,FALSE
2,22,"UK Health","ukhealth.t1payhlt","2:2201","2:2201::ukhealth.t1payhlt","income","2201",0,0.25,0,0.0625,0.181818181818182,0.0454545454545454,0.75,12,FALSE,FALSE,0.136363636363636,0.1875,-0.136363636363636,0,0,0,0.285714285714286,0,0.0714285714285714,0.2,0.05,0.7,10,FALSE,FALSE,0.15,0.214285714285714,-0.15,0,0,TRUE,TRUE,FALSE,FALSE,FALSE
2,22,"UK Health","ukhealth.t1payhlt","2:2202","2:2202::ukhealth.t1payhlt","income","2202",0.0833333333333333,0.166666666666667,0.166666666666667,0.166666666666667,0.125,0.166666666666667,0.538461538461538,13,FALSE,FALSE,-0.0416666666666667,0,0.0416666666666667,0.0833333333333333,-0.0833333333333333,0.0833333333333333,0.1,0.166666666666667,0.2,0.0909090909090909,0.181818181818182,0.454545454545455,11,FALSE,FALSE,-0.0909090909090909,-0.1,0.0909090909090909,0.0833333333333333,-0.0833333333333333,FALSE,FALSE,TRUE,TRUE,FALSE
2,22,"UK Health","ukhealth.t1payhlt","2:2203","2:2203::ukhealth.t1payhlt","income","2203",0.5,0.0714285714285714,0.125,0.142857142857143,0.227272727272727,0.136363636363636,0.583333333333333,12,FALSE,FALSE,-0.0909090909090909,0.0714285714285714,0.0909090909090909,0.375,-0.375,0.5,0.0714285714285714,0,0.142857142857143,0.2,0.1,0.7,10,FALSE,FALSE,-0.1,0.0714285714285714,0.1,0.5,-0.5,FALSE,TRUE,TRUE,TRUE,FALSE
2,22,"UK Health","ukhealth.t1payhlt","2:2204","2:2204::ukhealth.t1payhlt","income","2204",0.2,0.357142857142857,0,0.333333333333333,0.291666666666667,0.214285714285714,0.642857142857143,14,FALSE,FALSE,0.0773809523809524,0.0238095238095238,-0.0773809523809524,-0.2,0.2,0.2,0.357142857142857,0,0.357142857142857,0.291666666666667,0.208333333333333,0.583333333333333,12,FALSE,FALSE,0.0833333333333334,0,-0.0833333333333334,-0.2,0.2,TRUE,TRUE,FALSE,FALSE,TRUE
2,22,"UK Health","ukhealth.t1payhlt","2:2205","2:2205::ukhealth.t1payhlt","income","2205",0.166666666666667,0.222222222222222,0,0.166666666666667,0.208333333333333,0.115384615384615,0.714285714285714,14,FALSE,FALSE,0.0929487179487179,0.0555555555555555,-0.0929487179487179,-0.166666666666667,0.166666666666667,0.166666666666667,0.25,0,0.1875,0.227272727272727,0.136363636363636,0.727272727272727,11,FALSE,FALSE,0.0909090909090909,0.0625,-0.0909090909090909,-0.166666666666667,0.166666666666667,TRUE,TRUE,FALSE,FALSE,TRUE
2,22,"UK Health","ukhealth.t1payhlt","2:2206","2:2206::ukhealth.t1payhlt","income","2206",0.125,0.166666666666667,0.25,0.15,0.153846153846154,0.178571428571429,0.733333333333333,15,FALSE,FALSE,-0.0247252747252747,0.0166666666666667,0.0247252747252747,0.125,-0.125,0.125,0.1875,0.25,0.1875,0.166666666666667,0.208333333333333,0.666666666666667,12,FALSE,FALSE,-0.0416666666666666,0,0.0416666666666666,0.125,-0.125,FALSE,TRUE,TRUE,TRUE,FALSE
2,22,"UK Health","ukhealth.t1payhlt","2:2207","2:2207::ukhealth.t1payhlt","income","2207",0.2,0.2,0,0.166666666666667,0.2,0.1,0.545454545454545,11,TRUE,FALSE,NA,NA,NA,NA,NA,0.25,0.2,0,0.1,0.222222222222222,0.0555555555555555,0.555555555555556,9,FALSE,FALSE,-0.166666666666667,-0.1,0.166666666666667,0.25,-0.25,NA,NA,NA,NA,NA
2,22,"UK Health","ukhealth.t1payhlt","2:2208","2:2208::ukhealth.t1payhlt","income","2208",0.136363636363636,0,0.0384615384615385,0,0.115384615384615,0.0333333333333333,0.133333333333333,15,FALSE,FALSE,-0.082051282051282,0,0.082051282051282,0.0979020979020979,-0.0979020979020979,0.136363636363636,0,0.0454545454545454,0,0.115384615384615,0.0384615384615385,0.153846153846154,13,FALSE,FALSE,-0.0769230769230769,0,0.0769230769230769,0.0909090909090909,-0.0909090909090909,FALSE,FALSE,TRUE,TRUE,FALSE
2,22,"UK Health","ukhealth.t1payhlt","2:2209","2:2209::ukhealth.t1payhlt","income","2209",0.181818181818182,0.25,0.0833333333333333,0,0.192307692307692,0.0714285714285714,0.142857142857143,14,FALSE,FALSE,0.120879120879121,0.25,-0.120879120879121,-0.0984848484848485,0.0984848484848485,0.181818181818182,0.25,0.0909090909090909,0,0.192307692307692,0.0769230769230769,0.153846153846154,13,FALSE,FALSE,0.115384615384615,0.25,-0.115384615384615,-0.0909090909090909,0.0909090909090909,TRUE,TRUE,FALSE,FALSE,TRUE
2,22,"UK Health","ukhealth.t1payhlt","2:2210","2:2210::ukhealth.t1payhlt","income","2210",0.0714285714285714,0.25,0.0625,0.333333333333333,0.111111111111111,0.136363636363636,0.333333333333333,12,FALSE,FALSE,-0.0252525252525252,-0.0833333333333333,0.0252525252525252,-0.00892857142857144,0.00892857142857144,0.0714285714285714,0.25,0.0714285714285714,0.25,0.111111111111111,0.111111111111111,0.222222222222222,9,FALSE,TRUE,0,0,0,0,0,FALSE,FALSE,TRUE,FALSE,TRUE
2,22,"UK Health","ukhealth.t1payhlt","2:2211","2:2211::ukhealth.t1payhlt","income","2211",0,0.375,0.05,0.125,0.107142857142857,0.0714285714285714,0.285714285714286,14,FALSE,FALSE,0.0357142857142857,0.25,-0.0357142857142857,0.05,-0.05,0,0.375,0.05,0.125,0.107142857142857,0.0714285714285714,0.285714285714286,14,FALSE,FALSE,0.0357142857142857,0.25,-0.0357142857142857,0.05,-0.05,TRUE,TRUE,FALSE,TRUE,FALSE
2,22,"UK Health","ukhealth.t1payhlt","2:2212","2:2212::ukhealth.t1payhlt","income","2212",0.125,0.375,0.0833333333333333,0.25,0.291666666666667,0.1875,0.647058823529412,17,FALSE,FALSE,0.104166666666667,0.125,-0.104166666666667,-0.0416666666666667,0.0416666666666667,0.125,0.375,0.125,0.25,0.291666666666667,0.208333333333333,0.666666666666667,12,FALSE,FALSE,0.0833333333333333,0.125,-0.0833333333333333,0,0,TRUE,TRUE,FALSE,FALSE,TRUE
2,22,"UK Health","ukhealth.t1payhlt","2:2213","2:2213::ukhealth.t1payhlt","income","2213",0.25,0.1875,0.125,0.142857142857143,0.208333333333333,0.136363636363636,0.615384615384615,13,FALSE,FALSE,-0.071969696969697,-0.0446428571428572,0.071969696969697,0.125,-0.125,0.166666666666667,0.214285714285714,0.166666666666667,0.142857142857143,0.2,0.15,0.7,10,FALSE,FALSE,0.05,0.0714285714285714,-0.05,0,0,FALSE,FALSE,TRUE,TRUE,FALSE
2,22,"UK Health","ukhealth.t1payhlt","2:2214","2:2214::ukhealth.t1payhlt","income","2214",0.125,0.208333333333333,0,0.0833333333333333,0.1875,0.0625,0.75,16,FALSE,FALSE,0.125,0.125,-0.125,-0.125,0.125,0.125,0.208333333333333,0,0.0833333333333333,0.1875,0.0625,0.75,16,FALSE,FALSE,0.125,0.125,-0.125,-0.125,0.125,TRUE,TRUE,FALSE,FALSE,TRUE
2,22,"UK Health","ukhealth.t1payhlt","2:2215","2:2215::ukhealth.t1payhlt","income","2215",0.1,0.0833333333333333,0,0.0714285714285714,0.0909090909090909,0.0416666666666667,0.583333333333333,12,FALSE,FALSE,-0.0492424242424242,-0.0119047619047619,0.0492424242424242,0.1,-0.1,0.1,0.0833333333333333,0,0.0833333333333333,0.0909090909090909,0.0454545454545454,0.545454545454545,11,FALSE,FALSE,-0.0454545454545454,0,0.0454545454545454,0.1,-0.1,FALSE,FALSE,TRUE,TRUE,FALSE
2,22,"UK Health","ukhealth.t1poora","2:2201","2:2201::ukhealth.t1poora","income","2201",0.666666666666667,0.777777777777778,0.583333333333333,0.722222222222222,0.75,0.6875,0.75,12,FALSE,FALSE,0.0625,0.0555555555555556,-0.0625,-0.0833333333333333,0.0833333333333333,0.666666666666667,0.777777777777778,0.583333333333333,0.722222222222222,0.75,0.6875,0.75,12,FALSE,FALSE,0.0625,0.0555555555555556,-0.0625,-0.0833333333333333,0.0833333333333333,TRUE,TRUE,FALSE,FALSE,TRUE
2,22,"UK Health","ukhealth.t1poora","2:2202","2:2202::ukhealth.t1poora","income","2202",0.375,0.714285714285714,0.291666666666667,0.75,0.557692307692308,0.520833333333333,0.538461538461538,13,FALSE,FALSE,0.0368589743589745,-0.0357142857142857,-0.0368589743589745,-0.0833333333333333,0.0833333333333333,0.375,0.708333333333333,0.291666666666667,0.75,0.541666666666667,0.520833333333333,0.5,12,FALSE,FALSE,0.0208333333333334,-0.0416666666666666,-0.0208333333333334,-0.0833333333333333,0.0833333333333333,TRUE,FALSE,FALSE,FALSE,TRUE
2,22,"UK Health","ukhealth.t1poora","2:2203","2:2203::ukhealth.t1poora","income","2203",0.5,0.75,0.5,0.607142857142857,0.636363636363636,0.5625,0.583333333333333,12,FALSE,FALSE,0.0738636363636364,0.142857142857143,-0.0738636363636364,0,0,0.5,0.75,0.5,0.666666666666667,0.636363636363636,0.590909090909091,0.545454545454545,11,FALSE,FALSE,0.0454545454545454,0.0833333333333334,-0.0454545454545454,0,0,TRUE,TRUE,FALSE,FALSE,FALSE
2,22,"UK Health","ukhealth.t1poora","2:2204","2:2204::ukhealth.t1poora","income","2204",0.375,0.888888888888889,0.375,0.888888888888889,0.730769230769231,0.730769230769231,0.642857142857143,14,FALSE,TRUE,0,0,0,0,0,0.375,0.888888888888889,0.375,0.888888888888889,0.730769230769231,0.730769230769231,0.692307692307692,13,FALSE,TRUE,0,0,0,0,0,FALSE,FALSE,FALSE,FALSE,FALSE
2,22,"UK Health","ukhealth.t1poora","2:2205","2:2205::ukhealth.t1poora","income","2205",0.4375,0.805555555555556,0.5,0.666666666666667,0.692307692307692,0.615384615384615,0.714285714285714,14,FALSE,FALSE,0.0769230769230769,0.138888888888889,-0.0769230769230769,0.0625,-0.0625,0.4375,0.78125,0.5,0.625,0.666666666666667,0.583333333333333,0.666666666666667,12,FALSE,FALSE,0.0833333333333333,0.15625,-0.0833333333333333,0.0625,-0.0625,TRUE,TRUE,FALSE,TRUE,FALSE
2,22,"UK Health","ukhealth.t1poora","2:2206","2:2206::ukhealth.t1poora","income","2206",0.4375,0.590909090909091,0.375,0.638888888888889,0.55,0.557692307692308,0.733333333333333,15,FALSE,FALSE,-0.00769230769230766,-0.0479797979797979,0.00769230769230766,-0.0625,0.0625,0.4375,0.527777777777778,0.375,0.638888888888889,0.5,0.557692307692308,0.692307692307692,13,FALSE,FALSE,-0.0576923076923077,-0.111111111111111,0.0576923076923077,-0.0625,0.0625,FALSE,FALSE,TRUE,FALSE,TRUE
2,22,"UK Health","ukhealth.t1poora","2:2207","2:2207::ukhealth.t1poora","income","2207",0.5,0.666666666666667,0.333333333333333,0.375,0.590909090909091,0.361111111111111,0.545454545454545,11,FALSE,FALSE,0.22979797979798,0.291666666666667,-0.22979797979798,-0.166666666666667,0.166666666666667,0.583333333333333,0.666666666666667,0.333333333333333,0.375,0.638888888888889,0.361111111111111,0.666666666666667,9,FALSE,FALSE,0.277777777777778,0.291666666666667,-0.277777777777778,-0.25,0.25,TRUE,TRUE,FALSE,FALSE,TRUE
2,22,"UK Health","ukhealth.t1poora","2:2208","2:2208::ukhealth.t1poora","income","2208",0.5,0.5,0.403846153846154,0.25,0.5,0.383333333333333,0.133333333333333,15,TRUE,FALSE,NA,NA,NA,NA,NA,0.5,0.5,0.403846153846154,0.25,0.5,0.383333333333333,0.133333333333333,15,TRUE,FALSE,NA,NA,NA,NA,NA,NA,NA,NA,NA,NA
2,22,"UK Health","ukhealth.t1poora","2:2209","2:2209::ukhealth.t1poora","income","2209",0.541666666666667,1,0.395833333333333,0.5,0.607142857142857,0.410714285714286,0.142857142857143,14,FALSE,FALSE,0.196428571428571,0.5,-0.196428571428571,-0.145833333333333,0.145833333333333,0.541666666666667,1,0.395833333333333,0.5,0.607142857142857,0.410714285714286,0.142857142857143,14,FALSE,FALSE,0.196428571428571,0.5,-0.196428571428571,-0.145833333333333,0.145833333333333,TRUE,TRUE,FALSE,FALSE,TRUE
2,22,"UK Health","ukhealth.t1poora","2:2210","2:2210::ukhealth.t1poora","income","2210",0.28125,0.6875,0.46875,0.75,0.416666666666667,0.5625,0.333333333333333,12,FALSE,FALSE,-0.145833333333333,-0.0625,0.145833333333333,0.1875,-0.1875,0.28125,0.6875,0.46875,0.75,0.416666666666667,0.5625,0.333333333333333,12,FALSE,FALSE,-0.145833333333333,-0.0625,0.145833333333333,0.1875,-0.1875,FALSE,FALSE,TRUE,TRUE,FALSE
2,22,"UK Health","ukhealth.t1poora","2:2211","2:2211::ukhealth.t1poora","income","2211",0.475,0.8125,0.525,0.625,0.571428571428571,0.553571428571429,0.285714285714286,14,FALSE,FALSE,0.0178571428571428,0.1875,-0.0178571428571428,0.05,-0.05,0.475,0.8125,0.525,0.625,0.571428571428571,0.553571428571429,0.285714285714286,14,FALSE,FALSE,0.0178571428571428,0.1875,-0.0178571428571428,0.05,-0.05,TRUE,TRUE,FALSE,TRUE,FALSE
2,22,"UK Health","ukhealth.t1poora","2:2212","2:2212::ukhealth.t1poora","income","2212",0.625,0.772727272727273,0.45,0.75,0.720588235294118,0.65625,0.647058823529412,17,FALSE,FALSE,0.0643382352941176,0.0227272727272727,-0.0643382352941176,-0.175,0.175,0.55,0.772727272727273,0.45,0.75,0.703125,0.65625,0.6875,16,FALSE,FALSE,0.046875,0.0227272727272727,-0.046875,-0.1,0.1,TRUE,TRUE,FALSE,FALSE,TRUE
2,22,"UK Health","ukhealth.t1poora","2:2213","2:2213::ukhealth.t1poora","income","2213",0.75,0.8125,0.55,0.90625,0.788461538461538,0.769230769230769,0.615384615384615,13,FALSE,FALSE,0.0192307692307692,-0.09375,-0.0192307692307692,-0.2,0.2,0.75,0.8125,0.55,0.90625,0.788461538461538,0.769230769230769,0.615384615384615,13,FALSE,FALSE,0.0192307692307692,-0.09375,-0.0192307692307692,-0.2,0.2,TRUE,FALSE,FALSE,FALSE,TRUE
2,22,"UK Health","ukhealth.t1poora","2:2214","2:2214::ukhealth.t1poora","income","2214",0.625,0.708333333333333,0.625,0.5,0.6875,0.53125,0.75,16,FALSE,FALSE,0.15625,0.208333333333333,-0.15625,0,0,0.625,0.708333333333333,0.625,0.5,0.6875,0.53125,0.75,16,FALSE,FALSE,0.15625,0.208333333333333,-0.15625,0,0,TRUE,TRUE,FALSE,FALSE,FALSE
2,22,"UK Health","ukhealth.t1poora","2:2215","2:2215::ukhealth.t1poora","income","2215",0.6,0.5,0.35,0.321428571428571,0.545454545454545,0.333333333333333,0.583333333333333,12,FALSE,FALSE,-0.212121212121212,-0.178571428571429,0.212121212121212,0.25,-0.25,0.6,0.5,0.35,0.291666666666667,0.545454545454545,0.318181818181818,0.545454545454545,11,FALSE,FALSE,-0.227272727272727,-0.208333333333333,0.227272727272727,0.25,-0.25,FALSE,FALSE,TRUE,TRUE,FALSE
2,22,"UK Health","ukhealth.t1option","2:2201","2:2201::ukhealth.t1option","income","2201",1,0.9375,0.833333333333333,1,0.954545454545455,0.958333333333333,0.75,12,FALSE,FALSE,0.00378787878787878,0.0625,-0.00378787878787878,0.166666666666667,-0.166666666666667,1,0.9375,0.833333333333333,1,0.954545454545455,0.954545454545455,0.727272727272727,11,FALSE,TRUE,0,0.0625,0,0.166666666666667,-0.166666666666667,TRUE,TRUE,FALSE,TRUE,FALSE
2,22,"UK Health","ukhealth.t1option","2:2202","2:2202::ukhealth.t1option","income","2202",0.916666666666667,0.8,0.833333333333333,1,0.863636363636364,0.916666666666667,0.538461538461538,13,FALSE,FALSE,0.053030303030303,0.2,-0.053030303030303,0.0833333333333333,-0.0833333333333333,0.916666666666667,0.8,0.833333333333333,1,0.863636363636364,0.909090909090909,0.454545454545455,11,FALSE,FALSE,0.0454545454545454,0.2,-0.0454545454545454,0.0833333333333333,-0.0833333333333333,TRUE,TRUE,FALSE,TRUE,FALSE
2,22,"UK Health","ukhealth.t1option","2:2203","2:2203::ukhealth.t1option","income","2203",0.6,0.928571428571429,1,0.928571428571429,0.791666666666667,0.958333333333333,0.583333333333333,12,FALSE,FALSE,-0.166666666666667,0,0.166666666666667,0.4,-0.4,0.6,0.928571428571429,1,0.928571428571429,0.791666666666667,0.958333333333333,0.583333333333333,12,FALSE,FALSE,-0.166666666666667,0,0.166666666666667,0.4,-0.4,FALSE,FALSE,TRUE,TRUE,FALSE
2,22,"UK Health","ukhealth.t1option","2:2204","2:2204::ukhealth.t1option","income","2204",1,0.777777777777778,0.8,0.777777777777778,0.857142857142857,0.785714285714286,0.642857142857143,14,FALSE,FALSE,-0.0714285714285714,0,0.0714285714285714,0.2,-0.2,1,0.777777777777778,0.8,0.777777777777778,0.857142857142857,0.785714285714286,0.642857142857143,14,FALSE,FALSE,-0.0714285714285714,0,0.0714285714285714,0.2,-0.2,FALSE,FALSE,TRUE,TRUE,FALSE
2,22,"UK Health","ukhealth.t1option","2:2205","2:2205::ukhealth.t1option","income","2205",0.625,0.875,0.625,0.777777777777778,0.791666666666667,0.730769230769231,0.714285714285714,14,FALSE,FALSE,0.0608974358974359,0.0972222222222222,-0.0608974358974359,0,0,0.625,0.857142857142857,0.625,0.785714285714286,0.772727272727273,0.727272727272727,0.636363636363636,11,FALSE,FALSE,0.0454545454545454,0.0714285714285714,-0.0454545454545454,0,0,TRUE,TRUE,FALSE,FALSE,FALSE
2,22,"UK Health","ukhealth.t1option","2:2206","2:2206::ukhealth.t1option","income","2206",1,0.818181818181818,0.875,0.909090909090909,0.866666666666667,0.9,0.733333333333333,15,FALSE,FALSE,0.0333333333333333,0.0909090909090908,-0.0333333333333333,0.125,-0.125,1,0.818181818181818,0.875,0.909090909090909,0.866666666666667,0.9,0.733333333333333,15,FALSE,FALSE,0.0333333333333333,0.0909090909090908,-0.0333333333333333,0.125,-0.125,TRUE,TRUE,FALSE,TRUE,FALSE
2,22,"UK Health","ukhealth.t1option","2:2207","2:2207::ukhealth.t1option","income","2207",1,1,0.9,0.916666666666667,1,0.909090909090909,0.545454545454545,11,TRUE,FALSE,NA,NA,NA,NA,NA,1,1,0.9,0.916666666666667,1,0.909090909090909,0.545454545454545,11,TRUE,FALSE,NA,NA,NA,NA,NA,NA,NA,NA,NA,NA
2,22,"UK Health","ukhealth.t1option","2:2208","2:2208::ukhealth.t1option","income","2208",0.846153846153846,1,0.961538461538462,0.75,0.866666666666667,0.933333333333333,0.133333333333333,15,FALSE,FALSE,-0.0666666666666667,0.25,0.0666666666666667,0.115384615384615,-0.115384615384615,0.846153846153846,1,0.961538461538462,0.75,0.866666666666667,0.933333333333333,0.133333333333333,15,FALSE,FALSE,-0.0666666666666667,0.25,0.0666666666666667,0.115384615384615,-0.115384615384615,FALSE,TRUE,TRUE,TRUE,FALSE
2,22,"UK Health","ukhealth.t1option","2:2209","2:2209::ukhealth.t1option","income","2209",0.863636363636364,0.75,0.875,0.5,0.846153846153846,0.821428571428571,0.142857142857143,14,FALSE,FALSE,-0.0247252747252747,-0.25,0.0247252747252747,-0.0113636363636364,0.0113636363636364,0.863636363636364,0.75,0.863636363636364,0.5,0.846153846153846,0.807692307692308,0.153846153846154,13,FALSE,FALSE,-0.0384615384615384,-0.25,0.0384615384615384,0,0,FALSE,FALSE,TRUE,FALSE,TRUE
2,22,"UK Health","ukhealth.t1option","2:2210","2:2210::ukhealth.t1option","income","2210",0.9375,0.666666666666667,1,1,0.863636363636364,1,0.333333333333333,12,FALSE,FALSE,0.136363636363636,0.333333333333333,-0.136363636363636,-0.0625,0.0625,0.9375,0.666666666666667,1,1,0.863636363636364,1,0.272727272727273,11,FALSE,FALSE,0.136363636363636,0.333333333333333,-0.136363636363636,-0.0625,0.0625,TRUE,TRUE,FALSE,FALSE,TRUE
2,22,"UK Health","ukhealth.t1option","2:2211","2:2211::ukhealth.t1option","income","2211",0.95,1,0.95,1,0.964285714285714,0.964285714285714,0.285714285714286,14,FALSE,TRUE,0,0,0,0,0,0.95,1,0.95,1,0.964285714285714,0.964285714285714,0.285714285714286,14,FALSE,TRUE,0,0,0,0,0,FALSE,FALSE,FALSE,FALSE,FALSE
2,22,"UK Health","ukhealth.t1option","2:2212","2:2212::ukhealth.t1option","income","2212",1,0.8,0.916666666666667,1,0.875,0.970588235294118,0.647058823529412,17,FALSE,FALSE,0.0955882352941176,0.2,-0.0955882352941176,0.0833333333333334,-0.0833333333333334,1,0.8,0.916666666666667,1,0.875,0.96875,0.625,16,FALSE,FALSE,0.09375,0.2,-0.09375,0.0833333333333334,-0.0833333333333334,TRUE,TRUE,FALSE,TRUE,FALSE
2,22,"UK Health","ukhealth.t1option","2:2213","2:2213::ukhealth.t1option","income","2213",0.7,0.875,0.8,0.785714285714286,0.807692307692308,0.791666666666667,0.615384615384615,13,FALSE,FALSE,0.0160256410256411,0.0892857142857143,-0.0160256410256411,0.1,-0.1,0.7,0.928571428571429,0.8,0.785714285714286,0.833333333333333,0.791666666666667,0.583333333333333,12,FALSE,FALSE,0.0416666666666667,0.142857142857143,-0.0416666666666667,0.1,-0.1,TRUE,TRUE,FALSE,TRUE,FALSE
2,22,"UK Health","ukhealth.t1option","2:2214","2:2214::ukhealth.t1option","income","2214",1,0.909090909090909,1,0.916666666666667,0.933333333333333,0.9375,0.75,16,FALSE,FALSE,0.00416666666666665,0.00757575757575757,-0.00416666666666665,0,0,1,0.909090909090909,1,0.909090909090909,0.933333333333333,0.933333333333333,0.733333333333333,15,FALSE,TRUE,0,0,0,0,0,TRUE,TRUE,FALSE,FALSE,FALSE
2,22,"UK Health","ukhealth.t1option","2:2215","2:2215::ukhealth.t1option","income","2215",0.9,0.928571428571429,1,0.785714285714286,0.916666666666667,0.875,0.583333333333333,12,FALSE,FALSE,0.0416666666666666,0.142857142857143,-0.0416666666666666,0.1,-0.1,0.9,0.928571428571429,1,0.785714285714286,0.916666666666667,0.875,0.583333333333333,12,FALSE,FALSE,0.0416666666666666,0.142857142857143,-0.0416666666666666,0.1,-0.1,TRUE,TRUE,FALSE,TRUE,FALSE
2,22,"UK Health","ukhealth.t1hlthfu","2:2201","2:2201::ukhealth.t1hlthfu","income","2201",0.35,0.333333333333333,0.216666666666667,0.437037037037037,0.336363636363636,0.381944444444444,0.75,12,FALSE,FALSE,0.0455808080808081,0.103703703703704,-0.0455808080808081,0.133333333333333,-0.133333333333333,0.35,0.333333333333333,0.325,0.437037037037037,0.336363636363636,0.416666666666667,0.818181818181818,11,FALSE,FALSE,0.0803030303030303,0.103703703703704,-0.0803030303030303,0.025,-0.025,TRUE,TRUE,FALSE,TRUE,FALSE
2,22,"UK Health","ukhealth.t1hlthfu","2:2202","2:2202::ukhealth.t1hlthfu","income","2202",0.275,0.25,0.225,0.2675,0.261538461538462,0.244318181818182,0.538461538461538,13,FALSE,FALSE,-0.0172202797202797,0.0175,0.0172202797202797,0.05,-0.05,0.275,0.26,0.225,0.2675,0.268181818181818,0.244318181818182,0.454545454545455,11,FALSE,FALSE,-0.0238636363636364,0.00750000000000001,0.0238636363636364,0.05,-0.05,FALSE,TRUE,TRUE,TRUE,FALSE
2,22,"UK Health","ukhealth.t1hlthfu","2:2203","2:2203::ukhealth.t1hlthfu","income","2203",0.36,0.251785714285714,0.41,0.25,0.296875,0.316666666666667,0.583333333333333,12,FALSE,FALSE,0.0197916666666667,-0.00178571428571428,-0.0197916666666667,-0.05,0.05,0.36,0.251785714285714,0.41,0.25,0.296875,0.316666666666667,0.583333333333333,12,FALSE,FALSE,0.0197916666666667,-0.00178571428571428,-0.0197916666666667,-0.05,0.05,TRUE,FALSE,FALSE,FALSE,TRUE
2,22,"UK Health","ukhealth.t1hlthfu","2:2204","2:2204::ukhealth.t1hlthfu","income","2204",0.33,0.5,0.49,0.464814814814815,0.439285714285714,0.473809523809524,0.642857142857143,14,FALSE,FALSE,-0.0345238095238095,0.0351851851851852,0.0345238095238095,0.16,-0.16,0.33,0.5,0.49,0.464814814814815,0.439285714285714,0.473809523809524,0.642857142857143,14,FALSE,FALSE,-0.0345238095238095,0.0351851851851852,0.0345238095238095,0.16,-0.16,FALSE,TRUE,TRUE,TRUE,FALSE
2,22,"UK Health","ukhealth.t1hlthfu","2:2205","2:2205::ukhealth.t1hlthfu","income","2205",0.3375,0.285,0.4375,0.425,0.3,0.429166666666667,0.714285714285714,14,FALSE,FALSE,0.129166666666667,0.14,-0.129166666666667,-0.1,0.1,0.3375,0.325,0.4375,0.425,0.329166666666667,0.429166666666667,0.666666666666667,12,FALSE,FALSE,0.1,0.1,-0.1,-0.1,0.1,TRUE,TRUE,FALSE,FALSE,TRUE
2,22,"UK Health","ukhealth.t1hlthfu","2:2206","2:2206::ukhealth.t1hlthfu","income","2206",0.291666666666667,0.253409090909091,0.225,0.373863636363636,0.263611111111111,0.334166666666667,0.733333333333333,15,FALSE,FALSE,0.0705555555555555,0.120454545454545,-0.0705555555555555,0.0666666666666667,-0.0666666666666667,0.291666666666667,0.253409090909091,0.225,0.373863636363636,0.263611111111111,0.334166666666667,0.733333333333333,15,FALSE,FALSE,0.0705555555555555,0.120454545454545,-0.0705555555555555,0.0666666666666667,-0.0666666666666667,TRUE,TRUE,FALSE,TRUE,FALSE
2,22,"UK Health","ukhealth.t1hlthfu","2:2207","2:2207::ukhealth.t1hlthfu","income","2207",0.2,0.358333333333333,0.23,0.391666666666667,0.286363636363636,0.318181818181818,0.545454545454545,11,FALSE,FALSE,-0.0318181818181818,-0.0333333333333333,0.0318181818181818,0.03,-0.03,0.2,0.358333333333333,0.23,0.391666666666667,0.286363636363636,0.318181818181818,0.545454545454545,11,FALSE,FALSE,-0.0318181818181818,-0.0333333333333333,0.0318181818181818,0.03,-0.03,FALSE,FALSE,TRUE,TRUE,FALSE
2,22,"UK Health","ukhealth.t1hlthfu","2:2208","2:2208::ukhealth.t1hlthfu","income","2208",0.492307692307692,0.525,0.417307692307692,0.275,0.496666666666667,0.398333333333333,0.133333333333333,15,FALSE,FALSE,0.0983333333333333,0.25,-0.0983333333333333,-0.075,0.075,0.492307692307692,0.525,0.417307692307692,0.275,0.496666666666667,0.398333333333333,0.133333333333333,15,FALSE,FALSE,0.0983333333333333,0.25,-0.0983333333333333,-0.075,0.075,TRUE,TRUE,FALSE,FALSE,TRUE
2,22,"UK Health","ukhealth.t1hlthfu","2:2209","2:2209::ukhealth.t1hlthfu","income","2209",0.429166666666667,0.45,0.245833333333333,0.35,0.432142857142857,0.260714285714286,0.142857142857143,14,FALSE,FALSE,0.171428571428571,0.1,-0.171428571428571,-0.183333333333333,0.183333333333333,0.429166666666667,0.45,0.245833333333333,0.35,0.432142857142857,0.260714285714286,0.142857142857143,14,FALSE,FALSE,0.171428571428571,0.1,-0.171428571428571,-0.183333333333333,0.183333333333333,TRUE,TRUE,FALSE,FALSE,TRUE
2,22,"UK Health","ukhealth.t1hlthfu","2:2210","2:2210::ukhealth.t1hlthfu","income","2210",0.31875,0.0875,0.325,0.2875,0.241666666666667,0.3125,0.333333333333333,12,FALSE,FALSE,0.0708333333333333,0.2,-0.0708333333333333,-0.00624999999999998,0.00624999999999998,0.31875,0.0875,0.325,0.2875,0.241666666666667,0.3125,0.333333333333333,12,FALSE,FALSE,0.0708333333333333,0.2,-0.0708333333333333,-0.00624999999999998,0.00624999999999998,TRUE,TRUE,FALSE,FALSE,TRUE
2,22,"UK Health","ukhealth.t1hlthfu","2:2211","2:2211::ukhealth.t1hlthfu","income","2211",0.325,0.316666666666667,0.165,0.309375,0.323076923076923,0.20625,0.285714285714286,14,FALSE,FALSE,-0.116826923076923,-0.00729166666666664,0.116826923076923,0.16,-0.16,0.325,0.316666666666667,0.165,0.266666666666667,0.323076923076923,0.188461538461538,0.230769230769231,13,FALSE,FALSE,-0.134615384615385,-0.05,0.134615384615385,0.16,-0.16,FALSE,FALSE,TRUE,TRUE,FALSE
2,22,"UK Health","ukhealth.t1hlthfu","2:2212","2:2212::ukhealth.t1hlthfu","income","2212",0.441666666666667,0.365151515151515,0.425,0.332954545454545,0.392156862745098,0.365441176470588,0.647058823529412,17,FALSE,FALSE,-0.0267156862745098,-0.0321969696969697,0.0267156862745098,0.0166666666666667,-0.0166666666666667,0.441666666666667,0.365151515151515,0.425,0.332954545454545,0.392156862745098,0.365441176470588,0.647058823529412,17,FALSE,FALSE,-0.0267156862745098,-0.0321969696969697,0.0267156862745098,0.0166666666666667,-0.0166666666666667,FALSE,FALSE,TRUE,TRUE,FALSE
2,22,"UK Health","ukhealth.t1hlthfu","2:2213","2:2213::ukhealth.t1hlthfu","income","2213",0.22,0.257142857142857,0.46,0.4296875,0.241666666666667,0.441346153846154,0.615384615384615,13,FALSE,FALSE,-0.199679487179487,-0.172544642857143,0.199679487179487,0.24,-0.24,0.22,0.257142857142857,0.46,0.441071428571429,0.241666666666667,0.448958333333333,0.583333333333333,12,FALSE,FALSE,-0.207291666666667,-0.183928571428571,0.207291666666667,0.24,-0.24,FALSE,FALSE,TRUE,TRUE,FALSE
2,22,"UK Health","ukhealth.t1hlthfu","2:2214","2:2214::ukhealth.t1hlthfu","income","2214",0.3125,0.363541666666667,0.4,0.35,0.35078125,0.3625,0.75,16,FALSE,FALSE,-0.01171875,0.0135416666666667,0.01171875,0.0875,-0.0875,0.3125,0.363541666666667,0.4,0.35,0.35078125,0.3625,0.75,16,FALSE,FALSE,-0.01171875,0.0135416666666667,0.01171875,0.0875,-0.0875,FALSE,TRUE,TRUE,TRUE,FALSE
2,22,"UK Health","ukhealth.t1hlthfu","2:2215","2:2215::ukhealth.t1hlthfu","income","2215",0.36,0.233333333333333,0.27,0.285714285714286,0.290909090909091,0.279166666666667,0.583333333333333,12,FALSE,FALSE,-0.0117424242424242,0.0523809523809524,0.0117424242424242,0.09,-0.09,0.36,0.233333333333333,0.27,0.25,0.290909090909091,0.259090909090909,0.545454545454545,11,FALSE,FALSE,-0.0318181818181818,0.0166666666666667,0.0318181818181818,0.09,-0.09,FALSE,TRUE,TRUE,TRUE,FALSE
2,22,"UK Health","ukhealth.t1ctexpt","2:2201","2:2201::ukhealth.t1ctexpt","income","2201",0.604166666666667,0.662037037037037,0.333333333333333,0.631944444444444,0.647569444444444,0.557291666666667,0.75,12,FALSE,FALSE,0.0902777777777778,0.0300925925925927,-0.0902777777777778,-0.270833333333333,0.270833333333333,0.604166666666667,0.662037037037037,0.333333333333333,0.631944444444444,0.647569444444444,0.557291666666667,0.75,12,FALSE,FALSE,0.0902777777777778,0.0300925925925927,-0.0902777777777778,-0.270833333333333,0.270833333333333,TRUE,TRUE,FALSE,FALSE,TRUE
2,22,"UK Health","ukhealth.t1ctexpt","2:2202","2:2202::ukhealth.t1ctexpt","income","2202",0.6125,0.678571428571429,0.715277777777778,0.5625,0.651041666666667,0.63301282051282,0.538461538461538,13,FALSE,FALSE,0.0180288461538461,0.116071428571429,-0.0180288461538461,0.102777777777778,-0.102777777777778,0.6125,0.678571428571429,0.658333333333333,0.5625,0.651041666666667,0.602430555555556,0.583333333333333,12,FALSE,FALSE,0.048611111111111,0.116071428571429,-0.048611111111111,0.0458333333333333,-0.0458333333333333,TRUE,TRUE,FALSE,TRUE,FALSE
2,22,"UK Health","ukhealth.t1ctexpt","2:2203","2:2203::ukhealth.t1ctexpt","income","2203",0.5875,0.639880952380952,0.6125,0.544642857142857,0.618055555555556,0.572916666666667,0.583333333333333,12,FALSE,FALSE,0.045138888888889,0.0952380952380952,-0.045138888888889,0.025,-0.025,0.5875,0.639880952380952,0.6125,0.544642857142857,0.618055555555556,0.572916666666667,0.583333333333333,12,FALSE,FALSE,0.045138888888889,0.0952380952380952,-0.045138888888889,0.025,-0.025,TRUE,TRUE,FALSE,TRUE,FALSE
2,22,"UK Health","ukhealth.t1ctexpt","2:2204","2:2204::ukhealth.t1ctexpt","income","2204",0.858333333333333,0.576388888888889,0.554166666666667,0.590277777777778,0.677083333333333,0.577380952380952,0.642857142857143,14,FALSE,FALSE,-0.099702380952381,0.0138888888888888,0.099702380952381,0.304166666666667,-0.304166666666667,0.858333333333333,0.576388888888889,0.554166666666667,0.590277777777778,0.677083333333333,0.577380952380952,0.642857142857143,14,FALSE,FALSE,-0.099702380952381,0.0138888888888888,0.099702380952381,0.304166666666667,-0.304166666666667,FALSE,TRUE,TRUE,TRUE,FALSE
2,22,"UK Health","ukhealth.t1ctexpt","2:2205","2:2205::ukhealth.t1ctexpt","income","2205",0.640625,0.660416666666667,0.635416666666667,0.65625,0.654761904761905,0.650297619047619,0.714285714285714,14,FALSE,FALSE,0.0044642857142857,0.00416666666666665,-0.0044642857142857,-0.00520833333333337,0.00520833333333337,0.640625,0.660416666666667,0.635416666666667,0.65625,0.654761904761905,0.650297619047619,0.714285714285714,14,FALSE,FALSE,0.0044642857142857,0.00416666666666665,-0.0044642857142857,-0.00520833333333337,0.00520833333333337,TRUE,TRUE,FALSE,FALSE,TRUE
2,22,"UK Health","ukhealth.t1ctexpt","2:2206","2:2206::ukhealth.t1ctexpt","income","2206",0.770833333333333,0.600378787878788,0.796875,0.59469696969697,0.645833333333333,0.648611111111111,0.733333333333333,15,FALSE,FALSE,0.00277777777777777,-0.00568181818181812,-0.00277777777777777,-0.0260416666666666,0.0260416666666666,0.770833333333333,0.600378787878788,0.796875,0.59469696969697,0.645833333333333,0.648611111111111,0.733333333333333,15,FALSE,FALSE,0.00277777777777777,-0.00568181818181812,-0.00277777777777777,-0.0260416666666666,0.0260416666666666,TRUE,FALSE,FALSE,FALSE,TRUE
2,22,"UK Health","ukhealth.t1ctexpt","2:2207","2:2207::ukhealth.t1ctexpt","income","2207",0.7875,0.645833333333333,0.75,0.65625,0.710227272727273,0.69375,0.545454545454545,11,FALSE,FALSE,-0.0164772727272727,0.0104166666666666,0.0164772727272727,0.0375,-0.0375,0.765625,0.645833333333333,0.75,0.65625,0.69375,0.69375,0.6,10,FALSE,TRUE,0,0.0104166666666666,0,0.015625,-0.015625,FALSE,TRUE,TRUE,TRUE,FALSE
2,22,"UK Health","ukhealth.t1ctexpt","2:2208","2:2208::ukhealth.t1ctexpt","income","2208",0.639423076923077,0.84375,0.620192307692308,0.6875,0.666666666666667,0.629166666666667,0.133333333333333,15,FALSE,FALSE,0.0375,0.15625,-0.0375,-0.0192307692307692,0.0192307692307692,0.639423076923077,0.84375,0.620192307692308,0.6875,0.666666666666667,0.629166666666667,0.133333333333333,15,FALSE,FALSE,0.0375,0.15625,-0.0375,-0.0192307692307692,0.0192307692307692,TRUE,TRUE,FALSE,FALSE,TRUE
2,22,"UK Health","ukhealth.t1ctexpt","2:2209","2:2209::ukhealth.t1ctexpt","income","2209",0.689236111111111,0.5625,0.723958333333333,0.5,0.67948717948718,0.691964285714286,0.142857142857143,14,FALSE,FALSE,0.0124771062271062,-0.0625,-0.0124771062271062,-0.0347222222222222,0.0347222222222222,0.689236111111111,0.5625,0.723958333333333,0.5,0.67948717948718,0.706730769230769,0.0769230769230769,13,FALSE,FALSE,0.0272435897435898,-0.0625,-0.0272435897435898,-0.0347222222222222,0.0347222222222222,TRUE,FALSE,FALSE,FALSE,TRUE
2,22,"UK Health","ukhealth.t1ctexpt","2:2210","2:2210::ukhealth.t1ctexpt","income","2210",0.8203125,0.75,0.703125,0.6875,0.796875,0.697916666666667,0.333333333333333,12,FALSE,FALSE,-0.0989583333333334,-0.0625,0.0989583333333334,0.1171875,-0.1171875,0.8203125,0.75,0.703125,0.6875,0.796875,0.697916666666667,0.333333333333333,12,FALSE,FALSE,-0.0989583333333334,-0.0625,0.0989583333333334,0.1171875,-0.1171875,FALSE,FALSE,TRUE,TRUE,FALSE
2,22,"UK Health","ukhealth.t1ctexpt","2:2211","2:2211::ukhealth.t1ctexpt","income","2211",0.74375,0.8125,0.7,0.578125,0.763392857142857,0.665178571428571,0.285714285714286,14,FALSE,FALSE,0.0982142857142857,0.234375,-0.0982142857142857,-0.0437500000000001,0.0437500000000001,0.74375,0.8125,0.7,0.578125,0.763392857142857,0.665178571428571,0.285714285714286,14,FALSE,FALSE,0.0982142857142857,0.234375,-0.0982142857142857,-0.0437500000000001,0.0437500000000001,TRUE,TRUE,FALSE,FALSE,TRUE
2,22,"UK Health","ukhealth.t1ctexpt","2:2212","2:2212::ukhealth.t1ctexpt","income","2212",0.654166666666667,0.625,0.583333333333333,0.5625,0.634114583333333,0.5703125,0.647058823529412,17,FALSE,FALSE,-0.0638020833333334,-0.0625,0.0638020833333334,0.0708333333333333,-0.0708333333333333,0.654166666666667,0.63125,0.6,0.5625,0.638888888888889,0.575,0.666666666666667,15,FALSE,FALSE,-0.0638888888888889,-0.06875,0.0638888888888889,0.0541666666666667,-0.0541666666666667,FALSE,FALSE,TRUE,TRUE,FALSE
2,22,"UK Health","ukhealth.t1ctexpt","2:2213","2:2213::ukhealth.t1ctexpt","income","2213",0.683333333333333,0.5703125,0.734375,0.6015625,0.613782051282051,0.645833333333333,0.615384615384615,13,FALSE,FALSE,0.032051282051282,0.03125,-0.032051282051282,-0.0510416666666667,0.0510416666666667,0.6875,0.5703125,0.734375,0.6015625,0.609375,0.645833333333333,0.666666666666667,12,FALSE,FALSE,0.0364583333333334,0.03125,-0.0364583333333334,-0.046875,0.046875,TRUE,TRUE,FALSE,FALSE,TRUE
2,22,"UK Health","ukhealth.t1ctexpt","2:2214","2:2214::ukhealth.t1ctexpt","income","2214",0.8125,0.625,0.729166666666667,0.5,0.671875,0.557291666666667,0.75,16,FALSE,FALSE,-0.114583333333333,-0.125,0.114583333333333,0.0833333333333334,-0.0833333333333334,0.8125,0.625,0.729166666666667,0.5,0.671875,0.557291666666667,0.75,16,FALSE,FALSE,-0.114583333333333,-0.125,0.114583333333333,0.0833333333333334,-0.0833333333333334,FALSE,FALSE,TRUE,TRUE,FALSE
2,22,"UK Health","ukhealth.t1ctexpt","2:2215","2:2215::ukhealth.t1ctexpt","income","2215",0.7125,0.677083333333333,0.5875,0.741071428571429,0.693181818181818,0.677083333333333,0.583333333333333,12,FALSE,FALSE,-0.0160984848484849,0.0639880952380952,0.0160984848484849,0.125,-0.125,0.7125,0.677083333333333,0.5875,0.822916666666667,0.693181818181818,0.715909090909091,0.545454545454545,11,FALSE,FALSE,0.0227272727272727,0.145833333333333,-0.0227272727272727,0.125,-0.125,FALSE,TRUE,TRUE,TRUE,FALSE
2,22,"UK Health","ukhealth.t1pritre","2:2201","2:2201::ukhealth.t1pritre","income","2201",0.541666666666667,0.62962962962963,0.444444444444444,0.439814814814815,0.613636363636364,0.440972222222222,0.75,12,FALSE,FALSE,0.172664141414141,0.189814814814815,-0.172664141414141,-0.0972222222222222,0.0972222222222222,0.541666666666667,0.62962962962963,0.458333333333333,0.439814814814815,0.613636363636364,0.443181818181818,0.818181818181818,11,FALSE,FALSE,0.170454545454545,0.189814814814815,-0.170454545454545,-0.0833333333333333,0.0833333333333333,TRUE,TRUE,FALSE,FALSE,TRUE
2,22,"UK Health","ukhealth.t1pritre","2:2202","2:2202::ukhealth.t1pritre","income","2202",0.555555555555556,0.488095238095238,0.486111111111111,0.611111111111111,0.519230769230769,0.548611111111111,0.538461538461538,13,FALSE,FALSE,0.0293803418803419,0.123015873015873,-0.0293803418803419,0.0694444444444445,-0.0694444444444445,0.555555555555556,0.5,0.486111111111111,0.611111111111111,0.527777777777778,0.548611111111111,0.5,12,FALSE,FALSE,0.0208333333333334,0.111111111111111,-0.0208333333333334,0.0694444444444445,-0.0694444444444445,TRUE,TRUE,FALSE,TRUE,FALSE
2,22,"UK Health","ukhealth.t1pritre","2:2203","2:2203::ukhealth.t1pritre","income","2203",0.433333333333333,0.488095238095238,0.383333333333333,0.547619047619048,0.465277777777778,0.479166666666667,0.583333333333333,12,FALSE,FALSE,-0.0138888888888889,-0.0595238095238096,0.0138888888888889,-0.05,0.05,0.433333333333333,0.488095238095238,0.383333333333333,0.547619047619048,0.465277777777778,0.479166666666667,0.583333333333333,12,FALSE,FALSE,-0.0138888888888889,-0.0595238095238096,0.0138888888888889,-0.05,0.05,FALSE,FALSE,TRUE,FALSE,TRUE
2,22,"UK Health","ukhealth.t1pritre","2:2204","2:2204::ukhealth.t1pritre","income","2204",0.7,0.5,0.416666666666667,0.472222222222222,0.571428571428571,0.452380952380952,0.642857142857143,14,FALSE,FALSE,-0.119047619047619,-0.0277777777777778,0.119047619047619,0.283333333333333,-0.283333333333333,0.7,0.5,0.416666666666667,0.472222222222222,0.571428571428571,0.452380952380952,0.642857142857143,14,FALSE,FALSE,-0.119047619047619,-0.0277777777777778,0.119047619047619,0.283333333333333,-0.283333333333333,FALSE,FALSE,TRUE,TRUE,FALSE
2,22,"UK Health","ukhealth.t1pritre","2:2205","2:2205::ukhealth.t1pritre","income","2205",0.5,0.566666666666667,0.270833333333333,0.452380952380952,0.547619047619048,0.386363636363636,0.714285714285714,14,FALSE,FALSE,0.161255411255411,0.114285714285714,-0.161255411255411,-0.229166666666667,0.229166666666667,0.5,0.571428571428571,0.270833333333333,0.452380952380952,0.545454545454545,0.386363636363636,0.636363636363636,11,FALSE,FALSE,0.159090909090909,0.119047619047619,-0.159090909090909,-0.229166666666667,0.229166666666667,TRUE,TRUE,FALSE,FALSE,TRUE
2,22,"UK Health","ukhealth.t1pritre","2:2206","2:2206::ukhealth.t1pritre","income","2206",0.666666666666667,0.525,0.458333333333333,0.412878787878788,0.56547619047619,0.425,0.733333333333333,15,FALSE,FALSE,-0.14047619047619,-0.112121212121212,0.14047619047619,0.208333333333333,-0.208333333333333,0.666666666666667,0.525,0.458333333333333,0.3875,0.56547619047619,0.407738095238095,0.714285714285714,14,FALSE,FALSE,-0.157738095238095,-0.1375,0.157738095238095,0.208333333333333,-0.208333333333333,FALSE,FALSE,TRUE,TRUE,FALSE
2,22,"UK Health","ukhealth.t1pritre","2:2207","2:2207::ukhealth.t1pritre","income","2207",0.683333333333333,0.458333333333333,0.75,0.583333333333333,0.560606060606061,0.666666666666667,0.545454545454545,11,FALSE,FALSE,0.106060606060606,0.125,-0.106060606060606,-0.0666666666666667,0.0666666666666667,0.683333333333333,0.483333333333333,0.75,0.583333333333333,0.583333333333333,0.666666666666667,0.5,10,FALSE,FALSE,0.0833333333333334,0.1,-0.0833333333333334,-0.0666666666666667,0.0666666666666667,TRUE,TRUE,FALSE,FALSE,TRUE
2,22,"UK Health","ukhealth.t1pritre","2:2208","2:2208::ukhealth.t1pritre","income","2208",0.525641025641026,0.416666666666667,0.519230769230769,0.666666666666667,0.511111111111111,0.538888888888889,0.133333333333333,15,FALSE,FALSE,0.0277777777777778,0.25,-0.0277777777777778,0.00641025641025639,-0.00641025641025639,0.525641025641026,0.416666666666667,0.519230769230769,0.666666666666667,0.511111111111111,0.538888888888889,0.133333333333333,15,FALSE,FALSE,0.0277777777777778,0.25,-0.0277777777777778,0.00641025641025639,-0.00641025641025639,TRUE,TRUE,FALSE,TRUE,FALSE
2,22,"UK Health","ukhealth.t1pritre","2:2209","2:2209::ukhealth.t1pritre","income","2209",0.534722222222222,0.333333333333333,0.604166666666667,0.166666666666667,0.505952380952381,0.57051282051282,0.142857142857143,14,FALSE,FALSE,0.0645604395604396,-0.166666666666667,-0.0645604395604396,-0.0694444444444444,0.0694444444444444,0.534722222222222,0.25,0.604166666666667,0.166666666666667,0.512820512820513,0.57051282051282,0.0769230769230769,13,FALSE,FALSE,0.0576923076923077,-0.0833333333333333,-0.0576923076923077,-0.0694444444444444,0.0694444444444444,TRUE,FALSE,FALSE,FALSE,TRUE
2,22,"UK Health","ukhealth.t1pritre","2:2210","2:2210::ukhealth.t1pritre","income","2210",0.619791666666667,0.489583333333333,0.484375,0.5,0.576388888888889,0.489583333333333,0.333333333333333,12,FALSE,FALSE,-0.0868055555555555,0.0104166666666667,0.0868055555555555,0.135416666666667,-0.135416666666667,0.619791666666667,0.489583333333333,0.484375,0.5,0.576388888888889,0.489583333333333,0.333333333333333,12,FALSE,FALSE,-0.0868055555555555,0.0104166666666667,0.0868055555555555,0.135416666666667,-0.135416666666667,FALSE,TRUE,TRUE,TRUE,FALSE
2,22,"UK Health","ukhealth.t1pritre","2:2211","2:2211::ukhealth.t1pritre","income","2211",0.591666666666667,0.527777777777778,0.583333333333333,0.458333333333333,0.576923076923077,0.547619047619048,0.285714285714286,14,FALSE,FALSE,-0.0293040293040292,-0.0694444444444444,0.0293040293040292,0.0083333333333333,-0.0083333333333333,0.591666666666667,0.527777777777778,0.583333333333333,0.444444444444444,0.576923076923077,0.551282051282051,0.230769230769231,13,FALSE,FALSE,-0.0256410256410255,-0.0833333333333333,0.0256410256410255,0.0083333333333333,-0.0083333333333333,FALSE,FALSE,TRUE,TRUE,FALSE
2,22,"UK Health","ukhealth.t1pritre","2:2212","2:2212::ukhealth.t1pritre","income","2212",0.55,0.492424242424242,0.45,0.386363636363636,0.510416666666667,0.40625,0.647058823529412,17,FALSE,FALSE,-0.104166666666667,-0.106060606060606,0.104166666666667,0.1,-0.1,0.604166666666667,0.492424242424242,0.4375,0.386363636363636,0.522222222222222,0.4,0.733333333333333,15,FALSE,FALSE,-0.122222222222222,-0.106060606060606,0.122222222222222,0.166666666666667,-0.166666666666667,FALSE,FALSE,TRUE,TRUE,FALSE
2,22,"UK Health","ukhealth.t1pritre","2:2213","2:2213::ukhealth.t1pritre","income","2213",0.433333333333333,0.69047619047619,0.55,0.479166666666667,0.583333333333333,0.506410256410256,0.615384615384615,13,FALSE,FALSE,0.076923076923077,0.211309523809524,-0.076923076923077,0.116666666666667,-0.116666666666667,0.433333333333333,0.69047619047619,0.55,0.452380952380952,0.583333333333333,0.493055555555556,0.583333333333333,12,FALSE,FALSE,0.0902777777777778,0.238095238095238,-0.0902777777777778,0.116666666666667,-0.116666666666667,TRUE,TRUE,FALSE,TRUE,FALSE
2,22,"UK Health","ukhealth.t1pritre","2:2214","2:2214::ukhealth.t1pritre","income","2214",0.604166666666667,0.444444444444444,0.708333333333333,0.325757575757576,0.484375,0.427777777777778,0.75,16,FALSE,FALSE,-0.0565972222222222,-0.118686868686869,0.0565972222222222,-0.104166666666667,0.104166666666667,0.604166666666667,0.409090909090909,0.708333333333333,0.325757575757576,0.461111111111111,0.427777777777778,0.733333333333333,15,FALSE,FALSE,-0.0333333333333333,-0.0833333333333333,0.0333333333333333,-0.104166666666667,0.104166666666667,FALSE,FALSE,TRUE,FALSE,TRUE
2,22,"UK Health","ukhealth.t1pritre","2:2215","2:2215::ukhealth.t1pritre","income","2215",0.616666666666667,0.444444444444444,0.441666666666667,0.5,0.522727272727273,0.475694444444444,0.583333333333333,12,FALSE,FALSE,-0.0470328282828283,0.0555555555555555,0.0470328282828283,0.175,-0.175,0.616666666666667,0.444444444444444,0.441666666666667,0.527777777777778,0.522727272727273,0.488636363636364,0.545454545454545,11,FALSE,FALSE,-0.0340909090909091,0.0833333333333333,0.0340909090909091,0.175,-0.175,FALSE,TRUE,TRUE,TRUE,FALSE
2,22,"UK Health","ukhealth.t1severi","2:2201","2:2201::ukhealth.t1severi","income","2201",0.333333333333333,0.296875,0.375,0.472222222222222,0.306818181818182,0.447916666666667,0.75,12,FALSE,FALSE,0.141098484848485,0.175347222222222,-0.141098484848485,-0.0416666666666667,0.0416666666666667,0.333333333333333,0.296875,0.375,0.484375,0.306818181818182,0.454545454545455,0.727272727272727,11,FALSE,FALSE,0.147727272727273,0.1875,-0.147727272727273,-0.0416666666666667,0.0416666666666667,TRUE,TRUE,FALSE,FALSE,TRUE
2,22,"UK Health","ukhealth.t1severi","2:2202","2:2202::ukhealth.t1severi","income","2202",0.4375,0.425,0.4375,0.395833333333333,0.430555555555556,0.416666666666667,0.538461538461538,13,FALSE,FALSE,-0.0138888888888889,-0.0291666666666667,0.0138888888888889,0,0,0.4375,0.46875,0.5,0.3125,0.453125,0.40625,0.5,8,FALSE,FALSE,0.046875,0.15625,-0.046875,0.0625,-0.0625,FALSE,FALSE,TRUE,FALSE,FALSE
2,22,"UK Health","ukhealth.t1severi","2:2203","2:2203::ukhealth.t1severi","income","2203",0.4375,0.3125,0.425,0.325,0.375,0.375,0.583333333333333,12,FALSE,TRUE,0,0.0125,0,0.0125,-0.0125,0.4375,0.333333333333333,0.40625,0.333333333333333,0.392857142857143,0.375,0.428571428571429,7,FALSE,FALSE,-0.0178571428571428,0,0.0178571428571428,0.03125,-0.03125,FALSE,TRUE,FALSE,TRUE,FALSE
2,22,"UK Health","ukhealth.t1severi","2:2204","2:2204::ukhealth.t1severi","income","2204",0.425,0.5,0.458333333333333,0.464285714285714,0.46875,0.4625,0.642857142857143,14,FALSE,FALSE,0.00624999999999998,0.0357142857142857,-0.00624999999999998,0.0333333333333333,-0.0333333333333333,0.416666666666667,0.520833333333333,0.458333333333333,0.4375,0.486111111111111,0.444444444444444,0.666666666666667,9,FALSE,FALSE,0.0416666666666667,0.0833333333333334,-0.0416666666666667,0.0416666666666666,-0.0416666666666666,TRUE,TRUE,FALSE,TRUE,FALSE
2,22,"UK Health","ukhealth.t1severi","2:2205","2:2205::ukhealth.t1severi","income","2205",0.375,0.5,0.5,0.4375,0.461538461538462,0.458333333333333,0.714285714285714,14,FALSE,FALSE,0.00320512820512825,0.0625,-0.00320512820512825,0.125,-0.125,0.375,0.5,0.5,0.4375,0.458333333333333,0.458333333333333,0.666666666666667,12,FALSE,TRUE,0,0.0625,0,0.125,-0.125,TRUE,TRUE,FALSE,TRUE,FALSE
2,22,"UK Health","ukhealth.t1severi","2:2206","2:2206::ukhealth.t1severi","income","2206",0.4375,0.45,0.40625,0.430555555555556,0.446428571428571,0.423076923076923,0.733333333333333,15,FALSE,FALSE,0.0233516483516484,0.0194444444444444,-0.0233516483516484,-0.03125,0.03125,0.4375,0.472222222222222,0.40625,0.430555555555556,0.461538461538462,0.423076923076923,0.692307692307692,13,FALSE,FALSE,0.0384615384615385,0.0416666666666666,-0.0384615384615385,-0.03125,0.03125,TRUE,TRUE,FALSE,FALSE,TRUE
2,22,"UK Health","ukhealth.t1severi","2:2207","2:2207::ukhealth.t1severi","income","2207",0.4,0.4375,0.425,0.325,0.420454545454545,0.375,0.545454545454545,11,FALSE,FALSE,0.0454545454545455,0.1125,-0.0454545454545455,0.025,-0.025,0.4,0.425,0.425,0.325,0.4125,0.375,0.5,10,FALSE,FALSE,0.0375,0.1,-0.0375,0.025,-0.025,TRUE,TRUE,FALSE,TRUE,FALSE
2,22,"UK Health","ukhealth.t1severi","2:2208","2:2208::ukhealth.t1severi","income","2208",0.475,0.4375,0.384615384615385,0.5,0.46875,0.4,0.133333333333333,15,FALSE,FALSE,-0.06875,0.0625,0.06875,0.0903846153846153,-0.0903846153846153,0.475,0.4375,0.3625,0.5,0.46875,0.385416666666667,0.166666666666667,12,FALSE,FALSE,-0.0833333333333334,0.0625,0.0833333333333334,0.1125,-0.1125,FALSE,TRUE,TRUE,TRUE,FALSE
2,22,"UK Health","ukhealth.t1severi","2:2209","2:2209::ukhealth.t1severi","income","2209",0.375,0.25,0.208333333333333,0.5,0.357142857142857,0.230769230769231,0.142857142857143,14,FALSE,FALSE,-0.126373626373626,0.25,0.126373626373626,0.166666666666667,-0.166666666666667,0.375,0.5,0.208333333333333,0.5,0.384615384615385,0.230769230769231,0.0769230769230769,13,FALSE,FALSE,0.153846153846154,0,-0.153846153846154,-0.166666666666667,0.166666666666667,FALSE,TRUE,TRUE,TRUE,FALSE
2,22,"UK Health","ukhealth.t1severi","2:2210","2:2210::ukhealth.t1severi","income","2210",0.4375,0.416666666666667,0.375,0.5625,0.430555555555556,0.4125,0.333333333333333,12,FALSE,FALSE,-0.0180555555555556,0.145833333333333,0.0180555555555556,0.0625,-0.0625,0.4375,0.5,0.354166666666667,0.5,0.446428571428571,0.375,0.142857142857143,7,FALSE,FALSE,0.0714285714285715,0,-0.0714285714285715,-0.0833333333333333,0.0833333333333333,FALSE,TRUE,TRUE,TRUE,FALSE
2,22,"UK Health","ukhealth.t1severi","2:2211","2:2211::ukhealth.t1severi","income","2211",0.3875,0.53125,0.166666666666667,0.28125,0.428571428571429,0.201923076923077,0.285714285714286,14,FALSE,FALSE,0.226648351648352,0.25,-0.226648351648352,-0.220833333333333,0.220833333333333,0.361111111111111,0.53125,0.166666666666667,0.28125,0.413461538461538,0.201923076923077,0.307692307692308,13,FALSE,FALSE,0.211538461538462,0.25,-0.211538461538462,-0.194444444444444,0.194444444444444,TRUE,TRUE,FALSE,FALSE,TRUE
2,22,"UK Health","ukhealth.t1severi","2:2212","2:2212::ukhealth.t1severi","income","2212",0.395833333333333,0.375,0.3125,0.284090909090909,0.382352941176471,0.291666666666667,0.647058823529412,17,FALSE,FALSE,-0.0906862745098039,-0.0909090909090909,0.0906862745098039,0.0833333333333333,-0.0833333333333333,0.40625,0.375,0.3125,0.284090909090909,0.383333333333333,0.291666666666667,0.733333333333333,15,FALSE,FALSE,-0.0916666666666666,-0.0909090909090909,0.0916666666666666,0.09375,-0.09375,FALSE,FALSE,TRUE,TRUE,FALSE
2,22,"UK Health","ukhealth.t1severi","2:2213","2:2213::ukhealth.t1severi","income","2213",0.5,0.535714285714286,0.333333333333333,0.525,0.520833333333333,0.453125,0.615384615384615,13,FALSE,FALSE,0.0677083333333334,0.0107142857142857,-0.0677083333333334,-0.166666666666667,0.166666666666667,0.583333333333333,0.475,0.333333333333333,0.525,0.515625,0.453125,0.625,8,FALSE,FALSE,-0.0625,0.05,0.0625,0.25,-0.25,TRUE,TRUE,FALSE,FALSE,TRUE
2,22,"UK Health","ukhealth.t1severi","2:2214","2:2214::ukhealth.t1severi","income","2214",0.34375,0.35,0.3125,0.395833333333333,0.348214285714286,0.375,0.75,16,FALSE,FALSE,-0.0267857142857143,-0.0458333333333333,0.0267857142857143,-0.03125,0.03125,0.34375,0.35,0.3125,0.375,0.348214285714286,0.357142857142857,0.714285714285714,14,FALSE,FALSE,-0.00892857142857145,-0.025,0.00892857142857145,-0.03125,0.03125,FALSE,FALSE,TRUE,FALSE,TRUE
2,22,"UK Health","ukhealth.t1severi","2:2215","2:2215::ukhealth.t1severi","income","2215",0.425,0.4375,0.425,0.410714285714286,0.431818181818182,0.416666666666667,0.583333333333333,12,FALSE,FALSE,0.0151515151515152,0.0267857142857143,-0.0151515151515152,0,0,0.425,0.4375,0.425,0.395833333333333,0.431818181818182,0.409090909090909,0.545454545454545,11,FALSE,FALSE,0.0227272727272728,0.0416666666666667,-0.0227272727272728,0,0,TRUE,TRUE,FALSE,FALSE,FALSE
2,22,"UK Health","ukhealth.t1preven","2:2201","2:2201::ukhealth.t1preven","income","2201",0.666666666666667,0.666666666666667,0.5,0.583333333333333,0.666666666666667,0.5625,0.75,12,TRUE,FALSE,NA,NA,NA,NA,NA,0.666666666666667,0.666666666666667,0.5,0.583333333333333,0.666666666666667,0.5625,0.75,12,TRUE,FALSE,NA,NA,NA,NA,NA,NA,NA,NA,NA,NA
2,22,"UK Health","ukhealth.t1preven","2:2202","2:2202::ukhealth.t1preven","income","2202",0.625,0.5,0.625,0.5,0.55,0.557692307692308,0.538461538461538,13,FALSE,FALSE,0.00769230769230766,0,-0.00769230769230766,0,0,0.625,0.5,0.5,0.5,0.55,0.5,0.6,10,FALSE,FALSE,-0.05,0,0.05,0.125,-0.125,TRUE,FALSE,FALSE,FALSE,FALSE
2,22,"UK Health","ukhealth.t1preven","2:2203","2:2203::ukhealth.t1preven","income","2203",0.7,0.714285714285714,0.6875,0.75,0.708333333333333,0.727272727272727,0.583333333333333,12,FALSE,FALSE,-0.0189393939393939,-0.0357142857142857,0.0189393939393939,-0.0125,0.0125,0.6875,0.714285714285714,0.6875,0.75,0.704545454545455,0.727272727272727,0.636363636363636,11,FALSE,FALSE,-0.0227272727272727,-0.0357142857142857,0.0227272727272727,0,0,FALSE,FALSE,TRUE,FALSE,TRUE
2,22,"UK Health","ukhealth.t1preven","2:2204","2:2204::ukhealth.t1preven","income","2204",0.6,0.71875,0.55,0.583333333333333,0.673076923076923,0.571428571428571,0.642857142857143,14,FALSE,FALSE,0.101648351648352,0.135416666666667,-0.101648351648352,-0.0499999999999999,0.0499999999999999,0.6,0.71875,0.55,0.625,0.673076923076923,0.596153846153846,0.615384615384615,13,FALSE,FALSE,0.076923076923077,0.09375,-0.076923076923077,-0.0499999999999999,0.0499999999999999,TRUE,TRUE,FALSE,FALSE,TRUE
2,22,"UK Health","ukhealth.t1preven","2:2205","2:2205::ukhealth.t1preven","income","2205",0.75,0.59375,0.6875,0.583333333333333,0.645833333333333,0.615384615384615,0.714285714285714,14,FALSE,FALSE,-0.030448717948718,-0.0104166666666666,0.030448717948718,0.0625,-0.0625,0.75,0.59375,0.6875,0.59375,0.645833333333333,0.625,0.666666666666667,12,FALSE,FALSE,-0.0208333333333334,0,0.0208333333333334,0.0625,-0.0625,FALSE,FALSE,TRUE,TRUE,FALSE
2,22,"UK Health","ukhealth.t1preven","2:2206","2:2206::ukhealth.t1preven","income","2206",0.3125,0.675,0.5625,0.454545454545455,0.571428571428571,0.483333333333333,0.733333333333333,15,FALSE,FALSE,0.0880952380952381,0.220454545454546,-0.0880952380952381,0.25,-0.25,0.3125,0.675,0.5625,0.45,0.571428571428571,0.482142857142857,0.714285714285714,14,FALSE,FALSE,0.0892857142857142,0.225,-0.0892857142857142,0.25,-0.25,TRUE,TRUE,FALSE,TRUE,FALSE
2,22,"UK Health","ukhealth.t1preven","2:2207","2:2207::ukhealth.t1preven","income","2207",0.6,0.5,0.5625,0.4,0.545454545454545,0.472222222222222,0.545454545454545,11,FALSE,FALSE,-0.0732323232323232,-0.1,0.0732323232323232,0.0375,-0.0375,0.5625,0.5,0.5625,0.4,0.527777777777778,0.472222222222222,0.555555555555556,9,FALSE,FALSE,-0.0555555555555556,-0.1,0.0555555555555556,0,0,FALSE,FALSE,TRUE,TRUE,FALSE
2,22,"UK Health","ukhealth.t1preven","2:2208","2:2208::ukhealth.t1preven","income","2208",0.727272727272727,0.25,0.708333333333333,0.875,0.653846153846154,0.732142857142857,0.133333333333333,15,FALSE,FALSE,0.0782967032967032,0.625,-0.0782967032967032,0.018939393939394,-0.018939393939394,0.727272727272727,0.25,0.704545454545455,0.875,0.653846153846154,0.730769230769231,0.153846153846154,13,FALSE,FALSE,0.0769230769230769,0.625,-0.0769230769230769,0.0227272727272727,-0.0227272727272727,TRUE,TRUE,FALSE,TRUE,FALSE
2,22,"UK Health","ukhealth.t1preven","2:2209","2:2209::ukhealth.t1preven","income","2209",0.604166666666667,0.5,0.4375,1,0.589285714285714,0.517857142857143,0.142857142857143,14,FALSE,FALSE,-0.0714285714285714,0.5,0.0714285714285714,0.166666666666667,-0.166666666666667,0.604166666666667,0.5,0.4375,1,0.589285714285714,0.517857142857143,0.142857142857143,14,FALSE,FALSE,-0.0714285714285714,0.5,0.0714285714285714,0.166666666666667,-0.166666666666667,FALSE,TRUE,TRUE,TRUE,FALSE
2,22,"UK Health","ukhealth.t1preven","2:2210","2:2210::ukhealth.t1preven","income","2210",0.607142857142857,0.5,0.40625,0.75,0.568181818181818,0.5,0.333333333333333,12,FALSE,FALSE,-0.0681818181818182,0.25,0.0681818181818182,0.200892857142857,-0.200892857142857,0.607142857142857,0.583333333333333,0.392857142857143,0.75,0.6,0.5,0.3,10,FALSE,FALSE,-0.1,0.166666666666667,0.1,0.214285714285714,-0.214285714285714,FALSE,TRUE,TRUE,TRUE,FALSE
2,22,"UK Health","ukhealth.t1preven","2:2211","2:2211::ukhealth.t1preven","income","2211",0.625,0.666666666666667,0.25,0.416666666666667,0.634615384615385,0.291666666666667,0.285714285714286,14,FALSE,FALSE,0.342948717948718,0.25,-0.342948717948718,-0.375,0.375,0.666666666666667,0.666666666666667,0.25,0.416666666666667,0.666666666666667,0.291666666666667,0.25,12,TRUE,FALSE,NA,NA,NA,NA,NA,TRUE,TRUE,FALSE,FALSE,TRUE
2,22,"UK Health","ukhealth.t1preven","2:2212","2:2212::ukhealth.t1preven","income","2212",0.6875,0.694444444444444,0.7,0.795454545454545,0.692307692307692,0.765625,0.647058823529412,17,FALSE,FALSE,-0.0733173076923077,-0.101010101010101,0.0733173076923077,0.0125,-0.0125,0.6875,0.694444444444444,0.6875,0.861111111111111,0.692307692307692,0.807692307692308,0.692307692307692,13,FALSE,FALSE,-0.115384615384615,-0.166666666666667,0.115384615384615,0,0,FALSE,FALSE,TRUE,TRUE,FALSE
2,22,"UK Health","ukhealth.t1preven","2:2213","2:2213::ukhealth.t1preven","income","2213",0.45,0.71875,0.8125,0.75,0.615384615384615,0.772727272727273,0.615384615384615,13,FALSE,FALSE,-0.157342657342657,-0.03125,0.157342657342657,0.3625,-0.3625,0.375,0.785714285714286,0.8125,0.75,0.636363636363636,0.772727272727273,0.636363636363636,11,FALSE,FALSE,-0.136363636363636,0.0357142857142857,0.136363636363636,0.4375,-0.4375,FALSE,FALSE,TRUE,TRUE,FALSE
2,22,"UK Health","ukhealth.t1preven","2:2214","2:2214::ukhealth.t1preven","income","2214",0.4375,0.727272727272727,0.9375,0.590909090909091,0.65,0.683333333333333,0.75,16,FALSE,FALSE,-0.0333333333333333,0.136363636363636,0.0333333333333333,0.5,-0.5,0.4375,0.725,0.9375,0.55,0.642857142857143,0.660714285714286,0.714285714285714,14,FALSE,FALSE,-0.0178571428571428,0.175,0.0178571428571428,0.5,-0.5,FALSE,TRUE,TRUE,TRUE,FALSE
2,22,"UK Health","ukhealth.t1preven","2:2215","2:2215::ukhealth.t1preven","income","2215",0.4,0.541666666666667,0.55,0.357142857142857,0.477272727272727,0.4375,0.583333333333333,12,FALSE,FALSE,0.0397727272727273,0.184523809523809,-0.0397727272727273,0.15,-0.15,0.4,0.541666666666667,0.55,0.333333333333333,0.477272727272727,0.431818181818182,0.545454545454545,11,FALSE,FALSE,0.0454545454545455,0.208333333333333,-0.0454545454545455,0.15,-0.15,TRUE,TRUE,FALSE,TRUE,FALSE
2,22,"UK Health","ukhealth.t1dispub","2:2201","2:2201::ukhealth.t1dispub","income","2201",0.333333333333333,0.5,0.25,0.375,0.458333333333333,0.340909090909091,0.75,12,FALSE,FALSE,0.117424242424242,0.125,-0.117424242424242,-0.0833333333333333,0.0833333333333333,0.333333333333333,0.5,0.25,0.375,0.454545454545455,0.340909090909091,0.727272727272727,11,FALSE,FALSE,0.113636363636364,0.125,-0.113636363636364,-0.0833333333333333,0.0833333333333333,TRUE,TRUE,FALSE,FALSE,TRUE
2,22,"UK Health","ukhealth.t1dispub","2:2202","2:2202::ukhealth.t1dispub","income","2202",0.333333333333333,0.375,0.333333333333333,0.3,0.354166666666667,0.318181818181818,0.538461538461538,13,FALSE,FALSE,0.0359848484848485,0.075,-0.0359848484848485,0,0,0.333333333333333,0.4,0.333333333333333,0.3,0.363636363636364,0.318181818181818,0.454545454545455,11,FALSE,FALSE,0.0454545454545455,0.1,-0.0454545454545455,0,0,TRUE,TRUE,FALSE,FALSE,FALSE
2,22,"UK Health","ukhealth.t1dispub","2:2203","2:2203::ukhealth.t1dispub","income","2203",0.3125,0.458333333333333,0.1875,0.392857142857143,0.4,0.318181818181818,0.583333333333333,12,FALSE,FALSE,0.0818181818181818,0.0654761904761905,-0.0818181818181818,-0.125,0.125,0.166666666666667,0.458333333333333,0.25,0.458333333333333,0.361111111111111,0.388888888888889,0.666666666666667,9,FALSE,FALSE,-0.0277777777777778,0,0.0277777777777778,0.0833333333333333,-0.0833333333333333,TRUE,TRUE,FALSE,FALSE,TRUE
2,22,"UK Health","ukhealth.t1dispub","2:2204","2:2204::ukhealth.t1dispub","income","2204",0.5,0.305555555555556,0.4,0.34375,0.375,0.365384615384615,0.642857142857143,14,FALSE,FALSE,-0.00961538461538464,0.0381944444444444,0.00961538461538464,0.1,-0.1,0.5,0.34375,0.4,0.34375,0.403846153846154,0.365384615384615,0.615384615384615,13,FALSE,FALSE,-0.0384615384615385,0,0.0384615384615385,0.1,-0.1,FALSE,TRUE,TRUE,TRUE,FALSE
2,22,"UK Health","ukhealth.t1dispub","2:2205","2:2205::ukhealth.t1dispub","income","2205",0.5,0.305555555555556,0.375,0.333333333333333,0.365384615384615,0.35,0.714285714285714,14,FALSE,FALSE,-0.0153846153846154,0.0277777777777777,0.0153846153846154,0.125,-0.125,0.5,0.333333333333333,0.375,0.333333333333333,0.4,0.35,0.6,10,FALSE,FALSE,-0.05,0,0.05,0.125,-0.125,FALSE,TRUE,TRUE,TRUE,FALSE
2,22,"UK Health","ukhealth.t1dispub","2:2206","2:2206::ukhealth.t1dispub","income","2206",0.375,0.194444444444444,0.375,0.321428571428571,0.25,0.340909090909091,0.733333333333333,15,FALSE,FALSE,0.0909090909090909,0.126984126984127,-0.0909090909090909,0,0,0.375,0.125,0.375,0.333333333333333,0.225,0.35,0.6,10,FALSE,FALSE,0.125,0.208333333333333,-0.125,0,0,TRUE,TRUE,FALSE,FALSE,FALSE
2,22,"UK Health","ukhealth.t1dispub","2:2207","2:2207::ukhealth.t1dispub","income","2207",0.4,0.291666666666667,0.35,0.35,0.340909090909091,0.35,0.545454545454545,11,FALSE,FALSE,0.00909090909090904,0.0583333333333333,-0.00909090909090904,0.05,-0.05,0.4,0.2,0.35,0.35,0.3,0.35,0.5,10,FALSE,FALSE,0.05,0.15,-0.05,0.05,-0.05,TRUE,TRUE,FALSE,TRUE,FALSE
2,22,"UK Health","ukhealth.t1dispub","2:2208","2:2208::ukhealth.t1dispub","income","2208",0.365384615384615,0,0.384615384615385,0.5,0.339285714285714,0.4,0.133333333333333,15,FALSE,FALSE,0.0607142857142857,0.5,-0.0607142857142857,-0.0192307692307693,0.0192307692307693,0.365384615384615,0,0.384615384615385,0.5,0.339285714285714,0.392857142857143,0.0714285714285714,14,FALSE,FALSE,0.0535714285714285,0.5,-0.0535714285714285,-0.0192307692307693,0.0192307692307693,TRUE,TRUE,FALSE,FALSE,TRUE
2,22,"UK Health","ukhealth.t1dispub","2:2209","2:2209::ukhealth.t1dispub","income","2209",0.270833333333333,0,0.416666666666667,0.125,0.232142857142857,0.375,0.142857142857143,14,FALSE,FALSE,0.142857142857143,0.125,-0.142857142857143,-0.145833333333333,0.145833333333333,0.270833333333333,0,0.416666666666667,0.125,0.232142857142857,0.375,0.142857142857143,14,FALSE,FALSE,0.142857142857143,0.125,-0.142857142857143,-0.145833333333333,0.145833333333333,TRUE,TRUE,FALSE,FALSE,TRUE
2,22,"UK Health","ukhealth.t1dispub","2:2210","2:2210::ukhealth.t1dispub","income","2210",0.1875,0.1875,0.34375,0.375,0.1875,0.354166666666667,0.333333333333333,12,TRUE,FALSE,NA,NA,NA,NA,NA,0.1875,0.1875,0.34375,0.375,0.1875,0.354166666666667,0.333333333333333,12,TRUE,FALSE,NA,NA,NA,NA,NA,NA,NA,NA,NA,NA
2,22,"UK Health","ukhealth.t1dispub","2:2211","2:2211::ukhealth.t1dispub","income","2211",0.3,0.5625,0.4,0.5625,0.375,0.446428571428571,0.285714285714286,14,FALSE,FALSE,-0.0714285714285715,0,0.0714285714285715,0.1,-0.1,0.3,0.5625,0.4,0.5625,0.375,0.446428571428571,0.285714285714286,14,FALSE,FALSE,-0.0714285714285715,0,0.0714285714285715,0.1,-0.1,FALSE,FALSE,TRUE,TRUE,FALSE
2,22,"UK Health","ukhealth.t1dispub","2:2212","2:2212::ukhealth.t1dispub","income","2212",0.416666666666667,0.388888888888889,0.458333333333333,0.454545454545455,0.4,0.455882352941176,0.647058823529412,17,FALSE,FALSE,0.0558823529411764,0.0656565656565656,-0.0558823529411764,-0.0416666666666666,0.0416666666666666,0.416666666666667,0.388888888888889,0.458333333333333,0.444444444444444,0.4,0.45,0.6,15,FALSE,FALSE,0.05,0.0555555555555555,-0.05,-0.0416666666666666,0.0416666666666666,TRUE,TRUE,FALSE,FALSE,TRUE
2,22,"UK Health","ukhealth.t1dispub","2:2213","2:2213::ukhealth.t1dispub","income","2213",0.35,0.535714285714286,0.416666666666667,0.65,0.458333333333333,0.5625,0.615384615384615,13,FALSE,FALSE,-0.104166666666667,-0.114285714285714,0.104166666666667,0.0666666666666667,-0.0666666666666667,0.25,0.5,0.416666666666667,0.65,0.40625,0.5625,0.625,8,FALSE,FALSE,-0.15625,-0.15,0.15625,0.166666666666667,-0.166666666666667,FALSE,FALSE,TRUE,TRUE,FALSE
2,22,"UK Health","ukhealth.t1dispub","2:2214","2:2214::ukhealth.t1dispub","income","2214",0.3125,0.25,0.375,0.15625,0.266666666666667,0.229166666666667,0.75,16,FALSE,FALSE,-0.0375,-0.09375,0.0375,-0.0625,0.0625,0.3125,0.15625,0.375,0.15625,0.208333333333333,0.229166666666667,0.666666666666667,12,FALSE,FALSE,0.0208333333333334,0,-0.0208333333333334,-0.0625,0.0625,FALSE,FALSE,TRUE,FALSE,TRUE
2,22,"UK Health","ukhealth.t1dispub","2:2215","2:2215::ukhealth.t1dispub","income","2215",0.1,0.357142857142857,0.45,0.285714285714286,0.25,0.354166666666667,0.583333333333333,12,FALSE,FALSE,-0.104166666666667,0.0714285714285715,0.104166666666667,0.35,-0.35,0.1,0.357142857142857,0.45,0.285714285714286,0.25,0.354166666666667,0.583333333333333,12,FALSE,FALSE,-0.104166666666667,0.0714285714285715,0.104166666666667,0.35,-0.35,FALSE,TRUE,TRUE,TRUE,FALSE
4,25,"UK General Election","ukbge.t1redist","4:2501","4:2501::ukbge.t1redist","income","2501",0.64777777923478,0.75,0.776666664414936,0.805000002185504,0.688666667540868,0.787999999523163,0.4,15,FALSE,FALSE,-0.0993333319822947,-0.0550000021855036,0.0993333319822947,0.128888885180155,-0.128888885180155,0.64777777923478,0.75,0.776666664414936,0.805000002185504,0.688666667540868,0.787999999523163,0.4,15,FALSE,FALSE,-0.0993333319822947,-0.0550000021855036,0.0993333319822947,0.128888885180155,-0.128888885180155,FALSE,FALSE,TRUE,TRUE,FALSE
4,25,"UK General Election","ukbge.t1redist","4:2502","4:2502::ukbge.t1redist","income","2502",0.689999997615814,0.845000000936644,0.569999997104917,0.822142860719136,0.793333333163034,0.738095239514396,0.666666666666667,21,FALSE,FALSE,0.0552380936486381,0.0228571402175086,-0.0552380936486381,-0.120000000510897,0.120000000510897,0.689999997615814,0.845000000936644,0.569999997104917,0.822142860719136,0.793333333163034,0.738095239514396,0.666666666666667,21,FALSE,FALSE,0.0552380936486381,0.0228571402175086,-0.0552380936486381,-0.120000000510897,0.120000000510897,TRUE,TRUE,FALSE,FALSE,TRUE
4,25,"UK General Election","ukbge.t1redist","4:2503","4:2503::ukbge.t1redist","income","2503",0.582499995827675,0.721666666368643,0.75,0.696363638747822,0.686874998733401,0.71066666841507,0.75,16,FALSE,FALSE,-0.0237916696816682,0.0253030276208213,0.0237916696816682,0.167500004172325,-0.167500004172325,0.582499995827675,0.741818181493066,0.75,0.696363638747822,0.699333331982295,0.71066666841507,0.733333333333333,15,FALSE,FALSE,-0.0113333364327748,0.0454545427452434,0.0113333364327748,0.167500004172325,-0.167500004172325,FALSE,TRUE,TRUE,TRUE,FALSE
4,25,"UK General Election","ukbge.t1redist","4:2504","4:2504::ukbge.t1redist","income","2504",0.66499999910593,0.649000000953674,0.6700000166893,0.741111112965478,0.653571428997176,0.723333338896433,0.733333333333333,15,FALSE,FALSE,0.0697619098992575,0.0921111120118036,-0.0697619098992575,-0.00500001758337021,0.00500001758337021,0.55333333214124,0.610000001059638,0.6700000166893,0.741111112965478,0.595833333830039,0.723333338896433,0.75,12,FALSE,FALSE,-0.127500005066395,-0.13111111190584,0.127500005066395,0.11666668454806,-0.11666668454806,TRUE,TRUE,FALSE,FALSE,TRUE
4,25,"UK General Election","ukbge.t1redist","4:2505","4:2505::ukbge.t1redist","income","2505",0.581666668256124,0.870769227926548,0.723333338896433,0.756153851747513,0.779473682767467,0.745789479268225,0.68421052631579,19,FALSE,FALSE,0.033684203499242,0.114615376179035,-0.033684203499242,0.14166667064031,-0.14166667064031,0.581666668256124,0.870769227926548,0.723333338896433,0.756153851747513,0.779473682767467,0.745789479268225,0.68421052631579,19,FALSE,FALSE,0.033684203499242,0.114615376179035,-0.033684203499242,0.14166667064031,-0.14166667064031,TRUE,TRUE,FALSE,TRUE,FALSE
4,25,"UK General Election","ukbge.t1redist","4:2506","4:2506::ukbge.t1redist","income","2506",0.722222222222222,0.916666666666667,0.758888887034522,0.916666666666667,0.8,0.82199999888738,0.4,15,FALSE,FALSE,-0.0219999988873799,0,0.0219999988873799,0.0366666648123,-0.0366666648123,0.722222222222222,0.916666666666667,0.758888887034522,0.916666666666667,0.8,0.82199999888738,0.4,15,FALSE,FALSE,-0.0219999988873799,0,0.0219999988873799,0.0366666648123,-0.0366666648123,FALSE,FALSE,TRUE,TRUE,FALSE
4,25,"UK General Election","ukbge.t1redist","4:2507","4:2507::ukbge.t1redist","income","2507",0.548571437597275,0.574444444643127,0.572857154267175,0.833333336644702,0.563125004060566,0.719375006854534,0.5625,16,FALSE,FALSE,-0.156250002793968,-0.258888892001576,0.156250002793968,0.0242857166699001,-0.0242857166699001,0.548571437597275,0.574444444643127,0.572857154267175,0.833333336644702,0.563125004060566,0.719375006854534,0.5625,16,FALSE,FALSE,-0.156250002793968,-0.258888892001576,0.156250002793968,0.0242857166699001,-0.0242857166699001,FALSE,FALSE,TRUE,TRUE,FALSE
4,25,"UK General Election","ukbge.t1redist","4:2508","4:2508::ukbge.t1redist","income","2508",0.556666673885451,0.638333330551783,0.666666666666667,0.583333338300387,0.589333336551984,0.633333335320155,0.4,15,FALSE,FALSE,-0.0439999987681706,0.0549999922513962,0.0439999987681706,0.109999992781215,-0.109999992781215,0.556666673885451,0.638333330551783,0.666666666666667,0.583333338300387,0.589333336551984,0.633333335320155,0.4,15,FALSE,FALSE,-0.0439999987681706,0.0549999922513962,0.0439999987681706,0.109999992781215,-0.109999992781215,FALSE,TRUE,TRUE,TRUE,FALSE
4,25,"UK General Election","ukbge.t1redist","4:2509","4:2509::ukbge.t1redist","income","2509",0.600000004470348,0.834285719054086,0.668000005185604,0.8599999944369,0.696470592828358,0.74000000115484,0.411764705882353,17,FALSE,FALSE,-0.0435294083264821,-0.0257142753828139,0.0435294083264821,0.0680000007152557,-0.0680000007152557,0.600000004470348,0.861666669448217,0.668000005185604,0.8599999944369,0.698125003837049,0.74000000115484,0.375,16,FALSE,FALSE,-0.041874997317791,0.00166667501131701,0.041874997317791,0.0680000007152557,-0.0680000007152557,FALSE,FALSE,TRUE,TRUE,FALSE
4,25,"UK General Election","ukbge.t1redist","4:2510","4:2510::ukbge.t1redist","income","2510",0.71000000461936,0.772727275436575,0.731999999284744,0.833636365153573,0.756000003218651,0.801875000819564,0.6875,16,FALSE,FALSE,-0.0458749976009131,-0.060909089716998,0.0458749976009131,0.0219999946653843,-0.0219999946653843,0.71000000461936,0.772727275436575,0.747499994933605,0.833636365153573,0.756000003218651,0.810666666428248,0.733333333333333,15,FALSE,FALSE,-0.0546666632095973,-0.060909089716998,0.0546666632095973,0.0374999903142452,-0.0374999903142452,FALSE,FALSE,TRUE,TRUE,FALSE
4,25,"UK General Election","ukbge.t1redist","4:2511","4:2511::ukbge.t1redist","income","2511",0.528333343565464,0.732999996840954,0.530000008642673,0.833636365153573,0.656250001862645,0.726470592267373,0.647058823529412,17,FALSE,FALSE,-0.0702205904047278,-0.100636368312619,0.0702205904047278,0.00166666507720947,-0.00166666507720947,0.528333343565464,0.732999996840954,0.530000008642673,0.81700000166893,0.656250001862645,0.709375004284084,0.625,16,FALSE,FALSE,-0.0531250024214387,-0.0840000048279762,0.0531250024214387,0.00166666507720947,-0.00166666507720947,FALSE,FALSE,TRUE,TRUE,FALSE
4,25,"UK General Election","ukbge.t1redist","4:2512","4:2512::ukbge.t1redist","income","2512",0.71285713996206,0.635454546321522,0.692857152649334,0.727272727272727,0.665555554959509,0.713888892696963,0.611111111111111,18,FALSE,FALSE,0.0483333377374543,0.0918181809512052,-0.0483333377374543,0.0199999873127257,-0.0199999873127257,0.71285713996206,0.635454546321522,0.692857152649334,0.727272727272727,0.665555554959509,0.713888892696963,0.611111111111111,18,FALSE,FALSE,0.0483333377374543,0.0918181809512052,-0.0483333377374543,0.0199999873127257,-0.0199999873127257,TRUE,TRUE,FALSE,TRUE,FALSE
4,25,"UK General Election","ukbge.t1redist","4:2513","4:2513::ukbge.t1redist","income","2513",0.7,0.666153848171234,0.83199999332428,0.847500001390775,0.675555557012558,0.842941175488865,0.722222222222222,18,FALSE,FALSE,0.167385618476307,0.181346153219541,-0.167385618476307,-0.13199999332428,0.13199999332428,0.7,0.694166667759418,0.83199999332428,0.847500001390775,0.695882353712531,0.842941175488865,0.705882352941177,17,FALSE,FALSE,0.147058821776334,0.153333333631357,-0.147058821776334,-0.13199999332428,0.13199999332428,TRUE,TRUE,FALSE,FALSE,TRUE
4,25,"UK General Election","ukbge.t1redist","4:2514","4:2514::ukbge.t1redist","income","2514",0.698999999463558,0.796666666865349,0.584000004827976,0.833333333333333,0.745263157706512,0.702105265698935,0.473684210526316,19,FALSE,FALSE,0.0431578920075768,-0.0366666664679846,-0.0431578920075768,-0.114999994635582,0.114999994635582,0.698999999463558,0.796666666865349,0.584000004827976,0.833333333333333,0.745263157706512,0.702105265698935,0.473684210526316,19,FALSE,FALSE,0.0431578920075768,-0.0366666664679846,-0.0431578920075768,-0.114999994635582,0.114999994635582,TRUE,FALSE,FALSE,FALSE,TRUE
4,25,"UK General Election","ukbge.t1redist","4:2515","4:2515::ukbge.t1redist","income","2515",0.368000009655952,0.625000001862645,0.534000009298325,0.771250002086163,0.526153851013917,0.680000004860071,0.642857142857143,14,FALSE,FALSE,-0.153846153846154,-0.146250000223517,0.153846153846154,0.165999999642372,-0.165999999642372,0.368000009655952,0.625000001862645,0.534000009298325,0.771250002086163,0.526153851013917,0.680000004860071,0.615384615384615,13,FALSE,FALSE,-0.153846153846154,-0.146250000223517,0.153846153846154,0.165999999642372,-0.165999999642372,FALSE,FALSE,TRUE,TRUE,FALSE
4,25,"UK General Election","ukbge.t1tax","4:2501","4:2501::ukbge.t1tax","income","2501",0.796666668521033,0.83166666328907,0.741111116276847,0.861666669448217,0.810666666428248,0.789333337545395,0.4,15,FALSE,FALSE,0.0213333288828532,-0.0300000061591467,-0.0213333288828532,-0.0555555522441864,0.0555555522441864,0.796666668521033,0.83166666328907,0.741111116276847,0.861666669448217,0.810666666428248,0.789333337545395,0.4,15,FALSE,FALSE,0.0213333288828532,-0.0300000061591467,-0.0213333288828532,-0.0555555522441864,0.0555555522441864,TRUE,FALSE,FALSE,FALSE,TRUE
4,25,"UK General Election","ukbge.t1tax","4:2502","4:2502::ukbge.t1tax","income","2502",0.857142857142857,0.916428570236479,0.762857147625514,0.892857142857143,0.896666665871938,0.849523811113267,0.666666666666667,21,FALSE,FALSE,0.0471428547586714,0.0235714273793356,-0.0471428547586714,-0.0942857095173426,0.0942857095173426,0.857142857142857,0.916428570236479,0.762857147625514,0.892857142857143,0.896666665871938,0.849523811113267,0.666666666666667,21,FALSE,FALSE,0.0471428547586714,0.0235714273793356,-0.0471428547586714,-0.0942857095173426,0.0942857095173426,TRUE,TRUE,FALSE,FALSE,TRUE
4,25,"UK General Election","ukbge.t1tax","4:2503","4:2503::ukbge.t1tax","income","2503",0.625,0.846666663885117,0.832499995827675,0.903333336114883,0.791249997913837,0.885625001043081,0.75,16,FALSE,FALSE,-0.0943750031292439,-0.0566666722297668,0.0943750031292439,0.207499995827675,-0.207499995827675,0.625,0.846666663885117,0.832499995827675,0.903333336114883,0.791249997913837,0.885625001043081,0.75,16,FALSE,FALSE,-0.0943750031292439,-0.0566666722297668,0.0943750031292439,0.207499995827675,-0.207499995827675,FALSE,FALSE,TRUE,TRUE,FALSE
4,25,"UK General Election","ukbge.t1tax","4:2504","4:2504::ukbge.t1tax","income","2504",0.83500000834465,0.818181818181818,0.917500004172325,0.847272721203891,0.822666668891907,0.86599999666214,0.733333333333333,15,FALSE,FALSE,0.0433333277702331,0.0290909030220725,-0.0433333277702331,-0.0824999958276749,0.0824999958276749,0.83500000834465,0.818181818181818,0.917500004172325,0.847272721203891,0.822666668891907,0.86599999666214,0.733333333333333,15,FALSE,FALSE,0.0433333277702331,0.0290909030220725,-0.0433333277702331,-0.0824999958276749,0.0824999958276749,TRUE,TRUE,FALSE,FALSE,TRUE
4,25,"UK General Election","ukbge.t1tax","4:2505","4:2505::ukbge.t1tax","income","2505",0.8599999944369,0.845384611533238,0.888333330551783,0.820769232053023,0.849999995608079,0.842105263157895,0.68421052631579,19,FALSE,FALSE,-0.00789473245018413,-0.0246153794802152,0.00789473245018413,-0.0283333361148834,0.0283333361148834,0.8599999944369,0.845384611533238,0.888333330551783,0.820769232053023,0.849999995608079,0.842105263157895,0.68421052631579,19,FALSE,FALSE,-0.00789473245018413,-0.0246153794802152,0.00789473245018413,-0.0283333361148834,0.0283333361148834,FALSE,FALSE,TRUE,FALSE,TRUE
4,25,"UK General Election","ukbge.t1tax","4:2506","4:2506::ukbge.t1tax","income","2506",0.685555560721291,0.861666669448217,0.704444451464547,0.833333333333333,0.756000004212062,0.756000004212062,0.4,15,FALSE,TRUE,0,0.0283333361148834,0,0.0188888907432556,-0.0188888907432556,0.685555560721291,0.861666669448217,0.704444451464547,0.833333333333333,0.756000004212062,0.756000004212062,0.4,15,FALSE,TRUE,0,0.0283333361148834,0,0.0188888907432556,-0.0188888907432556,FALSE,TRUE,FALSE,TRUE,FALSE
4,25,"UK General Election","ukbge.t1tax","4:2507","4:2507::ukbge.t1tax","income","2507",0.832857140472957,0.851111107402378,0.904285711901529,0.887777772214678,0.843124996870756,0.894999995827675,0.5625,16,FALSE,FALSE,-0.0518749989569187,-0.0366666648123,0.0518749989569187,0.0714285714285714,-0.0714285714285714,0.832857140472957,0.851111107402378,0.904285711901529,0.887777772214678,0.843124996870756,0.894999995827675,0.5625,16,FALSE,FALSE,-0.0518749989569187,-0.0366666648123,0.0518749989569187,0.0714285714285714,-0.0714285714285714,FALSE,FALSE,TRUE,TRUE,FALSE
4,25,"UK General Election","ukbge.t1tax","4:2508","4:2508::ukbge.t1tax","income","2508",0.832222216659122,0.723333336412907,0.815555559264289,0.61166666696469,0.788666664560636,0.734000002344449,0.4,15,FALSE,FALSE,-0.0546666622161864,-0.111666669448217,0.0546666622161864,0.016666657394833,-0.016666657394833,0.832222216659122,0.723333336412907,0.815555559264289,0.61166666696469,0.788666664560636,0.734000002344449,0.4,15,FALSE,FALSE,-0.0546666622161864,-0.111666669448217,0.0546666622161864,0.016666657394833,-0.016666657394833,FALSE,FALSE,TRUE,TRUE,FALSE
4,25,"UK General Election","ukbge.t1tax","4:2509","4:2509::ukbge.t1tax","income","2509",0.8,0.715714290738106,0.765999999642372,0.787142864295414,0.765294119715691,0.774705885087743,0.411764705882353,17,FALSE,FALSE,0.00941176537205191,0.0714285735573087,-0.00941176537205191,0.034000000357628,-0.034000000357628,0.8,0.715714290738106,0.765999999642372,0.787142864295414,0.765294119715691,0.774705885087743,0.411764705882353,17,FALSE,FALSE,0.00941176537205191,0.0714285735573087,-0.00941176537205191,0.034000000357628,-0.034000000357628,TRUE,TRUE,FALSE,TRUE,FALSE
4,25,"UK General Election","ukbge.t1tax","4:2510","4:2510::ukbge.t1tax","income","2510",0.76800000667572,0.83299999833107,0.8,0.879090910608118,0.811333334445953,0.854375001043081,0.6875,16,FALSE,FALSE,-0.0430416665971279,-0.0460909122770483,0.0430416665971279,0.0319999933242798,-0.0319999933242798,0.76800000667572,0.83299999833107,0.8,0.9,0.811333334445953,0.866666666666667,0.666666666666667,15,FALSE,FALSE,-0.0553333322207133,-0.06700000166893,0.0553333322207133,0.0319999933242798,-0.0319999933242798,FALSE,FALSE,TRUE,TRUE,FALSE
4,25,"UK General Election","ukbge.t1tax","4:2511","4:2511::ukbge.t1tax","income","2511",0.666666666666667,0.802727269855413,0.556666677196821,0.847272721203891,0.754705880494679,0.744705882142572,0.647058823529412,17,FALSE,FALSE,0.00999999835210685,-0.0445454513484782,-0.00999999835210685,-0.109999989469846,0.109999989469846,0.666666666666667,0.802727269855413,0.556666677196821,0.847272721203891,0.754705880494679,0.744705882142572,0.647058823529412,17,FALSE,FALSE,0.00999999835210685,-0.0445454513484782,-0.00999999835210685,-0.109999989469846,0.109999989469846,TRUE,FALSE,FALSE,FALSE,TRUE
4,25,"UK General Election","ukbge.t1tax","4:2512","4:2512::ukbge.t1tax","income","2512",0.762857147625514,0.727272727272727,0.666666666666667,0.759090915322304,0.741111112965478,0.726470592267373,0.611111111111111,18,FALSE,FALSE,-0.0146405206981048,0.0318181880495765,0.0146405206981048,0.0961904809588479,-0.0961904809588479,0.723333338896433,0.727272727272727,0.666666666666667,0.759090915322304,0.725882354904624,0.726470592267373,0.647058823529412,17,FALSE,FALSE,-0.000588237362749378,-0.0318181880495765,0.000588237362749378,-0.0566666722297668,0.0566666722297668,FALSE,TRUE,TRUE,TRUE,FALSE
4,25,"UK General Election","ukbge.t1tax","4:2513","4:2513::ukbge.t1tax","income","2513",0.83199999332428,0.857692301273346,0.700000005960465,0.820769232053023,0.850555549065272,0.78722222480509,0.722222222222222,18,FALSE,FALSE,0.0633333242601818,0.0369230692203228,-0.0633333242601818,-0.131999987363815,0.131999987363815,0.83199999332428,0.857692301273346,0.700000005960465,0.820769232053023,0.850555549065272,0.78722222480509,0.722222222222222,18,FALSE,FALSE,0.0633333242601818,0.0369230692203228,-0.0633333242601818,-0.131999987363815,0.131999987363815,TRUE,TRUE,FALSE,FALSE,TRUE
4,25,"UK General Election","ukbge.t1tax","4:2514","4:2514::ukbge.t1tax","income","2514",0.81599999666214,0.814444442590078,0.81599999666214,0.815555559264289,0.815263155259584,0.81578947368421,0.473684210526316,19,FALSE,FALSE,0.00052631842462636,0.00111111667421127,-0.00052631842462636,0,0,0.81599999666214,0.814444442590078,0.81599999666214,0.815555559264289,0.815263155259584,0.81578947368421,0.473684210526316,19,FALSE,FALSE,0.00052631842462636,0.00111111667421127,-0.00052631842462636,0,0,TRUE,TRUE,FALSE,FALSE,FALSE
4,25,"UK General Election","ukbge.t1tax","4:2515","4:2515::ukbge.t1tax","income","2515",0.666000002622604,0.917500004172325,0.60200001001358,0.815555557608604,0.820769234345509,0.73928571918181,0.642857142857143,14,FALSE,FALSE,0.0814835151636993,0.101944446563721,-0.0814835151636993,-0.0639999926090241,0.0639999926090241,0.666000002622604,0.917500004172325,0.60200001001358,0.85500000230968,0.820769234345509,0.757692312965026,0.615384615384615,13,FALSE,FALSE,0.0630769213804832,0.0625000018626451,-0.0630769213804832,-0.0639999926090241,0.0639999926090241,TRUE,TRUE,FALSE,FALSE,TRUE
4,25,"UK General Election","ukbge.t1wage","4:2501","4:2501::ukbge.t1wage","income","2501",0.769999999552965,0.75,0.814444445901447,0.666666666666667,0.761428571173123,0.755333334207535,0.4,15,FALSE,FALSE,-0.00609523696558811,-0.0833333333333334,0.00609523696558811,-0.0444444463484817,0.0444444463484817,0.769999999552965,0.75,0.875,0.666666666666667,0.761428571173123,0.785714285714286,0.428571428571429,14,FALSE,FALSE,0.0242857145411628,-0.0833333333333334,-0.0242857145411628,-0.105000000447035,0.105000000447035,FALSE,FALSE,TRUE,FALSE,TRUE
4,25,"UK General Election","ukbge.t1wage","4:2502","4:2502::ukbge.t1wage","income","2502",0.83285713834422,0.939999997615814,0.595714283840997,0.821428570364203,0.904285711191949,0.746190474856468,0.666666666666667,21,FALSE,FALSE,0.158095236335482,0.118571427251611,-0.158095236335482,-0.237142854503223,0.237142854503223,0.83285713834422,0.939999997615814,0.595714283840997,0.821428570364203,0.904285711191949,0.746190474856468,0.666666666666667,21,FALSE,FALSE,0.158095236335482,0.118571427251611,-0.158095236335482,-0.237142854503223,0.237142854503223,TRUE,TRUE,FALSE,FALSE,TRUE
4,25,"UK General Election","ukbge.t1wage","4:2503","4:2503::ukbge.t1wage","income","2503",0.750000007450581,0.666666665424903,0.75,0.516000002622604,0.687500000931323,0.582857144730432,0.75,16,FALSE,FALSE,-0.104642856200891,-0.150666662802299,0.104642856200891,7.45058059692383e-09,-7.45058059692383e-09,0.750000007450581,0.632999996840954,0.75,0.516000002622604,0.666428571300847,0.582857144730432,0.714285714285714,14,FALSE,FALSE,-0.0835714265704155,-0.11699999421835,0.0835714265704155,7.45058059692383e-09,-7.45058059692383e-09,FALSE,FALSE,TRUE,TRUE,FALSE
4,25,"UK General Election","ukbge.t1wage","4:2504","4:2504::ukbge.t1wage","income","2504",0.78999999910593,0.862727268175645,0.53999999165535,0.832727269692854,0.843333329757055,0.754666662216187,0.733333333333333,15,FALSE,FALSE,0.0886666675408682,0.0299999984827908,-0.0886666675408682,-0.250000007450581,0.250000007450581,0.78999999910593,0.862727268175645,0.53999999165535,0.832727269692854,0.843333329757055,0.754666662216187,0.733333333333333,15,FALSE,FALSE,0.0886666675408682,0.0299999984827908,-0.0886666675408682,-0.250000007450581,0.250000007450581,TRUE,TRUE,FALSE,FALSE,TRUE
4,25,"UK General Election","ukbge.t1wage","4:2505","4:2505::ukbge.t1wage","income","2505",0.77666666607062,0.986923075639285,0.721666663885117,0.831666660805543,0.920526314722864,0.794999995165401,0.68421052631579,19,FALSE,FALSE,0.125526319557463,0.155256414833741,-0.125526319557463,-0.0550000021855036,0.0550000021855036,0.77666666607062,0.985833331942558,0.721666663885117,0.831666660805543,0.916111109985246,0.794999995165401,0.666666666666667,18,FALSE,FALSE,0.121111114819845,0.154166671137015,-0.121111114819845,-0.0550000021855036,0.0550000021855036,TRUE,TRUE,FALSE,FALSE,TRUE
4,25,"UK General Election","ukbge.t1wage","4:2506","4:2506::ukbge.t1wage","income","2506",0.814444442590078,1,0.704444448153178,0.916666666666667,0.888666665554047,0.789333335558573,0.4,15,FALSE,FALSE,0.0993333299954732,0.0833333333333334,-0.0993333299954732,-0.1099999944369,0.1099999944369,0.814444442590078,1,0.704444448153178,0.916666666666667,0.888666665554047,0.789333335558573,0.4,15,FALSE,FALSE,0.0993333299954732,0.0833333333333334,-0.0993333299954732,-0.1099999944369,0.1099999944369,TRUE,TRUE,FALSE,FALSE,TRUE
4,25,"UK General Election","ukbge.t1wage","4:2507","4:2507::ukbge.t1wage","income","2507",0.785714283585548,0.815555559264289,0.904285711901529,0.708750002086163,0.80250000115484,0.8,0.5625,16,FALSE,FALSE,0.00250000115483995,0.106805557178126,-0.00250000115483995,0.11857142831598,-0.11857142831598,0.785714283585548,0.833750002086163,0.904285711901529,0.708750002086163,0.811333333452543,0.8,0.533333333333333,15,FALSE,FALSE,0.0113333334525426,0.125,-0.0113333334525426,0.11857142831598,-0.11857142831598,TRUE,TRUE,FALSE,TRUE,FALSE
4,25,"UK General Election","ukbge.t1wage","4:2508","4:2508::ukbge.t1wage","income","2508",0.814444445901447,0.776666661103567,0.72749999165535,0.66499999165535,0.799333331982295,0.700714277369635,0.4,15,FALSE,FALSE,-0.0986190546126593,-0.111666669448217,0.0986190546126593,0.0869444542460971,-0.0869444542460971,0.853750001639128,0.776666661103567,0.72749999165535,0.66499999165535,0.820714284266744,0.700714277369635,0.428571428571429,14,FALSE,FALSE,-0.120000006897109,-0.111666669448217,0.120000006897109,0.126250009983778,-0.126250009983778,FALSE,FALSE,TRUE,TRUE,FALSE
4,25,"UK General Election","ukbge.t1wage","4:2509","4:2509::ukbge.t1wage","income","2509",0.798999993503094,0.857142857142857,0.733000001311302,0.831999999284744,0.822941172648879,0.766000000635783,0.411764705882353,17,FALSE,FALSE,0.0569411720130958,0.0251428578581129,-0.0569411720130958,-0.0659999921917915,0.0659999921917915,0.798999993503094,0.9,0.733000001311302,0.831999999284744,0.832666662335396,0.766000000635783,0.333333333333333,15,FALSE,FALSE,0.0666666616996129,0.0680000007152558,-0.0666666616996129,-0.0659999921917915,0.0659999921917915,TRUE,TRUE,FALSE,FALSE,TRUE
4,25,"UK General Election","ukbge.t1wage","4:2510","4:2510::ukbge.t1wage","income","2510",0.73199999332428,0.749999997019768,0.600000005960464,0.788181819699027,0.743999995787938,0.729375002905726,0.6875,16,FALSE,FALSE,0.014624992882212,-0.0381818226792596,-0.014624992882212,-0.131999987363815,0.131999987363815,0.73199999332428,0.749999997019768,0.600000005960464,0.8,0.743999995787938,0.733333335320155,0.666666666666667,15,FALSE,FALSE,0.0106666604677835,-0.0500000029802323,-0.0106666604677835,-0.131999987363815,0.131999987363815,TRUE,FALSE,FALSE,FALSE,TRUE
4,25,"UK General Election","ukbge.t1wage","4:2511","4:2511::ukbge.t1wage","income","2511",0.721666663885117,0.954545454545455,0.55499999721845,0.981111109256744,0.872352940194747,0.810666664441427,0.647058823529412,17,FALSE,FALSE,0.0616862757533205,-0.0265656547112898,-0.0616862757533205,-0.166666666666667,0.166666666666667,0.721666663885117,0.944444444444444,0.55499999721845,0.981111109256744,0.855333332220713,0.810666664441427,0.6,15,FALSE,FALSE,0.0446666677792867,-0.0366666648123,-0.0446666677792867,-0.166666666666667,0.166666666666667,TRUE,FALSE,FALSE,FALSE,TRUE
4,25,"UK General Election","ukbge.t1wage","4:2512","4:2512::ukbge.t1wage","income","2512",0.784285707133157,0.78299999833107,0.833333333333333,0.75727272846482,0.783529407837812,0.784117647830178,0.611111111111111,18,FALSE,FALSE,0.000588239992366124,-0.0257272698662497,-0.000588239992366124,-0.0490476262001764,0.0490476262001764,0.748333324988683,0.78299999833107,0.833333333333333,0.733000001311302,0.769999995827675,0.770625000819564,0.625,16,FALSE,FALSE,-0.000625004991889,0.0499999970197678,0.000625004991889,0.0850000083446503,-0.0850000083446503,TRUE,FALSE,FALSE,FALSE,TRUE
4,25,"UK General Election","ukbge.t1wage","4:2513","4:2513::ukbge.t1wage","income","2513",0.8,0.768461539195134,0.89799998998642,0.764166669299205,0.777222222752041,0.803529410677798,0.722222222222222,18,FALSE,FALSE,0.0263071879257564,-0.00429486989592887,-0.0263071879257564,-0.0979999899864197,0.0979999899864197,0.8,0.804999999701977,0.89799998998642,0.764166669299205,0.803529411554337,0.803529410677798,0.705882352941177,17,FALSE,FALSE,8.76538841509955e-10,0.0408333304027716,-8.76538841509955e-10,0.0979999899864197,-0.0979999899864197,TRUE,FALSE,FALSE,FALSE,TRUE
4,25,"UK General Election","ukbge.t1wage","4:2514","4:2514::ukbge.t1wage","income","2514",0.78299999833107,0.796666668521033,0.65,0.833750002086163,0.789473684210526,0.73166666759385,0.473684210526316,19,FALSE,FALSE,0.0578070166166763,-0.0370833335651292,-0.0578070166166763,-0.13299999833107,0.13299999833107,0.78299999833107,0.771250002086163,0.65,0.833750002086163,0.777777777777778,0.73166666759385,0.444444444444444,18,FALSE,FALSE,-0.0461111101839278,0.0625,0.0461111101839278,0.13299999833107,-0.13299999833107,TRUE,FALSE,FALSE,FALSE,TRUE
4,25,"UK General Election","ukbge.t1wage","4:2515","4:2515::ukbge.t1wage","income","2515",0.234000006318092,0.541249997913837,0.198000007867813,0.594444450404909,0.423076924223166,0.452857149498803,0.642857142857143,14,FALSE,FALSE,-0.029780225275637,-0.0531944524910715,0.029780225275637,-0.0359999984502792,0.0359999984502792,0.234000006318092,0.541249997913837,0.198000007867813,0.668750006705523,0.423076924223166,0.487692314844865,0.615384615384615,13,FALSE,FALSE,-0.0646153906216989,-0.127500008791685,0.0646153906216989,-0.0359999984502792,0.0359999984502792,FALSE,FALSE,TRUE,FALSE,TRUE
4,25,"UK General Election","ukbge.t1eu","4:2501","4:2501::ukbge.t1eu","income","2501",0.5485714333398,0.5,0.617142856121063,0.43400000333786,0.528333336114883,0.540833334128062,0.4,15,FALSE,FALSE,0.0124999980131786,-0.0659999966621399,-0.0124999980131786,-0.068571422781263,0.068571422781263,0.56800000667572,0.5,0.697999995946884,0.43400000333786,0.53400000333786,0.565999999642372,0.5,10,FALSE,FALSE,0.031999996304512,-0.0659999966621399,-0.031999996304512,-0.129999989271164,0.129999989271164,TRUE,FALSE,FALSE,FALSE,TRUE
4,25,"UK General Election","ukbge.t1eu","4:2502","4:2502::ukbge.t1eu","income","2502",0.475714285458837,0.550769229347889,0.585000003377597,0.666923075914383,0.524499998986721,0.641052631955398,0.666666666666667,21,FALSE,FALSE,-0.116552632968677,-0.116153846566494,0.116552632968677,0.109285717918759,-0.109285717918759,0.44333333025376,0.540833330402772,0.585000003377597,0.680833332240582,0.508333330353101,0.648888889286253,0.666666666666667,18,FALSE,FALSE,-0.140555558933152,-0.14000000183781,0.140555558933152,0.141666673123836,-0.141666673123836,FALSE,FALSE,TRUE,TRUE,FALSE
4,25,"UK General Election","ukbge.t1eu","4:2503","4:2503::ukbge.t1eu","income","2503",0.5,0.366000005602837,0.49999999627471,0.481250010430813,0.396923081232951,0.487500005712112,0.75,16,FALSE,FALSE,0.0905769244791605,0.115250004827976,-0.0905769244791605,3.72529029846191e-09,-3.72529029846191e-09,0.5,0.291250005364418,0.390000000596046,0.481250010430813,0.348181822083213,0.45636364411224,0.727272727272727,11,FALSE,FALSE,0.108181822029027,0.190000005066395,-0.108181822029027,0.109999999403954,-0.109999999403954,TRUE,TRUE,FALSE,TRUE,FALSE
4,25,"UK General Election","ukbge.t1eu","4:2504","4:2504::ukbge.t1eu","income","2504",0.417500004172325,0.484545453028245,0.7800000111262,0.68400000333786,0.466666666666667,0.706153851289016,0.733333333333333,15,FALSE,FALSE,-0.239487184622349,-0.199454550309615,0.239487184622349,0.362500006953875,-0.362500006953875,0.556666672229767,0.53299999833107,0.7800000111262,0.68400000333786,0.538461538461538,0.706153851289016,0.769230769230769,13,FALSE,FALSE,0.167692312827477,0.15100000500679,-0.167692312827477,-0.223333338896433,0.223333338896433,FALSE,FALSE,TRUE,TRUE,FALSE
4,25,"UK General Election","ukbge.t1eu","4:2505","4:2505::ukbge.t1eu","income","2505",0.55666666974624,0.576923075776834,0.803333327174187,0.728181821378795,0.570526315977699,0.754705882247756,0.68421052631579,19,FALSE,FALSE,-0.184179566270058,-0.151258745601961,0.184179566270058,0.246666657427947,-0.246666657427947,0.55666666974624,0.636363635008985,0.803333327174187,0.728181821378795,0.608235294328016,0.754705882247756,0.647058823529412,17,FALSE,FALSE,-0.14647058791974,-0.0918181863698093,0.14647058791974,0.246666657427947,-0.246666657427947,FALSE,FALSE,TRUE,TRUE,FALSE
4,25,"UK General Election","ukbge.t1eu","4:2506","4:2506::ukbge.t1eu","income","2506",0.573333334591654,0.471666663885117,0.685555555754238,0.583333333333333,0.532666666309039,0.644666666785876,0.4,15,FALSE,FALSE,0.112000000476837,0.111666669448217,-0.112000000476837,-0.112222221162584,0.112222221162584,0.573333334591654,0.471666663885117,0.685555555754238,0.583333333333333,0.532666666309039,0.644666666785876,0.4,15,FALSE,FALSE,0.112000000476837,0.111666669448217,-0.112000000476837,-0.112222221162584,0.112222221162584,TRUE,TRUE,FALSE,FALSE,TRUE
4,25,"UK General Election","ukbge.t1eu","4:2507","4:2507::ukbge.t1eu","income","2507",0.334285721182823,0.374999998137355,0.524285714541163,0.582499999552965,0.35600000222524,0.555333333214124,0.5625,16,FALSE,FALSE,-0.199333330988884,-0.20750000141561,0.199333330988884,0.18999999335834,-0.18999999335834,0.334285721182823,0.404285711901529,0.524285714541163,0.594285713774817,0.369285716542176,0.55928571415799,0.5,14,FALSE,FALSE,-0.189999997615814,-0.190000001873289,0.189999997615814,0.18999999335834,-0.18999999335834,FALSE,FALSE,TRUE,TRUE,FALSE
4,25,"UK General Election","ukbge.t1eu","4:2508","4:2508::ukbge.t1eu","income","2508",0.438750002533197,0.501666670044263,0.612222224473953,0.75,0.465714288609368,0.654615386174275,0.4,15,FALSE,FALSE,-0.188901097564907,-0.248333329955737,0.188901097564907,0.173472221940756,-0.173472221940756,0.438750002533197,0.417499996721745,0.58500000461936,0.75,0.431666667262713,0.640000003079573,0.333333333333333,12,FALSE,FALSE,0.20833333581686,0.332500003278255,-0.20833333581686,-0.146250002086163,0.146250002086163,FALSE,FALSE,TRUE,TRUE,FALSE
4,25,"UK General Election","ukbge.t1eu","4:2509","4:2509::ukbge.t1eu","income","2509",0.650000002980232,0.334285719054086,0.74899999499321,0.66599999666214,0.520000003716525,0.721333328882853,0.411764705882353,17,FALSE,FALSE,0.201333325166328,0.331714277608054,-0.201333325166328,-0.0989999920129776,0.0989999920129776,0.650000002980232,0.33400000333786,0.74899999499321,0.66599999666214,0.544666669766108,0.721333328882853,0.333333333333333,15,FALSE,FALSE,0.176666659116745,0.33199999332428,-0.176666659116745,-0.0989999920129776,0.0989999920129776,TRUE,TRUE,FALSE,FALSE,TRUE
4,25,"UK General Election","ukbge.t1eu","4:2510","4:2510::ukbge.t1eu","income","2510",0.398000001907349,0.440000007098371,0.368000003695488,0.51700000166893,0.426875005476177,0.467333335677783,0.6875,16,FALSE,FALSE,-0.0404583302016059,-0.0769999945705587,0.0404583302016059,-0.0299999982118607,0.0299999982118607,0.398000001907349,0.484000007808208,0.368000003695488,0.51700000166893,0.455333339174589,0.467333335677783,0.666666666666667,15,FALSE,FALSE,-0.0119999965031942,-0.0329999938607216,0.0119999965031942,-0.0299999982118607,0.0299999982118607,FALSE,FALSE,TRUE,FALSE,TRUE
4,25,"UK General Election","ukbge.t1eu","4:2511","4:2511::ukbge.t1eu","income","2511",0.52666666607062,0.428571428571429,0.723333338896433,0.462222220169173,0.473846153571055,0.566666667660077,0.647058823529412,17,FALSE,FALSE,0.092820514089022,0.0336507915977448,-0.092820514089022,-0.196666672825813,0.196666672825813,0.52666666607062,0.428571428571429,0.723333338896433,0.475714285458837,0.473846153571055,0.590000002430035,0.538461538461538,13,FALSE,FALSE,0.11615384885898,0.0471428568874087,-0.11615384885898,-0.196666672825813,0.196666672825813,TRUE,TRUE,FALSE,FALSE,TRUE
4,25,"UK General Election","ukbge.t1eu","4:2512","4:2512::ukbge.t1eu","income","2512",0.667142859527043,0.432999996840954,0.58500000834465,0.395454550331289,0.529411763829343,0.462352947277181,0.611111111111111,18,FALSE,FALSE,-0.0670588165521621,-0.0375454465096647,0.0670588165521621,0.0821428511823926,-0.0821428511823926,0.6400000055631,0.432999996840954,0.58500000834465,0.418000005185604,0.510625000111759,0.480625006370246,0.625,16,FALSE,FALSE,-0.0299999937415123,-0.0149999916553497,0.0299999937415123,0.05499999721845,-0.05499999721845,FALSE,FALSE,TRUE,TRUE,FALSE
4,25,"UK General Election","ukbge.t1eu","4:2513","4:2513::ukbge.t1eu","income","2513",0.46599999666214,0.371111114819845,0.634000009298325,0.606363640590148,0.405000001192093,0.615000005811453,0.722222222222222,18,FALSE,FALSE,0.21000000461936,0.235252525770303,-0.21000000461936,-0.168000012636185,0.168000012636185,0.46599999666214,0.417500004172325,0.634000009298325,0.56250000372529,0.436153847437639,0.590000005868765,0.615384615384615,13,FALSE,FALSE,0.153846158431126,0.144999999552965,-0.153846158431126,-0.168000012636185,0.168000012636185,TRUE,TRUE,FALSE,FALSE,TRUE
4,25,"UK General Election","ukbge.t1eu","4:2514","4:2514::ukbge.t1eu","income","2514",0.317000006139278,0.426666673686769,0.600000002980232,0.667142859527043,0.368947374977564,0.627647061558331,0.473684210526316,19,FALSE,FALSE,-0.258699686580767,-0.240476185840274,0.258699686580767,0.282999996840954,-0.282999996840954,0.317000006139278,0.501428578581129,0.600000002980232,0.667142859527043,0.392941183027099,0.627647061558331,0.411764705882353,17,FALSE,FALSE,-0.234705878531232,-0.165714280945914,0.234705878531232,0.282999996840954,-0.282999996840954,FALSE,FALSE,TRUE,TRUE,FALSE
4,25,"UK General Election","ukbge.t1eu","4:2515","4:2515::ukbge.t1eu","income","2515",0.532000002264976,0.501666670044263,0.697999995946884,0.35714285501412,0.515454548326406,0.499166663736105,0.642857142857143,14,FALSE,FALSE,-0.0162878845903006,-0.144523815030143,0.0162878845903006,-0.165999993681908,0.165999993681908,0.532000002264976,0.402000004053116,0.697999995946884,0.299999997019768,0.467000003159046,0.498999996483326,0.5,10,FALSE,FALSE,0.0319999933242798,-0.102000007033348,-0.0319999933242798,-0.165999993681908,0.165999993681908,FALSE,FALSE,TRUE,FALSE,TRUE
5,26,"Australia Republic Referendum","aus.republican1","5:2601","5:2601::aus.republican1","income","2601",0.701388888888889,0.763888888888889,0.833333333333333,0.923611111111111,0.732638888888889,0.878472222222222,0.5,12,FALSE,FALSE,-0.145833333333333,-0.159722222222222,0.145833333333333,0.131944444444445,-0.131944444444445,0.701388888888889,0.763888888888889,0.833333333333333,0.923611111111111,0.732638888888889,0.878472222222222,0.5,12,FALSE,FALSE,-0.145833333333333,-0.159722222222222,0.145833333333333,0.131944444444445,-0.131944444444445,FALSE,FALSE,TRUE,TRUE,FALSE
5,26,"Australia Republic Referendum","aus.republican1","5:2602","5:2602::aus.republican1","income","2602",0.616666666666667,0.583333333333333,0.65,0.541666666666667,0.595238095238095,0.580357142857143,0.642857142857143,14,FALSE,FALSE,-0.0148809523809524,-0.0416666666666667,0.0148809523809524,-0.0333333333333333,0.0333333333333333,0.616666666666667,0.583333333333333,0.65,0.541666666666667,0.595238095238095,0.580357142857143,0.642857142857143,14,FALSE,FALSE,-0.0148809523809524,-0.0416666666666667,0.0148809523809524,-0.0333333333333333,0.0333333333333333,FALSE,FALSE,TRUE,FALSE,TRUE
5,26,"Australia Republic Referendum","aus.republican1","5:2603","5:2603::aus.republican1","income","2603",0.673611111111111,0.547619047619048,0.875,0.738095238095238,0.605769230769231,0.801282051282051,0.538461538461538,13,FALSE,FALSE,0.195512820512821,0.19047619047619,-0.195512820512821,-0.201388888888889,0.201388888888889,0.673611111111111,0.547619047619048,0.875,0.738095238095238,0.605769230769231,0.801282051282051,0.538461538461538,13,FALSE,FALSE,0.195512820512821,0.19047619047619,-0.195512820512821,-0.201388888888889,0.201388888888889,TRUE,TRUE,FALSE,FALSE,TRUE
5,26,"Australia Republic Referendum","aus.republican1","5:2604","5:2604::aus.republican1","income","2604",0.857142857142857,0.572916666666667,0.869047619047619,0.578125,0.705555555555555,0.713888888888889,0.533333333333333,15,FALSE,FALSE,0.00833333333333341,0.00520833333333337,-0.00833333333333341,-0.011904761904762,0.011904761904762,0.857142857142857,0.572916666666667,0.869047619047619,0.578125,0.705555555555555,0.713888888888889,0.533333333333333,15,FALSE,FALSE,0.00833333333333341,0.00520833333333337,-0.00833333333333341,-0.011904761904762,0.011904761904762,TRUE,TRUE,FALSE,FALSE,TRUE
5,26,"Australia Republic Referendum","aus.republican1","5:2605","5:2605::aus.republican1","income","2605",0.589285714285714,0.55,0.892857142857143,0.783333333333333,0.572916666666667,0.847222222222222,0.416666666666667,12,FALSE,FALSE,0.274305555555556,0.233333333333333,-0.274305555555556,-0.303571428571429,0.303571428571429,0.589285714285714,0.55,0.892857142857143,0.783333333333333,0.572916666666667,0.847222222222222,0.416666666666667,12,FALSE,FALSE,0.274305555555556,0.233333333333333,-0.274305555555556,-0.303571428571429,0.303571428571429,TRUE,TRUE,FALSE,FALSE,TRUE
5,26,"Australia Republic Referendum","aus.republican1","5:2606","5:2606::aus.republican1","income","2606",0.652777777777778,0.704166666666667,0.805555555555556,0.804166666666667,0.692307692307692,0.80448717948718,0.769230769230769,13,FALSE,FALSE,-0.112179487179487,-0.1,0.112179487179487,0.152777777777778,-0.152777777777778,0.652777777777778,0.704166666666667,0.805555555555556,0.804166666666667,0.692307692307692,0.80448717948718,0.769230769230769,13,FALSE,FALSE,-0.112179487179487,-0.1,0.112179487179487,0.152777777777778,-0.152777777777778,FALSE,FALSE,TRUE,TRUE,FALSE
5,26,"Australia Republic Referendum","aus.republican1","5:2607","5:2607::aus.republican1","income","2607",0.7,0.777777777777778,0.983333333333333,0.736111111111111,0.75,0.824404761904762,0.642857142857143,14,FALSE,FALSE,-0.0744047619047619,0.0416666666666666,0.0744047619047619,0.283333333333333,-0.283333333333333,0.7,0.777777777777778,0.983333333333333,0.736111111111111,0.75,0.824404761904762,0.642857142857143,14,FALSE,FALSE,-0.0744047619047619,0.0416666666666666,0.0744047619047619,0.283333333333333,-0.283333333333333,FALSE,TRUE,TRUE,TRUE,FALSE
5,26,"Australia Republic Referendum","aus.republican1","5:2608","5:2608::aus.republican1","income","2608",0.8125,0.680555555555556,0.885416666666667,0.611111111111111,0.733333333333333,0.720833333333333,0.6,10,FALSE,FALSE,-0.0125000000000001,-0.0694444444444444,0.0125000000000001,-0.0729166666666667,0.0729166666666667,0.8125,0.680555555555556,0.885416666666667,0.611111111111111,0.733333333333333,0.720833333333333,0.6,10,FALSE,FALSE,-0.0125000000000001,-0.0694444444444444,0.0125000000000001,-0.0729166666666667,0.0729166666666667,FALSE,FALSE,TRUE,FALSE,TRUE
5,26,"Australia Republic Referendum","aus.republican1","5:2609","5:2609::aus.republican1","income","2609",0.69047619047619,0.75,0.791666666666667,0.847222222222222,0.717948717948718,0.817307692307692,0.461538461538462,13,FALSE,FALSE,-0.0993589743589743,-0.0972222222222222,0.0993589743589743,0.101190476190476,-0.101190476190476,0.69047619047619,0.75,0.791666666666667,0.847222222222222,0.717948717948718,0.817307692307692,0.461538461538462,13,FALSE,FALSE,-0.0993589743589743,-0.0972222222222222,0.0993589743589743,0.101190476190476,-0.101190476190476,FALSE,FALSE,TRUE,TRUE,FALSE
5,26,"Australia Republic Referendum","aus.republican1","5:2610","5:2610::aus.republican1","income","2610",0.7,0.458333333333333,0.691666666666667,0.489583333333333,0.630952380952381,0.633928571428571,0.285714285714286,14,FALSE,FALSE,0.00297619047619047,0.0312500000000001,-0.00297619047619047,0.0083333333333333,-0.0083333333333333,0.7,0.458333333333333,0.691666666666667,0.489583333333333,0.630952380952381,0.633928571428571,0.285714285714286,14,FALSE,FALSE,0.00297619047619047,0.0312500000000001,-0.00297619047619047,0.0083333333333333,-0.0083333333333333,TRUE,TRUE,FALSE,TRUE,FALSE
5,26,"Australia Republic Referendum","aus.republican1","5:2611","5:2611::aus.republican1","income","2611",0.864583333333333,0.555555555555556,0.875,0.875,0.78030303030303,0.875,0.272727272727273,11,FALSE,FALSE,0.0946969696969697,0.319444444444444,-0.0946969696969697,-0.0104166666666667,0.0104166666666667,0.864583333333333,0.555555555555556,0.875,0.875,0.78030303030303,0.875,0.272727272727273,11,FALSE,FALSE,0.0946969696969697,0.319444444444444,-0.0946969696969697,-0.0104166666666667,0.0104166666666667,TRUE,TRUE,FALSE,FALSE,TRUE
5,26,"Australia Republic Referendum","aus.republican1","5:2612","5:2612::aus.republican1","income","2612",0.825,0.761904761904762,0.95,0.821428571428571,0.788194444444444,0.875,0.583333333333333,12,FALSE,FALSE,0.0868055555555556,0.0595238095238095,-0.0868055555555556,-0.125,0.125,0.825,0.761904761904762,0.95,0.821428571428571,0.788194444444444,0.875,0.583333333333333,12,FALSE,FALSE,0.0868055555555556,0.0595238095238095,-0.0868055555555556,-0.125,0.125,TRUE,TRUE,FALSE,FALSE,TRUE
5,26,"Australia Republic Referendum","aus.republican1","5:2613","5:2613::aus.republican1","income","2613",0.526041666666667,0.802083333333333,0.677083333333333,0.854166666666667,0.6640625,0.765625,0.5,16,FALSE,FALSE,-0.1015625,-0.0520833333333333,0.1015625,0.151041666666667,-0.151041666666667,0.526041666666667,0.802083333333333,0.677083333333333,0.854166666666667,0.6640625,0.765625,0.5,16,FALSE,FALSE,-0.1015625,-0.0520833333333333,0.1015625,0.151041666666667,-0.151041666666667,FALSE,FALSE,TRUE,TRUE,FALSE
5,26,"Australia Republic Referendum","aus.republican1","5:2614","5:2614::aus.republican1","income","2614",0.866666666666667,0.768518518518518,0.783333333333333,0.800925925925926,0.803571428571429,0.794642857142857,0.642857142857143,14,FALSE,FALSE,-0.00892857142857151,0.0324074074074074,0.00892857142857151,0.0833333333333334,-0.0833333333333334,0.866666666666667,0.768518518518518,0.783333333333333,0.800925925925926,0.803571428571429,0.794642857142857,0.642857142857143,14,FALSE,FALSE,-0.00892857142857151,0.0324074074074074,0.00892857142857151,0.0833333333333334,-0.0833333333333334,FALSE,TRUE,TRUE,TRUE,FALSE
5,26,"Australia Republic Referendum","aus.republican1","5:2615","5:2615::aus.republican1","income","2615",0.619791666666667,0.783333333333333,0.822916666666667,0.516666666666667,0.682692307692308,0.705128205128205,0.384615384615385,13,FALSE,FALSE,-0.0224358974358975,0.266666666666667,0.0224358974358975,0.203125,-0.203125,0.619791666666667,0.783333333333333,0.822916666666667,0.516666666666667,0.682692307692308,0.705128205128205,0.384615384615385,13,FALSE,FALSE,-0.0224358974358975,0.266666666666667,0.0224358974358975,0.203125,-0.203125,FALSE,TRUE,TRUE,TRUE,FALSE
5,26,"Australia Republic Referendum","aus.republican1","5:2616","5:2616::aus.republican1","income","2616",0.785714285714286,0.5,0.797619047619048,0.802083333333333,0.633333333333333,0.8,0.533333333333333,15,FALSE,FALSE,0.166666666666667,0.302083333333333,-0.166666666666667,-0.0119047619047619,0.0119047619047619,0.785714285714286,0.5,0.797619047619048,0.802083333333333,0.633333333333333,0.8,0.533333333333333,15,FALSE,FALSE,0.166666666666667,0.302083333333333,-0.166666666666667,-0.0119047619047619,0.0119047619047619,TRUE,TRUE,FALSE,FALSE,TRUE
5,26,"Australia Republic Referendum","aus.republican1","5:2617","5:2617::aus.republican1","income","2617",0.671875,0.854166666666667,0.713541666666667,0.916666666666667,0.732638888888889,0.78125,0.333333333333333,12,FALSE,FALSE,-0.0486111111111112,-0.0625,0.0486111111111112,0.0416666666666666,-0.0416666666666666,0.671875,0.854166666666667,0.713541666666667,0.916666666666667,0.732638888888889,0.78125,0.333333333333333,12,FALSE,FALSE,-0.0486111111111112,-0.0625,0.0486111111111112,0.0416666666666666,-0.0416666666666666,FALSE,FALSE,TRUE,TRUE,FALSE
5,26,"Australia Republic Referendum","aus.republican1","5:2618","5:2618::aus.republican1","income","2618",0.766666666666667,0.7,0.925,0.908333333333333,0.733333333333333,0.916666666666667,0.5,10,FALSE,FALSE,0.183333333333333,0.208333333333333,-0.183333333333333,-0.158333333333333,0.158333333333333,0.766666666666667,0.7,0.925,0.908333333333333,0.733333333333333,0.916666666666667,0.5,10,FALSE,FALSE,0.183333333333333,0.208333333333333,-0.183333333333333,-0.158333333333333,0.158333333333333,TRUE,TRUE,FALSE,FALSE,TRUE
5,26,"Australia Republic Referendum","aus.republican1","5:2619","5:2619::aus.republican1","income","2619",0.608333333333333,0.604166666666667,0.7625,0.479166666666667,0.607142857142857,0.681547619047619,0.285714285714286,14,FALSE,FALSE,0.074404761904762,-0.125,-0.074404761904762,-0.154166666666667,0.154166666666667,0.608333333333333,0.604166666666667,0.7625,0.479166666666667,0.607142857142857,0.681547619047619,0.285714285714286,14,FALSE,FALSE,0.074404761904762,-0.125,-0.074404761904762,-0.154166666666667,0.154166666666667,TRUE,FALSE,FALSE,FALSE,TRUE
5,26,"Australia Republic Referendum","aus.republican1","5:2620","5:2620::aus.republican1","income","2620",0.566666666666667,0.608333333333333,0.566666666666667,0.729166666666667,0.594444444444444,0.675,0.666666666666667,15,FALSE,FALSE,-0.0805555555555556,-0.120833333333333,0.0805555555555556,0,0,0.566666666666667,0.608333333333333,0.566666666666667,0.729166666666667,0.594444444444444,0.675,0.666666666666667,15,FALSE,FALSE,-0.0805555555555556,-0.120833333333333,0.0805555555555556,0,0,FALSE,FALSE,TRUE,FALSE,FALSE
5,26,"Australia Republic Referendum","aus.republican1","5:2621","5:2621::aus.republican1","income","2621",0.729166666666667,0.564814814814815,0.916666666666667,0.689814814814815,0.615384615384615,0.759615384615385,0.692307692307692,13,FALSE,FALSE,0.144230769230769,0.125,-0.144230769230769,-0.1875,0.1875,0.729166666666667,0.564814814814815,0.916666666666667,0.689814814814815,0.615384615384615,0.759615384615385,0.692307692307692,13,FALSE,FALSE,0.144230769230769,0.125,-0.144230769230769,-0.1875,0.1875,TRUE,TRUE,FALSE,FALSE,TRUE
5,26,"Australia Republic Referendum","aus.republican1","5:2622","5:2622::aus.republican1","income","2622",0.712962962962963,0.791666666666667,0.851851851851852,0.9375,0.737179487179487,0.878205128205128,0.307692307692308,13,FALSE,FALSE,-0.141025641025641,-0.145833333333333,0.141025641025641,0.138888888888889,-0.138888888888889,0.712962962962963,0.791666666666667,0.851851851851852,0.9375,0.737179487179487,0.878205128205128,0.307692307692308,13,FALSE,FALSE,-0.141025641025641,-0.145833333333333,0.141025641025641,0.138888888888889,-0.138888888888889,FALSE,FALSE,TRUE,TRUE,FALSE
5,26,"Australia Republic Referendum","aus.republican1","5:2623","5:2623::aus.republican1","income","2623",0.547619047619048,0.75,0.708333333333333,0.861111111111111,0.641025641025641,0.778846153846154,0.461538461538462,13,FALSE,FALSE,-0.137820512820513,-0.111111111111111,0.137820512820513,0.160714285714286,-0.160714285714286,0.547619047619048,0.75,0.708333333333333,0.861111111111111,0.641025641025641,0.778846153846154,0.461538461538462,13,FALSE,FALSE,-0.137820512820513,-0.111111111111111,0.137820512820513,0.160714285714286,-0.160714285714286,FALSE,FALSE,TRUE,TRUE,FALSE
5,26,"Australia Republic Referendum","aus.republican1","5:2624","5:2624::aus.republican1","income","2624",0.75,0.601851851851852,1,0.592592592592593,0.647435897435897,0.717948717948718,0.692307692307692,13,FALSE,FALSE,0.0705128205128205,-0.0092592592592593,-0.0705128205128205,-0.25,0.25,0.75,0.601851851851852,1,0.592592592592593,0.647435897435897,0.717948717948718,0.692307692307692,13,FALSE,FALSE,0.0705128205128205,-0.0092592592592593,-0.0705128205128205,-0.25,0.25,TRUE,FALSE,FALSE,FALSE,TRUE
5,26,"Australia Republic Referendum","aus.popparl1","5:2601","5:2601::aus.popparl1","income","2601",0.85,0.583333333333333,0.25,0.4375,0.704545454545455,0.333333333333333,0.5,12,FALSE,FALSE,-0.371212121212121,-0.145833333333333,0.371212121212121,0.6,-0.6,0.8125,0.4375,0.3125,0.4375,0.625,0.375,0.5,8,FALSE,FALSE,-0.25,0,0.25,0.5,-0.5,FALSE,FALSE,TRUE,TRUE,FALSE
5,26,"Australia Republic Referendum","aus.popparl1","5:2602","5:2602::aus.popparl1","income","2602",0.85,0.75,0.4,0.125,0.785714285714286,0.277777777777778,0.642857142857143,14,FALSE,FALSE,-0.507936507936508,-0.625,0.507936507936508,0.45,-0.45,0.85,0.625,0.4,0.125,0.75,0.277777777777778,0.444444444444444,9,FALSE,FALSE,-0.472222222222222,-0.5,0.472222222222222,0.45,-0.45,FALSE,FALSE,TRUE,TRUE,FALSE
5,26,"Australia Republic Referendum","aus.popparl1","5:2603","5:2603::aus.popparl1","income","2603",0.4375,0.666666666666667,0.1875,0.5,0.575,0.291666666666667,0.538461538461538,13,FALSE,FALSE,0.283333333333333,0.166666666666667,-0.283333333333333,-0.25,0.25,0.333333333333333,0.875,0.166666666666667,0.5,0.55,0.3,0.4,5,FALSE,FALSE,0.25,0.375,-0.25,-0.166666666666667,0.166666666666667,TRUE,TRUE,FALSE,FALSE,TRUE
5,26,"Australia Republic Referendum","aus.popparl1","5:2604","5:2604::aus.popparl1","income","2604",0.666666666666667,0.714285714285714,0.166666666666667,0.6875,0.692307692307692,0.375,0.533333333333333,15,FALSE,FALSE,0.317307692307692,0.0267857142857143,-0.317307692307692,-0.5,0.5,0.65,0.6875,0.15,0.6875,0.666666666666667,0.388888888888889,0.444444444444444,9,FALSE,FALSE,0.277777777777778,0,-0.277777777777778,-0.5,0.5,TRUE,TRUE,FALSE,FALSE,TRUE
5,26,"Australia Republic Referendum","aus.popparl1","5:2605","5:2605::aus.popparl1","income","2605",0.708333333333333,0.95,0.45,0.25,0.818181818181818,0.361111111111111,0.416666666666667,12,FALSE,FALSE,0.457070707070707,0.7,-0.457070707070707,-0.258333333333333,0.258333333333333,0.8125,0.9375,0.5,0.25,0.875,0.375,0.5,8,FALSE,FALSE,0.5,0.6875,-0.5,-0.3125,0.3125,TRUE,TRUE,FALSE,FALSE,TRUE
5,26,"Australia Republic Referendum","aus.popparl1","5:2606","5:2606::aus.popparl1","income","2606",0.583333333333333,0.527777777777778,0.5,0.3,0.541666666666667,0.357142857142857,0.769230769230769,13,FALSE,FALSE,-0.18452380952381,-0.227777777777778,0.18452380952381,0.0833333333333334,-0.0833333333333334,0.5,0.55,0.5,0.3,0.535714285714286,0.357142857142857,0.714285714285714,7,FALSE,FALSE,0.178571428571429,0.25,-0.178571428571429,0,0,FALSE,FALSE,TRUE,TRUE,FALSE
5,26,"Australia Republic Referendum","aus.popparl1","5:2607","5:2607::aus.popparl1","income","2607",0.4375,0.472222222222222,0.25,0.178571428571429,0.461538461538462,0.208333333333333,0.642857142857143,14,FALSE,FALSE,0.253205128205128,0.293650793650794,-0.253205128205128,-0.1875,0.1875,0.4375,0.428571428571429,0.25,0.178571428571429,0.431818181818182,0.204545454545455,0.636363636363636,11,FALSE,FALSE,-0.227272727272727,-0.25,0.227272727272727,0.1875,-0.1875,TRUE,TRUE,FALSE,FALSE,TRUE
5,26,"Australia Republic Referendum","aus.popparl1","5:2608","5:2608::aus.popparl1","income","2608",0.6875,0.416666666666667,0.0833333333333333,0.35,0.571428571428571,0.25,0.6,10,FALSE,FALSE,-0.321428571428571,-0.0666666666666667,0.321428571428571,0.604166666666667,-0.604166666666667,0.583333333333333,0.416666666666667,0.0833333333333333,0.25,0.5,0.166666666666667,0.5,6,FALSE,FALSE,-0.333333333333333,-0.166666666666667,0.333333333333333,0.5,-0.5,FALSE,FALSE,TRUE,TRUE,FALSE
5,26,"Australia Republic Referendum","aus.popparl1","5:2609","5:2609::aus.popparl1","income","2609",0.571428571428571,0.833333333333333,0.291666666666667,0.35,0.692307692307692,0.318181818181818,0.461538461538462,13,FALSE,FALSE,0.374125874125874,0.483333333333333,-0.374125874125874,-0.279761904761905,0.279761904761905,0.666666666666667,0.8,0.291666666666667,0.35,0.727272727272727,0.318181818181818,0.454545454545455,11,FALSE,FALSE,0.409090909090909,0.45,-0.409090909090909,-0.375,0.375,TRUE,TRUE,FALSE,FALSE,TRUE
5,26,"Australia Republic Referendum","aus.popparl1","5:2610","5:2610::aus.popparl1","income","2610",0.527777777777778,0.333333333333333,0.388888888888889,0.583333333333333,0.479166666666667,0.4375,0.285714285714286,14,FALSE,FALSE,-0.0416666666666667,0.25,0.0416666666666667,0.138888888888889,-0.138888888888889,0.59375,0.333333333333333,0.3125,0.583333333333333,0.522727272727273,0.386363636363636,0.272727272727273,11,FALSE,FALSE,-0.136363636363636,0.25,0.136363636363636,0.28125,-0.28125,FALSE,TRUE,TRUE,TRUE,FALSE
5,26,"Australia Republic Referendum","aus.popparl1","5:2611","5:2611::aus.popparl1","income","2611",0.59375,0.5,0.107142857142857,0.25,0.575,0.125,0.272727272727273,11,FALSE,FALSE,-0.45,-0.25,0.45,0.486607142857143,-0.486607142857143,0.571428571428571,0.25,0.107142857142857,0.25,0.53125,0.125,0.125,8,FALSE,FALSE,-0.40625,0,0.40625,0.464285714285714,-0.464285714285714,FALSE,FALSE,TRUE,TRUE,FALSE
5,26,"Australia Republic Referendum","aus.popparl1","5:2612","5:2612::aus.popparl1","income","2612",0.6875,0.666666666666667,0.1875,0.55,0.675,0.388888888888889,0.583333333333333,12,FALSE,FALSE,-0.286111111111111,-0.116666666666667,0.286111111111111,0.5,-0.5,0.833333333333333,0.75,0.166666666666667,0.55,0.78125,0.40625,0.625,8,FALSE,FALSE,-0.375,-0.2,0.375,0.666666666666667,-0.666666666666667,FALSE,FALSE,TRUE,TRUE,FALSE
5,26,"Australia Republic Referendum","aus.popparl1","5:2613","5:2613::aus.popparl1","income","2613",0.833333333333333,0.642857142857143,0.4,0.416666666666667,0.730769230769231,0.409090909090909,0.5,16,FALSE,FALSE,-0.321678321678322,-0.226190476190476,0.321678321678322,0.433333333333333,-0.433333333333333,0.75,0.708333333333333,0.5,0.416666666666667,0.725,0.45,0.6,10,FALSE,FALSE,-0.275,-0.291666666666667,0.275,0.25,-0.25,FALSE,FALSE,TRUE,TRUE,FALSE
5,26,"Australia Republic Referendum","aus.popparl1","5:2614","5:2614::aus.popparl1","income","2614",0.55,0.611111111111111,0.166666666666667,0.0833333333333333,0.589285714285714,0.125,0.642857142857143,14,FALSE,FALSE,0.464285714285714,0.527777777777778,-0.464285714285714,-0.383333333333333,0.383333333333333,0.583333333333333,0.583333333333333,0.166666666666667,0.0833333333333333,0.583333333333333,0.125,0.5,6,TRUE,FALSE,NA,NA,NA,NA,NA,TRUE,TRUE,FALSE,FALSE,TRUE
5,26,"Australia Republic Referendum","aus.popparl1","5:2615","5:2615::aus.popparl1","income","2615",0.8125,0.625,0.428571428571429,0.55,0.75,0.479166666666667,0.384615384615385,13,FALSE,FALSE,-0.270833333333333,-0.075,0.270833333333333,0.383928571428571,-0.383928571428571,0.785714285714286,0.625,0.428571428571429,0.625,0.727272727272727,0.5,0.363636363636364,11,FALSE,FALSE,-0.227272727272727,0,0.227272727272727,0.357142857142857,-0.357142857142857,FALSE,FALSE,TRUE,TRUE,FALSE
5,26,"Australia Republic Referendum","aus.popparl1","5:2616","5:2616::aus.popparl1","income","2616",0.714285714285714,0.8125,0.178571428571429,0.321428571428571,0.766666666666667,0.25,0.533333333333333,15,FALSE,FALSE,0.516666666666667,0.491071428571429,-0.516666666666667,-0.535714285714286,0.535714285714286,0.714285714285714,0.821428571428571,0.178571428571429,0.321428571428571,0.767857142857143,0.25,0.5,14,FALSE,FALSE,0.517857142857143,0.5,-0.517857142857143,-0.535714285714286,0.535714285714286,TRUE,TRUE,FALSE,FALSE,TRUE
5,26,"Australia Republic Referendum","aus.popparl1","5:2617","5:2617::aus.popparl1","income","2617",0.583333333333333,0.5,0.25,0.1875,0.55,0.225,0.333333333333333,12,FALSE,FALSE,-0.325,-0.3125,0.325,0.333333333333333,-0.333333333333333,0.625,0.5,0.3125,0.1875,0.5625,0.25,0.5,8,FALSE,FALSE,-0.3125,-0.3125,0.3125,0.3125,-0.3125,FALSE,FALSE,TRUE,TRUE,FALSE
5,26,"Australia Republic Referendum","aus.popparl1","5:2618","5:2618::aus.popparl1","income","2618",0.65,0.65,0.25,0.1875,0.65,0.214285714285714,0.5,10,TRUE,FALSE,NA,NA,NA,NA,NA,0.75,0.625,0.25,0.1875,0.678571428571429,0.214285714285714,0.571428571428571,7,FALSE,FALSE,-0.464285714285714,-0.4375,0.464285714285714,0.5,-0.5,NA,NA,NA,NA,NA
5,26,"Australia Republic Referendum","aus.popparl1","5:2619","5:2619::aus.popparl1","income","2619",0.7,0.6875,0.416666666666667,0.583333333333333,0.696428571428571,0.458333333333333,0.285714285714286,14,FALSE,FALSE,-0.238095238095238,-0.104166666666667,0.238095238095238,0.283333333333333,-0.283333333333333,0.75,0.666666666666667,0.416666666666667,0.583333333333333,0.729166666666667,0.458333333333333,0.25,12,FALSE,FALSE,-0.270833333333333,-0.0833333333333333,0.270833333333333,0.333333333333333,-0.333333333333333,FALSE,FALSE,TRUE,TRUE,FALSE
5,26,"Australia Republic Referendum","aus.popparl1","5:2620","5:2620::aus.popparl1","income","2620",0.25,0.8125,0.3,0.642857142857143,0.625,0.5,0.666666666666667,15,FALSE,FALSE,0.125,0.169642857142857,-0.125,0.05,-0.05,0.25,0.791666666666667,0.1875,0.75,0.575,0.525,0.6,10,FALSE,FALSE,0.0499999999999999,0.0416666666666666,-0.0499999999999999,-0.0625,0.0625,TRUE,TRUE,FALSE,TRUE,FALSE
5,26,"Australia Republic Referendum","aus.popparl1","5:2621","5:2621::aus.popparl1","income","2621",0.6875,0.777777777777778,0.25,0.25,0.75,0.25,0.692307692307692,13,FALSE,FALSE,0.5,0.527777777777778,-0.5,-0.4375,0.4375,0.6875,0.833333333333333,0.25,0.25,0.775,0.25,0.6,10,FALSE,FALSE,0.525,0.583333333333333,-0.525,-0.4375,0.4375,TRUE,TRUE,FALSE,FALSE,TRUE
5,26,"Australia Republic Referendum","aus.popparl1","5:2622","5:2622::aus.popparl1","income","2622",0.555555555555556,0.916666666666667,0.4375,0.375,0.645833333333333,0.416666666666667,0.307692307692308,13,FALSE,FALSE,0.229166666666667,0.541666666666667,-0.229166666666667,-0.118055555555556,0.118055555555556,0.5,0.916666666666667,0.4375,0.416666666666667,0.613636363636364,0.431818181818182,0.272727272727273,11,FALSE,FALSE,0.181818181818182,0.5,-0.181818181818182,-0.0625,0.0625,TRUE,TRUE,FALSE,FALSE,TRUE
5,26,"Australia Republic Referendum","aus.popparl1","5:2623","5:2623::aus.popparl1","income","2623",0.857142857142857,0.8,0.208333333333333,0.416666666666667,0.833333333333333,0.3125,0.461538461538462,13,FALSE,FALSE,-0.520833333333333,-0.383333333333333,0.520833333333333,0.648809523809524,-0.648809523809524,0.833333333333333,0.8,0.208333333333333,0.45,0.818181818181818,0.318181818181818,0.454545454545455,11,FALSE,FALSE,-0.5,-0.35,0.5,0.625,-0.625,FALSE,FALSE,TRUE,TRUE,FALSE
5,26,"Australia Republic Referendum","aus.popparl1","5:2624","5:2624::aus.popparl1","income","2624",0.375,0.78125,0.25,0.46875,0.645833333333333,0.409090909090909,0.692307692307692,13,FALSE,FALSE,0.236742424242424,0.3125,-0.236742424242424,-0.125,0.125,0.416666666666667,0.75,0.25,0.5,0.65,0.425,0.7,10,FALSE,FALSE,0.225,0.25,-0.225,-0.166666666666667,0.166666666666667,TRUE,TRUE,FALSE,FALSE,TRUE
8,29,"Central Power & Light","cpl.t1res","8:29101","8:29101::cpl.t1res","income","29101",0.8,0.654545454545455,0.875,0.754545454545455,0.676923076923077,0.773076923076923,0.846153846153846,13,FALSE,FALSE,0.0961538461538461,0.1,-0.0961538461538461,-0.075,0.075,0.8,0.654545454545455,0.875,0.754545454545455,0.676923076923077,0.773076923076923,0.846153846153846,13,FALSE,FALSE,0.0961538461538461,0.1,-0.0961538461538461,-0.075,0.075,TRUE,TRUE,FALSE,FALSE,TRUE
8,29,"Central Power & Light","cpl.t1res","8:29102","8:29102::cpl.t1res","income","29102",0.625,0.7125,0.7125,0.7375,0.683333333333333,0.729166666666667,0.666666666666667,12,FALSE,FALSE,-0.0458333333333333,-0.025,0.0458333333333333,0.0875,-0.0875,0.625,0.7125,0.7125,0.7375,0.683333333333333,0.729166666666667,0.666666666666667,12,FALSE,FALSE,-0.0458333333333333,-0.025,0.0458333333333333,0.0875,-0.0875,FALSE,FALSE,TRUE,TRUE,FALSE
8,29,"Central Power & Light","cpl.t1res","8:29103","8:29103::cpl.t1res","income","29103",0.61,0.75,0.87,0.85,0.686363636363636,0.858333333333333,0.583333333333333,12,FALSE,FALSE,-0.171969696969697,-0.1,0.171969696969697,0.26,-0.26,0.61,0.75,0.87,0.9,0.686363636363636,0.886363636363636,0.545454545454545,11,FALSE,FALSE,-0.2,-0.15,0.2,0.26,-0.26,FALSE,FALSE,TRUE,TRUE,FALSE
8,29,"Central Power & Light","cpl.t1res","8:29104","8:29104::cpl.t1res","income","29104",0.5,0.63,0.5,0.74,0.618181818181818,0.718181818181818,0.909090909090909,11,FALSE,FALSE,-0.1,-0.11,0.1,0,0,0.5,0.63,0.5,0.74,0.618181818181818,0.718181818181818,0.909090909090909,11,FALSE,FALSE,-0.1,-0.11,0.1,0,0,FALSE,FALSE,TRUE,FALSE,FALSE
8,29,"Central Power & Light","cpl.t1res","8:29105","8:29105::cpl.t1res","income","29105",0.557142857142857,0.533333333333333,0.771428571428571,0.583333333333333,0.55,0.715,0.3,10,FALSE,FALSE,0.165,0.05,-0.165,-0.214285714285714,0.214285714285714,0.557142857142857,0.533333333333333,0.771428571428571,0.583333333333333,0.55,0.715,0.3,10,FALSE,FALSE,0.165,0.05,-0.165,-0.214285714285714,0.214285714285714,TRUE,TRUE,FALSE,FALSE,TRUE
8,29,"Central Power & Light","cpl.t1res","8:29106","8:29106::cpl.t1res","income","29106",0.62,0.678571428571429,0.45,0.857142857142857,0.654166666666667,0.6875,0.583333333333333,12,FALSE,FALSE,-0.0333333333333333,-0.178571428571429,0.0333333333333333,-0.17,0.17,0.62,0.678571428571429,0.45,0.857142857142857,0.654166666666667,0.6875,0.583333333333333,12,FALSE,FALSE,-0.0333333333333333,-0.178571428571429,0.0333333333333333,-0.17,0.17,FALSE,FALSE,TRUE,FALSE,TRUE
8,29,"Central Power & Light","cpl.t1res","8:29107","8:29107::cpl.t1res","income","29107",0.65,0.74,0.85,0.8,0.731818181818182,0.804545454545455,0.909090909090909,11,FALSE,FALSE,-0.0727272727272728,-0.06,0.0727272727272728,0.2,-0.2,0.65,0.74,0.85,0.8,0.731818181818182,0.804545454545455,0.909090909090909,11,FALSE,FALSE,-0.0727272727272728,-0.06,0.0727272727272728,0.2,-0.2,FALSE,FALSE,TRUE,TRUE,FALSE
8,29,"Central Power & Light","cpl.t1res","8:29108","8:29108::cpl.t1res","income","29108",0.6875,0.627272727272727,0.9,0.690909090909091,0.643333333333333,0.746666666666667,0.733333333333333,15,FALSE,FALSE,0.103333333333333,0.0636363636363636,-0.103333333333333,-0.2125,0.2125,0.6875,0.627272727272727,0.9,0.690909090909091,0.643333333333333,0.746666666666667,0.733333333333333,15,FALSE,FALSE,0.103333333333333,0.0636363636363636,-0.103333333333333,-0.2125,0.2125,TRUE,TRUE,FALSE,FALSE,TRUE
8,29,"Central Power & Light","cpl.t1res","8:29109","8:29109::cpl.t1res","income","29109",0.758333333333333,0.81,0.766666666666667,0.89,0.781818181818182,0.822727272727273,0.454545454545455,11,FALSE,FALSE,-0.0409090909090909,-0.08,0.0409090909090909,0.00833333333333341,-0.00833333333333341,0.758333333333333,0.81,0.766666666666667,0.89,0.781818181818182,0.822727272727273,0.454545454545455,11,FALSE,FALSE,-0.0409090909090909,-0.08,0.0409090909090909,0.00833333333333341,-0.00833333333333341,FALSE,FALSE,TRUE,TRUE,FALSE
8,29,"Central Power & Light","cpl.t1res","8:29110","8:29110::cpl.t1res","income","29110",0.61,0.621428571428571,0.64,0.657142857142857,0.616666666666667,0.65,0.583333333333333,12,FALSE,FALSE,-0.0333333333333333,-0.0357142857142857,0.0333333333333333,0.03,-0.03,0.61,0.621428571428571,0.64,0.657142857142857,0.616666666666667,0.65,0.583333333333333,12,FALSE,FALSE,-0.0333333333333333,-0.0357142857142857,0.0333333333333333,0.03,-0.03,FALSE,FALSE,TRUE,TRUE,FALSE
8,29,"Central Power & Light","cpl.t1res","8:29111","8:29111::cpl.t1res","income","29111",0.57,0.514285714285714,0.59,0.692857142857143,0.5375,0.65,0.583333333333333,12,FALSE,FALSE,0.1125,0.178571428571429,-0.1125,-0.02,0.02,0.57,0.514285714285714,0.59,0.692857142857143,0.5375,0.65,0.583333333333333,12,FALSE,FALSE,0.1125,0.178571428571429,-0.1125,-0.02,0.02,TRUE,TRUE,FALSE,FALSE,TRUE
8,29,"Central Power & Light","cpl.t1res","8:29112","8:29112::cpl.t1res","income","29112",0.575,0.58,0.825,0.85,0.578571428571429,0.842857142857143,0.714285714285714,14,FALSE,FALSE,-0.264285714285714,-0.27,0.264285714285714,0.25,-0.25,0.575,0.58,0.825,0.85,0.578571428571429,0.842857142857143,0.714285714285714,14,FALSE,FALSE,-0.264285714285714,-0.27,0.264285714285714,0.25,-0.25,FALSE,FALSE,TRUE,TRUE,FALSE
8,29,"Central Power & Light","cpl.t1res","8:29113","8:29113::cpl.t1res","income","29113",0.733333333333333,0.636363636363636,0.9,0.804545454545455,0.657142857142857,0.825,0.785714285714286,14,FALSE,FALSE,0.167857142857143,0.168181818181818,-0.167857142857143,-0.166666666666667,0.166666666666667,0.733333333333333,0.636363636363636,0.9,0.804545454545455,0.657142857142857,0.825,0.785714285714286,14,FALSE,FALSE,0.167857142857143,0.168181818181818,-0.167857142857143,-0.166666666666667,0.166666666666667,TRUE,TRUE,FALSE,FALSE,TRUE
8,29,"Central Power & Light","cpl.t1res","8:29114","8:29114::cpl.t1res","income","29114",0.725,0.736363636363636,0.625,0.818181818181818,0.734615384615385,0.788461538461538,0.846153846153846,13,FALSE,FALSE,-0.0538461538461538,-0.0818181818181819,0.0538461538461538,-0.1,0.1,0.725,0.736363636363636,0.625,0.818181818181818,0.734615384615385,0.788461538461538,0.846153846153846,13,FALSE,FALSE,-0.0538461538461538,-0.0818181818181819,0.0538461538461538,-0.1,0.1,FALSE,FALSE,TRUE,FALSE,TRUE
8,29,"Central Power & Light","cpl.t1res","8:29115","8:29115::cpl.t1res","income","29115",0.758333333333333,0.722222222222222,0.8,0.775,0.736666666666667,0.785714285714286,0.6,15,FALSE,FALSE,0.049047619047619,0.0527777777777778,-0.049047619047619,-0.0416666666666667,0.0416666666666667,0.758333333333333,0.75,0.8,0.775,0.753571428571429,0.785714285714286,0.571428571428571,14,FALSE,FALSE,0.0321428571428571,0.025,-0.0321428571428571,-0.0416666666666667,0.0416666666666667,TRUE,TRUE,FALSE,FALSE,TRUE
8,29,"Central Power & Light","cpl.t1res","8:29116","8:29116::cpl.t1res","income","29116",0.666666666666667,0.62,0.775,0.89,0.645454545454546,0.827272727272727,0.454545454545455,11,FALSE,FALSE,0.181818181818182,0.27,-0.181818181818182,-0.108333333333333,0.108333333333333,0.666666666666667,0.62,0.775,0.89,0.645454545454546,0.827272727272727,0.454545454545455,11,FALSE,FALSE,0.181818181818182,0.27,-0.181818181818182,-0.108333333333333,0.108333333333333,TRUE,TRUE,FALSE,FALSE,TRUE
8,29,"Central Power & Light","cpl.t1cons","8:29101","8:29101::cpl.t1cons","income","29101",0.947368421052632,0.822966507177033,1,0.886363636363636,0.842105263157895,0.903846153846154,0.846153846153846,13,FALSE,FALSE,0.0617408906882592,0.0633971291866029,-0.0617408906882592,-0.0526315789473684,0.0526315789473684,0.947368421052632,0.822966507177033,1,0.886363636363636,0.842105263157895,0.903846153846154,0.846153846153846,13,FALSE,FALSE,0.0617408906882592,0.0633971291866029,-0.0617408906882592,-0.0526315789473684,0.0526315789473684,TRUE,TRUE,FALSE,FALSE,TRUE
8,29,"Central Power & Light","cpl.t1cons","8:29102","8:29102::cpl.t1cons","income","29102",0.828947368421053,0.87218045112782,0.7875,0.8875,0.856459330143541,0.854166666666667,0.666666666666667,12,FALSE,FALSE,0.00229266347687407,-0.0153195488721805,-0.00229266347687407,-0.0414473684210527,0.0414473684210527,0.828947368421053,0.87218045112782,0.7875,0.928571428571429,0.856459330143541,0.877272727272727,0.636363636363636,11,FALSE,FALSE,-0.0208133971291866,-0.0563909774436091,0.0208133971291866,-0.0414473684210527,0.0414473684210527,TRUE,FALSE,FALSE,FALSE,TRUE
8,29,"Central Power & Light","cpl.t1cons","8:29103","8:29103::cpl.t1cons","income","29103",0.757894736842105,0.864661654135338,0.98,0.878571428571429,0.820175438596491,0.920833333333333,0.583333333333333,12,FALSE,FALSE,-0.100657894736842,-0.0139097744360902,0.100657894736842,0.222105263157895,-0.222105263157895,0.757894736842105,0.864661654135338,0.98,0.878571428571429,0.820175438596491,0.920833333333333,0.583333333333333,12,FALSE,FALSE,-0.100657894736842,-0.0139097744360902,0.100657894736842,0.222105263157895,-0.222105263157895,FALSE,FALSE,TRUE,TRUE,FALSE
8,29,"Central Power & Light","cpl.t1cons","8:29104","8:29104::cpl.t1cons","income","29104",1,0.721052631578947,0.5,0.84,0.746411483253589,0.809090909090909,0.909090909090909,11,FALSE,FALSE,0.0626794258373206,0.118947368421053,-0.0626794258373206,0.5,-0.5,1,0.721052631578947,0.5,0.84,0.746411483253589,0.809090909090909,0.909090909090909,11,FALSE,FALSE,0.0626794258373206,0.118947368421053,-0.0626794258373206,0.5,-0.5,TRUE,TRUE,FALSE,TRUE,FALSE
8,29,"Central Power & Light","cpl.t1cons","8:29105","8:29105::cpl.t1cons","income","29105",0.887218045112782,0.771929824561403,0.964285714285714,1,0.852631578947368,0.975,0.3,10,FALSE,FALSE,0.122368421052632,0.228070175438597,-0.122368421052632,-0.0770676691729324,0.0770676691729324,0.887218045112782,0.771929824561403,0.964285714285714,1,0.852631578947368,0.975,0.3,10,FALSE,FALSE,0.122368421052632,0.228070175438597,-0.122368421052632,-0.0770676691729324,0.0770676691729324,TRUE,TRUE,FALSE,FALSE,TRUE
8,29,"Central Power & Light","cpl.t1cons","8:29106","8:29106::cpl.t1cons","income","29106",0.88421052631579,0.894736842105263,0.95,0.885714285714286,0.890350877192982,0.9125,0.583333333333333,12,FALSE,FALSE,-0.0221491228070175,0.00902255639097749,0.0221491228070175,0.0657894736842105,-0.0657894736842105,0.88421052631579,0.894736842105263,0.95,0.885714285714286,0.890350877192982,0.9125,0.583333333333333,12,FALSE,FALSE,-0.0221491228070175,0.00902255639097749,0.0221491228070175,0.0657894736842105,-0.0657894736842105,FALSE,TRUE,TRUE,TRUE,FALSE
8,29,"Central Power & Light","cpl.t1cons","8:29107","8:29107::cpl.t1cons","income","29107",0.789473684210526,0.81578947368421,1,0.83,0.813397129186603,0.845454545454545,0.909090909090909,11,FALSE,FALSE,-0.0320574162679426,-0.0142105263157896,0.0320574162679426,0.210526315789474,-0.210526315789474,0.789473684210526,0.81578947368421,1,0.83,0.813397129186603,0.845454545454545,0.909090909090909,11,FALSE,FALSE,-0.0320574162679426,-0.0142105263157896,0.0320574162679426,0.210526315789474,-0.210526315789474,FALSE,FALSE,TRUE,TRUE,FALSE
8,29,"Central Power & Light","cpl.t1cons","8:29108","8:29108::cpl.t1cons","income","29108",0.855263157894737,0.794258373205742,0.85,0.813636363636364,0.810526315789474,0.823333333333333,0.733333333333333,15,FALSE,FALSE,0.0128070175438597,0.019377990430622,-0.0128070175438597,0.00526315789473686,-0.00526315789473686,0.855263157894737,0.794258373205742,0.85,0.813636363636364,0.810526315789474,0.823333333333333,0.733333333333333,15,FALSE,FALSE,0.0128070175438597,0.019377990430622,-0.0128070175438597,0.00526315789473686,-0.00526315789473686,TRUE,TRUE,FALSE,TRUE,FALSE
8,29,"Central Power & Light","cpl.t1cons","8:29109","8:29109::cpl.t1cons","income","29109",0.815789473684211,0.852631578947368,0.9,0.89,0.832535885167464,0.895454545454546,0.454545454545455,11,FALSE,FALSE,-0.0629186602870814,-0.0373684210526316,0.0629186602870814,0.0842105263157894,-0.0842105263157894,0.815789473684211,0.852631578947368,0.9,0.89,0.832535885167464,0.895454545454546,0.454545454545455,11,FALSE,FALSE,-0.0629186602870814,-0.0373684210526316,0.0629186602870814,0.0842105263157894,-0.0842105263157894,FALSE,FALSE,TRUE,TRUE,FALSE
8,29,"Central Power & Light","cpl.t1cons","8:29110","8:29110::cpl.t1cons","income","29110",0.789473684210526,0.887218045112782,0.81,0.835714285714286,0.846491228070175,0.825,0.583333333333333,12,FALSE,FALSE,0.0214912280701754,0.0515037593984962,-0.0214912280701754,0.0205263157894737,-0.0205263157894737,0.789473684210526,0.887218045112782,0.81,0.835714285714286,0.846491228070175,0.825,0.583333333333333,12,FALSE,FALSE,0.0214912280701754,0.0515037593984962,-0.0214912280701754,0.0205263157894737,-0.0205263157894737,TRUE,TRUE,FALSE,TRUE,FALSE
8,29,"Central Power & Light","cpl.t1cons","8:29111","8:29111::cpl.t1cons","income","29111",0.642105263157895,0.676691729323308,0.87,0.742857142857143,0.662280701754386,0.795833333333333,0.583333333333333,12,FALSE,FALSE,-0.133552631578947,-0.0661654135338346,0.133552631578947,0.227894736842105,-0.227894736842105,0.642105263157895,0.676691729323308,0.87,0.742857142857143,0.662280701754386,0.795833333333333,0.583333333333333,12,FALSE,FALSE,-0.133552631578947,-0.0661654135338346,0.133552631578947,0.227894736842105,-0.227894736842105,FALSE,FALSE,TRUE,TRUE,FALSE
8,29,"Central Power & Light","cpl.t1cons","8:29112","8:29112::cpl.t1cons","income","29112",0.828947368421053,0.826315789473684,0.8625,0.87,0.827067669172932,0.867857142857143,0.714285714285714,14,FALSE,FALSE,0.0407894736842106,0.0436842105263158,-0.0407894736842106,-0.0335526315789474,0.0335526315789474,0.828947368421053,0.826315789473684,0.8625,0.87,0.827067669172932,0.867857142857143,0.714285714285714,14,FALSE,FALSE,0.0407894736842106,0.0436842105263158,-0.0407894736842106,-0.0335526315789474,0.0335526315789474,TRUE,TRUE,FALSE,FALSE,TRUE
8,29,"Central Power & Light","cpl.t1cons","8:29113","8:29113::cpl.t1cons","income","29113",0.754385964912281,0.83732057416268,0.833333333333333,0.795,0.819548872180451,0.803846153846154,0.785714285714286,14,FALSE,FALSE,0.0157027183342973,0.0423205741626794,-0.0157027183342973,0.0789473684210527,-0.0789473684210527,0.754385964912281,0.863157894736842,0.833333333333333,0.795,0.838056680161943,0.803846153846154,0.769230769230769,13,FALSE,FALSE,0.0342105263157895,0.0681578947368421,-0.0342105263157895,0.0789473684210527,-0.0789473684210527,TRUE,TRUE,FALSE,TRUE,FALSE
8,29,"Central Power & Light","cpl.t1cons","8:29114","8:29114::cpl.t1cons","income","29114",0.789473684210526,0.827751196172249,0.75,0.818181818181818,0.821862348178138,0.807692307692308,0.846153846153846,13,FALSE,FALSE,0.0141700404858299,0.00956937799043056,-0.0141700404858299,-0.0394736842105263,0.0394736842105263,0.789473684210526,0.827751196172249,0.75,0.818181818181818,0.821862348178138,0.807692307692308,0.846153846153846,13,FALSE,FALSE,0.0141700404858299,0.00956937799043056,-0.0141700404858299,-0.0394736842105263,0.0394736842105263,TRUE,TRUE,FALSE,FALSE,TRUE
8,29,"Central Power & Light","cpl.t1cons","8:29115","8:29115::cpl.t1cons","income","29115",0.824561403508772,0.818713450292398,0.866666666666667,0.888888888888889,0.821052631578947,0.88,0.6,15,FALSE,FALSE,0.0589473684210526,0.0701754385964912,-0.0589473684210526,-0.0421052631578948,0.0421052631578948,0.824561403508772,0.818713450292398,0.866666666666667,0.888888888888889,0.821052631578947,0.88,0.6,15,FALSE,FALSE,0.0589473684210526,0.0701754385964912,-0.0589473684210526,-0.0421052631578948,0.0421052631578948,TRUE,TRUE,FALSE,FALSE,TRUE
8,29,"Central Power & Light","cpl.t1cons","8:29116","8:29116::cpl.t1cons","income","29116",0.81578947368421,0.778947368421053,0.825,0.88,0.799043062200957,0.85,0.454545454545455,11,FALSE,FALSE,0.0509569377990431,0.101052631578947,-0.0509569377990431,-0.00921052631578945,0.00921052631578945,0.81578947368421,0.778947368421053,0.825,0.88,0.799043062200957,0.85,0.454545454545455,11,FALSE,FALSE,0.0509569377990431,0.101052631578947,-0.0509569377990431,-0.00921052631578945,0.00921052631578945,TRUE,TRUE,FALSE,FALSE,TRUE
8,29,"Central Power & Light","cpl.t1poor","8:29101","8:29101::cpl.t1poor","income","29101",0.3125,0.756818181818182,0.625,0.854545454545454,0.688461538461538,0.819230769230769,0.846153846153846,13,FALSE,FALSE,-0.130769230769231,-0.0977272727272727,0.130769230769231,0.3125,-0.3125,0.3125,0.756818181818182,0.625,0.854545454545454,0.688461538461538,0.819230769230769,0.846153846153846,13,FALSE,FALSE,-0.130769230769231,-0.0977272727272727,0.130769230769231,0.3125,-0.3125,FALSE,FALSE,TRUE,TRUE,FALSE
8,29,"Central Power & Light","cpl.t1poor","8:29102","8:29102::cpl.t1poor","income","29102",0.64375,0.689285714285714,0.75,0.840625,0.672727272727273,0.810416666666667,0.666666666666667,12,FALSE,FALSE,-0.137689393939394,-0.151339285714286,0.137689393939394,0.10625,-0.10625,0.64375,0.689285714285714,0.75,0.853571428571429,0.672727272727273,0.815909090909091,0.636363636363636,11,FALSE,FALSE,-0.143181818181818,-0.164285714285714,0.143181818181818,0.10625,-0.10625,FALSE,FALSE,TRUE,TRUE,FALSE
8,29,"Central Power & Light","cpl.t1poor","8:29103","8:29103::cpl.t1poor","income","29103",0.605,0.467857142857143,0.64,0.607142857142857,0.525,0.620833333333333,0.583333333333333,12,FALSE,FALSE,0.0958333333333333,0.139285714285714,-0.0958333333333333,-0.035,0.035,0.605,0.467857142857143,0.64,0.607142857142857,0.525,0.620833333333333,0.583333333333333,12,FALSE,FALSE,0.0958333333333333,0.139285714285714,-0.0958333333333333,-0.035,0.035,TRUE,TRUE,FALSE,FALSE,TRUE
8,29,"Central Power & Light","cpl.t1poor","8:29104","8:29104::cpl.t1poor","income","29104",0.875,0.6825,0.25,0.6975,0.7,0.656818181818182,0.909090909090909,11,FALSE,FALSE,-0.0431818181818181,0.015,0.0431818181818181,0.625,-0.625,0.875,0.6825,0.25,0.6975,0.7,0.656818181818182,0.909090909090909,11,FALSE,FALSE,-0.0431818181818181,0.015,0.0431818181818181,0.625,-0.625,FALSE,TRUE,TRUE,TRUE,FALSE
8,29,"Central Power & Light","cpl.t1poor","8:29105","8:29105::cpl.t1poor","income","29105",0.592857142857143,0.666666666666667,0.642857142857143,0.616666666666667,0.615,0.635,0.3,10,FALSE,FALSE,-0.02,0.0499999999999999,0.02,0.05,-0.05,0.592857142857143,0.666666666666667,0.642857142857143,0.616666666666667,0.615,0.635,0.3,10,FALSE,FALSE,-0.02,0.0499999999999999,0.02,0.05,-0.05,FALSE,TRUE,TRUE,TRUE,FALSE
8,29,"Central Power & Light","cpl.t1poor","8:29106","8:29106::cpl.t1poor","income","29106",0.425,0.696428571428571,0.37,0.671428571428571,0.583333333333333,0.545833333333333,0.583333333333333,12,FALSE,FALSE,0.0375000000000001,0.025,-0.0375000000000001,-0.055,0.055,0.425,0.696428571428571,0.37,0.671428571428571,0.583333333333333,0.545833333333333,0.583333333333333,12,FALSE,FALSE,0.0375000000000001,0.025,-0.0375000000000001,-0.055,0.055,TRUE,TRUE,FALSE,FALSE,TRUE
8,29,"Central Power & Light","cpl.t1poor","8:29107","8:29107::cpl.t1poor","income","29107",0.275,0.6925,1,0.67,0.654545454545455,0.7,0.909090909090909,11,FALSE,FALSE,-0.0454545454545454,0.0225,0.0454545454545454,0.725,-0.725,0.275,0.6925,1,0.67,0.654545454545455,0.7,0.909090909090909,11,FALSE,FALSE,-0.0454545454545454,0.0225,0.0454545454545454,0.725,-0.725,FALSE,TRUE,TRUE,TRUE,FALSE
8,29,"Central Power & Light","cpl.t1poor","8:29108","8:29108::cpl.t1poor","income","29108",0.7,0.656818181818182,0.70625,0.568181818181818,0.668333333333333,0.605,0.733333333333333,15,FALSE,FALSE,-0.0633333333333334,-0.0886363636363636,0.0633333333333334,-0.00625000000000009,0.00625000000000009,0.7,0.656818181818182,0.70625,0.568181818181818,0.668333333333333,0.605,0.733333333333333,15,FALSE,FALSE,-0.0633333333333334,-0.0886363636363636,0.0633333333333334,-0.00625000000000009,0.00625000000000009,FALSE,FALSE,TRUE,FALSE,TRUE
8,29,"Central Power & Light","cpl.t1poor","8:29109","8:29109::cpl.t1poor","income","29109",0.558333333333333,0.845,0.5,0.88,0.688636363636364,0.672727272727273,0.454545454545455,11,FALSE,FALSE,0.0159090909090909,-0.035,-0.0159090909090909,-0.0583333333333333,0.0583333333333333,0.558333333333333,0.845,0.5,0.88,0.688636363636364,0.672727272727273,0.454545454545455,11,FALSE,FALSE,0.0159090909090909,-0.035,-0.0159090909090909,-0.0583333333333333,0.0583333333333333,TRUE,FALSE,FALSE,FALSE,TRUE
8,29,"Central Power & Light","cpl.t1poor","8:29110","8:29110::cpl.t1poor","income","29110",0.4,0.6,0.445,0.596428571428571,0.516666666666667,0.533333333333333,0.583333333333333,12,FALSE,FALSE,-0.0166666666666666,0.00357142857142856,0.0166666666666666,0.045,-0.045,0.4,0.6,0.445,0.596428571428571,0.516666666666667,0.533333333333333,0.583333333333333,12,FALSE,FALSE,-0.0166666666666666,0.00357142857142856,0.0166666666666666,0.045,-0.045,FALSE,TRUE,TRUE,TRUE,FALSE
8,29,"Central Power & Light","cpl.t1poor","8:29111","8:29111::cpl.t1poor","income","29111",0.395,0.535714285714286,0.295,0.396428571428571,0.477083333333333,0.354166666666667,0.583333333333333,12,FALSE,FALSE,0.122916666666667,0.139285714285714,-0.122916666666667,-0.1,0.1,0.395,0.535714285714286,0.295,0.396428571428571,0.477083333333333,0.354166666666667,0.583333333333333,12,FALSE,FALSE,0.122916666666667,0.139285714285714,-0.122916666666667,-0.1,0.1,TRUE,TRUE,FALSE,FALSE,TRUE
8,29,"Central Power & Light","cpl.t1poor","8:29112","8:29112::cpl.t1poor","income","29112",0.525,0.7175,0.61875,0.76,0.6625,0.719642857142857,0.714285714285714,14,FALSE,FALSE,-0.0571428571428572,-0.0425,0.0571428571428572,0.09375,-0.09375,0.525,0.7175,0.61875,0.76,0.6625,0.719642857142857,0.714285714285714,14,FALSE,FALSE,-0.0571428571428572,-0.0425,0.0571428571428572,0.09375,-0.09375,FALSE,FALSE,TRUE,TRUE,FALSE
8,29,"Central Power & Light","cpl.t1poor","8:29113","8:29113::cpl.t1poor","income","29113",0.433333333333333,0.685,0.366666666666667,0.675,0.626923076923077,0.603846153846154,0.785714285714286,14,FALSE,FALSE,0.0230769230769231,0.01,-0.0230769230769231,-0.0666666666666667,0.0666666666666667,0.433333333333333,0.711111111111111,0.366666666666667,0.683333333333333,0.641666666666667,0.604166666666667,0.75,12,FALSE,FALSE,0.0375000000000001,0.0277777777777778,-0.0375000000000001,-0.0666666666666667,0.0666666666666667,TRUE,TRUE,FALSE,FALSE,TRUE
8,29,"Central Power & Light","cpl.t1poor","8:29114","8:29114::cpl.t1poor","income","29114",0.325,0.634090909090909,0.3375,0.563636363636364,0.586538461538462,0.528846153846154,0.846153846153846,13,FALSE,FALSE,0.0576923076923077,0.0704545454545454,-0.0576923076923077,0.0125,-0.0125,0.325,0.634090909090909,0.3375,0.563636363636364,0.586538461538462,0.528846153846154,0.846153846153846,13,FALSE,FALSE,0.0576923076923077,0.0704545454545454,-0.0576923076923077,0.0125,-0.0125,TRUE,TRUE,FALSE,TRUE,FALSE
8,29,"Central Power & Light","cpl.t1poor","8:29115","8:29115::cpl.t1poor","income","29115",0.633333333333333,0.736111111111111,0.770833333333333,0.725,0.695,0.743333333333333,0.6,15,FALSE,FALSE,-0.0483333333333333,0.0111111111111112,0.0483333333333333,0.1375,-0.1375,0.633333333333333,0.736111111111111,0.770833333333333,0.725,0.695,0.743333333333333,0.6,15,FALSE,FALSE,-0.0483333333333333,0.0111111111111112,0.0483333333333333,0.1375,-0.1375,FALSE,TRUE,TRUE,TRUE,FALSE
8,29,"Central Power & Light","cpl.t1poor","8:29116","8:29116::cpl.t1poor","income","29116",0.633333333333333,0.72,0.6375,0.815,0.672727272727273,0.718181818181818,0.454545454545455,11,FALSE,FALSE,-0.0454545454545454,-0.095,0.0454545454545454,0.00416666666666665,-0.00416666666666665,0.633333333333333,0.72,0.6375,0.815,0.672727272727273,0.718181818181818,0.454545454545455,11,FALSE,FALSE,-0.0454545454545454,-0.095,0.0454545454545454,0.00416666666666665,-0.00416666666666665,FALSE,FALSE,TRUE,TRUE,FALSE
8,29,"Central Power & Light","cpl.t1renew","8:29101","8:29101::cpl.t1renew","income","29101",0.85,0.9,0.9,0.745454545454545,0.892307692307692,0.769230769230769,0.846153846153846,13,FALSE,FALSE,0.123076923076923,0.154545454545455,-0.123076923076923,0.05,-0.05,0.85,0.9,0.9,0.745454545454545,0.892307692307692,0.769230769230769,0.846153846153846,13,FALSE,FALSE,0.123076923076923,0.154545454545455,-0.123076923076923,0.05,-0.05,TRUE,TRUE,FALSE,TRUE,FALSE
8,29,"Central Power & Light","cpl.t1renew","8:29102","8:29102::cpl.t1renew","income","29102",0.5625,0.957142857142857,0.5625,0.825,0.813636363636364,0.7375,0.666666666666667,12,FALSE,FALSE,0.0761363636363636,0.132142857142857,-0.0761363636363636,0,0,0.5625,0.957142857142857,0.5625,0.835714285714286,0.813636363636364,0.736363636363636,0.636363636363636,11,FALSE,FALSE,0.0772727272727273,0.121428571428571,-0.0772727272727273,0,0,TRUE,TRUE,FALSE,FALSE,FALSE
8,29,"Central Power & Light","cpl.t1renew","8:29103","8:29103::cpl.t1renew","income","29103",0.85,1,0.98,0.885714285714286,0.9375,0.925,0.583333333333333,12,FALSE,FALSE,0.0125,0.114285714285714,-0.0125,0.13,-0.13,0.85,1,0.98,0.885714285714286,0.9375,0.925,0.583333333333333,12,FALSE,FALSE,0.0125,0.114285714285714,-0.0125,0.13,-0.13,TRUE,TRUE,FALSE,TRUE,FALSE
8,29,"Central Power & Light","cpl.t1renew","8:29104","8:29104::cpl.t1renew","income","29104",1,0.905,0.55,0.95,0.913636363636364,0.913636363636364,0.909090909090909,11,FALSE,TRUE,0,0.0449999999999999,0,0.45,-0.45,1,0.905,0.55,0.95,0.913636363636364,0.913636363636364,0.909090909090909,11,FALSE,TRUE,0,0.0449999999999999,0,0.45,-0.45,FALSE,TRUE,FALSE,TRUE,FALSE
8,29,"Central Power & Light","cpl.t1renew","8:29105","8:29105::cpl.t1renew","income","29105",0.871428571428571,0.8,0.878571428571429,0.95,0.85,0.9,0.3,10,FALSE,FALSE,0.05,0.15,-0.05,-0.00714285714285712,0.00714285714285712,0.871428571428571,0.8,0.878571428571429,0.95,0.85,0.9,0.3,10,FALSE,FALSE,0.05,0.15,-0.05,-0.00714285714285712,0.00714285714285712,TRUE,TRUE,FALSE,FALSE,TRUE
8,29,"Central Power & Light","cpl.t1renew","8:29106","8:29106::cpl.t1renew","income","29106",0.85,0.942857142857143,0.75,0.8,0.904166666666667,0.779166666666667,0.583333333333333,12,FALSE,FALSE,0.125,0.142857142857143,-0.125,-0.1,0.1,0.85,0.942857142857143,0.75,0.8,0.904166666666667,0.779166666666667,0.583333333333333,12,FALSE,FALSE,0.125,0.142857142857143,-0.125,-0.1,0.1,TRUE,TRUE,FALSE,FALSE,TRUE
8,29,"Central Power & Light","cpl.t1renew","8:29107","8:29107::cpl.t1renew","income","29107",0.85,0.885,0.8,0.85,0.881818181818182,0.845454545454545,0.909090909090909,11,FALSE,FALSE,0.0363636363636364,0.035,-0.0363636363636364,-0.05,0.05,0.85,0.885,0.8,0.85,0.881818181818182,0.845454545454545,0.909090909090909,11,FALSE,FALSE,0.0363636363636364,0.035,-0.0363636363636364,-0.05,0.05,TRUE,TRUE,FALSE,FALSE,TRUE
8,29,"Central Power & Light","cpl.t1renew","8:29108","8:29108::cpl.t1renew","income","29108",0.9875,0.895454545454546,0.9875,0.931818181818182,0.92,0.946666666666667,0.733333333333333,15,FALSE,FALSE,0.0266666666666666,0.0363636363636364,-0.0266666666666666,0,0,0.9875,0.895454545454546,0.9875,0.931818181818182,0.92,0.946666666666667,0.733333333333333,15,FALSE,FALSE,0.0266666666666666,0.0363636363636364,-0.0266666666666666,0,0,TRUE,TRUE,FALSE,FALSE,FALSE
8,29,"Central Power & Light","cpl.t1renew","8:29109","8:29109::cpl.t1renew","income","29109",0.958333333333333,0.91,0.866666666666667,0.98,0.936363636363636,0.918181818181818,0.454545454545455,11,FALSE,FALSE,-0.0181818181818182,0.07,0.0181818181818182,0.0916666666666667,-0.0916666666666667,0.958333333333333,0.91,0.866666666666667,0.98,0.936363636363636,0.918181818181818,0.454545454545455,11,FALSE,FALSE,-0.0181818181818182,0.07,0.0181818181818182,0.0916666666666667,-0.0916666666666667,FALSE,TRUE,TRUE,TRUE,FALSE
8,29,"Central Power & Light","cpl.t1renew","8:29110","8:29110::cpl.t1renew","income","29110",0.69,0.75,0.63,0.821428571428571,0.725,0.741666666666667,0.583333333333333,12,FALSE,FALSE,-0.0166666666666667,-0.0714285714285714,0.0166666666666667,-0.06,0.06,0.69,0.75,0.63,0.821428571428571,0.725,0.741666666666667,0.583333333333333,12,FALSE,FALSE,-0.0166666666666667,-0.0714285714285714,0.0166666666666667,-0.06,0.06,FALSE,FALSE,TRUE,FALSE,TRUE
8,29,"Central Power & Light","cpl.t1renew","8:29111","8:29111::cpl.t1renew","income","29111",0.83,0.835714285714286,0.8,0.842857142857143,0.833333333333333,0.825,0.583333333333333,12,FALSE,FALSE,0.00833333333333341,-0.00714285714285712,-0.00833333333333341,-0.03,0.03,0.83,0.835714285714286,0.8,0.842857142857143,0.833333333333333,0.825,0.583333333333333,12,FALSE,FALSE,0.00833333333333341,-0.00714285714285712,-0.00833333333333341,-0.03,0.03,TRUE,FALSE,FALSE,FALSE,TRUE
8,29,"Central Power & Light","cpl.t1renew","8:29112","8:29112::cpl.t1renew","income","29112",1,0.875,0.95,0.95,0.910714285714286,0.95,0.714285714285714,14,FALSE,FALSE,0.0392857142857143,0.075,-0.0392857142857143,0.05,-0.05,1,0.875,0.95,0.95,0.910714285714286,0.95,0.714285714285714,14,FALSE,FALSE,0.0392857142857143,0.075,-0.0392857142857143,0.05,-0.05,TRUE,TRUE,FALSE,TRUE,FALSE
8,29,"Central Power & Light","cpl.t1renew","8:29113","8:29113::cpl.t1renew","income","29113",0.966666666666667,0.927272727272727,0.866666666666667,0.859090909090909,0.935714285714286,0.860714285714286,0.785714285714286,14,FALSE,FALSE,-0.075,-0.0681818181818181,0.075,0.1,-0.1,0.966666666666667,0.927272727272727,0.866666666666667,0.859090909090909,0.935714285714286,0.860714285714286,0.785714285714286,14,FALSE,FALSE,-0.075,-0.0681818181818181,0.075,0.1,-0.1,FALSE,FALSE,TRUE,TRUE,FALSE
8,29,"Central Power & Light","cpl.t1renew","8:29114","8:29114::cpl.t1renew","income","29114",0.8,0.922727272727273,0.8,0.890909090909091,0.903846153846154,0.876923076923077,0.846153846153846,13,FALSE,FALSE,0.0269230769230769,0.0318181818181819,-0.0269230769230769,0,0,0.8,0.922727272727273,0.8,0.890909090909091,0.903846153846154,0.876923076923077,0.846153846153846,13,FALSE,FALSE,0.0269230769230769,0.0318181818181819,-0.0269230769230769,0,0,TRUE,TRUE,FALSE,FALSE,FALSE
8,29,"Central Power & Light","cpl.t1renew","8:29115","8:29115::cpl.t1renew","income","29115",0.833333333333333,0.922222222222222,0.808333333333333,0.872222222222222,0.886666666666667,0.846666666666667,0.6,15,FALSE,FALSE,0.0399999999999999,0.0499999999999999,-0.0399999999999999,-0.0249999999999999,0.0249999999999999,0.833333333333333,0.922222222222222,0.808333333333333,0.872222222222222,0.886666666666667,0.846666666666667,0.6,15,FALSE,FALSE,0.0399999999999999,0.0499999999999999,-0.0399999999999999,-0.0249999999999999,0.0249999999999999,TRUE,TRUE,FALSE,FALSE,TRUE
8,29,"Central Power & Light","cpl.t1renew","8:29116","8:29116::cpl.t1renew","income","29116",0.9,0.79,0.791666666666667,0.77,0.85,0.781818181818182,0.454545454545455,11,FALSE,FALSE,-0.0681818181818181,-0.02,0.0681818181818181,0.108333333333333,-0.108333333333333,0.9,0.79,0.791666666666667,0.77,0.85,0.781818181818182,0.454545454545455,11,FALSE,FALSE,-0.0681818181818181,-0.02,0.0681818181818181,0.108333333333333,-0.108333333333333,FALSE,FALSE,TRUE,TRUE,FALSE
8,29,"Central Power & Light","cpl.t1fossil","8:29101","8:29101::cpl.t1fossil","income","29101",0.45,0.6,0.444444444444444,0.755555555555556,0.575,0.703703703703704,0.846153846153846,13,FALSE,FALSE,-0.128703703703704,-0.155555555555556,0.128703703703704,-0.00555555555555554,0.00555555555555554,0.45,0.611111111111111,0.444444444444444,0.728395061728395,0.581818181818182,0.676767676767677,0.818181818181818,11,FALSE,FALSE,-0.094949494949495,-0.117283950617284,0.094949494949495,-0.00555555555555554,0.00555555555555554,FALSE,FALSE,TRUE,FALSE,TRUE
8,29,"Central Power & Light","cpl.t1fossil","8:29102","8:29102::cpl.t1fossil","income","29102",0.475,0.716666666666667,0.888888888888889,0.722222222222222,0.62,0.777777777777778,0.666666666666667,12,FALSE,FALSE,-0.157777777777778,-0.00555555555555554,0.157777777777778,0.413888888888889,-0.413888888888889,0.475,0.716666666666667,0.888888888888889,0.777777777777778,0.62,0.822222222222222,0.6,10,FALSE,FALSE,-0.202222222222222,-0.0611111111111111,0.202222222222222,0.413888888888889,-0.413888888888889,FALSE,FALSE,TRUE,TRUE,FALSE
8,29,"Central Power & Light","cpl.t1fossil","8:29103","8:29103::cpl.t1fossil","income","29103",0.6,0.714285714285714,0.577777777777778,0.476190476190476,0.666666666666667,0.518518518518518,0.583333333333333,12,FALSE,FALSE,0.148148148148148,0.238095238095238,-0.148148148148148,-0.0222222222222221,0.0222222222222221,0.6,0.714285714285714,0.577777777777778,0.476190476190476,0.666666666666667,0.518518518518518,0.583333333333333,12,FALSE,FALSE,0.148148148148148,0.238095238095238,-0.148148148148148,-0.0222222222222221,0.0222222222222221,TRUE,TRUE,FALSE,FALSE,TRUE
8,29,"Central Power & Light","cpl.t1fossil","8:29104","8:29104::cpl.t1fossil","income","29104",1,0.72,1,0.633333333333333,0.745454545454545,0.666666666666667,0.909090909090909,11,FALSE,FALSE,-0.0787878787878789,-0.0866666666666667,0.0787878787878789,0,0,1,0.72,1,0.633333333333333,0.745454545454545,0.666666666666667,0.909090909090909,11,FALSE,FALSE,-0.0787878787878789,-0.0866666666666667,0.0787878787878789,0,0,FALSE,FALSE,TRUE,FALSE,FALSE
8,29,"Central Power & Light","cpl.t1fossil","8:29105","8:29105::cpl.t1fossil","income","29105",0.557142857142857,0.766666666666667,0.53968253968254,0.925925925925926,0.62,0.655555555555556,0.3,10,FALSE,FALSE,-0.0355555555555556,-0.159259259259259,0.0355555555555556,-0.0174603174603175,0.0174603174603175,0.557142857142857,0.766666666666667,0.53968253968254,0.925925925925926,0.62,0.655555555555556,0.3,10,FALSE,FALSE,-0.0355555555555556,-0.159259259259259,0.0355555555555556,-0.0174603174603175,0.0174603174603175,FALSE,FALSE,TRUE,FALSE,TRUE
8,29,"Central Power & Light","cpl.t1fossil","8:29106","8:29106::cpl.t1fossil","income","29106",0.52,0.766666666666667,0.4,0.425925925925926,0.654545454545455,0.414141414141414,0.583333333333333,12,FALSE,FALSE,0.24040404040404,0.340740740740741,-0.24040404040404,-0.12,0.12,0.52,0.74,0.4,0.422222222222222,0.63,0.411111111111111,0.5,10,FALSE,FALSE,0.218888888888889,0.317777777777778,-0.218888888888889,-0.12,0.12,TRUE,TRUE,FALSE,FALSE,TRUE
8,29,"Central Power & Light","cpl.t1fossil","8:29107","8:29107::cpl.t1fossil","income","29107",0.4,0.74,0.666666666666667,0.733333333333333,0.709090909090909,0.727272727272727,0.909090909090909,11,FALSE,FALSE,-0.0181818181818182,0.0066666666666666,0.0181818181818182,0.266666666666667,-0.266666666666667,0.4,0.74,0.666666666666667,0.733333333333333,0.709090909090909,0.727272727272727,0.909090909090909,11,FALSE,FALSE,-0.0181818181818182,0.0066666666666666,0.0181818181818182,0.266666666666667,-0.266666666666667,FALSE,TRUE,TRUE,TRUE,FALSE
8,29,"Central Power & Light","cpl.t1fossil","8:29108","8:29108::cpl.t1fossil","income","29108",0.75,0.709090909090909,0.75,0.686868686868687,0.72,0.703703703703704,0.733333333333333,15,FALSE,FALSE,-0.0162962962962963,-0.0222222222222223,0.0162962962962963,0,0,0.75,0.709090909090909,0.75,0.686868686868687,0.72,0.703703703703704,0.733333333333333,15,FALSE,FALSE,-0.0162962962962963,-0.0222222222222223,0.0162962962962963,0,0,FALSE,FALSE,TRUE,FALSE,FALSE
8,29,"Central Power & Light","cpl.t1fossil","8:29109","8:29109::cpl.t1fossil","income","29109",0.366666666666667,0.72,0.666666666666667,0.777777777777778,0.527272727272727,0.717171717171717,0.454545454545455,11,FALSE,FALSE,-0.18989898989899,-0.0577777777777778,0.18989898989899,0.3,-0.3,0.366666666666667,0.72,0.666666666666667,0.777777777777778,0.527272727272727,0.717171717171717,0.454545454545455,11,FALSE,FALSE,-0.18989898989899,-0.0577777777777778,0.18989898989899,0.3,-0.3,FALSE,FALSE,TRUE,TRUE,FALSE
8,29,"Central Power & Light","cpl.t1fossil","8:29110","8:29110::cpl.t1fossil","income","29110",0.64,0.771428571428571,0.933333333333333,0.761904761904762,0.716666666666667,0.833333333333333,0.583333333333333,12,FALSE,FALSE,-0.116666666666667,0.0095238095238096,0.116666666666667,0.293333333333333,-0.293333333333333,0.64,0.771428571428571,0.933333333333333,0.761904761904762,0.716666666666667,0.833333333333333,0.583333333333333,12,FALSE,FALSE,-0.116666666666667,0.0095238095238096,0.116666666666667,0.293333333333333,-0.293333333333333,FALSE,TRUE,TRUE,TRUE,FALSE
8,29,"Central Power & Light","cpl.t1fossil","8:29111","8:29111::cpl.t1fossil","income","29111",0.62,0.614285714285714,0.466666666666667,0.73015873015873,0.616666666666667,0.62037037037037,0.583333333333333,12,FALSE,FALSE,0.00370370370370365,0.115873015873016,-0.00370370370370365,0.153333333333333,-0.153333333333333,0.62,0.614285714285714,0.466666666666667,0.73015873015873,0.616666666666667,0.62037037037037,0.583333333333333,12,FALSE,FALSE,0.00370370370370365,0.115873015873016,-0.00370370370370365,0.153333333333333,-0.153333333333333,TRUE,TRUE,FALSE,TRUE,FALSE
8,29,"Central Power & Light","cpl.t1fossil","8:29112","8:29112::cpl.t1fossil","income","29112",0.525,0.76,0.805555555555556,0.833333333333333,0.692857142857143,0.825396825396825,0.714285714285714,14,FALSE,FALSE,-0.132539682539683,-0.0733333333333334,0.132539682539683,0.280555555555556,-0.280555555555556,0.525,0.76,0.805555555555556,0.833333333333333,0.692857142857143,0.825396825396825,0.714285714285714,14,FALSE,FALSE,-0.132539682539683,-0.0733333333333334,0.132539682539683,0.280555555555556,-0.280555555555556,FALSE,FALSE,TRUE,TRUE,FALSE
8,29,"Central Power & Light","cpl.t1fossil","8:29113","8:29113::cpl.t1fossil","income","29113",0.65,0.625,0.666666666666667,0.688888888888889,0.63,0.683760683760684,0.785714285714286,14,FALSE,FALSE,0.0537606837606838,0.0638888888888889,-0.0537606837606838,-0.0166666666666666,0.0166666666666666,0.65,0.625,0.611111111111111,0.666666666666667,0.63,0.655555555555556,0.8,10,FALSE,FALSE,0.0255555555555556,0.0416666666666666,-0.0255555555555556,0.0388888888888889,-0.0388888888888889,TRUE,TRUE,FALSE,FALSE,TRUE
8,29,"Central Power & Light","cpl.t1fossil","8:29114","8:29114::cpl.t1fossil","income","29114",0.75,0.5875,0.722222222222222,0.767676767676768,0.62,0.760683760683761,0.846153846153846,13,FALSE,FALSE,0.140683760683761,0.180176767676768,-0.140683760683761,0.0277777777777778,-0.0277777777777778,0.75,0.5875,0.722222222222222,0.75,0.62,0.744444444444444,0.8,10,FALSE,FALSE,0.124444444444444,0.1625,-0.124444444444444,0.0277777777777778,-0.0277777777777778,TRUE,TRUE,FALSE,TRUE,FALSE
8,29,"Central Power & Light","cpl.t1fossil","8:29115","8:29115::cpl.t1fossil","income","29115",0.85,0.711111111111111,0.87037037037037,0.851851851851852,0.766666666666667,0.859259259259259,0.6,15,FALSE,FALSE,0.0925925925925926,0.140740740740741,-0.0925925925925926,-0.0203703703703704,0.0203703703703704,0.85,0.711111111111111,0.87037037037037,0.851851851851852,0.766666666666667,0.859259259259259,0.6,15,FALSE,FALSE,0.0925925925925926,0.140740740740741,-0.0925925925925926,-0.0203703703703704,0.0203703703703704,TRUE,TRUE,FALSE,FALSE,TRUE
8,29,"Central Power & Light","cpl.t1fossil","8:29116","8:29116::cpl.t1fossil","income","29116",0.5,0.95,0.62962962962963,0.777777777777778,0.7,0.696969696969697,0.454545454545455,11,FALSE,FALSE,0.00303030303030305,0.172222222222222,-0.00303030303030305,0.12962962962963,-0.12962962962963,0.5,0.95,0.666666666666667,0.805555555555556,0.7,0.728395061728395,0.444444444444444,9,FALSE,FALSE,-0.0283950617283951,0.144444444444444,0.0283950617283951,0.166666666666667,-0.166666666666667,TRUE,TRUE,FALSE,TRUE,FALSE
8,29,"Central Power & Light","cpl.t1buypwr","8:29101","8:29101::cpl.t1buypwr","income","29101",0.7,0.6125,0.9,0.581818181818182,0.63,0.630769230769231,0.846153846153846,13,FALSE,FALSE,0.000769230769230744,-0.0306818181818183,-0.000769230769230744,-0.2,0.2,0.7,0.6125,0.9,0.6125,0.63,0.67,0.8,10,FALSE,FALSE,0.04,0,-0.04,-0.2,0.2,TRUE,FALSE,FALSE,FALSE,TRUE
8,29,"Central Power & Light","cpl.t1buypwr","8:29102","8:29102::cpl.t1buypwr","income","29102",0.625,0.528571428571429,0.725,0.475,0.563636363636364,0.558333333333333,0.666666666666667,12,FALSE,FALSE,-0.00530303030303025,-0.0535714285714286,0.00530303030303025,-0.1,0.1,0.625,0.528571428571429,0.725,0.5,0.563636363636364,0.581818181818182,0.636363636363636,11,FALSE,FALSE,0.0181818181818182,-0.0285714285714286,-0.0181818181818182,-0.1,0.1,FALSE,FALSE,TRUE,FALSE,TRUE
8,29,"Central Power & Light","cpl.t1buypwr","8:29103","8:29103::cpl.t1buypwr","income","29103",0.46,0.416666666666667,0.48,0.485714285714286,0.436363636363636,0.483333333333333,0.583333333333333,12,FALSE,FALSE,0.046969696969697,0.0690476190476191,-0.046969696969697,-0.02,0.02,0.46,0.416666666666667,0.48,0.483333333333333,0.436363636363636,0.481818181818182,0.545454545454545,11,FALSE,FALSE,0.0454545454545455,0.0666666666666667,-0.0454545454545455,-0.02,0.02,TRUE,TRUE,FALSE,FALSE,TRUE
8,29,"Central Power & Light","cpl.t1buypwr","8:29104","8:29104::cpl.t1buypwr","income","29104",0.6,0.466666666666667,0.4,0.46,0.48,0.454545454545455,0.909090909090909,11,FALSE,FALSE,-0.0254545454545455,-0.00666666666666665,0.0254545454545455,0.2,-0.2,0.6,0.466666666666667,0.4,0.411111111111111,0.48,0.41,0.9,10,FALSE,FALSE,-0.07,-0.0555555555555556,0.07,0.2,-0.2,FALSE,FALSE,TRUE,TRUE,FALSE
8,29,"Central Power & Light","cpl.t1buypwr","8:29105","8:29105::cpl.t1buypwr","income","29105",0.657142857142857,0.5,0.7,1,0.61,0.79,0.3,10,FALSE,FALSE,0.18,0.5,-0.18,-0.0428571428571429,0.0428571428571429,0.657142857142857,0.5,0.7,1,0.61,0.79,0.3,10,FALSE,FALSE,0.18,0.5,-0.18,-0.0428571428571429,0.0428571428571429,TRUE,TRUE,FALSE,FALSE,TRUE
8,29,"Central Power & Light","cpl.t1buypwr","8:29106","8:29106::cpl.t1buypwr","income","29106",0.675,0.385714285714286,0.76,0.8,0.490909090909091,0.781818181818182,0.583333333333333,12,FALSE,FALSE,0.290909090909091,0.414285714285714,-0.290909090909091,-0.085,0.085,0.675,0.316666666666667,0.7,0.8,0.46,0.76,0.6,10,FALSE,FALSE,0.3,0.483333333333333,-0.3,-0.0249999999999999,0.0249999999999999,TRUE,TRUE,FALSE,FALSE,TRUE
8,29,"Central Power & Light","cpl.t1buypwr","8:29107","8:29107::cpl.t1buypwr","income","29107",0.5,0.37,0.6,0.38,0.381818181818182,0.4,0.909090909090909,11,FALSE,FALSE,0.0181818181818182,0.01,-0.0181818181818182,-0.1,0.1,0.5,0.37,0.6,0.38,0.381818181818182,0.4,0.909090909090909,11,FALSE,FALSE,0.0181818181818182,0.01,-0.0181818181818182,-0.1,0.1,TRUE,TRUE,FALSE,FALSE,TRUE
8,29,"Central Power & Light","cpl.t1buypwr","8:29108","8:29108::cpl.t1buypwr","income","29108",0.325,0.381818181818182,0.725,0.527272727272727,0.366666666666667,0.58,0.733333333333333,15,FALSE,FALSE,-0.213333333333333,-0.145454545454545,0.213333333333333,0.4,-0.4,0.325,0.381818181818182,0.725,0.527272727272727,0.366666666666667,0.58,0.733333333333333,15,FALSE,FALSE,-0.213333333333333,-0.145454545454545,0.213333333333333,0.4,-0.4,FALSE,FALSE,TRUE,TRUE,FALSE
8,29,"Central Power & Light","cpl.t1buypwr","8:29109","8:29109::cpl.t1buypwr","income","29109",0.316666666666667,0.52,0.533333333333333,0.7,0.409090909090909,0.609090909090909,0.454545454545455,11,FALSE,FALSE,-0.2,-0.18,0.2,0.216666666666667,-0.216666666666667,0.316666666666667,0.52,0.533333333333333,0.7,0.409090909090909,0.609090909090909,0.454545454545455,11,FALSE,FALSE,-0.2,-0.18,0.2,0.216666666666667,-0.216666666666667,FALSE,FALSE,TRUE,TRUE,FALSE
8,29,"Central Power & Light","cpl.t1buypwr","8:29110","8:29110::cpl.t1buypwr","income","29110",0.38,0.366666666666667,0.46,0.371428571428571,0.372727272727273,0.408333333333333,0.583333333333333,12,FALSE,FALSE,0.0356060606060606,0.0047619047619048,-0.0356060606060606,-0.08,0.08,0.38,0.366666666666667,0.46,0.316666666666667,0.372727272727273,0.381818181818182,0.545454545454545,11,FALSE,FALSE,0.00909090909090909,-0.05,-0.00909090909090909,-0.08,0.08,TRUE,TRUE,FALSE,FALSE,TRUE
8,29,"Central Power & Light","cpl.t1buypwr","8:29111","8:29111::cpl.t1buypwr","income","29111",0.48,0.457142857142857,0.52,0.457142857142857,0.466666666666667,0.483333333333333,0.583333333333333,12,FALSE,FALSE,0.0166666666666667,0,-0.0166666666666667,-0.04,0.04,0.48,0.457142857142857,0.52,0.457142857142857,0.466666666666667,0.483333333333333,0.583333333333333,12,FALSE,FALSE,0.0166666666666667,0,-0.0166666666666667,-0.04,0.04,TRUE,FALSE,FALSE,FALSE,TRUE
8,29,"Central Power & Light","cpl.t1buypwr","8:29112","8:29112::cpl.t1buypwr","income","29112",0.375,0.55,0.45,0.53,0.5,0.507142857142857,0.714285714285714,14,FALSE,FALSE,-0.00714285714285712,0.02,0.00714285714285712,0.075,-0.075,0.375,0.55,0.45,0.53,0.5,0.507142857142857,0.714285714285714,14,FALSE,FALSE,-0.00714285714285712,0.02,0.00714285714285712,0.075,-0.075,FALSE,TRUE,TRUE,TRUE,FALSE
8,29,"Central Power & Light","cpl.t1buypwr","8:29113","8:29113::cpl.t1buypwr","income","29113",0.6,0.4625,0.5,0.27,0.49,0.323076923076923,0.785714285714286,14,FALSE,FALSE,-0.166923076923077,-0.1925,0.166923076923077,0.1,-0.1,0.6,0.528571428571429,0.5,0.3,0.544444444444444,0.344444444444444,0.777777777777778,9,FALSE,FALSE,-0.2,-0.228571428571429,0.2,0.1,-0.1,FALSE,FALSE,TRUE,TRUE,FALSE
8,29,"Central Power & Light","cpl.t1buypwr","8:29114","8:29114::cpl.t1buypwr","income","29114",0.65,0.363636363636364,0.1,0.309090909090909,0.407692307692308,0.276923076923077,0.846153846153846,13,FALSE,FALSE,-0.130769230769231,-0.0545454545454546,0.130769230769231,0.55,-0.55,0.65,0.363636363636364,0.1,0.309090909090909,0.407692307692308,0.276923076923077,0.846153846153846,13,FALSE,FALSE,-0.130769230769231,-0.0545454545454546,0.130769230769231,0.55,-0.55,FALSE,FALSE,TRUE,TRUE,FALSE
8,29,"Central Power & Light","cpl.t1buypwr","8:29115","8:29115::cpl.t1buypwr","income","29115",0.45,0.342857142857143,0.566666666666667,0.522222222222222,0.392307692307692,0.54,0.6,15,FALSE,FALSE,0.147692307692308,0.179365079365079,-0.147692307692308,-0.116666666666667,0.116666666666667,0.45,0.342857142857143,0.566666666666667,0.514285714285714,0.392307692307692,0.538461538461538,0.538461538461538,13,FALSE,FALSE,0.146153846153846,0.171428571428571,-0.146153846153846,-0.116666666666667,0.116666666666667,TRUE,TRUE,FALSE,FALSE,TRUE
8,29,"Central Power & Light","cpl.t1buypwr","8:29116","8:29116::cpl.t1buypwr","income","29116",0.383333333333333,0.6,0.5,0.54,0.47,0.518181818181818,0.454545454545455,11,FALSE,FALSE,-0.0481818181818182,0.0599999999999999,0.0481818181818182,0.116666666666667,-0.116666666666667,0.383333333333333,0.6,0.5,0.475,0.47,0.49,0.4,10,FALSE,FALSE,-0.02,0.125,0.02,0.116666666666667,-0.116666666666667,FALSE,TRUE,TRUE,TRUE,FALSE
10,53,"Bulgarian National","bulgaria.bulgaria.t1tghpc","10:5301","10:5301::bulgaria.bulgaria.t1tghpc","income","5301",0.809027776122093,0.80492423881184,0.784722218910853,0.827083331346512,0.806372546097812,0.81119791418314,0.647058823529412,17,FALSE,FALSE,0.0048253680853283,0.0221590925346721,-0.0048253680853283,0.0243055572112402,-0.0243055572112402,0.809027776122093,0.802083331346512,0.784722218910853,0.827083331346512,0.804687498137355,0.81119791418314,0.625,16,FALSE,FALSE,0.00651041604578495,0.0249999999999999,-0.00651041604578495,0.0243055572112402,-0.0243055572112402,TRUE,TRUE,FALSE,TRUE,FALSE
10,53,"Bulgarian National","bulgaria.bulgaria.t1tghpc","10:5302","10:5302::bulgaria.bulgaria.t1tghpc","income","5302",0.885416666666667,0.70625,0.770833333333333,0.59375,0.7734375,0.66015625,0.625,16,FALSE,FALSE,-0.11328125,-0.1125,0.11328125,0.114583333333333,-0.114583333333333,0.885416666666667,0.70625,0.770833333333333,0.59375,0.7734375,0.66015625,0.625,16,FALSE,FALSE,-0.11328125,-0.1125,0.11328125,0.114583333333333,-0.114583333333333,FALSE,FALSE,TRUE,TRUE,FALSE
10,53,"Bulgarian National","bulgaria.bulgaria.t1tghpc","10:5303","10:5303::bulgaria.bulgaria.t1tghpc","income","5303",0.5625,0.75625,0.666666666666667,0.7890625,0.711538461538462,0.755681818181818,0.769230769230769,13,FALSE,FALSE,-0.0441433566433567,-0.0328125,0.0441433566433567,0.104166666666667,-0.104166666666667,0.5625,0.8203125,0.666666666666667,0.7890625,0.75,0.755681818181818,0.727272727272727,11,FALSE,FALSE,-0.00568181818181823,0.03125,0.00568181818181823,0.104166666666667,-0.104166666666667,FALSE,FALSE,TRUE,TRUE,FALSE
10,53,"Bulgarian National","bulgaria.bulgaria.t1tghpc","10:5304","10:5304::bulgaria.bulgaria.t1tghpc","income","5304",0.5,0.741987177958855,0.46875,0.614583333333333,0.709722220897675,0.59375,0.866666666666667,15,FALSE,FALSE,0.115972220897675,0.127403844625522,-0.115972220897675,-0.03125,0.03125,0.5,0.75694444278876,0.46875,0.614583333333333,0.720238093818937,0.59375,0.857142857142857,14,FALSE,FALSE,0.126488093818937,0.142361109455426,-0.126488093818937,-0.03125,0.03125,TRUE,TRUE,FALSE,FALSE,TRUE
10,53,"Bulgarian National","bulgaria.bulgaria.t1tghpc","10:5305","10:5305::bulgaria.bulgaria.t1tghpc","income","5305",0.8375,0.861742426048626,0.8,0.85,0.85416666790843,0.833333333333333,0.6875,16,FALSE,FALSE,0.0208333345750967,0.0117424260486256,-0.0208333345750967,-0.0375,0.0375,0.8375,0.847916668653488,0.8,0.85,0.844444445768992,0.833333333333333,0.666666666666667,15,FALSE,FALSE,0.0111111124356588,-0.00208333134651184,-0.0111111124356588,-0.0375,0.0375,TRUE,TRUE,FALSE,FALSE,TRUE
10,53,"Bulgarian National","bulgaria.bulgaria.t1tghpc","10:5306","10:5306::bulgaria.bulgaria.t1tghpc","income","5306",0.75,0.776515153321353,0.5,0.534090909090909,0.767156863913817,0.522058823529412,0.647058823529412,17,FALSE,FALSE,0.245098040384405,0.242424244230444,-0.245098040384405,-0.25,0.25,0.75,0.776515153321353,0.5,0.534090909090909,0.767156863913817,0.522058823529412,0.647058823529412,17,FALSE,FALSE,0.245098040384405,0.242424244230444,-0.245098040384405,-0.25,0.25,TRUE,TRUE,FALSE,FALSE,TRUE
10,53,"Bulgarian National","bulgaria.bulgaria.t1tghpc","10:5307","10:5307::bulgaria.bulgaria.t1tghpc","income","5307",0.890625,0.857954545454545,0.609375,0.672348485751586,0.866666666666667,0.655555556217829,0.733333333333333,15,FALSE,FALSE,-0.211111110448837,-0.18560605970296,0.211111110448837,0.28125,-0.28125,0.890625,0.857954545454545,0.609375,0.672348485751586,0.866666666666667,0.655555556217829,0.733333333333333,15,FALSE,FALSE,-0.211111110448837,-0.18560605970296,0.211111110448837,0.28125,-0.28125,FALSE,FALSE,TRUE,TRUE,FALSE
10,53,"Bulgarian National","bulgaria.bulgaria.t1tghpc","10:5308","10:5308::bulgaria.bulgaria.t1tghpc","income","5308",0.75,0.802083332623754,0.8125,0.73809523667608,0.792892156278386,0.75122548902736,0.823529411764706,17,FALSE,FALSE,0.041666667251026,0.0639880959476743,-0.041666667251026,0.0625,-0.0625,0.75,0.802083332623754,0.8125,0.73809523667608,0.792892156278386,0.75122548902736,0.823529411764706,17,FALSE,FALSE,0.041666667251026,0.0639880959476743,-0.041666667251026,0.0625,-0.0625,TRUE,TRUE,FALSE,TRUE,FALSE
10,53,"Bulgarian National","bulgaria.bulgaria.t1tghpc","10:5309","10:5309::bulgaria.bulgaria.t1tghpc","income","5309",0.822916666666667,0.876893943006342,0.65625,0.702651511539112,0.857843139592339,0.686274507466485,0.647058823529412,17,FALSE,FALSE,0.171568632125854,0.17424243146723,-0.171568632125854,-0.166666666666667,0.166666666666667,0.822916666666667,0.876893943006342,0.65625,0.702651511539112,0.857843139592339,0.686274507466485,0.647058823529412,17,FALSE,FALSE,0.171568632125854,0.17424243146723,-0.171568632125854,-0.166666666666667,0.166666666666667,TRUE,TRUE,FALSE,FALSE,TRUE
10,53,"Bulgarian National","bulgaria.bulgaria.t1tghpc","10:5310","10:5310::bulgaria.bulgaria.t1tghpc","income","5310",0.745833337306976,0.780303028496829,0.708333337306976,0.62121211940592,0.76953125,0.6484375,0.6875,16,FALSE,FALSE,0.12109375,0.159090909090909,-0.12109375,-0.0375,0.0375,0.745833337306976,0.780303028496829,0.708333337306976,0.62121211940592,0.76953125,0.6484375,0.6875,16,FALSE,FALSE,0.12109375,0.159090909090909,-0.12109375,-0.0375,0.0375,TRUE,TRUE,FALSE,FALSE,TRUE
10,53,"Bulgarian National","bulgaria.bulgaria.t1tghpc","10:5311","10:5311::bulgaria.bulgaria.t1tghpc","income","5311",0.7375,0.78125,0.458333337306976,0.515625001241763,0.768382352941177,0.498774511849179,0.705882352941177,17,FALSE,FALSE,0.269607841091998,0.265624998758237,-0.269607841091998,-0.279166662693024,0.279166662693024,0.7375,0.78125,0.458333337306976,0.515625001241763,0.768382352941177,0.498774511849179,0.705882352941177,17,FALSE,FALSE,0.269607841091998,0.265624998758237,-0.269607841091998,-0.279166662693024,0.279166662693024,TRUE,TRUE,FALSE,FALSE,TRUE
10,53,"Bulgarian National","bulgaria.bulgaria.t1tghpc","10:5312","10:5312::bulgaria.bulgaria.t1tghpc","income","5312",0.840277781089147,0.861111111111111,0.614583333333333,0.631944444444444,0.852777779102325,0.625,0.6,15,FALSE,FALSE,0.227777779102325,0.229166666666667,-0.227777779102325,-0.225694447755814,0.225694447755814,0.840277781089147,0.861111111111111,0.614583333333333,0.631944444444444,0.852777779102325,0.625,0.6,15,FALSE,FALSE,0.227777779102325,0.229166666666667,-0.227777779102325,-0.225694447755814,0.225694447755814,TRUE,TRUE,FALSE,FALSE,TRUE
10,53,"Bulgarian National","bulgaria.bulgaria.t1tghpc","10:5313","10:5313::bulgaria.bulgaria.t1tghpc","income","5313",0.7578125,0.8375,0.45572916418314,0.63125,0.802083333333333,0.553240739636951,0.555555555555556,18,FALSE,FALSE,0.248842593696382,0.20625,-0.248842593696382,-0.30208333581686,0.30208333581686,0.7578125,0.8375,0.45572916418314,0.63125,0.802083333333333,0.553240739636951,0.555555555555556,18,FALSE,FALSE,0.248842593696382,0.20625,-0.248842593696382,-0.30208333581686,0.30208333581686,TRUE,TRUE,FALSE,FALSE,TRUE
10,53,"Bulgarian National","bulgaria.bulgaria.t1tghpc","10:5314","10:5314::bulgaria.bulgaria.t1tghpc","income","5314",0.864583333333333,0.858796298503876,0.6875,0.825,0.861111112435659,0.7734375,0.625,16,FALSE,FALSE,-0.0876736124356587,-0.0337962985038758,0.0876736124356587,0.177083333333333,-0.177083333333333,0.864583333333333,0.858796298503876,0.6875,0.833333333333333,0.861111112435659,0.775,0.6,15,FALSE,FALSE,-0.0861111124356587,-0.0254629651705424,0.0861111124356587,0.177083333333333,-0.177083333333333,FALSE,FALSE,TRUE,TRUE,FALSE
10,53,"Bulgarian National","bulgaria.bulgaria.t1tghpc","10:5315","10:5315::bulgaria.bulgaria.t1tghpc","income","5315",0.84375,0.768939397551797,0.734375,0.695075755769556,0.788888891537984,0.705555554231008,0.733333333333333,15,FALSE,FALSE,-0.0833333373069763,-0.0738636417822404,0.0833333373069763,0.109375,-0.109375,0.84375,0.768939397551797,0.734375,0.695075755769556,0.788888891537984,0.705555554231008,0.733333333333333,15,FALSE,FALSE,-0.0833333373069763,-0.0738636417822404,0.0833333373069763,0.109375,-0.109375,FALSE,FALSE,TRUE,TRUE,FALSE
10,53,"Bulgarian National","bulgaria.bulgaria.t1tghpc","10:5316","10:5316::bulgaria.bulgaria.t1tghpc","income","5316",0.604166666666667,0.796130950961794,0.604166666666667,0.736607138599668,0.762254900792066,0.713235290611491,0.823529411764706,17,FALSE,FALSE,0.0490196101805743,0.059523812362126,-0.0490196101805743,0,0,0.604166666666667,0.796130950961794,0.604166666666667,0.736607138599668,0.762254900792066,0.713235290611491,0.823529411764706,17,FALSE,FALSE,0.0490196101805743,0.059523812362126,-0.0490196101805743,0,0,TRUE,TRUE,FALSE,FALSE,FALSE
10,53,"Bulgarian National","bulgaria.bulgaria.t1tghpc","10:5317","10:5317::bulgaria.bulgaria.t1tghpc","income","5317",0.822916666666667,0.814583331346512,0.78125,0.504166665673256,0.81770833209157,0.608072916045785,0.625,16,FALSE,FALSE,-0.209635416045785,-0.310416665673256,0.209635416045785,0.0416666666666666,-0.0416666666666666,0.822916666666667,0.814583331346512,0.78125,0.504166665673256,0.81770833209157,0.608072916045785,0.625,16,FALSE,FALSE,-0.209635416045785,-0.310416665673256,0.209635416045785,0.0416666666666666,-0.0416666666666666,FALSE,FALSE,TRUE,TRUE,FALSE
10,53,"Bulgarian National","bulgaria.bulgaria.t1clibe","10:5301","10:5301::bulgaria.bulgaria.t1clibe","income","5301",0.525000002235174,0.407954549586231,0.216666669895252,0.520000006258488,0.449264709344682,0.406250005122274,0.647058823529412,17,FALSE,FALSE,-0.0430147042224074,0.112045456672257,0.0430147042224074,0.308333332339923,-0.308333332339923,0.525000002235174,0.403750005736947,0.216666669895252,0.520000006258488,0.449218754423782,0.406250005122274,0.625,16,FALSE,FALSE,-0.0429687493015081,0.116250000521541,0.0429687493015081,0.308333332339923,-0.308333332339923,FALSE,TRUE,TRUE,TRUE,FALSE
10,53,"Bulgarian National","bulgaria.bulgaria.t1clibe","10:5302","10:5302::bulgaria.bulgaria.t1clibe","income","5302",0.550000008195639,0.565833336114883,0.508333330353101,0.553333333134651,0.559895838145167,0.53645833209157,0.625,16,FALSE,FALSE,0.0234375060535967,0.0125000029802322,-0.0234375060535967,-0.0416666778425375,0.0416666778425375,0.550000008195639,0.565833336114883,0.508333330353101,0.553333333134651,0.559895838145167,0.53645833209157,0.625,16,FALSE,FALSE,0.0234375060535967,0.0125000029802322,-0.0234375060535967,-0.0416666778425375,0.0416666778425375,TRUE,TRUE,FALSE,FALSE,TRUE
10,53,"Bulgarian National","bulgaria.bulgaria.t1clibe","10:5303","10:5303::bulgaria.bulgaria.t1clibe","income","5303",0.283333331346512,0.591666668653488,0.18333333854874,0.582500004768372,0.520512821582647,0.490384620256149,0.769230769230769,13,FALSE,FALSE,0.0301282013264986,0.00916666388511655,-0.0301282013264986,-0.0999999927977721,0.0999999927977721,0.283333331346512,0.591666668653488,0.18333333854874,0.582500004768372,0.520512821582647,0.490384620256149,0.769230769230769,13,FALSE,FALSE,0.0301282013264986,0.00916666388511655,-0.0301282013264986,-0.0999999927977721,0.0999999927977721,TRUE,TRUE,FALSE,FALSE,TRUE
10,53,"Bulgarian National","bulgaria.bulgaria.t1clibe","10:5304","10:5304::bulgaria.bulgaria.t1clibe","income","5304",0.100000001490116,0.444551289081573,0.175000006332994,0.516319435710708,0.398611117402712,0.467559517228178,0.866666666666667,15,FALSE,FALSE,-0.0689483998254651,-0.0717681466291348,0.0689483998254651,0.0750000048428774,-0.0750000048428774,0.100000001490116,0.455555563171705,0.175000006332994,0.516319435710708,0.404761911502906,0.467559517228178,0.857142857142857,14,FALSE,FALSE,-0.0627976057252714,-0.0607638725390037,0.0627976057252714,0.0750000048428774,-0.0750000048428774,FALSE,FALSE,TRUE,TRUE,FALSE
10,53,"Bulgarian National","bulgaria.bulgaria.t1clibe","10:5305","10:5305::bulgaria.bulgaria.t1clibe","income","5305",0.507500007748604,0.440151518041437,0.539999993145466,0.600378792394291,0.461197921074927,0.581510417629033,0.6875,16,FALSE,FALSE,0.120312496554106,0.160227274352854,-0.120312496554106,-0.032499985396862,0.032499985396862,0.507500007748604,0.440151518041437,0.539999993145466,0.600378792394291,0.461197921074927,0.581510417629033,0.6875,16,FALSE,FALSE,0.120312496554106,0.160227274352854,-0.120312496554106,-0.032499985396862,0.032499985396862,TRUE,TRUE,FALSE,FALSE,TRUE
10,53,"Bulgarian National","bulgaria.bulgaria.t1clibe","10:5306","10:5306::bulgaria.bulgaria.t1clibe","income","5306",0.400000005960464,0.41704545813528,0.225000000248353,0.404545455155048,0.411029416191227,0.341176471070332,0.647058823529412,17,FALSE,FALSE,0.0698529451208956,0.0125000029802322,-0.0698529451208956,-0.175000005712112,0.175000005712112,0.400000005960464,0.41704545813528,0.225000000248353,0.404545455155048,0.411029416191227,0.341176471070332,0.647058823529412,17,FALSE,FALSE,0.0698529451208956,0.0125000029802322,-0.0698529451208956,-0.175000005712112,0.175000005712112,TRUE,TRUE,FALSE,FALSE,TRUE
10,53,"Bulgarian National","bulgaria.bulgaria.t1clibe","10:5307","10:5307::bulgaria.bulgaria.t1clibe","income","5307",0.429166659712791,0.478409096937288,0.287500001490116,0.36363637176427,0.465277780344089,0.343333339691162,0.733333333333333,15,FALSE,FALSE,0.121944440652927,0.114772725173018,-0.121944440652927,-0.141666658222675,0.141666658222675,0.429166659712791,0.478409096937288,0.287500001490116,0.36363637176427,0.465277780344089,0.343333339691162,0.733333333333333,15,FALSE,FALSE,0.121944440652927,0.114772725173018,-0.121944440652927,-0.141666658222675,0.141666658222675,TRUE,TRUE,FALSE,FALSE,TRUE
10,53,"Bulgarian National","bulgaria.bulgaria.t1clibe","10:5308","10:5308::bulgaria.bulgaria.t1clibe","income","5308",0.416666676600774,0.473809523241861,0.550000001986822,0.534226197217192,0.463725491481669,0.537009809823597,0.823529411764706,17,FALSE,FALSE,-0.0732843183419283,-0.0604166739753315,0.0732843183419283,0.133333325386047,-0.133333325386047,0.416666676600774,0.473809523241861,0.550000001986822,0.534226197217192,0.463725491481669,0.537009809823597,0.823529411764706,17,FALSE,FALSE,-0.0732843183419283,-0.0604166739753315,0.0732843183419283,0.133333325386047,-0.133333325386047,FALSE,FALSE,TRUE,TRUE,FALSE
10,53,"Bulgarian National","bulgaria.bulgaria.t1clibe","10:5309","10:5309::bulgaria.bulgaria.t1clibe","income","5309",0.495833334823449,0.568181812763214,0.408333331346512,0.468181816014377,0.542647055843297,0.447058821425718,0.647058823529412,17,FALSE,FALSE,0.0955882344175788,0.0999999967488375,-0.0955882344175788,-0.0875000034769376,0.0875000034769376,0.495833334823449,0.568181812763214,0.408333331346512,0.468181816014377,0.542647055843297,0.447058821425718,0.647058823529412,17,FALSE,FALSE,0.0955882344175788,0.0999999967488375,-0.0955882344175788,-0.0875000034769376,0.0875000034769376,TRUE,TRUE,FALSE,FALSE,TRUE
10,53,"Bulgarian National","bulgaria.bulgaria.t1clibe","10:5310","10:5310::bulgaria.bulgaria.t1clibe","income","5310",0.580000013113022,0.469696964729916,0.350000000745058,0.293750002235174,0.504166667349637,0.312500001738469,0.6875,16,FALSE,FALSE,-0.191666665611168,-0.175946962494742,0.191666665611168,0.230000012367964,-0.230000012367964,0.580000013113022,0.516666661202908,0.350000000745058,0.293750002235174,0.537777778506279,0.312500001738469,0.666666666666667,15,FALSE,FALSE,-0.22527777676781,-0.222916658967733,0.22527777676781,0.230000012367964,-0.230000012367964,FALSE,FALSE,TRUE,TRUE,FALSE
10,53,"Bulgarian National","bulgaria.bulgaria.t1clibe","10:5311","10:5311::bulgaria.bulgaria.t1clibe","income","5311",0.519999995827675,0.372916668343047,0.320000007748604,0.357291666169961,0.416176470544408,0.34632353134015,0.705882352941177,17,FALSE,FALSE,-0.0698529392042581,-0.015625002173086,0.0698529392042581,0.199999988079071,-0.199999988079071,0.519999995827675,0.372916668343047,0.320000007748604,0.357291666169961,0.416176470544408,0.34632353134015,0.705882352941177,17,FALSE,FALSE,-0.0698529392042581,-0.015625002173086,0.0698529392042581,0.199999988079071,-0.199999988079071,FALSE,FALSE,TRUE,TRUE,FALSE
10,53,"Bulgarian National","bulgaria.bulgaria.t1clibe","10:5312","10:5312::bulgaria.bulgaria.t1clibe","income","5312",0.466666668653488,0.465277779433462,0.33333333581686,0.449999998013179,0.465833335121473,0.403333333134651,0.6,15,FALSE,FALSE,-0.0625000019868215,-0.0152777814202839,0.0625000019868215,0.133333332836628,-0.133333332836628,0.466666668653488,0.465277779433462,0.33333333581686,0.449999998013179,0.465833335121473,0.403333333134651,0.6,15,FALSE,FALSE,-0.0625000019868215,-0.0152777814202839,0.0625000019868215,0.133333332836628,-0.133333332836628,FALSE,FALSE,TRUE,TRUE,FALSE
10,53,"Bulgarian National","bulgaria.bulgaria.t1clibe","10:5313","10:5313::bulgaria.bulgaria.t1clibe","income","5313",0.546874992549419,0.541250002384186,0.46093750372529,0.504999994114041,0.543749998013178,0.485416665052374,0.555555555555556,18,FALSE,FALSE,-0.0583333329608043,-0.0362500082701445,0.0583333329608043,0.0859374888241291,-0.0859374888241291,0.546874992549419,0.541250002384186,0.46093750372529,0.504999994114041,0.543749998013178,0.485416665052374,0.555555555555556,18,FALSE,FALSE,-0.0583333329608043,-0.0362500082701445,0.0583333329608043,0.0859374888241291,-0.0859374888241291,FALSE,FALSE,TRUE,TRUE,FALSE
10,53,"Bulgarian National","bulgaria.bulgaria.t1clibe","10:5314","10:5314::bulgaria.bulgaria.t1clibe","income","5314",0.479166669150194,0.470000007748604,0.37916667573154,0.550000002980232,0.4734375057742,0.485937505261973,0.625,16,FALSE,FALSE,0.0124999994877726,0.0799999952316284,-0.0124999994877726,0.0999999934186538,-0.0999999934186538,0.479166669150194,0.470000007748604,0.37916667573154,0.550000002980232,0.4734375057742,0.485937505261973,0.625,16,FALSE,FALSE,0.0124999994877726,0.0799999952316284,-0.0124999994877726,0.0999999934186538,-0.0999999934186538,TRUE,TRUE,FALSE,TRUE,FALSE
10,53,"Bulgarian National","bulgaria.bulgaria.t1clibe","10:5315","10:5315::bulgaria.bulgaria.t1clibe","income","5315",0.506250003352761,0.403030303391543,0.371875004842877,0.448106062683192,0.430555556714535,0.427777780592442,0.733333333333333,15,FALSE,FALSE,-0.00277777612209323,0.0450757592916489,0.00277777612209323,0.134374998509884,-0.134374998509884,0.506250003352761,0.403030303391543,0.371875004842877,0.448106062683192,0.430555556714535,0.427777780592442,0.733333333333333,15,FALSE,FALSE,-0.00277777612209323,0.0450757592916489,0.00277777612209323,0.134374998509884,-0.134374998509884,FALSE,TRUE,TRUE,TRUE,FALSE
10,53,"Bulgarian National","bulgaria.bulgaria.t1clibe","10:5316","10:5316::bulgaria.bulgaria.t1clibe","income","5316",0.208333333333333,0.463095239230565,0.333333329608043,0.553571430700166,0.418137255836936,0.514705883448615,0.823529411764706,17,FALSE,FALSE,-0.0965686276116792,-0.0904761914696012,0.0965686276116792,0.12499999627471,-0.12499999627471,0.208333333333333,0.463095239230565,0.333333329608043,0.553571430700166,0.418137255836936,0.514705883448615,0.823529411764706,17,FALSE,FALSE,-0.0965686276116792,-0.0904761914696012,0.0965686276116792,0.12499999627471,-0.12499999627471,FALSE,FALSE,TRUE,TRUE,FALSE
10,53,"Bulgarian National","bulgaria.bulgaria.t1clibe","10:5317","10:5317::bulgaria.bulgaria.t1clibe","income","5317",0.51666667064031,0.430000004172325,0.433333337306976,0.535000006854534,0.462500004097819,0.4968750057742,0.625,16,FALSE,FALSE,0.0343750016763806,0.105000002682209,-0.0343750016763806,0.0833333333333334,-0.0833333333333334,0.51666667064031,0.430000004172325,0.433333337306976,0.535000006854534,0.462500004097819,0.4968750057742,0.625,16,FALSE,FALSE,0.0343750016763806,0.105000002682209,-0.0343750016763806,0.0833333333333334,-0.0833333333333334,TRUE,TRUE,FALSE,TRUE,FALSE
10,53,"Bulgarian National","bulgaria.bulgaria.t1q8_7","10:5301","10:5301::bulgaria.bulgaria.t1q8_7","income","5301",0.583333333333333,0.886363636363636,0.55,0.84375,0.821428571428571,0.730769230769231,0.647058823529412,17,FALSE,FALSE,0.0906593406593407,0.0426136363636364,-0.0906593406593407,-0.0333333333333333,0.0333333333333333,0.583333333333333,0.875,0.666666666666667,0.84375,0.795454545454545,0.795454545454545,0.727272727272727,11,FALSE,TRUE,0,0.03125,0,0.0833333333333333,-0.0833333333333333,TRUE,TRUE,FALSE,FALSE,TRUE
10,53,"Bulgarian National","bulgaria.bulgaria.t1q8_7","10:5302","10:5302::bulgaria.bulgaria.t1q8_7","income","5302",0.666666666666667,0.861111111111111,0.541666666666667,0.714285714285714,0.783333333333333,0.634615384615385,0.625,16,FALSE,FALSE,0.148717948717949,0.146825396825397,-0.148717948717949,-0.125,0.125,0.666666666666667,0.821428571428571,0.541666666666667,0.714285714285714,0.75,0.634615384615385,0.538461538461538,13,FALSE,FALSE,0.115384615384615,0.107142857142857,-0.115384615384615,-0.125,0.125,TRUE,TRUE,FALSE,FALSE,TRUE
10,53,"Bulgarian National","bulgaria.bulgaria.t1q8_7","10:5303","10:5303::bulgaria.bulgaria.t1q8_7","income","5303",0.416666666666667,0.666666666666667,0.375,0.75,0.604166666666667,0.675,0.769230769230769,13,FALSE,FALSE,-0.0708333333333334,-0.0833333333333334,0.0708333333333334,-0.0416666666666667,0.0416666666666667,0.375,0.678571428571429,0.375,0.714285714285714,0.611111111111111,0.638888888888889,0.777777777777778,9,FALSE,FALSE,-0.0277777777777777,-0.0357142857142857,0.0277777777777777,0,0,FALSE,FALSE,TRUE,FALSE,TRUE
10,53,"Bulgarian National","bulgaria.bulgaria.t1q8_7","10:5304","10:5304::bulgaria.bulgaria.t1q8_7","income","5304",0.875,0.711538461538462,0.5,0.568181818181818,0.733333333333333,0.557692307692308,0.866666666666667,15,FALSE,FALSE,-0.175641025641026,-0.143356643356643,0.175641025641026,0.375,-0.375,0.875,0.681818181818182,0.5,0.568181818181818,0.711538461538462,0.557692307692308,0.846153846153846,13,FALSE,FALSE,-0.153846153846154,-0.113636363636364,0.153846153846154,0.375,-0.375,FALSE,FALSE,TRUE,TRUE,FALSE
10,53,"Bulgarian National","bulgaria.bulgaria.t1q8_7","10:5305","10:5305::bulgaria.bulgaria.t1q8_7","income","5305",0.75,0.727272727272727,0.625,0.75,0.732142857142857,0.708333333333333,0.6875,16,FALSE,FALSE,-0.0238095238095237,0.0227272727272727,0.0238095238095237,0.125,-0.125,0.875,0.6875,0.625,0.75,0.725,0.725,0.8,10,FALSE,TRUE,0,0.0625,0,0.25,-0.25,FALSE,TRUE,TRUE,TRUE,FALSE
10,53,"Bulgarian National","bulgaria.bulgaria.t1q8_7","10:5306","10:5306::bulgaria.bulgaria.t1q8_7","income","5306",0.625,0.75,0.416666666666667,0.65,0.705882352941177,0.5625,0.647058823529412,17,FALSE,FALSE,0.143382352941177,0.1,-0.143382352941177,-0.208333333333333,0.208333333333333,0.625,0.825,0.416666666666667,0.65,0.75,0.5625,0.625,16,FALSE,FALSE,0.1875,0.175,-0.1875,-0.208333333333333,0.208333333333333,TRUE,TRUE,FALSE,FALSE,TRUE
10,53,"Bulgarian National","bulgaria.bulgaria.t1q8_7","10:5307","10:5307::bulgaria.bulgaria.t1q8_7","income","5307",0.75,0.725,0.916666666666667,0.522727272727273,0.732142857142857,0.607142857142857,0.733333333333333,15,FALSE,FALSE,-0.125,-0.202272727272727,0.125,-0.166666666666667,0.166666666666667,0.666666666666667,0.725,0.916666666666667,0.525,0.711538461538462,0.615384615384615,0.769230769230769,13,FALSE,FALSE,0.0961538461538461,0.2,-0.0961538461538461,0.25,-0.25,FALSE,FALSE,TRUE,FALSE,TRUE
10,53,"Bulgarian National","bulgaria.bulgaria.t1q8_7","10:5308","10:5308::bulgaria.bulgaria.t1q8_7","income","5308",0.75,0.692307692307692,0.666666666666667,0.659090909090909,0.703125,0.660714285714286,0.823529411764706,17,FALSE,FALSE,-0.0424107142857143,-0.0332167832167832,0.0424107142857143,0.0833333333333334,-0.0833333333333334,0.75,0.659090909090909,0.666666666666667,0.659090909090909,0.678571428571429,0.660714285714286,0.785714285714286,14,FALSE,FALSE,-0.0178571428571429,0,0.0178571428571429,0.0833333333333334,-0.0833333333333334,FALSE,FALSE,TRUE,TRUE,FALSE
10,53,"Bulgarian National","bulgaria.bulgaria.t1q8_7","10:5309","10:5309::bulgaria.bulgaria.t1q8_7","income","5309",0.625,0.772727272727273,0.541666666666667,0.6,0.720588235294118,0.578125,0.647058823529412,17,FALSE,FALSE,0.142463235294118,0.172727272727273,-0.142463235294118,-0.0833333333333334,0.0833333333333334,0.625,0.8,0.541666666666667,0.6,0.734375,0.578125,0.625,16,FALSE,FALSE,0.15625,0.2,-0.15625,-0.0833333333333334,0.0833333333333334,TRUE,TRUE,FALSE,FALSE,TRUE
10,53,"Bulgarian National","bulgaria.bulgaria.t1q8_7","10:5310","10:5310::bulgaria.bulgaria.t1q8_7","income","5310",0.75,0.75,0.65,0.65625,0.75,0.653846153846154,0.6875,16,TRUE,FALSE,NA,NA,NA,NA,NA,0.75,0.75,0.65,0.607142857142857,0.75,0.625,0.583333333333333,12,TRUE,FALSE,NA,NA,NA,NA,NA,NA,NA,NA,NA,NA
10,53,"Bulgarian National","bulgaria.bulgaria.t1q8_7","10:5311","10:5311::bulgaria.bulgaria.t1q8_7","income","5311",0.55,0.6875,0.8,0.75,0.647058823529412,0.766666666666667,0.705882352941177,17,FALSE,FALSE,-0.119607843137255,-0.0625,0.119607843137255,0.25,-0.25,0.55,0.65,0.8,0.75,0.616666666666667,0.766666666666667,0.666666666666667,15,FALSE,FALSE,-0.15,-0.1,0.15,0.25,-0.25,FALSE,FALSE,TRUE,TRUE,FALSE
10,53,"Bulgarian National","bulgaria.bulgaria.t1q8_7","10:5312","10:5312::bulgaria.bulgaria.t1q8_7","income","5312",0.541666666666667,0.777777777777778,0.625,0.65625,0.683333333333333,0.642857142857143,0.6,15,FALSE,FALSE,0.0404761904761904,0.121527777777778,-0.0404761904761904,0.0833333333333334,-0.0833333333333334,0.541666666666667,0.75,0.625,0.65625,0.660714285714286,0.642857142857143,0.571428571428571,14,FALSE,FALSE,0.0178571428571428,0.09375,-0.0178571428571428,0.0833333333333334,-0.0833333333333334,TRUE,TRUE,FALSE,TRUE,FALSE
10,53,"Bulgarian National","bulgaria.bulgaria.t1q8_7","10:5313","10:5313::bulgaria.bulgaria.t1q8_7","income","5313",0.625,0.666666666666667,0.464285714285714,0.65,0.647058823529412,0.573529411764706,0.555555555555556,18,FALSE,FALSE,0.073529411764706,0.0166666666666666,-0.073529411764706,-0.160714285714286,0.160714285714286,0.607142857142857,0.666666666666667,0.464285714285714,0.611111111111111,0.640625,0.546875,0.5625,16,FALSE,FALSE,0.09375,0.0555555555555555,-0.09375,-0.142857142857143,0.142857142857143,TRUE,TRUE,FALSE,FALSE,TRUE
10,53,"Bulgarian National","bulgaria.bulgaria.t1q8_7","10:5314","10:5314::bulgaria.bulgaria.t1q8_7","income","5314",0.666666666666667,0.928571428571429,0.625,0.8,0.807692307692308,0.734375,0.625,16,FALSE,FALSE,0.0733173076923077,0.128571428571429,-0.0733173076923077,-0.0416666666666666,0.0416666666666666,0.666666666666667,0.928571428571429,0.625,0.857142857142857,0.807692307692308,0.75,0.538461538461538,13,FALSE,FALSE,0.0576923076923077,0.0714285714285715,-0.0576923076923077,-0.0416666666666666,0.0416666666666666,TRUE,TRUE,FALSE,FALSE,TRUE
10,53,"Bulgarian National","bulgaria.bulgaria.t1q8_7","10:5315","10:5315::bulgaria.bulgaria.t1q8_7","income","5315",0.75,0.727272727272727,0.8125,0.75,0.733333333333333,0.772727272727273,0.733333333333333,15,FALSE,FALSE,0.0393939393939394,0.0227272727272727,-0.0393939393939394,-0.0625,0.0625,0.75,0.714285714285714,0.8125,0.75,0.727272727272727,0.772727272727273,0.636363636363636,11,FALSE,FALSE,0.0454545454545454,0.0357142857142857,-0.0454545454545454,-0.0625,0.0625,TRUE,TRUE,FALSE,FALSE,TRUE
10,53,"Bulgarian National","bulgaria.bulgaria.t1q8_7","10:5316","10:5316::bulgaria.bulgaria.t1q8_7","income","5316",0.416666666666667,0.625,0.5,0.480769230769231,0.583333333333333,0.484375,0.823529411764706,17,FALSE,FALSE,0.0989583333333334,0.144230769230769,-0.0989583333333334,0.0833333333333333,-0.0833333333333333,0.416666666666667,0.625,0.5,0.458333333333333,0.583333333333333,0.466666666666667,0.8,15,FALSE,FALSE,0.116666666666667,0.166666666666667,-0.116666666666667,0.0833333333333333,-0.0833333333333333,TRUE,TRUE,FALSE,TRUE,FALSE
10,53,"Bulgarian National","bulgaria.bulgaria.t1q8_7","10:5317","10:5317::bulgaria.bulgaria.t1q8_7","income","5317",0.666666666666667,0.833333333333333,0.583333333333333,0.5,0.766666666666667,0.535714285714286,0.625,16,FALSE,FALSE,0.230952380952381,0.333333333333333,-0.230952380952381,-0.0833333333333333,0.0833333333333333,0.666666666666667,0.821428571428571,0.583333333333333,0.535714285714286,0.75,0.557692307692308,0.538461538461538,13,FALSE,FALSE,0.192307692307692,0.285714285714286,-0.192307692307692,-0.0833333333333333,0.0833333333333333,TRUE,TRUE,FALSE,FALSE,TRUE
10,53,"Bulgarian National","bulgaria.bulgaria.t1q8_1","10:5301","10:5301::bulgaria.bulgaria.t1q8_1","income","5301",0.75,0.977272727272727,0.916666666666667,0.972222222222222,0.897058823529412,0.95,0.647058823529412,17,FALSE,FALSE,-0.0529411764705882,0.00505050505050508,0.0529411764705882,0.166666666666667,-0.166666666666667,0.75,0.972222222222222,0.916666666666667,0.972222222222222,0.883333333333333,0.95,0.6,15,FALSE,FALSE,-0.0666666666666667,0,0.0666666666666667,0.166666666666667,-0.166666666666667,FALSE,TRUE,TRUE,TRUE,FALSE
10,53,"Bulgarian National","bulgaria.bulgaria.t1q8_1","10:5302","10:5302::bulgaria.bulgaria.t1q8_1","income","5302",0.958333333333333,0.975,0.916666666666667,0.85,0.96875,0.875,0.625,16,FALSE,FALSE,0.09375,0.125,-0.09375,-0.0416666666666667,0.0416666666666667,0.958333333333333,0.975,0.916666666666667,0.85,0.96875,0.875,0.625,16,FALSE,FALSE,0.09375,0.125,-0.09375,-0.0416666666666667,0.0416666666666667,TRUE,TRUE,FALSE,FALSE,TRUE
10,53,"Bulgarian National","bulgaria.bulgaria.t1q8_1","10:5303","10:5303::bulgaria.bulgaria.t1q8_1","income","5303",0.833333333333333,0.875,0.833333333333333,0.888888888888889,0.865384615384615,0.875,0.769230769230769,13,FALSE,FALSE,-0.00961538461538458,-0.0138888888888888,0.00961538461538458,0,0,0.833333333333333,0.861111111111111,0.833333333333333,0.888888888888889,0.854166666666667,0.875,0.75,12,FALSE,FALSE,-0.0208333333333334,-0.0277777777777777,0.0208333333333334,0,0,FALSE,FALSE,TRUE,FALSE,FALSE
10,53,"Bulgarian National","bulgaria.bulgaria.t1q8_1","10:5304","10:5304::bulgaria.bulgaria.t1q8_1","income","5304",0.875,0.916666666666667,0.875,0.884615384615385,0.910714285714286,0.883333333333333,0.866666666666667,15,FALSE,FALSE,0.0273809523809524,0.032051282051282,-0.0273809523809524,0,0,0.875,0.916666666666667,0.875,0.895833333333333,0.910714285714286,0.892857142857143,0.857142857142857,14,FALSE,FALSE,0.0178571428571428,0.0208333333333333,-0.0178571428571428,0,0,TRUE,TRUE,FALSE,FALSE,FALSE
10,53,"Bulgarian National","bulgaria.bulgaria.t1q8_1","10:5305","10:5305::bulgaria.bulgaria.t1q8_1","income","5305",0.95,0.85,0.9,0.9375,0.883333333333333,0.923076923076923,0.6875,16,FALSE,FALSE,0.0397435897435898,0.0875,-0.0397435897435898,0.0499999999999999,-0.0499999999999999,0.95,0.8125,0.9,0.9375,0.865384615384615,0.923076923076923,0.615384615384615,13,FALSE,FALSE,0.0576923076923077,0.125,-0.0576923076923077,0.0499999999999999,-0.0499999999999999,TRUE,TRUE,FALSE,TRUE,FALSE
10,53,"Bulgarian National","bulgaria.bulgaria.t1q8_1","10:5306","10:5306::bulgaria.bulgaria.t1q8_1","income","5306",0.916666666666667,0.909090909090909,0.916666666666667,0.909090909090909,0.911764705882353,0.911764705882353,0.647058823529412,17,FALSE,TRUE,0,0,0,0,0,0.916666666666667,0.909090909090909,0.916666666666667,0.909090909090909,0.911764705882353,0.911764705882353,0.647058823529412,17,FALSE,TRUE,0,0,0,0,0,FALSE,FALSE,FALSE,FALSE,FALSE
10,53,"Bulgarian National","bulgaria.bulgaria.t1q8_1","10:5307","10:5307::bulgaria.bulgaria.t1q8_1","income","5307",1,1,1,0.886363636363636,1,0.916666666666667,0.733333333333333,15,TRUE,FALSE,NA,NA,NA,NA,NA,1,1,1,0.875,1,0.910714285714286,0.714285714285714,14,TRUE,FALSE,NA,NA,NA,NA,NA,NA,NA,NA,NA,NA
10,53,"Bulgarian National","bulgaria.bulgaria.t1q8_1","10:5308","10:5308::bulgaria.bulgaria.t1q8_1","income","5308",1,0.910714285714286,0.916666666666667,0.946428571428571,0.926470588235294,0.941176470588235,0.823529411764706,17,FALSE,FALSE,0.0147058823529411,0.0357142857142857,-0.0147058823529411,0.0833333333333334,-0.0833333333333334,1,0.910714285714286,0.916666666666667,0.946428571428571,0.926470588235294,0.941176470588235,0.823529411764706,17,FALSE,FALSE,0.0147058823529411,0.0357142857142857,-0.0147058823529411,0.0833333333333334,-0.0833333333333334,TRUE,TRUE,FALSE,TRUE,FALSE
10,53,"Bulgarian National","bulgaria.bulgaria.t1q8_1","10:5309","10:5309::bulgaria.bulgaria.t1q8_1","income","5309",0.916666666666667,0.925,0.916666666666667,0.863636363636364,0.921875,0.88235294117647,0.647058823529412,17,FALSE,FALSE,0.0395220588235294,0.0613636363636364,-0.0395220588235294,0,0,0.916666666666667,0.925,0.916666666666667,0.875,0.921875,0.890625,0.625,16,FALSE,FALSE,0.03125,0.05,-0.03125,0,0,TRUE,TRUE,FALSE,FALSE,FALSE
10,53,"Bulgarian National","bulgaria.bulgaria.t1q8_1","10:5310","10:5310::bulgaria.bulgaria.t1q8_1","income","5310",0.8,0.840909090909091,0.9,0.85,0.828125,0.866666666666667,0.6875,16,FALSE,FALSE,-0.0385416666666667,-0.00909090909090904,0.0385416666666667,0.1,-0.1,0.8,0.85,0.9,0.85,0.833333333333333,0.866666666666667,0.666666666666667,15,FALSE,FALSE,-0.0333333333333333,0,0.0333333333333333,0.1,-0.1,FALSE,FALSE,TRUE,TRUE,FALSE
10,53,"Bulgarian National","bulgaria.bulgaria.t1q8_1","10:5311","10:5311::bulgaria.bulgaria.t1q8_1","income","5311",0.75,0.958333333333333,1,0.977272727272727,0.897058823529412,0.984375,0.705882352941177,17,FALSE,FALSE,-0.0873161764705882,-0.0189393939393939,0.0873161764705882,0.25,-0.25,0.75,0.954545454545455,1,0.977272727272727,0.890625,0.984375,0.6875,16,FALSE,FALSE,-0.09375,-0.0227272727272727,0.09375,0.25,-0.25,FALSE,FALSE,TRUE,TRUE,FALSE
10,53,"Bulgarian National","bulgaria.bulgaria.t1q8_1","10:5312","10:5312::bulgaria.bulgaria.t1q8_1","income","5312",0.958333333333333,0.888888888888889,0.958333333333333,0.777777777777778,0.916666666666667,0.85,0.6,15,FALSE,FALSE,-0.0666666666666667,-0.111111111111111,0.0666666666666667,0,0,0.958333333333333,0.888888888888889,0.958333333333333,0.777777777777778,0.916666666666667,0.85,0.6,15,FALSE,FALSE,-0.0666666666666667,-0.111111111111111,0.0666666666666667,0,0,FALSE,FALSE,TRUE,FALSE,FALSE
10,53,"Bulgarian National","bulgaria.bulgaria.t1q8_1","10:5313","10:5313::bulgaria.bulgaria.t1q8_1","income","5313",0.8125,0.925,0.875,0.9,0.875,0.888888888888889,0.555555555555556,18,FALSE,FALSE,-0.0138888888888888,0.025,0.0138888888888888,0.0625,-0.0625,0.8125,0.925,0.875,0.9,0.875,0.888888888888889,0.555555555555556,18,FALSE,FALSE,-0.0138888888888888,0.025,0.0138888888888888,0.0625,-0.0625,FALSE,TRUE,TRUE,TRUE,FALSE
10,53,"Bulgarian National","bulgaria.bulgaria.t1q8_1","10:5314","10:5314::bulgaria.bulgaria.t1q8_1","income","5314",0.833333333333333,0.975,0.833333333333333,0.975,0.921875,0.921875,0.625,16,FALSE,TRUE,0,0,0,0,0,0.833333333333333,0.975,0.833333333333333,0.975,0.921875,0.921875,0.625,16,FALSE,TRUE,0,0,0,0,0,FALSE,FALSE,FALSE,FALSE,FALSE
10,53,"Bulgarian National","bulgaria.bulgaria.t1q8_1","10:5315","10:5315::bulgaria.bulgaria.t1q8_1","income","5315",1,0.954545454545455,0.875,1,0.966666666666667,0.964285714285714,0.733333333333333,15,FALSE,FALSE,-0.00238095238095237,0.0454545454545454,0.00238095238095237,0.125,-0.125,1,0.975,0.875,1,0.982142857142857,0.964285714285714,0.714285714285714,14,FALSE,FALSE,-0.0178571428571428,0.025,0.0178571428571428,0.125,-0.125,FALSE,TRUE,TRUE,TRUE,FALSE
10,53,"Bulgarian National","bulgaria.bulgaria.t1q8_1","10:5316","10:5316::bulgaria.bulgaria.t1q8_1","income","5316",0.75,0.923076923076923,0.833333333333333,0.875,0.890625,0.866666666666667,0.823529411764706,17,FALSE,FALSE,0.0239583333333333,0.0480769230769231,-0.0239583333333333,0.0833333333333334,-0.0833333333333334,0.75,0.916666666666667,0.833333333333333,0.875,0.883333333333333,0.866666666666667,0.8,15,FALSE,FALSE,0.0166666666666666,0.0416666666666666,-0.0166666666666666,0.0833333333333334,-0.0833333333333334,TRUE,TRUE,FALSE,TRUE,FALSE
10,53,"Bulgarian National","bulgaria.bulgaria.t1q8_1","10:5317","10:5317::bulgaria.bulgaria.t1q8_1","income","5317",1,0.975,0.958333333333333,0.925,0.984375,0.9375,0.625,16,FALSE,FALSE,-0.046875,-0.0499999999999999,0.046875,0.0416666666666666,-0.0416666666666666,1,0.975,0.958333333333333,0.925,0.984375,0.9375,0.625,16,FALSE,FALSE,-0.046875,-0.0499999999999999,0.046875,0.0416666666666666,-0.0416666666666666,FALSE,FALSE,TRUE,TRUE,FALSE
10,53,"Bulgarian National","bulgaria.bulgaria.t1q8_8","10:5301","10:5301::bulgaria.bulgaria.t1q8_8","income","5301",0.65,0.625,0.666666666666667,0.625,0.633333333333333,0.640625,0.647058823529412,17,FALSE,FALSE,0.0072916666666667,0,-0.0072916666666667,-0.0166666666666666,0.0166666666666666,0.65,0.611111111111111,0.6,0.638888888888889,0.625,0.625,0.642857142857143,14,FALSE,TRUE,0,0.0277777777777777,0,0.05,-0.05,TRUE,FALSE,FALSE,FALSE,TRUE
10,53,"Bulgarian National","bulgaria.bulgaria.t1q8_8","10:5302","10:5302::bulgaria.bulgaria.t1q8_8","income","5302",0.833333333333333,0.785714285714286,0.65,0.84375,0.807692307692308,0.769230769230769,0.625,16,FALSE,FALSE,-0.0384615384615384,0.0580357142857143,0.0384615384615384,0.183333333333333,-0.183333333333333,0.85,0.75,0.65,0.791666666666667,0.795454545454545,0.727272727272727,0.545454545454545,11,FALSE,FALSE,-0.0681818181818181,0.0416666666666666,0.0681818181818181,0.2,-0.2,FALSE,TRUE,TRUE,TRUE,FALSE
10,53,"Bulgarian National","bulgaria.bulgaria.t1q8_8","10:5303","10:5303::bulgaria.bulgaria.t1q8_8","income","5303",0.583333333333333,0.785714285714286,0.375,0.875,0.725,0.775,0.769230769230769,13,FALSE,FALSE,-0.05,-0.0892857142857143,0.05,-0.208333333333333,0.208333333333333,0.5,0.833333333333333,0.375,0.875,0.75,0.75,0.75,8,FALSE,TRUE,0,-0.0416666666666666,0,-0.125,0.125,FALSE,FALSE,TRUE,FALSE,TRUE
10,53,"Bulgarian National","bulgaria.bulgaria.t1q8_8","10:5304","10:5304::bulgaria.bulgaria.t1q8_8","income","5304",0.875,0.645833333333333,0.75,0.611111111111111,0.678571428571429,0.636363636363636,0.866666666666667,15,FALSE,FALSE,-0.0422077922077922,-0.0347222222222222,0.0422077922077922,0.125,-0.125,0.875,0.75,0.75,0.611111111111111,0.772727272727273,0.636363636363636,0.818181818181818,11,FALSE,FALSE,-0.136363636363636,-0.138888888888889,0.136363636363636,0.125,-0.125,FALSE,FALSE,TRUE,TRUE,FALSE
10,53,"Bulgarian National","bulgaria.bulgaria.t1q8_8","10:5305","10:5305::bulgaria.bulgaria.t1q8_8","income","5305",0.6,0.571428571428571,0.55,0.85,0.583333333333333,0.7,0.6875,16,FALSE,FALSE,0.116666666666667,0.278571428571429,-0.116666666666667,0.0499999999999999,-0.0499999999999999,0.6,0.4375,0.55,0.8125,0.527777777777778,0.666666666666667,0.444444444444444,9,FALSE,FALSE,0.138888888888889,0.375,-0.138888888888889,0.0499999999999999,-0.0499999999999999,TRUE,TRUE,FALSE,TRUE,FALSE
10,53,"Bulgarian National","bulgaria.bulgaria.t1q8_8","10:5306","10:5306::bulgaria.bulgaria.t1q8_8","income","5306",1,0.9,0.9,0.775,0.9375,0.816666666666667,0.647058823529412,17,FALSE,FALSE,-0.120833333333333,-0.125,0.120833333333333,0.1,-0.1,1,0.888888888888889,0.9,0.805555555555556,0.928571428571429,0.839285714285714,0.642857142857143,14,FALSE,FALSE,-0.0892857142857143,-0.0833333333333333,0.0892857142857143,0.1,-0.1,FALSE,FALSE,TRUE,TRUE,FALSE
10,53,"Bulgarian National","bulgaria.bulgaria.t1q8_8","10:5307","10:5307::bulgaria.bulgaria.t1q8_8","income","5307",1,0.8,1,0.840909090909091,0.857142857142857,0.875,0.733333333333333,15,FALSE,FALSE,0.0178571428571429,0.0409090909090909,-0.0178571428571429,0,0,1,0.8,1,0.9,0.846153846153846,0.923076923076923,0.769230769230769,13,FALSE,FALSE,0.076923076923077,0.1,-0.076923076923077,0,0,TRUE,TRUE,FALSE,FALSE,FALSE
10,53,"Bulgarian National","bulgaria.bulgaria.t1q8_8","10:5308","10:5308::bulgaria.bulgaria.t1q8_8","income","5308",1,0.75,1,0.791666666666667,0.785714285714286,0.833333333333333,0.823529411764706,17,FALSE,FALSE,0.0476190476190477,0.0416666666666666,-0.0476190476190477,0,0,1,0.75,1,0.775,0.791666666666667,0.8125,0.833333333333333,12,FALSE,FALSE,0.0208333333333334,0.025,-0.0208333333333334,0,0,TRUE,TRUE,FALSE,FALSE,FALSE
10,53,"Bulgarian National","bulgaria.bulgaria.t1q8_8","10:5309","10:5309::bulgaria.bulgaria.t1q8_8","income","5309",0.75,0.833333333333333,0.85,0.75,0.8,0.785714285714286,0.647058823529412,17,FALSE,FALSE,0.0142857142857143,0.0833333333333334,-0.0142857142857143,0.1,-0.1,0.75,0.875,0.85,0.84375,0.826923076923077,0.846153846153846,0.615384615384615,13,FALSE,FALSE,-0.0192307692307693,0.03125,0.0192307692307693,0.1,-0.1,TRUE,TRUE,FALSE,TRUE,FALSE
10,53,"Bulgarian National","bulgaria.bulgaria.t1q8_8","10:5310","10:5310::bulgaria.bulgaria.t1q8_8","income","5310",0.9,0.84375,0.625,0.75,0.865384615384615,0.714285714285714,0.6875,16,FALSE,FALSE,-0.151098901098901,-0.09375,0.151098901098901,0.275,-0.275,0.9375,0.892857142857143,0.625,0.785714285714286,0.909090909090909,0.727272727272727,0.636363636363636,11,FALSE,FALSE,-0.181818181818182,-0.107142857142857,0.181818181818182,0.3125,-0.3125,FALSE,FALSE,TRUE,TRUE,FALSE
10,53,"Bulgarian National","bulgaria.bulgaria.t1q8_8","10:5311","10:5311::bulgaria.bulgaria.t1q8_8","income","5311",0.7,0.886363636363636,0.85,0.875,0.828125,0.866666666666667,0.705882352941177,17,FALSE,FALSE,-0.0385416666666667,0.0113636363636364,0.0385416666666667,0.15,-0.15,0.7,0.888888888888889,0.85,0.888888888888889,0.821428571428571,0.875,0.642857142857143,14,FALSE,FALSE,-0.0535714285714286,0,0.0535714285714286,0.15,-0.15,FALSE,TRUE,TRUE,TRUE,FALSE
10,53,"Bulgarian National","bulgaria.bulgaria.t1q8_8","10:5312","10:5312::bulgaria.bulgaria.t1q8_8","income","5312",0.875,0.90625,0.708333333333333,0.65625,0.892857142857143,0.678571428571429,0.6,15,FALSE,FALSE,0.214285714285714,0.25,-0.214285714285714,-0.166666666666667,0.166666666666667,0.875,0.892857142857143,0.708333333333333,0.607142857142857,0.884615384615385,0.653846153846154,0.538461538461538,13,FALSE,FALSE,0.230769230769231,0.285714285714286,-0.230769230769231,-0.166666666666667,0.166666666666667,TRUE,TRUE,FALSE,FALSE,TRUE
10,53,"Bulgarian National","bulgaria.bulgaria.t1q8_8","10:5313","10:5313::bulgaria.bulgaria.t1q8_8","income","5313",0.785714285714286,0.638888888888889,0.791666666666667,0.675,0.703125,0.71875,0.555555555555556,18,FALSE,FALSE,0.015625,0.0361111111111112,-0.015625,-0.00595238095238093,0.00595238095238093,0.75,0.638888888888889,0.791666666666667,0.638888888888889,0.683333333333333,0.7,0.6,15,FALSE,FALSE,0.0166666666666666,0,-0.0166666666666666,-0.0416666666666666,0.0416666666666666,TRUE,TRUE,FALSE,FALSE,TRUE
10,53,"Bulgarian National","bulgaria.bulgaria.t1q8_8","10:5314","10:5314::bulgaria.bulgaria.t1q8_8","income","5314",0.833333333333333,0.821428571428571,0.75,0.694444444444444,0.826923076923077,0.716666666666667,0.625,16,FALSE,FALSE,-0.11025641025641,-0.126984126984127,0.11025641025641,0.0833333333333334,-0.0833333333333334,0.833333333333333,0.821428571428571,0.75,0.75,0.826923076923077,0.75,0.538461538461538,13,FALSE,FALSE,-0.0769230769230769,-0.0714285714285714,0.0769230769230769,0.0833333333333334,-0.0833333333333334,FALSE,FALSE,TRUE,TRUE,FALSE
10,53,"Bulgarian National","bulgaria.bulgaria.t1q8_8","10:5315","10:5315::bulgaria.bulgaria.t1q8_8","income","5315",0.75,0.818181818181818,0.8125,0.863636363636364,0.8,0.85,0.733333333333333,15,FALSE,FALSE,-0.0499999999999999,-0.0454545454545454,0.0499999999999999,0.0625,-0.0625,0.75,0.818181818181818,0.8125,0.863636363636364,0.8,0.85,0.733333333333333,15,FALSE,FALSE,-0.0499999999999999,-0.0454545454545454,0.0499999999999999,0.0625,-0.0625,FALSE,FALSE,TRUE,TRUE,FALSE
10,53,"Bulgarian National","bulgaria.bulgaria.t1q8_8","10:5316","10:5316::bulgaria.bulgaria.t1q8_8","income","5316",0.625,0.659090909090909,0.666666666666667,0.673076923076923,0.653846153846154,0.671875,0.823529411764706,17,FALSE,FALSE,-0.0180288461538461,-0.0139860139860141,0.0180288461538461,0.0416666666666666,-0.0416666666666666,0.625,0.7,0.5,0.625,0.6875,0.604166666666667,0.833333333333333,12,FALSE,FALSE,0.0833333333333334,0.075,-0.0833333333333334,-0.125,0.125,FALSE,FALSE,TRUE,TRUE,FALSE
10,53,"Bulgarian National","bulgaria.bulgaria.t1q8_8","10:5317","10:5317::bulgaria.bulgaria.t1q8_8","income","5317",0.583333333333333,0.775,0.875,0.775,0.703125,0.8125,0.625,16,FALSE,FALSE,-0.109375,0,0.109375,0.291666666666667,-0.291666666666667,0.583333333333333,0.775,0.875,0.775,0.703125,0.8125,0.625,16,FALSE,FALSE,-0.109375,0,0.109375,0.291666666666667,-0.291666666666667,FALSE,FALSE,TRUE,TRUE,FALSE
10,53,"Bulgarian National","bulgaria.bulgaria.t1q8_11","10:5301","10:5301::bulgaria.bulgaria.t1q8_11","income","5301",0.75,0.568181818181818,0.95,0.875,0.625,0.903846153846154,0.647058823529412,17,FALSE,FALSE,0.278846153846154,0.306818181818182,-0.278846153846154,-0.2,0.2,0.6875,0.5625,0.9375,0.875,0.604166666666667,0.895833333333333,0.666666666666667,12,FALSE,FALSE,0.291666666666667,0.3125,-0.291666666666667,-0.25,0.25,TRUE,TRUE,FALSE,FALSE,TRUE
10,53,"Bulgarian National","bulgaria.bulgaria.t1q8_11","10:5302","10:5302::bulgaria.bulgaria.t1q8_11","income","5302",0.65,0.805555555555556,0.75,0.678571428571429,0.75,0.711538461538462,0.625,16,FALSE,FALSE,0.0384615384615384,0.126984126984127,-0.0384615384615384,0.1,-0.1,0.65,0.821428571428571,0.7,0.678571428571429,0.75,0.6875,0.583333333333333,12,FALSE,FALSE,0.0625,0.142857142857143,-0.0625,0.0499999999999999,-0.0499999999999999,TRUE,TRUE,FALSE,TRUE,FALSE
10,53,"Bulgarian National","bulgaria.bulgaria.t1q8_11","10:5303","10:5303::bulgaria.bulgaria.t1q8_11","income","5303",0.666666666666667,0.925,0.583333333333333,0.875,0.865384615384615,0.795454545454545,0.769230769230769,13,FALSE,FALSE,0.06993006993007,0.05,-0.06993006993007,-0.0833333333333333,0.0833333333333333,0.666666666666667,0.90625,0.583333333333333,0.875,0.840909090909091,0.795454545454545,0.727272727272727,11,FALSE,FALSE,0.0454545454545455,0.03125,-0.0454545454545455,-0.0833333333333333,0.0833333333333333,TRUE,TRUE,FALSE,FALSE,TRUE
10,53,"Bulgarian National","bulgaria.bulgaria.t1q8_11","10:5304","10:5304::bulgaria.bulgaria.t1q8_11","income","5304",0.75,0.791666666666667,0.5,0.611111111111111,0.785714285714286,0.590909090909091,0.866666666666667,15,FALSE,FALSE,0.194805194805195,0.180555555555555,-0.194805194805195,-0.25,0.25,0.75,0.861111111111111,0.5,0.611111111111111,0.840909090909091,0.590909090909091,0.818181818181818,11,FALSE,FALSE,0.25,0.25,-0.25,-0.25,0.25,TRUE,TRUE,FALSE,FALSE,TRUE
10,53,"Bulgarian National","bulgaria.bulgaria.t1q8_11","10:5305","10:5305::bulgaria.bulgaria.t1q8_11","income","5305",0.5,0.75,0.8125,0.722222222222222,0.660714285714286,0.75,0.6875,16,FALSE,FALSE,-0.0892857142857143,0.0277777777777778,0.0892857142857143,0.3125,-0.3125,0.5,0.75,0.8125,0.642857142857143,0.659090909090909,0.704545454545455,0.636363636363636,11,FALSE,FALSE,-0.0454545454545455,0.107142857142857,0.0454545454545455,0.3125,-0.3125,FALSE,TRUE,TRUE,TRUE,FALSE
10,53,"Bulgarian National","bulgaria.bulgaria.t1q8_11","10:5306","10:5306::bulgaria.bulgaria.t1q8_11","income","5306",0.625,0.727272727272727,0.5,0.363636363636364,0.691176470588235,0.40625,0.647058823529412,17,FALSE,FALSE,0.284926470588235,0.363636363636364,-0.284926470588235,-0.125,0.125,0.7,0.727272727272727,0.5,0.363636363636364,0.71875,0.40625,0.6875,16,FALSE,FALSE,0.3125,0.363636363636364,-0.3125,-0.2,0.2,TRUE,TRUE,FALSE,FALSE,TRUE
10,53,"Bulgarian National","bulgaria.bulgaria.t1q8_11","10:5307","10:5307::bulgaria.bulgaria.t1q8_11","income","5307",0.75,0.9,0.25,0.681818181818182,0.857142857142857,0.589285714285714,0.733333333333333,15,FALSE,FALSE,0.267857142857143,0.218181818181818,-0.267857142857143,-0.5,0.5,0.666666666666667,0.9,0.25,0.65,0.846153846153846,0.557692307692308,0.769230769230769,13,FALSE,FALSE,0.288461538461538,0.25,-0.288461538461538,-0.416666666666667,0.416666666666667,TRUE,TRUE,FALSE,FALSE,TRUE
10,53,"Bulgarian National","bulgaria.bulgaria.t1q8_11","10:5308","10:5308::bulgaria.bulgaria.t1q8_11","income","5308",0.333333333333333,0.886363636363636,0.833333333333333,0.821428571428571,0.767857142857143,0.823529411764706,0.823529411764706,17,FALSE,FALSE,-0.0556722689075629,0.064935064935065,0.0556722689075629,0.5,-0.5,0.333333333333333,0.886363636363636,0.833333333333333,0.795454545454545,0.767857142857143,0.803571428571429,0.785714285714286,14,FALSE,FALSE,-0.0357142857142857,0.0909090909090909,0.0357142857142857,0.5,-0.5,FALSE,TRUE,TRUE,TRUE,FALSE
10,53,"Bulgarian National","bulgaria.bulgaria.t1q8_11","10:5309","10:5309::bulgaria.bulgaria.t1q8_11","income","5309",0.8,0.909090909090909,0.708333333333333,0.611111111111111,0.875,0.65,0.647058823529412,17,FALSE,FALSE,0.225,0.297979797979798,-0.225,-0.0916666666666667,0.0916666666666667,0.8,0.888888888888889,0.75,0.611111111111111,0.857142857142857,0.660714285714286,0.642857142857143,14,FALSE,FALSE,0.196428571428571,0.277777777777778,-0.196428571428571,-0.05,0.05,TRUE,TRUE,FALSE,FALSE,TRUE
10,53,"Bulgarian National","bulgaria.bulgaria.t1q8_11","10:5310","10:5310::bulgaria.bulgaria.t1q8_11","income","5310",0.4375,0.75,0.7,0.625,0.653846153846154,0.65,0.6875,16,FALSE,FALSE,0.00384615384615383,0.125,-0.00384615384615383,0.2625,-0.2625,0.4375,0.71875,0.625,0.65625,0.625,0.645833333333333,0.666666666666667,12,FALSE,FALSE,-0.0208333333333334,0.0625,0.0208333333333334,0.1875,-0.1875,TRUE,TRUE,FALSE,TRUE,FALSE
10,53,"Bulgarian National","bulgaria.bulgaria.t1q8_11","10:5311","10:5311::bulgaria.bulgaria.t1q8_11","income","5311",0.55,0.604166666666667,0.7,0.5,0.588235294117647,0.5625,0.705882352941177,17,FALSE,FALSE,0.0257352941176471,0.104166666666667,-0.0257352941176471,0.15,-0.15,0.55,0.568181818181818,0.7,0.5,0.5625,0.5625,0.6875,16,FALSE,TRUE,0,0.0681818181818182,0,0.15,-0.15,TRUE,TRUE,FALSE,TRUE,FALSE
10,53,"Bulgarian National","bulgaria.bulgaria.t1q8_11","10:5312","10:5312::bulgaria.bulgaria.t1q8_11","income","5312",0.833333333333333,0.888888888888889,0.666666666666667,0.84375,0.866666666666667,0.767857142857143,0.6,15,FALSE,FALSE,0.0988095238095238,0.0451388888888888,-0.0988095238095238,-0.166666666666667,0.166666666666667,0.833333333333333,0.875,0.666666666666667,0.84375,0.857142857142857,0.767857142857143,0.571428571428571,14,FALSE,FALSE,0.0892857142857142,0.03125,-0.0892857142857142,-0.166666666666667,0.166666666666667,TRUE,TRUE,FALSE,FALSE,TRUE
10,53,"Bulgarian National","bulgaria.bulgaria.t1q8_11","10:5313","10:5313::bulgaria.bulgaria.t1q8_11","income","5313",0.8125,0.805555555555556,0.714285714285714,0.638888888888889,0.808823529411765,0.671875,0.555555555555556,18,FALSE,FALSE,-0.136948529411765,-0.166666666666667,0.136948529411765,0.0982142857142857,-0.0982142857142857,0.821428571428571,0.78125,0.714285714285714,0.59375,0.8,0.65,0.533333333333333,15,FALSE,FALSE,-0.15,-0.1875,0.15,0.107142857142857,-0.107142857142857,FALSE,FALSE,TRUE,TRUE,FALSE
10,53,"Bulgarian National","bulgaria.bulgaria.t1q8_11","10:5314","10:5314::bulgaria.bulgaria.t1q8_11","income","5314",0.791666666666667,0.78125,0.625,0.888888888888889,0.785714285714286,0.783333333333333,0.625,16,FALSE,FALSE,-0.00238095238095237,0.107638888888889,0.00238095238095237,0.166666666666667,-0.166666666666667,0.791666666666667,0.75,0.625,0.892857142857143,0.769230769230769,0.769230769230769,0.538461538461538,13,FALSE,TRUE,0,0.142857142857143,0,0.166666666666667,-0.166666666666667,FALSE,TRUE,TRUE,TRUE,FALSE
10,53,"Bulgarian National","bulgaria.bulgaria.t1q8_11","10:5315","10:5315::bulgaria.bulgaria.t1q8_11","income","5315",0.9375,0.818181818181818,0.5625,0.777777777777778,0.85,0.711538461538462,0.733333333333333,15,FALSE,FALSE,-0.138461538461538,-0.0404040404040404,0.138461538461538,0.375,-0.375,0.9375,0.777777777777778,0.5625,0.777777777777778,0.826923076923077,0.711538461538462,0.692307692307692,13,FALSE,FALSE,-0.115384615384615,0,0.115384615384615,0.375,-0.375,FALSE,FALSE,TRUE,TRUE,FALSE
10,53,"Bulgarian National","bulgaria.bulgaria.t1q8_11","10:5316","10:5316::bulgaria.bulgaria.t1q8_11","income","5316",0.5,0.692307692307692,0.75,0.555555555555556,0.666666666666667,0.590909090909091,0.823529411764706,17,FALSE,FALSE,0.0757575757575757,0.136752136752137,-0.0757575757575757,0.25,-0.25,0.5,0.625,1,0.625,0.611111111111111,0.666666666666667,0.888888888888889,9,FALSE,FALSE,-0.0555555555555555,0,0.0555555555555555,0.5,-0.5,TRUE,TRUE,FALSE,TRUE,FALSE
10,53,"Bulgarian National","bulgaria.bulgaria.t1q8_11","10:5317","10:5317::bulgaria.bulgaria.t1q8_11","income","5317",0.95,0.8,0.7,0.75,0.85,0.733333333333333,0.625,16,FALSE,FALSE,-0.116666666666667,-0.05,0.116666666666667,0.25,-0.25,0.95,0.8,0.7,0.75,0.85,0.733333333333333,0.666666666666667,15,FALSE,FALSE,-0.116666666666667,-0.05,0.116666666666667,0.25,-0.25,FALSE,FALSE,TRUE,TRUE,FALSE
10,53,"Bulgarian National","bulgaria.bulgaria.t1q10_3","10:5301","10:5301::bulgaria.bulgaria.t1q10_3","income","5301",0.916666666666667,0.886363636363636,0.8,0.722222222222222,0.897058823529412,0.75,0.647058823529412,17,FALSE,FALSE,-0.147058823529412,-0.164141414141414,0.147058823529412,0.116666666666667,-0.116666666666667,0.9,1,0.8,0.722222222222222,0.964285714285714,0.75,0.642857142857143,14,FALSE,FALSE,0.214285714285714,0.277777777777778,-0.214285714285714,-0.1,0.1,FALSE,FALSE,TRUE,TRUE,FALSE
10,53,"Bulgarian National","bulgaria.bulgaria.t1q10_3","10:5302","10:5302::bulgaria.bulgaria.t1q10_3","income","5302",0.5,0.722222222222222,0.75,0.46875,0.633333333333333,0.589285714285714,0.625,16,FALSE,FALSE,0.044047619047619,0.253472222222222,-0.044047619047619,0.25,-0.25,0.5,0.785714285714286,0.75,0.428571428571429,0.653846153846154,0.576923076923077,0.538461538461538,13,FALSE,FALSE,0.076923076923077,0.357142857142857,-0.076923076923077,0.25,-0.25,TRUE,TRUE,FALSE,TRUE,FALSE
10,53,"Bulgarian National","bulgaria.bulgaria.t1q10_3","10:5303","10:5303::bulgaria.bulgaria.t1q10_3","income","5303",0.666666666666667,0.888888888888889,0.416666666666667,0.78125,0.833333333333333,0.681818181818182,0.769230769230769,13,FALSE,FALSE,0.151515151515152,0.107638888888889,-0.151515151515152,-0.25,0.25,0.666666666666667,1,0.416666666666667,0.75,0.9,0.65,0.7,10,FALSE,FALSE,0.25,0.25,-0.25,-0.25,0.25,TRUE,TRUE,FALSE,FALSE,TRUE
10,53,"Bulgarian National","bulgaria.bulgaria.t1q10_3","10:5304","10:5304::bulgaria.bulgaria.t1q10_3","income","5304",0.875,0.711538461538462,0.875,0.5,0.733333333333333,0.553571428571429,0.866666666666667,15,FALSE,FALSE,-0.179761904761905,-0.211538461538462,0.179761904761905,0,0,0.875,0.6875,0.875,0.5,0.714285714285714,0.553571428571429,0.857142857142857,14,FALSE,FALSE,-0.160714285714286,-0.1875,0.160714285714286,0,0,FALSE,FALSE,TRUE,FALSE,FALSE
10,53,"Bulgarian National","bulgaria.bulgaria.t1q10_3","10:5305","10:5305::bulgaria.bulgaria.t1q10_3","income","5305",0.6,0.909090909090909,0.75,0.65625,0.8125,0.692307692307692,0.6875,16,FALSE,FALSE,0.120192307692308,0.252840909090909,-0.120192307692308,0.15,-0.15,0.6,0.875,0.75,0.65625,0.769230769230769,0.692307692307692,0.615384615384615,13,FALSE,FALSE,0.076923076923077,0.21875,-0.076923076923077,0.15,-0.15,TRUE,TRUE,FALSE,TRUE,FALSE
10,53,"Bulgarian National","bulgaria.bulgaria.t1q10_3","10:5306","10:5306::bulgaria.bulgaria.t1q10_3","income","5306",0.583333333333333,0.75,0.05,0.590909090909091,0.691176470588235,0.421875,0.647058823529412,17,FALSE,FALSE,0.269301470588235,0.159090909090909,-0.269301470588235,-0.533333333333333,0.533333333333333,0.55,0.75,0.05,0.590909090909091,0.6875,0.421875,0.6875,16,FALSE,FALSE,0.265625,0.159090909090909,-0.265625,-0.5,0.5,TRUE,TRUE,FALSE,FALSE,TRUE
10,53,"Bulgarian National","bulgaria.bulgaria.t1q10_3","10:5307","10:5307::bulgaria.bulgaria.t1q10_3","income","5307",1,0.977272727272727,0.333333333333333,0.777777777777778,0.983333333333333,0.666666666666667,0.733333333333333,15,FALSE,FALSE,-0.316666666666667,-0.19949494949495,0.316666666666667,0.666666666666667,-0.666666666666667,1,0.972222222222222,0.333333333333333,0.777777777777778,0.979166666666667,0.666666666666667,0.75,12,FALSE,FALSE,-0.3125,-0.194444444444444,0.3125,0.666666666666667,-0.666666666666667,FALSE,FALSE,TRUE,TRUE,FALSE
10,53,"Bulgarian National","bulgaria.bulgaria.t1q10_3","10:5308","10:5308::bulgaria.bulgaria.t1q10_3","income","5308",1,0.678571428571429,0.333333333333333,0.785714285714286,0.71875,0.705882352941177,0.823529411764706,17,FALSE,FALSE,-0.0128676470588235,0.107142857142857,0.0128676470588235,0.666666666666667,-0.666666666666667,1,0.678571428571429,0.5,0.785714285714286,0.71875,0.75,0.875,16,FALSE,FALSE,0.03125,0.107142857142857,-0.03125,0.5,-0.5,FALSE,TRUE,TRUE,TRUE,FALSE
10,53,"Bulgarian National","bulgaria.bulgaria.t1q10_3","10:5309","10:5309::bulgaria.bulgaria.t1q10_3","income","5309",0.875,0.975,0.2,0.722222222222222,0.9375,0.535714285714286,0.647058823529412,17,FALSE,FALSE,0.401785714285714,0.252777777777778,-0.401785714285714,-0.675,0.675,0.85,0.96875,0.2,0.6875,0.923076923076923,0.5,0.615384615384615,13,FALSE,FALSE,0.423076923076923,0.28125,-0.423076923076923,-0.65,0.65,TRUE,TRUE,FALSE,FALSE,TRUE
10,53,"Bulgarian National","bulgaria.bulgaria.t1q10_3","10:5310","10:5310::bulgaria.bulgaria.t1q10_3","income","5310",0.8,0.772727272727273,0.9,0.590909090909091,0.78125,0.6875,0.6875,16,FALSE,FALSE,-0.09375,-0.181818181818182,0.09375,-0.1,0.1,0.8,0.772727272727273,0.9,0.590909090909091,0.78125,0.6875,0.6875,16,FALSE,FALSE,-0.09375,-0.181818181818182,0.09375,-0.1,0.1,FALSE,FALSE,TRUE,FALSE,TRUE
10,53,"Bulgarian National","bulgaria.bulgaria.t1q10_3","10:5311","10:5311::bulgaria.bulgaria.t1q10_3","income","5311",0.7,0.729166666666667,0.65,0.416666666666667,0.720588235294118,0.485294117647059,0.705882352941177,17,FALSE,FALSE,0.235294117647059,0.3125,-0.235294117647059,-0.0499999999999999,0.0499999999999999,0.7,0.729166666666667,0.65,0.416666666666667,0.720588235294118,0.485294117647059,0.705882352941177,17,FALSE,FALSE,0.235294117647059,0.3125,-0.235294117647059,-0.0499999999999999,0.0499999999999999,TRUE,TRUE,FALSE,FALSE,TRUE
10,53,"Bulgarian National","bulgaria.bulgaria.t1q10_3","10:5312","10:5312::bulgaria.bulgaria.t1q10_3","income","5312",0.583333333333333,0.916666666666667,0.75,0.722222222222222,0.783333333333333,0.732142857142857,0.6,15,FALSE,FALSE,0.0511904761904762,0.194444444444444,-0.0511904761904762,0.166666666666667,-0.166666666666667,0.5,0.916666666666667,0.75,0.722222222222222,0.767857142857143,0.732142857142857,0.642857142857143,14,FALSE,FALSE,0.0357142857142858,0.194444444444444,-0.0357142857142858,0.25,-0.25,TRUE,TRUE,FALSE,TRUE,FALSE
10,53,"Bulgarian National","bulgaria.bulgaria.t1q10_3","10:5313","10:5313::bulgaria.bulgaria.t1q10_3","income","5313",0.678571428571429,0.583333333333333,0.46875,0.5,0.625,0.485294117647059,0.555555555555556,18,FALSE,FALSE,-0.139705882352941,-0.0833333333333334,0.139705882352941,0.209821428571429,-0.209821428571429,0.678571428571429,0.59375,0.5,0.4375,0.633333333333333,0.466666666666667,0.533333333333333,15,FALSE,FALSE,-0.166666666666667,-0.15625,0.166666666666667,0.178571428571429,-0.178571428571429,FALSE,FALSE,TRUE,TRUE,FALSE
10,53,"Bulgarian National","bulgaria.bulgaria.t1q10_3","10:5314","10:5314::bulgaria.bulgaria.t1q10_3","income","5314",0.791666666666667,0.775,0.833333333333333,0.775,0.78125,0.796875,0.625,16,FALSE,FALSE,0.015625,0,-0.015625,-0.0416666666666667,0.0416666666666667,0.791666666666667,0.775,0.833333333333333,0.775,0.78125,0.796875,0.625,16,FALSE,FALSE,0.015625,0,-0.015625,-0.0416666666666667,0.0416666666666667,TRUE,FALSE,FALSE,FALSE,TRUE
10,53,"Bulgarian National","bulgaria.bulgaria.t1q10_3","10:5315","10:5315::bulgaria.bulgaria.t1q10_3","income","5315",0.5,0.727272727272727,0.5625,0.625,0.666666666666667,0.607142857142857,0.733333333333333,15,FALSE,FALSE,0.0595238095238095,0.102272727272727,-0.0595238095238095,0.0625,-0.0625,0.5,0.7,0.5625,0.625,0.642857142857143,0.607142857142857,0.714285714285714,14,FALSE,FALSE,0.0357142857142858,0.075,-0.0357142857142858,0.0625,-0.0625,TRUE,TRUE,FALSE,TRUE,FALSE
10,53,"Bulgarian National","bulgaria.bulgaria.t1q10_3","10:5316","10:5316::bulgaria.bulgaria.t1q10_3","income","5316",0.833333333333333,0.75,0.666666666666667,0.410714285714286,0.764705882352941,0.455882352941177,0.823529411764706,17,FALSE,FALSE,-0.308823529411765,-0.339285714285714,0.308823529411765,0.166666666666667,-0.166666666666667,0.833333333333333,0.75,0.666666666666667,0.410714285714286,0.764705882352941,0.455882352941177,0.823529411764706,17,FALSE,FALSE,-0.308823529411765,-0.339285714285714,0.308823529411765,0.166666666666667,-0.166666666666667,FALSE,FALSE,TRUE,TRUE,FALSE
10,53,"Bulgarian National","bulgaria.bulgaria.t1q10_3","10:5317","10:5317::bulgaria.bulgaria.t1q10_3","income","5317",1,0.875,0.541666666666667,0.675,0.916666666666667,0.625,0.625,16,FALSE,FALSE,-0.291666666666667,-0.2,0.291666666666667,0.458333333333333,-0.458333333333333,1,0.875,0.55,0.675,0.916666666666667,0.633333333333333,0.666666666666667,15,FALSE,FALSE,-0.283333333333333,-0.2,0.283333333333333,0.45,-0.45,FALSE,FALSE,TRUE,TRUE,FALSE
10,53,"Bulgarian National","bulgaria.bulgaria.t1q16","10:5301","10:5301::bulgaria.bulgaria.t1q16","income","5301",0.291666666666667,0.636363636363636,0.5,0.25,0.514705882352941,0.34375,0.647058823529412,17,FALSE,FALSE,0.170955882352941,0.386363636363636,-0.170955882352941,0.208333333333333,-0.208333333333333,0.291666666666667,0.625,0.5,0.25,0.5,0.34375,0.625,16,FALSE,FALSE,0.15625,0.375,-0.15625,0.208333333333333,-0.208333333333333,TRUE,TRUE,FALSE,TRUE,FALSE
10,53,"Bulgarian National","bulgaria.bulgaria.t1q16","10:5302","10:5302::bulgaria.bulgaria.t1q16","income","5302",0.708333333333333,0.59375,0.75,0.527777777777778,0.642857142857143,0.616666666666667,0.625,16,FALSE,FALSE,-0.0261904761904762,-0.0659722222222222,0.0261904761904762,-0.0416666666666666,0.0416666666666666,0.708333333333333,0.59375,0.75,0.5,0.642857142857143,0.607142857142857,0.571428571428571,14,FALSE,FALSE,-0.0357142857142858,-0.09375,0.0357142857142858,-0.0416666666666666,0.0416666666666666,FALSE,FALSE,TRUE,FALSE,TRUE
10,53,"Bulgarian National","bulgaria.bulgaria.t1q16","10:5303","10:5303::bulgaria.bulgaria.t1q16","income","5303",0.833333333333333,0.45,0.583333333333333,0.222222222222222,0.538461538461538,0.3125,0.769230769230769,13,FALSE,FALSE,-0.225961538461538,-0.227777777777778,0.225961538461538,0.25,-0.25,0.833333333333333,0.5,0.583333333333333,0.222222222222222,0.583333333333333,0.3125,0.75,12,FALSE,FALSE,-0.270833333333333,-0.277777777777778,0.270833333333333,0.25,-0.25,FALSE,FALSE,TRUE,TRUE,FALSE
10,53,"Bulgarian National","bulgaria.bulgaria.t1q16","10:5304","10:5304::bulgaria.bulgaria.t1q16","income","5304",0.875,0.458333333333333,0.5,0.625,0.517857142857143,0.604166666666667,0.866666666666667,15,FALSE,FALSE,0.0863095238095237,0.166666666666667,-0.0863095238095237,0.375,-0.375,0.875,0.527777777777778,0.5,0.583333333333333,0.590909090909091,0.568181818181818,0.818181818181818,11,FALSE,FALSE,-0.0227272727272727,0.0555555555555556,0.0227272727272727,0.375,-0.375,TRUE,TRUE,FALSE,TRUE,FALSE
10,53,"Bulgarian National","bulgaria.bulgaria.t1q16","10:5305","10:5305::bulgaria.bulgaria.t1q16","income","5305",0.5,0.425,0.5,0.363636363636364,0.45,0.40625,0.6875,16,FALSE,FALSE,-0.04375,-0.0613636363636363,0.04375,0,0,0.5,0.425,0.5,0.375,0.45,0.416666666666667,0.666666666666667,15,FALSE,FALSE,-0.0333333333333333,-0.0499999999999999,0.0333333333333333,0,0,FALSE,FALSE,TRUE,FALSE,FALSE
10,53,"Bulgarian National","bulgaria.bulgaria.t1q16","10:5306","10:5306::bulgaria.bulgaria.t1q16","income","5306",0.833333333333333,0.590909090909091,0.8,0.409090909090909,0.676470588235294,0.53125,0.647058823529412,17,FALSE,FALSE,-0.145220588235294,-0.181818181818182,0.145220588235294,0.0333333333333333,-0.0333333333333333,0.8,0.590909090909091,0.8,0.409090909090909,0.65625,0.53125,0.6875,16,FALSE,FALSE,-0.125,-0.181818181818182,0.125,0,0,FALSE,FALSE,TRUE,TRUE,FALSE
10,53,"Bulgarian National","bulgaria.bulgaria.t1q16","10:5307","10:5307::bulgaria.bulgaria.t1q16","income","5307",0.8125,0.65,0.4375,0.675,0.696428571428571,0.607142857142857,0.733333333333333,15,FALSE,FALSE,-0.0892857142857143,0.025,0.0892857142857143,0.375,-0.375,0.8125,0.722222222222222,0.4375,0.666666666666667,0.75,0.596153846153846,0.692307692307692,13,FALSE,FALSE,-0.153846153846154,-0.0555555555555556,0.153846153846154,0.375,-0.375,FALSE,TRUE,TRUE,TRUE,FALSE
10,53,"Bulgarian National","bulgaria.bulgaria.t1q16","10:5308","10:5308::bulgaria.bulgaria.t1q16","income","5308",0.0833333333333333,0.583333333333333,0.666666666666667,0.553571428571429,0.483333333333333,0.573529411764706,0.823529411764706,17,FALSE,FALSE,-0.0901960784313725,0.0297619047619048,0.0901960784313725,0.583333333333333,-0.583333333333333,0.0833333333333333,0.583333333333333,0.666666666666667,0.520833333333333,0.483333333333333,0.55,0.8,15,FALSE,FALSE,-0.0666666666666667,0.0625,0.0666666666666667,0.583333333333333,-0.583333333333333,FALSE,TRUE,TRUE,TRUE,FALSE
10,53,"Bulgarian National","bulgaria.bulgaria.t1q16","10:5309","10:5309::bulgaria.bulgaria.t1q16","income","5309",0.416666666666667,0.472222222222222,0.791666666666667,0.3,0.45,0.484375,0.647058823529412,17,FALSE,FALSE,-0.034375,0.172222222222222,0.034375,0.375,-0.375,0.416666666666667,0.40625,0.791666666666667,0.28125,0.410714285714286,0.5,0.571428571428571,14,FALSE,FALSE,0.0892857142857143,-0.125,-0.0892857142857143,-0.375,0.375,FALSE,TRUE,TRUE,TRUE,FALSE
10,53,"Bulgarian National","bulgaria.bulgaria.t1q16","10:5310","10:5310::bulgaria.bulgaria.t1q16","income","5310",0.9,0.625,0.8,0.8125,0.716666666666667,0.807692307692308,0.6875,16,FALSE,FALSE,0.091025641025641,0.1875,-0.091025641025641,0.1,-0.1,0.9,0.71875,0.8,0.8125,0.788461538461538,0.807692307692308,0.615384615384615,13,FALSE,FALSE,0.0192307692307693,0.09375,-0.0192307692307693,0.1,-0.1,TRUE,TRUE,FALSE,TRUE,FALSE
10,53,"Bulgarian National","bulgaria.bulgaria.t1q16","10:5311","10:5311::bulgaria.bulgaria.t1q16","income","5311",0.3125,0.75,0.5,0.6875,0.625,0.63235294117647,0.705882352941177,17,FALSE,FALSE,-0.00735294117647056,0.0625,0.00735294117647056,0.1875,-0.1875,0.3125,0.75,0.5625,0.75,0.625,0.696428571428571,0.714285714285714,14,FALSE,FALSE,-0.0714285714285714,0,0.0714285714285714,0.25,-0.25,FALSE,TRUE,TRUE,TRUE,FALSE
10,53,"Bulgarian National","bulgaria.bulgaria.t1q16","10:5312","10:5312::bulgaria.bulgaria.t1q16","income","5312",0.75,0.416666666666667,0.833333333333333,0.678571428571429,0.55,0.75,0.6,15,FALSE,FALSE,0.2,0.261904761904762,-0.2,-0.0833333333333334,0.0833333333333334,0.75,0.428571428571429,0.833333333333333,0.678571428571429,0.576923076923077,0.75,0.538461538461538,13,FALSE,FALSE,0.173076923076923,0.25,-0.173076923076923,-0.0833333333333334,0.0833333333333334,TRUE,TRUE,FALSE,FALSE,TRUE
10,53,"Bulgarian National","bulgaria.bulgaria.t1q16","10:5313","10:5313::bulgaria.bulgaria.t1q16","income","5313",0.59375,0.416666666666667,0.642857142857143,0.425,0.5,0.514705882352941,0.555555555555556,18,FALSE,FALSE,0.0147058823529411,0.00833333333333336,-0.0147058823529411,-0.0491071428571429,0.0491071428571429,0.642857142857143,0.416666666666667,0.642857142857143,0.388888888888889,0.515625,0.5,0.5625,16,FALSE,FALSE,-0.015625,-0.0277777777777777,0.015625,0,0,TRUE,TRUE,FALSE,FALSE,TRUE
10,53,"Bulgarian National","bulgaria.bulgaria.t1q16","10:5314","10:5314::bulgaria.bulgaria.t1q16","income","5314",0.416666666666667,0.45,0.5,0.444444444444444,0.4375,0.466666666666667,0.625,16,FALSE,FALSE,-0.0291666666666666,0.00555555555555559,0.0291666666666666,0.0833333333333334,-0.0833333333333334,0.416666666666667,0.5,0.5,0.444444444444444,0.466666666666667,0.466666666666667,0.6,15,FALSE,TRUE,0,0.0555555555555556,0,0.0833333333333334,-0.0833333333333334,FALSE,TRUE,TRUE,TRUE,FALSE
10,53,"Bulgarian National","bulgaria.bulgaria.t1q16","10:5315","10:5315::bulgaria.bulgaria.t1q16","income","5315",0.5625,0.6,0.6875,0.722222222222222,0.589285714285714,0.711538461538462,0.733333333333333,15,FALSE,FALSE,-0.122252747252747,-0.122222222222222,0.122252747252747,0.125,-0.125,0.5625,0.65625,0.6875,0.8125,0.625,0.770833333333333,0.666666666666667,12,FALSE,FALSE,-0.145833333333333,-0.15625,0.145833333333333,0.125,-0.125,FALSE,FALSE,TRUE,TRUE,FALSE
10,53,"Bulgarian National","bulgaria.bulgaria.t1q16","10:5316","10:5316::bulgaria.bulgaria.t1q16","income","5316",0.75,0.365384615384615,0.625,0.576923076923077,0.416666666666667,0.583333333333333,0.823529411764706,17,FALSE,FALSE,0.166666666666667,0.211538461538462,-0.166666666666667,0.125,-0.125,1,0.375,0.5,0.541666666666667,0.423076923076923,0.538461538461538,0.923076923076923,13,FALSE,FALSE,0.115384615384615,0.166666666666667,-0.115384615384615,0.5,-0.5,TRUE,TRUE,FALSE,TRUE,FALSE
10,53,"Bulgarian National","bulgaria.bulgaria.t1q16","10:5317","10:5317::bulgaria.bulgaria.t1q16","income","5317",0.416666666666667,0.7,0.4,0.777777777777778,0.59375,0.642857142857143,0.625,16,FALSE,FALSE,-0.0491071428571429,-0.0777777777777778,0.0491071428571429,-0.0166666666666666,0.0166666666666666,0.3,0.722222222222222,0.4,0.777777777777778,0.571428571428571,0.642857142857143,0.642857142857143,14,FALSE,FALSE,-0.0714285714285715,-0.0555555555555556,0.0714285714285715,0.1,-0.1,FALSE,FALSE,TRUE,FALSE,TRUE
10,53,"Bulgarian National","bulgaria.bulgaria.t1q21","10:5301","10:5301::bulgaria.bulgaria.t1q21","income","5301",0.6,0.6,0.75,0.625,0.6,0.666666666666667,0.647058823529412,17,TRUE,FALSE,NA,NA,NA,NA,NA,1,0.625,1,0.625,0.727272727272727,0.727272727272727,0.727272727272727,11,FALSE,TRUE,0,0,0,0,0,NA,NA,NA,NA,NA
10,53,"Bulgarian National","bulgaria.bulgaria.t1q21","10:5302","10:5302::bulgaria.bulgaria.t1q21","income","5302",0.8,0.5,0.833333333333333,0.428571428571429,0.615384615384615,0.615384615384615,0.625,16,FALSE,TRUE,0,-0.0714285714285715,0,-0.0333333333333333,0.0333333333333333,0.8,0.5,0.8,0.5,0.636363636363636,0.636363636363636,0.545454545454545,11,FALSE,TRUE,0,0,0,0,0,FALSE,FALSE,FALSE,FALSE,TRUE
10,53,"Bulgarian National","bulgaria.bulgaria.t1q21","10:5303","10:5303::bulgaria.bulgaria.t1q21","income","5303",0,0.666666666666667,0.666666666666667,0.875,0.545454545454545,0.818181818181818,0.769230769230769,13,FALSE,FALSE,-0.272727272727273,-0.208333333333333,0.272727272727273,0.666666666666667,-0.666666666666667,0,0.625,0.5,0.875,0.5,0.8,0.8,10,FALSE,FALSE,-0.3,-0.25,0.3,0.5,-0.5,FALSE,FALSE,TRUE,TRUE,FALSE
10,53,"Bulgarian National","bulgaria.bulgaria.t1q21","10:5304","10:5304::bulgaria.bulgaria.t1q21","income","5304",1,0.384615384615385,1,0.666666666666667,0.428571428571429,0.727272727272727,0.866666666666667,15,FALSE,FALSE,0.298701298701299,0.282051282051282,-0.298701298701299,0,0,1,0.444444444444444,1,0.666666666666667,0.5,0.7,0.9,10,FALSE,FALSE,0.2,0.222222222222222,-0.2,0,0,TRUE,TRUE,FALSE,FALSE,FALSE
10,53,"Bulgarian National","bulgaria.bulgaria.t1q21","10:5305","10:5305::bulgaria.bulgaria.t1q21","income","5305",1,0.142857142857143,1,0.555555555555556,0.454545454545455,0.714285714285714,0.6875,16,FALSE,FALSE,0.25974025974026,0.412698412698413,-0.25974025974026,0,0,1,0,1,0.2,0.444444444444444,0.555555555555556,0.555555555555556,9,FALSE,FALSE,0.111111111111111,0.2,-0.111111111111111,0,0,TRUE,TRUE,FALSE,FALSE,FALSE
10,53,"Bulgarian National","bulgaria.bulgaria.t1q21","10:5306","10:5306::bulgaria.bulgaria.t1q21","income","5306",0.666666666666667,0.555555555555556,0.8,0.9,0.6,0.866666666666667,0.647058823529412,17,FALSE,FALSE,0.266666666666667,0.344444444444444,-0.266666666666667,-0.133333333333333,0.133333333333333,0.6,0.5,0.8,0.875,0.538461538461538,0.846153846153846,0.615384615384615,13,FALSE,FALSE,0.307692307692308,0.375,-0.307692307692308,-0.2,0.2,TRUE,TRUE,FALSE,FALSE,TRUE
10,53,"Bulgarian National","bulgaria.bulgaria.t1q21","10:5307","10:5307::bulgaria.bulgaria.t1q21","income","5307",0.75,0.6,0.75,0.818181818181818,0.642857142857143,0.8,0.733333333333333,15,FALSE,FALSE,0.157142857142857,0.218181818181818,-0.157142857142857,0,0,0.75,0.6,0.75,0.8,0.642857142857143,0.785714285714286,0.714285714285714,14,FALSE,FALSE,0.142857142857143,0.2,-0.142857142857143,0,0,TRUE,TRUE,FALSE,FALSE,FALSE
10,53,"Bulgarian National","bulgaria.bulgaria.t1q21","10:5308","10:5308::bulgaria.bulgaria.t1q21","income","5308",1,0.666666666666667,1,0.8,0.727272727272727,0.833333333333333,0.823529411764706,17,FALSE,FALSE,0.106060606060606,0.133333333333333,-0.106060606060606,0,0,1,0.571428571428571,1,0.714285714285714,0.625,0.75,0.875,8,FALSE,FALSE,0.125,0.142857142857143,-0.125,0,0,TRUE,TRUE,FALSE,FALSE,FALSE
10,53,"Bulgarian National","bulgaria.bulgaria.t1q21","10:5309","10:5309::bulgaria.bulgaria.t1q21","income","5309",0.833333333333333,0.571428571428571,1,0.909090909090909,0.692307692307692,0.9375,0.647058823529412,17,FALSE,FALSE,0.245192307692308,0.337662337662338,-0.245192307692308,-0.166666666666667,0.166666666666667,0.8,0.571428571428571,1,1,0.666666666666667,1,0.583333333333333,12,FALSE,FALSE,0.333333333333333,0.428571428571429,-0.333333333333333,-0.2,0.2,TRUE,TRUE,FALSE,FALSE,TRUE
10,53,"Bulgarian National","bulgaria.bulgaria.t1q21","10:5310","10:5310::bulgaria.bulgaria.t1q21","income","5310",0.4,0.666666666666667,0.8,0.666666666666667,0.571428571428571,0.714285714285714,0.6875,16,FALSE,FALSE,-0.142857142857143,0,0.142857142857143,0.4,-0.4,0.4,0.714285714285714,0.8,0.571428571428571,0.583333333333333,0.666666666666667,0.583333333333333,12,FALSE,FALSE,-0.0833333333333333,0.142857142857143,0.0833333333333333,0.4,-0.4,FALSE,FALSE,TRUE,TRUE,FALSE
10,53,"Bulgarian National","bulgaria.bulgaria.t1q21","10:5311","10:5311::bulgaria.bulgaria.t1q21","income","5311",1,0.454545454545455,1,1,0.6,1,0.705882352941177,17,FALSE,FALSE,0.4,0.545454545454545,-0.4,0,0,1,0.444444444444444,1,1,0.615384615384615,1,0.692307692307692,13,FALSE,FALSE,0.384615384615385,0.555555555555556,-0.384615384615385,0,0,TRUE,TRUE,FALSE,FALSE,FALSE
10,53,"Bulgarian National","bulgaria.bulgaria.t1q21","10:5312","10:5312::bulgaria.bulgaria.t1q21","income","5312",0.8,0.4,0.833333333333333,0.666666666666667,0.6,0.75,0.6,15,FALSE,FALSE,0.15,0.266666666666667,-0.15,-0.0333333333333333,0.0333333333333333,0.8,0.5,0.8,0.75,0.666666666666667,0.777777777777778,0.444444444444444,9,FALSE,FALSE,0.111111111111111,0.25,-0.111111111111111,0,0,TRUE,TRUE,FALSE,FALSE,TRUE
10,53,"Bulgarian National","bulgaria.bulgaria.t1q21","10:5313","10:5313::bulgaria.bulgaria.t1q21","income","5313",0.75,0.375,0.875,0.625,0.5625,0.75,0.555555555555556,18,FALSE,FALSE,0.1875,0.25,-0.1875,-0.125,0.125,0.75,0.428571428571429,0.875,0.571428571428571,0.6,0.733333333333333,0.466666666666667,15,FALSE,FALSE,0.133333333333333,0.142857142857143,-0.133333333333333,-0.125,0.125,TRUE,TRUE,FALSE,FALSE,TRUE
10,53,"Bulgarian National","bulgaria.bulgaria.t1q21","10:5314","10:5314::bulgaria.bulgaria.t1q21","income","5314",0.6,0.833333333333333,1,0.75,0.727272727272727,0.857142857142857,0.625,16,FALSE,FALSE,-0.12987012987013,0.0833333333333334,0.12987012987013,0.4,-0.4,0.6,0.8,1,0.6,0.7,0.8,0.5,10,FALSE,FALSE,-0.1,0.2,0.1,0.4,-0.4,FALSE,TRUE,TRUE,TRUE,FALSE
10,53,"Bulgarian National","bulgaria.bulgaria.t1q21","10:5315","10:5315::bulgaria.bulgaria.t1q21","income","5315",0.75,0.714285714285714,1,0.9,0.727272727272727,0.928571428571429,0.733333333333333,15,FALSE,FALSE,0.201298701298701,0.185714285714286,-0.201298701298701,-0.25,0.25,0.75,0.714285714285714,1,0.857142857142857,0.727272727272727,0.909090909090909,0.636363636363636,11,FALSE,FALSE,0.181818181818182,0.142857142857143,-0.181818181818182,-0.25,0.25,TRUE,TRUE,FALSE,FALSE,TRUE
10,53,"Bulgarian National","bulgaria.bulgaria.t1q21","10:5316","10:5316::bulgaria.bulgaria.t1q21","income","5316",1,0.727272727272727,1,0.642857142857143,0.769230769230769,0.705882352941177,0.823529411764706,17,FALSE,FALSE,-0.0633484162895928,-0.0844155844155844,0.0633484162895928,0,0,1,0.727272727272727,1,0.636363636363636,0.769230769230769,0.692307692307692,0.846153846153846,13,FALSE,FALSE,-0.076923076923077,-0.0909090909090909,0.076923076923077,0,0,FALSE,FALSE,TRUE,FALSE,FALSE
10,53,"Bulgarian National","bulgaria.bulgaria.t1q21","10:5317","10:5317::bulgaria.bulgaria.t1q21","income","5317",0,0.666666666666667,1,0.9,0.428571428571429,0.9375,0.625,16,FALSE,FALSE,-0.508928571428571,-0.233333333333333,0.508928571428571,1,-1,0,0.666666666666667,1,0.888888888888889,0.428571428571429,0.928571428571429,0.642857142857143,14,FALSE,FALSE,-0.5,-0.222222222222222,0.5,1,-1,FALSE,FALSE,TRUE,TRUE,FALSE
10,53,"Bulgarian National","bulgaria.bulgaria.t1q22","10:5301","10:5301::bulgaria.bulgaria.t1q22","income","5301",0.666666666666667,0.375,0,0.125,0.454545454545455,0.0909090909090909,0.647058823529412,17,FALSE,FALSE,-0.363636363636364,-0.25,0.363636363636364,0.666666666666667,-0.666666666666667,1,0.333333333333333,0,0.166666666666667,0.5,0.125,0.75,8,FALSE,FALSE,-0.375,-0.166666666666667,0.375,1,-1,FALSE,FALSE,TRUE,TRUE,FALSE
10,53,"Bulgarian National","bulgaria.bulgaria.t1q22","10:5302","10:5302::bulgaria.bulgaria.t1q22","income","5302",0.5,0.571428571428571,0.166666666666667,0.285714285714286,0.538461538461538,0.230769230769231,0.625,16,FALSE,FALSE,0.307692307692308,0.285714285714286,-0.307692307692308,-0.333333333333333,0.333333333333333,0.5,0.6,0.166666666666667,0.2,0.545454545454545,0.181818181818182,0.454545454545455,11,FALSE,FALSE,0.363636363636364,0.4,-0.363636363636364,-0.333333333333333,0.333333333333333,TRUE,TRUE,FALSE,FALSE,TRUE
10,53,"Bulgarian National","bulgaria.bulgaria.t1q22","10:5303","10:5303::bulgaria.bulgaria.t1q22","income","5303",0.666666666666667,0.25,0.333333333333333,0,0.363636363636364,0.0833333333333333,0.769230769230769,13,FALSE,FALSE,-0.28030303030303,-0.25,0.28030303030303,0.333333333333333,-0.333333333333333,0.666666666666667,0.142857142857143,0.333333333333333,0,0.3,0.1,0.7,10,FALSE,FALSE,-0.2,-0.142857142857143,0.2,0.333333333333333,-0.333333333333333,FALSE,FALSE,TRUE,TRUE,FALSE
10,53,"Bulgarian National","bulgaria.bulgaria.t1q22","10:5304","10:5304::bulgaria.bulgaria.t1q22","income","5304",0,0.363636363636364,0,0,0.307692307692308,0,0.866666666666667,15,FALSE,FALSE,0.307692307692308,0.363636363636364,-0.307692307692308,0,0,0,0.363636363636364,0,0,0.307692307692308,0,0.846153846153846,13,FALSE,FALSE,0.307692307692308,0.363636363636364,-0.307692307692308,0,0,TRUE,TRUE,FALSE,FALSE,FALSE
10,53,"Bulgarian National","bulgaria.bulgaria.t1q22","10:5305","10:5305::bulgaria.bulgaria.t1q22","income","5305",0.5,0.571428571428571,0.2,0,0.545454545454545,0.0833333333333333,0.6875,16,FALSE,FALSE,0.462121212121212,0.571428571428571,-0.462121212121212,-0.3,0.3,0.5,0.8,0.25,0,0.666666666666667,0.111111111111111,0.555555555555556,9,FALSE,FALSE,0.555555555555556,0.8,-0.555555555555556,-0.25,0.25,TRUE,TRUE,FALSE,FALSE,TRUE
10,53,"Bulgarian National","bulgaria.bulgaria.t1q22","10:5306","10:5306::bulgaria.bulgaria.t1q22","income","5306",0.6,0.5,0,0.2,0.533333333333333,0.142857142857143,0.647058823529412,17,FALSE,FALSE,-0.39047619047619,-0.3,0.39047619047619,0.6,-0.6,0.333333333333333,0.555555555555556,0,0.222222222222222,0.5,0.166666666666667,0.75,12,FALSE,FALSE,0.333333333333333,0.333333333333333,-0.333333333333333,-0.333333333333333,0.333333333333333,FALSE,FALSE,TRUE,TRUE,FALSE
10,53,"Bulgarian National","bulgaria.bulgaria.t1q22","10:5307","10:5307::bulgaria.bulgaria.t1q22","income","5307",0.25,0.272727272727273,0.25,0.0909090909090909,0.266666666666667,0.133333333333333,0.733333333333333,15,FALSE,FALSE,0.133333333333333,0.181818181818182,-0.133333333333333,0,0,0.25,0.272727272727273,0.25,0.0909090909090909,0.266666666666667,0.133333333333333,0.733333333333333,15,FALSE,FALSE,0.133333333333333,0.181818181818182,-0.133333333333333,0,0,TRUE,TRUE,FALSE,FALSE,FALSE
10,53,"Bulgarian National","bulgaria.bulgaria.t1q22","10:5308","10:5308::bulgaria.bulgaria.t1q22","income","5308",0.5,0.333333333333333,0,0.2,0.363636363636364,0.153846153846154,0.823529411764706,17,FALSE,FALSE,-0.20979020979021,-0.133333333333333,0.20979020979021,0.5,-0.5,0.5,0.25,0,0.25,0.3,0.2,0.8,10,FALSE,FALSE,-0.1,0,0.1,0.5,-0.5,FALSE,FALSE,TRUE,TRUE,FALSE
10,53,"Bulgarian National","bulgaria.bulgaria.t1q22","10:5309","10:5309::bulgaria.bulgaria.t1q22","income","5309",0.5,0.5,0,0.0909090909090909,0.5,0.0588235294117647,0.647058823529412,17,TRUE,FALSE,NA,NA,NA,NA,NA,0.5,0.5,0,0.125,0.5,0.0833333333333333,0.666666666666667,12,TRUE,FALSE,NA,NA,NA,NA,NA,NA,NA,NA,NA,NA
10,53,"Bulgarian National","bulgaria.bulgaria.t1q22","10:5310","10:5310::bulgaria.bulgaria.t1q22","income","5310",0.25,0,0.25,0.2,0.125,0.214285714285714,0.6875,16,FALSE,FALSE,0.0892857142857143,0.2,-0.0892857142857143,0,0,0.333333333333333,0,0.333333333333333,0.25,0.142857142857143,0.285714285714286,0.571428571428571,7,FALSE,FALSE,0.142857142857143,0.25,-0.142857142857143,0,0,TRUE,TRUE,FALSE,FALSE,FALSE
10,53,"Bulgarian National","bulgaria.bulgaria.t1q22","10:5311","10:5311::bulgaria.bulgaria.t1q22","income","5311",0,0.555555555555556,0.2,0.25,0.384615384615385,0.235294117647059,0.705882352941177,17,FALSE,FALSE,0.149321266968326,0.305555555555556,-0.149321266968326,0.2,-0.2,0,0.555555555555556,0.25,0.333333333333333,0.384615384615385,0.307692307692308,0.692307692307692,13,FALSE,FALSE,0.0769230769230769,0.222222222222222,-0.0769230769230769,0.25,-0.25,TRUE,TRUE,FALSE,TRUE,FALSE
10,53,"Bulgarian National","bulgaria.bulgaria.t1q22","10:5312","10:5312::bulgaria.bulgaria.t1q22","income","5312",0.25,0.333333333333333,0,0,0.3,0,0.6,15,FALSE,FALSE,0.3,0.333333333333333,-0.3,-0.25,0.25,0.25,0.333333333333333,0,0,0.3,0,0.6,10,FALSE,FALSE,0.3,0.333333333333333,-0.3,-0.25,0.25,TRUE,TRUE,FALSE,FALSE,TRUE
10,53,"Bulgarian National","bulgaria.bulgaria.t1q22","10:5313","10:5313::bulgaria.bulgaria.t1q22","income","5313",0.375,0.571428571428571,0.125,0.222222222222222,0.466666666666667,0.176470588235294,0.555555555555556,18,FALSE,FALSE,0.290196078431373,0.349206349206349,-0.290196078431373,-0.25,0.25,0.375,0.571428571428571,0.125,0.285714285714286,0.466666666666667,0.2,0.466666666666667,15,FALSE,FALSE,0.266666666666667,0.285714285714286,-0.266666666666667,-0.25,0.25,TRUE,TRUE,FALSE,FALSE,TRUE
10,53,"Bulgarian National","bulgaria.bulgaria.t1q22","10:5314","10:5314::bulgaria.bulgaria.t1q22","income","5314",0.5,0.25,0,0.333333333333333,0.357142857142857,0.2,0.625,16,FALSE,FALSE,-0.157142857142857,0.0833333333333334,0.157142857142857,0.5,-0.5,0.5,0.285714285714286,0,0.428571428571429,0.384615384615385,0.230769230769231,0.538461538461538,13,FALSE,FALSE,-0.153846153846154,0.142857142857143,0.153846153846154,0.5,-0.5,FALSE,TRUE,TRUE,TRUE,FALSE
10,53,"Bulgarian National","bulgaria.bulgaria.t1q22","10:5315","10:5315::bulgaria.bulgaria.t1q22","income","5315",0,0.25,0,0.0909090909090909,0.166666666666667,0.0666666666666667,0.733333333333333,15,FALSE,FALSE,0.1,0.159090909090909,-0.1,0,0,0,0.25,0,0,0.166666666666667,0,0.666666666666667,12,FALSE,FALSE,0.166666666666667,0.25,-0.166666666666667,0,0,TRUE,TRUE,FALSE,FALSE,FALSE
10,53,"Bulgarian National","bulgaria.bulgaria.t1q22","10:5316","10:5316::bulgaria.bulgaria.t1q22","income","5316",1,0.75,0,0.153846153846154,0.777777777777778,0.125,0.823529411764706,17,FALSE,FALSE,-0.652777777777778,-0.596153846153846,0.652777777777778,1,-1,1,0.75,0,0.25,0.777777777777778,0.222222222222222,0.888888888888889,9,FALSE,FALSE,-0.555555555555556,-0.5,0.555555555555556,1,-1,FALSE,FALSE,TRUE,TRUE,FALSE
10,53,"Bulgarian National","bulgaria.bulgaria.t1q22","10:5317","10:5317::bulgaria.bulgaria.t1q22","income","5317",0.166666666666667,0.5,0.166666666666667,0.1,0.333333333333333,0.125,0.625,16,FALSE,FALSE,0.208333333333333,0.4,-0.208333333333333,0,0,0.166666666666667,0.5,0.166666666666667,0,0.333333333333333,0.0833333333333333,0.5,12,FALSE,FALSE,0.25,0.5,-0.25,0,0,TRUE,TRUE,FALSE,FALSE,FALSE
10,53,"Bulgarian National","bulgaria.bulgaria.t1q23","10:5301","10:5301::bulgaria.bulgaria.t1q23","income","5301",1,0.444444444444444,1,0.8,0.545454545454545,0.846153846153846,0.647058823529412,17,FALSE,FALSE,0.300699300699301,0.355555555555556,-0.300699300699301,0,0,1,0.375,1,0.75,0.444444444444444,0.777777777777778,0.888888888888889,9,FALSE,FALSE,0.333333333333333,0.375,-0.333333333333333,0,0,TRUE,TRUE,FALSE,FALSE,FALSE
10,53,"Bulgarian National","bulgaria.bulgaria.t1q23","10:5302","10:5302::bulgaria.bulgaria.t1q23","income","5302",0,0.666666666666667,0.4,0.25,0.444444444444444,0.307692307692308,0.625,16,FALSE,FALSE,0.136752136752137,0.416666666666667,-0.136752136752137,0.4,-0.4,0,0.6,0.333333333333333,0,0.375,0.125,0.625,8,FALSE,FALSE,0.25,0.6,-0.25,0.333333333333333,-0.333333333333333,TRUE,TRUE,FALSE,TRUE,FALSE
10,53,"Bulgarian National","bulgaria.bulgaria.t1q23","10:5303","10:5303::bulgaria.bulgaria.t1q23","income","5303",0.333333333333333,0.375,0,0.625,0.363636363636364,0.454545454545455,0.769230769230769,13,FALSE,FALSE,-0.0909090909090909,-0.25,0.0909090909090909,-0.333333333333333,0.333333333333333,0.333333333333333,0.333333333333333,0,0.666666666666667,0.333333333333333,0.444444444444444,0.666666666666667,9,TRUE,FALSE,NA,NA,NA,NA,NA,FALSE,FALSE,TRUE,FALSE,TRUE
10,53,"Bulgarian National","bulgaria.bulgaria.t1q23","10:5304","10:5304::bulgaria.bulgaria.t1q23","income","5304",0,0.666666666666667,0.5,0.7,0.571428571428571,0.666666666666667,0.866666666666667,15,FALSE,FALSE,-0.0952380952380952,-0.0333333333333333,0.0952380952380952,0.5,-0.5,0,0.6,0.5,0.7,0.5,0.666666666666667,0.833333333333333,12,FALSE,FALSE,-0.166666666666667,-0.1,0.166666666666667,0.5,-0.5,FALSE,FALSE,TRUE,TRUE,FALSE
10,53,"Bulgarian National","bulgaria.bulgaria.t1q23","10:5305","10:5305::bulgaria.bulgaria.t1q23","income","5305",0,0.25,0,0.428571428571429,0.166666666666667,0.25,0.6875,16,FALSE,FALSE,-0.0833333333333333,-0.178571428571429,0.0833333333333333,0,0,0,0.333333333333333,0,0.666666666666667,0.2,0.4,0.6,5,FALSE,FALSE,-0.2,-0.333333333333333,0.2,0,0,FALSE,FALSE,TRUE,FALSE,FALSE
10,53,"Bulgarian National","bulgaria.bulgaria.t1q23","10:5306","10:5306::bulgaria.bulgaria.t1q23","income","5306",0.666666666666667,0.454545454545455,0.5,0.454545454545455,0.529411764705882,0.466666666666667,0.647058823529412,17,FALSE,FALSE,-0.0627450980392157,0,0.0627450980392157,0.166666666666667,-0.166666666666667,0.75,0.454545454545455,0.5,0.454545454545455,0.533333333333333,0.466666666666667,0.733333333333333,15,FALSE,FALSE,-0.0666666666666667,0,0.0666666666666667,0.25,-0.25,FALSE,FALSE,TRUE,TRUE,FALSE
10,53,"Bulgarian National","bulgaria.bulgaria.t1q23","10:5307","10:5307::bulgaria.bulgaria.t1q23","income","5307",0,0.555555555555556,0.75,0.909090909090909,0.384615384615385,0.866666666666667,0.733333333333333,15,FALSE,FALSE,-0.482051282051282,-0.353535353535353,0.482051282051282,0.75,-0.75,0,0.555555555555556,0.75,0.888888888888889,0.384615384615385,0.846153846153846,0.692307692307692,13,FALSE,FALSE,-0.461538461538462,-0.333333333333333,0.461538461538462,0.75,-0.75,FALSE,FALSE,TRUE,TRUE,FALSE
10,53,"Bulgarian National","bulgaria.bulgaria.t1q23","10:5308","10:5308::bulgaria.bulgaria.t1q23","income","5308",1,0.363636363636364,0.333333333333333,0.75,0.461538461538462,0.636363636363636,0.823529411764706,17,FALSE,FALSE,0.174825174825175,0.386363636363636,-0.174825174825175,0.666666666666667,-0.666666666666667,1,0.285714285714286,0,0.714285714285714,0.444444444444444,0.555555555555556,0.777777777777778,9,FALSE,FALSE,0.111111111111111,0.428571428571429,-0.111111111111111,1,-1,TRUE,TRUE,FALSE,TRUE,FALSE
10,53,"Bulgarian National","bulgaria.bulgaria.t1q23","10:5309","10:5309::bulgaria.bulgaria.t1q23","income","5309",0.5,0.428571428571429,0.333333333333333,0.4,0.454545454545455,0.375,0.647058823529412,17,FALSE,FALSE,-0.0795454545454545,-0.0285714285714285,0.0795454545454545,0.166666666666667,-0.166666666666667,0.5,0.333333333333333,0.25,0.333333333333333,0.4,0.3,0.6,10,FALSE,FALSE,-0.1,0,0.1,0.25,-0.25,FALSE,FALSE,TRUE,TRUE,FALSE
10,53,"Bulgarian National","bulgaria.bulgaria.t1q23","10:5310","10:5310::bulgaria.bulgaria.t1q23","income","5310",0,0.666666666666667,0.75,0.5,0.333333333333333,0.583333333333333,0.6875,16,FALSE,FALSE,-0.25,0.166666666666667,0.25,0.75,-0.75,0,0.5,0.5,1,0.25,0.75,0.5,4,FALSE,FALSE,-0.5,-0.5,0.5,0.5,-0.5,FALSE,TRUE,TRUE,TRUE,FALSE
10,53,"Bulgarian National","bulgaria.bulgaria.t1q23","10:5311","10:5311::bulgaria.bulgaria.t1q23","income","5311",0.2,0.5,0.25,0.454545454545455,0.384615384615385,0.4,0.705882352941177,17,FALSE,FALSE,-0.0153846153846154,0.0454545454545455,0.0153846153846154,0.05,-0.05,0.25,0.428571428571429,0.25,0.285714285714286,0.363636363636364,0.272727272727273,0.636363636363636,11,FALSE,FALSE,0.0909090909090909,0.142857142857143,-0.0909090909090909,0,0,FALSE,TRUE,TRUE,TRUE,FALSE
10,53,"Bulgarian National","bulgaria.bulgaria.t1q23","10:5312","10:5312::bulgaria.bulgaria.t1q23","income","5312",0,0.5,0.4,0.625,0.333333333333333,0.538461538461538,0.6,15,FALSE,FALSE,-0.205128205128205,-0.125,0.205128205128205,0.4,-0.4,0,0.5,0.333333333333333,0.666666666666667,0.333333333333333,0.555555555555556,0.666666666666667,9,FALSE,FALSE,-0.222222222222222,-0.166666666666667,0.222222222222222,0.333333333333333,-0.333333333333333,FALSE,FALSE,TRUE,TRUE,FALSE
10,53,"Bulgarian National","bulgaria.bulgaria.t1q23","10:5313","10:5313::bulgaria.bulgaria.t1q23","income","5313",0.833333333333333,0,0.571428571428571,0.444444444444444,0.416666666666667,0.5,0.555555555555556,18,FALSE,FALSE,0.0833333333333334,0.444444444444444,-0.0833333333333334,0.261904761904762,-0.261904761904762,0.8,0,0.8,0.166666666666667,0.363636363636364,0.454545454545455,0.545454545454545,11,FALSE,FALSE,0.0909090909090909,0.166666666666667,-0.0909090909090909,0,0,TRUE,TRUE,FALSE,TRUE,FALSE
10,53,"Bulgarian National","bulgaria.bulgaria.t1q23","10:5314","10:5314::bulgaria.bulgaria.t1q23","income","5314",0.25,0.75,0.8,0.7,0.5,0.733333333333333,0.625,16,FALSE,FALSE,-0.233333333333333,0.05,0.233333333333333,0.55,-0.55,0.25,0.75,0.75,0.5,0.5,0.625,0.5,8,FALSE,FALSE,-0.125,0.25,0.125,0.5,-0.5,FALSE,TRUE,TRUE,TRUE,FALSE
10,53,"Bulgarian National","bulgaria.bulgaria.t1q23","10:5315","10:5315::bulgaria.bulgaria.t1q23","income","5315",0.666666666666667,0.4,0.25,1,0.5,0.75,0.733333333333333,15,FALSE,FALSE,0.25,0.6,-0.25,0.416666666666667,-0.416666666666667,0.666666666666667,0.4,0.333333333333333,1,0.5,0.75,0.625,8,FALSE,FALSE,0.25,0.6,-0.25,0.333333333333333,-0.333333333333333,TRUE,TRUE,FALSE,TRUE,FALSE
10,53,"Bulgarian National","bulgaria.bulgaria.t1q23","10:5316","10:5316::bulgaria.bulgaria.t1q23","income","5316",1,0.444444444444444,0.333333333333333,0.8,0.545454545454545,0.692307692307692,0.823529411764706,17,FALSE,FALSE,0.146853146853147,0.355555555555556,-0.146853146853147,0.666666666666667,-0.666666666666667,1,0.4,0,0.8,0.571428571428571,0.571428571428571,0.714285714285714,7,FALSE,TRUE,0,0.4,0,1,-1,TRUE,TRUE,FALSE,TRUE,FALSE
10,53,"Bulgarian National","bulgaria.bulgaria.t1q23","10:5317","10:5317::bulgaria.bulgaria.t1q23","income","5317",0.5,0.375,0.333333333333333,0.4,0.416666666666667,0.375,0.625,16,FALSE,FALSE,-0.0416666666666666,0.025,0.0416666666666666,0.166666666666667,-0.166666666666667,0.5,0.375,0.5,0.375,0.416666666666667,0.416666666666667,0.666666666666667,12,FALSE,TRUE,0,0,0,0,0,FALSE,TRUE,TRUE,TRUE,FALSE
10,53,"Bulgarian National","bulgaria.bulgaria.t1q19","10:5301","10:5301::bulgaria.bulgaria.t1q19","income","5301",0.733333333333333,0.633333333333333,0.733333333333333,0.814814814814815,0.666666666666667,0.785714285714286,0.647058823529412,17,FALSE,FALSE,0.119047619047619,0.181481481481481,-0.119047619047619,0,0,0.75,0.75,0.833333333333333,0.833333333333333,0.75,0.833333333333333,0.666666666666667,12,TRUE,FALSE,NA,NA,NA,NA,NA,TRUE,TRUE,FALSE,FALSE,FALSE
10,53,"Bulgarian National","bulgaria.bulgaria.t1q19","10:5302","10:5302::bulgaria.bulgaria.t1q19","income","5302",0.833333333333333,0.555555555555556,0.777777777777778,0.62962962962963,0.666666666666667,0.688888888888889,0.625,16,FALSE,FALSE,0.0222222222222223,0.0740740740740741,-0.0222222222222223,0.0555555555555556,-0.0555555555555556,0.833333333333333,0.555555555555556,0.777777777777778,0.62962962962963,0.666666666666667,0.688888888888889,0.6,15,FALSE,FALSE,0.0222222222222223,0.0740740740740741,-0.0222222222222223,0.0555555555555556,-0.0555555555555556,TRUE,TRUE,FALSE,TRUE,FALSE
10,53,"Bulgarian National","bulgaria.bulgaria.t1q19","10:5303","10:5303::bulgaria.bulgaria.t1q19","income","5303",0.333333333333333,0.666666666666667,0.555555555555556,0.740740740740741,0.583333333333333,0.694444444444444,0.769230769230769,13,FALSE,FALSE,-0.111111111111111,-0.0740740740740741,0.111111111111111,0.222222222222222,-0.222222222222222,0.333333333333333,0.666666666666667,0.555555555555556,0.740740740740741,0.583333333333333,0.694444444444444,0.75,12,FALSE,FALSE,-0.111111111111111,-0.0740740740740741,0.111111111111111,0.222222222222222,-0.222222222222222,FALSE,FALSE,TRUE,TRUE,FALSE
10,53,"Bulgarian National","bulgaria.bulgaria.t1q19","10:5304","10:5304::bulgaria.bulgaria.t1q19","income","5304",0.833333333333333,0.583333333333333,0.833333333333333,0.527777777777778,0.619047619047619,0.571428571428571,0.866666666666667,15,FALSE,FALSE,-0.0476190476190477,-0.0555555555555556,0.0476190476190477,0,0,0.833333333333333,0.636363636363636,0.833333333333333,0.575757575757576,0.666666666666667,0.615384615384615,0.846153846153846,13,FALSE,FALSE,-0.0512820512820513,-0.0606060606060607,0.0512820512820513,0,0,FALSE,FALSE,TRUE,FALSE,FALSE
10,53,"Bulgarian National","bulgaria.bulgaria.t1q19","10:5305","10:5305::bulgaria.bulgaria.t1q19","income","5305",0.75,0.925925925925926,0.666666666666667,1,0.871794871794872,0.880952380952381,0.6875,16,FALSE,FALSE,-0.00915750915750912,-0.0740740740740741,0.00915750915750912,-0.0833333333333334,0.0833333333333334,0.75,0.916666666666667,0.583333333333333,1,0.861111111111111,0.861111111111111,0.666666666666667,12,FALSE,TRUE,0,-0.0833333333333334,0,-0.166666666666667,0.166666666666667,FALSE,FALSE,TRUE,FALSE,TRUE
10,53,"Bulgarian National","bulgaria.bulgaria.t1q19","10:5306","10:5306::bulgaria.bulgaria.t1q19","income","5306",0.6,0.566666666666667,0.166666666666667,0.151515151515152,0.577777777777778,0.156862745098039,0.647058823529412,17,FALSE,FALSE,-0.420915032679739,-0.415151515151515,0.420915032679739,0.433333333333333,-0.433333333333333,0.6,0.566666666666667,0.2,0.133333333333333,0.577777777777778,0.155555555555556,0.666666666666667,15,FALSE,FALSE,-0.422222222222222,-0.433333333333333,0.422222222222222,0.4,-0.4,FALSE,FALSE,TRUE,TRUE,FALSE
10,53,"Bulgarian National","bulgaria.bulgaria.t1q19","10:5307","10:5307::bulgaria.bulgaria.t1q19","income","5307",0.888888888888889,0.733333333333333,0.25,0.4,0.769230769230769,0.357142857142857,0.733333333333333,15,FALSE,FALSE,-0.412087912087912,-0.333333333333333,0.412087912087912,0.638888888888889,-0.638888888888889,0.888888888888889,0.740740740740741,0.222222222222222,0.444444444444444,0.777777777777778,0.388888888888889,0.75,12,FALSE,FALSE,-0.388888888888889,-0.296296296296296,0.388888888888889,0.666666666666667,-0.666666666666667,FALSE,FALSE,TRUE,TRUE,FALSE
10,53,"Bulgarian National","bulgaria.bulgaria.t1q19","10:5308","10:5308::bulgaria.bulgaria.t1q19","income","5308",0.666666666666667,0.545454545454545,0.444444444444444,0.555555555555556,0.571428571428571,0.533333333333333,0.823529411764706,17,FALSE,FALSE,-0.0380952380952381,0.0101010101010102,0.0380952380952381,0.222222222222222,-0.222222222222222,0.666666666666667,0.6,0.444444444444444,0.533333333333333,0.615384615384615,0.512820512820513,0.769230769230769,13,FALSE,FALSE,-0.102564102564103,-0.0666666666666667,0.102564102564103,0.222222222222222,-0.222222222222222,FALSE,TRUE,TRUE,TRUE,FALSE
10,53,"Bulgarian National","bulgaria.bulgaria.t1q19","10:5309","10:5309::bulgaria.bulgaria.t1q19","income","5309",0.666666666666667,0.666666666666667,0.611111111111111,0.466666666666667,0.666666666666667,0.520833333333333,0.647058823529412,17,TRUE,FALSE,NA,NA,NA,NA,NA,0.666666666666667,0.619047619047619,0.6,0.523809523809524,0.638888888888889,0.555555555555556,0.583333333333333,12,FALSE,FALSE,-0.0833333333333333,-0.0952380952380952,0.0833333333333333,0.0666666666666667,-0.0666666666666667,NA,NA,NA,NA,NA
10,53,"Bulgarian National","bulgaria.bulgaria.t1q19","10:5310","10:5310::bulgaria.bulgaria.t1q19","income","5310",0.777777777777778,0.592592592592593,0.333333333333333,0.272727272727273,0.638888888888889,0.291666666666667,0.6875,16,FALSE,FALSE,-0.347222222222222,-0.31986531986532,0.347222222222222,0.444444444444444,-0.444444444444444,0.777777777777778,0.592592592592593,0.222222222222222,0.333333333333333,0.638888888888889,0.305555555555556,0.75,12,FALSE,FALSE,-0.333333333333333,-0.259259259259259,0.333333333333333,0.555555555555556,-0.555555555555556,FALSE,FALSE,TRUE,TRUE,FALSE
10,53,"Bulgarian National","bulgaria.bulgaria.t1q19","10:5311","10:5311::bulgaria.bulgaria.t1q19","income","5311",0.266666666666667,0.722222222222222,0.0666666666666667,0.2,0.588235294117647,0.155555555555556,0.705882352941177,17,FALSE,FALSE,0.432679738562092,0.522222222222222,-0.432679738562092,-0.2,0.2,0.266666666666667,0.7,0.0666666666666667,0.2,0.555555555555556,0.155555555555556,0.666666666666667,15,FALSE,FALSE,0.4,0.5,-0.4,-0.2,0.2,TRUE,TRUE,FALSE,FALSE,TRUE
10,53,"Bulgarian National","bulgaria.bulgaria.t1q19","10:5312","10:5312::bulgaria.bulgaria.t1q19","income","5312",0.444444444444444,0.875,0.0555555555555556,0.444444444444444,0.69047619047619,0.25,0.6,15,FALSE,FALSE,0.44047619047619,0.430555555555556,-0.44047619047619,-0.388888888888889,0.388888888888889,0.444444444444444,0.933333333333333,0.0555555555555556,0.333333333333333,0.666666666666667,0.181818181818182,0.454545454545455,11,FALSE,FALSE,0.484848484848485,0.6,-0.484848484848485,-0.388888888888889,0.388888888888889,TRUE,TRUE,FALSE,FALSE,TRUE
10,53,"Bulgarian National","bulgaria.bulgaria.t1q19","10:5313","10:5313::bulgaria.bulgaria.t1q19","income","5313",0.458333333333333,0.666666666666667,0.333333333333333,0.3,0.568627450980392,0.314814814814815,0.555555555555556,18,FALSE,FALSE,0.253812636165577,0.366666666666667,-0.253812636165577,-0.125,0.125,0.458333333333333,0.666666666666667,0.333333333333333,0.333333333333333,0.568627450980392,0.333333333333333,0.529411764705882,17,FALSE,FALSE,0.235294117647059,0.333333333333333,-0.235294117647059,-0.125,0.125,TRUE,TRUE,FALSE,FALSE,TRUE
10,53,"Bulgarian National","bulgaria.bulgaria.t1q19","10:5314","10:5314::bulgaria.bulgaria.t1q19","income","5314",0.533333333333333,0.962962962962963,0.5,0.933333333333333,0.80952380952381,0.770833333333333,0.625,16,FALSE,FALSE,0.0386904761904762,0.0296296296296296,-0.0386904761904762,-0.0333333333333333,0.0333333333333333,0.533333333333333,0.962962962962963,0.533333333333333,0.925925925925926,0.80952380952381,0.785714285714286,0.642857142857143,14,FALSE,FALSE,0.0238095238095238,0.037037037037037,-0.0238095238095238,0,0,TRUE,TRUE,FALSE,FALSE,TRUE
10,53,"Bulgarian National","bulgaria.bulgaria.t1q19","10:5315","10:5315::bulgaria.bulgaria.t1q19","income","5315",0.666666666666667,0.740740740740741,0.333333333333333,0.555555555555556,0.722222222222222,0.5,0.733333333333333,15,FALSE,FALSE,0.222222222222222,0.185185185185185,-0.222222222222222,-0.333333333333333,0.333333333333333,0.666666666666667,0.708333333333333,0.333333333333333,0.5,0.696969696969697,0.454545454545455,0.727272727272727,11,FALSE,FALSE,0.242424242424242,0.208333333333333,-0.242424242424242,-0.333333333333333,0.333333333333333,TRUE,TRUE,FALSE,FALSE,TRUE
10,53,"Bulgarian National","bulgaria.bulgaria.t1q19","10:5316","10:5316::bulgaria.bulgaria.t1q19","income","5316",0.166666666666667,0.777777777777778,0.222222222222222,0.666666666666667,0.69047619047619,0.571428571428571,0.823529411764706,17,FALSE,FALSE,0.119047619047619,0.111111111111111,-0.119047619047619,0.0555555555555556,-0.0555555555555556,0.166666666666667,0.740740740740741,0.166666666666667,0.740740740740741,0.636363636363636,0.636363636363636,0.818181818181818,11,FALSE,TRUE,0,0,0,0,0,TRUE,TRUE,FALSE,TRUE,FALSE
10,53,"Bulgarian National","bulgaria.bulgaria.t1q19","10:5317","10:5317::bulgaria.bulgaria.t1q19","income","5317",0.416666666666667,0.6,0.666666666666667,0.4,0.547619047619048,0.5,0.625,16,FALSE,FALSE,0.0476190476190477,0.2,-0.0476190476190477,0.25,-0.25,0.416666666666667,0.6,0.666666666666667,0.4,0.547619047619048,0.476190476190476,0.714285714285714,14,FALSE,FALSE,0.0714285714285715,0.2,-0.0714285714285715,0.25,-0.25,TRUE,TRUE,FALSE,TRUE,FALSE
16,95,"By the People 2004 US Presidential Primaries","btp04pr.t1trade","16:9501","16:9501::btp04pr.t1trade","income","9501",0.416666666666667,0.555500000715256,0.694499999284744,0.770750001072884,0.486083333690961,0.738071428877967,0.571428571428571,14,FALSE,FALSE,-0.251988095187005,-0.215250000357628,0.251988095187005,0.277833332618078,-0.277833332618078,0.416666666666667,0.555500000715256,0.694499999284744,0.805500000715256,0.486083333690961,0.75,0.5,12,FALSE,FALSE,-0.263916666309039,-0.25,0.263916666309039,0.277833332618078,-0.277833332618078,FALSE,FALSE,TRUE,TRUE,FALSE
16,95,"By the People 2004 US Presidential Primaries","btp04pr.t1trade","16:9502","16:9502::btp04pr.t1trade","income","9502",0.523857142244067,0.904714286327362,0.583333333333333,0.814888887935215,0.714285714285714,0.722266666094462,0.5625,16,FALSE,FALSE,-0.0079809518087478,0.0898253983921475,0.0079809518087478,0.0594761910892668,-0.0594761910892668,0.611166665951411,0.904714286327362,0.583333333333333,0.880999999386924,0.769230769230769,0.743615384285267,0.538461538461538,13,FALSE,FALSE,0.0256153849455026,0.0237142869404384,-0.0256153849455026,-0.0278333326180775,0.0278333326180775,FALSE,TRUE,TRUE,TRUE,FALSE
16,95,"By the People 2004 US Presidential Primaries","btp04pr.t1trade","16:9503","16:9503::btp04pr.t1trade","income","9503",0.5625,0.690428572041648,0.645999997854233,0.770999997854233,0.622200000286102,0.708499997854233,0.5,16,FALSE,FALSE,-0.0862999975681304,-0.080571425812585,0.0862999975681304,0.0834999978542328,-0.0834999978542328,0.5625,0.690428572041648,0.645999997854233,0.738285711833409,0.622200000286102,0.689066664377848,0.466666666666667,15,FALSE,FALSE,-0.066866664091746,-0.0478571397917611,0.066866664091746,0.0834999978542328,-0.0834999978542328,FALSE,FALSE,TRUE,TRUE,FALSE
16,95,"By the People 2004 US Presidential Primaries","btp04pr.t1trade","16:9504","16:9504::btp04pr.t1trade","income","9504",0.466799998283386,0.645874999463558,0.533200001716614,0.566699999570847,0.576999999009646,0.555533333619436,0.666666666666667,15,FALSE,FALSE,0.0214666653902104,0.0791749998927116,-0.0214666653902104,0.0664000034332275,-0.0664000034332275,0.466799998283386,0.645874999463558,0.533200001716614,0.5625,0.576999999009646,0.551230769891005,0.615384615384615,13,FALSE,FALSE,0.0257692291186407,0.0833749994635582,-0.0257692291186407,0.0664000034332275,-0.0664000034332275,TRUE,TRUE,FALSE,TRUE,FALSE
16,95,"By the People 2004 US Presidential Primaries","btp04pr.t1trade","16:9505","16:9505::btp04pr.t1trade","income","9505",0.642714287553515,0.75,0.642714287553515,0.888833334048589,0.681727273897691,0.756307693628164,0.461538461538462,13,FALSE,FALSE,-0.0745804197304732,-0.138833334048589,0.0745804197304732,0,0,0.642714287553515,0.75,0.642714287553515,0.833250001072884,0.681727273897691,0.712000001560558,0.363636363636364,11,FALSE,FALSE,-0.0302727276628668,-0.0832500010728836,0.0302727276628668,0,0,FALSE,FALSE,TRUE,FALSE,FALSE
16,95,"By the People 2004 US Presidential Primaries","btp04pr.t1trade","16:9506","16:9506::btp04pr.t1trade","income","9506",0.555500000715256,0.611111111111111,0.527833332618078,0.833333333333333,0.588866666952769,0.711133333047231,0.6,15,FALSE,FALSE,-0.122266666094462,-0.222222222222222,0.122266666094462,-0.0276666680971781,0.0276666680971781,0.555500000715256,0.611111111111111,0.527833332618078,0.833333333333333,0.588866666952769,0.711133333047231,0.6,15,FALSE,FALSE,-0.122266666094462,-0.222222222222222,0.122266666094462,-0.0276666680971781,0.0276666680971781,FALSE,FALSE,TRUE,FALSE,TRUE
16,95,"By the People 2004 US Presidential Primaries","btp04pr.t1trade","16:9507","16:9507::btp04pr.t1trade","income","9507",0.666600000858307,0.833333333333333,0.694499999284744,0.791749998927116,0.729125000536442,0.733399999141693,0.454545454545455,11,FALSE,FALSE,-0.00427499860525127,0.041583334406217,0.00427499860525127,0.0278999984264374,-0.0278999984264374,0.666600000858307,0.833333333333333,0.7,0.833333333333333,0.729125000536442,0.75,0.375,8,FALSE,FALSE,-0.0208749994635582,0,0.0208749994635582,0.0333999991416931,-0.0333999991416931,FALSE,TRUE,TRUE,TRUE,FALSE
16,95,"By the People 2004 US Presidential Primaries","btp04pr.t1trade","16:9508","16:9508::btp04pr.t1trade","income","9508",0.5,0.533399999141693,0.666500002145767,0.666799998283386,0.520874999463558,0.666666666666667,0.5,10,FALSE,FALSE,-0.145791667203108,-0.133399999141693,0.145791667203108,0.166500002145767,-0.166500002145767,0.5,0.533399999141693,0.611000001430511,0.666799998283386,0.520874999463558,0.645874999463558,0.625,8,FALSE,FALSE,-0.125,-0.133399999141693,0.125,0.111000001430511,-0.111000001430511,FALSE,FALSE,TRUE,TRUE,FALSE
16,95,"By the People 2004 US Presidential Primaries","btp04pr.t1trade","16:9509","16:9509::btp04pr.t1trade","income","9509",0.523857142244067,0.575727273117412,0.5715714267322,0.638916666309039,0.555555555555556,0.614105262254414,0.631578947368421,19,FALSE,FALSE,-0.0585497066988582,-0.0631893931916265,0.0585497066988582,0.047714284488133,-0.047714284488133,0.523857142244067,0.575727273117412,0.5715714267322,0.666727271946994,0.555555555555556,0.629722221030129,0.611111111111111,18,FALSE,FALSE,-0.0741666654745737,-0.0909999988295815,0.0741666654745737,0.047714284488133,-0.047714284488133,FALSE,FALSE,TRUE,TRUE,FALSE
16,95,"By the People 2004 US Presidential Primaries","btp04pr.t1trade","16:9510","16:9510::btp04pr.t1trade","income","9510",0.500199997425079,0.75,0.722000002861023,0.733399999141693,0.611222220791711,0.729125000536442,0.5,10,FALSE,FALSE,-0.117902779744731,0.0166000008583069,0.117902779744731,0.221800005435944,-0.221800005435944,0.388999998569489,0.75,0.722000002861023,0.666749998927116,0.595285713672638,0.690428572041648,0.571428571428571,7,FALSE,FALSE,-0.0951428583690098,0.0832500010728836,0.0951428583690098,0.333000004291534,-0.333000004291534,FALSE,TRUE,TRUE,TRUE,FALSE
16,95,"By the People 2004 US Presidential Primaries","btp04pr.t1trade","16:9511","16:9511::btp04pr.t1trade","income","9511",0.694499999284744,0.6,0.619000000613076,0.527833332618078,0.651545454155315,0.576923076923077,0.428571428571429,14,FALSE,FALSE,-0.0746223772322382,-0.0721666673819223,0.0746223772322382,0.0754999986716679,-0.0754999986716679,0.694499999284744,0.6,0.638833334048589,0.5,0.651545454155315,0.575727273117412,0.454545454545455,11,FALSE,FALSE,-0.0758181810379028,-0.1,0.0758181810379028,0.0556666652361552,-0.0556666652361552,FALSE,FALSE,TRUE,TRUE,FALSE
16,95,"By the People 2004 US Presidential Primaries","btp04pr.t1trade","16:9512","16:9512::btp04pr.t1trade","income","9512",0.466600000858307,0.666749998927116,0.566600000858307,0.555666665236155,0.555555555555556,0.5625,0.444444444444444,9,FALSE,FALSE,-0.00694444444444442,0.111083333690961,0.00694444444444442,0.1,-0.1,0.466600000858307,0.61133333047231,0.566600000858307,0.555666665236155,0.520874999463558,0.5625,0.375,8,FALSE,FALSE,-0.0416250005364418,0.0556666652361553,0.0416250005364418,0.1,-0.1,FALSE,TRUE,TRUE,TRUE,FALSE
16,95,"By the People 2004 US Presidential Primaries","btp04pr.t1trade","16:9513","16:9513::btp04pr.t1trade","income","9513",0.50009999871254,0.809571427958352,0.666583334406217,0.666666666666667,0.627529410754933,0.666611111826367,0.428571428571429,21,FALSE,FALSE,-0.0390817010714338,0.142904761291686,0.0390817010714338,0.166483335693677,-0.166483335693677,0.50009999871254,0.791749998927116,0.666600000858307,0.75,0.583428570202419,0.690428572041648,0.285714285714286,14,FALSE,FALSE,-0.107000001839229,0.0417499989271164,0.107000001839229,0.166500002145767,-0.166500002145767,FALSE,TRUE,TRUE,TRUE,FALSE
16,95,"By the People 2004 US Presidential Primaries","btp04pr.t1trade","16:9514","16:9514::btp04pr.t1trade","income","9514",0.433200001716614,0.611000001430511,0.533399999141693,0.333333333333333,0.499875001609325,0.458374999463558,0.5,10,FALSE,FALSE,0.0415000021457672,0.277666668097178,-0.0415000021457672,0.100199997425079,-0.100199997425079,0.433200001716614,0.416500002145767,0.533399999141693,0.333499997854233,0.4284285732678,0.476285713059562,0.285714285714286,7,FALSE,FALSE,0.0478571397917611,-0.0830000042915344,-0.0478571397917611,-0.100199997425079,0.100199997425079,TRUE,TRUE,FALSE,TRUE,FALSE
16,95,"By the People 2004 US Presidential Primaries","btp04pr.t1trade","16:9515","16:9515::btp04pr.t1trade","income","9515",0.537222219838036,0.625,0.375124998390675,0.791749998927116,0.564230767580179,0.513999998569489,0.307692307692308,13,FALSE,FALSE,0.0502307690106906,-0.166749998927116,-0.0502307690106906,-0.162097221447362,0.162097221447362,0.520999997854233,0.625,0.375124998390675,0.791749998927116,0.555666665236155,0.513999998569489,0.333333333333333,12,FALSE,FALSE,0.0416666666666666,-0.166749998927116,-0.0416666666666666,-0.145874999463558,0.145874999463558,TRUE,FALSE,FALSE,FALSE,TRUE
16,95,"By the People 2004 US Presidential Primaries","btp04pr.t1trade","16:9516","16:9516::btp04pr.t1trade","income","9516",0.666600000858307,0.75,0.533399999141693,0.5,0.703666667143504,0.520874999463558,0.545454545454545,11,FALSE,FALSE,0.182791667679946,0.25,-0.182791667679946,-0.133200001716614,0.133200001716614,0.666600000858307,0.666666666666667,0.533399999141693,0.5,0.666625000536442,0.520874999463558,0.375,8,FALSE,FALSE,0.145750001072884,0.166666666666667,-0.145750001072884,-0.133200001716614,0.133200001716614,TRUE,TRUE,FALSE,FALSE,TRUE
16,95,"By the People 2004 US Presidential Primaries","btp04pr.t1mindex","16:9501","16:9501::btp04pr.t1mindex","income","9501",0.671166668335597,0.736124997958541,0.777777776122093,0.803833328187466,0.708285713834422,0.792666663016592,0.571428571428571,14,FALSE,FALSE,-0.0843809491821698,-0.0677083302289248,0.0843809491821698,0.106611107786497,-0.106611107786497,0.671166668335597,0.736124997958541,0.777777776122093,0.803833328187466,0.708285713834422,0.792666663016592,0.571428571428571,14,FALSE,FALSE,-0.0843809491821698,-0.0677083302289248,0.0843809491821698,0.106611107786497,-0.106611107786497,FALSE,FALSE,TRUE,TRUE,FALSE
16,95,"By the People 2004 US Presidential Primaries","btp04pr.t1mindex","16:9502","16:9502::btp04pr.t1mindex","income","9502",0.599238087024007,0.770055555635028,0.615095249244145,0.814777778254615,0.695322913117707,0.727416671812534,0.5625,16,FALSE,FALSE,-0.0320937586948276,-0.0447222226195866,0.0320937586948276,0.0158571622201374,-0.0158571622201374,0.599238087024007,0.770055555635028,0.615095249244145,0.814777778254615,0.695322913117707,0.727416671812534,0.5625,16,FALSE,FALSE,-0.0320937586948276,-0.0447222226195866,0.0320937586948276,0.0158571622201374,-0.0158571622201374,FALSE,FALSE,TRUE,TRUE,FALSE
16,95,"By the People 2004 US Presidential Primaries","btp04pr.t1mindex","16:9503","16:9503::btp04pr.t1mindex","income","9503",0.649291674606502,0.4930833382532,0.711750002577901,0.600604168139398,0.571187506429851,0.65617708535865,0.5,16,FALSE,FALSE,0.0849895789287984,0.107520829886198,-0.0849895789287984,-0.0624583279713988,0.0624583279713988,0.649291674606502,0.4930833382532,0.711750002577901,0.600604168139398,0.571187506429851,0.65617708535865,0.5,16,FALSE,FALSE,0.0849895789287984,0.107520829886198,-0.0849895789287984,-0.0624583279713988,0.0624583279713988,TRUE,TRUE,FALSE,FALSE,TRUE
16,95,"By the People 2004 US Presidential Primaries","btp04pr.t1mindex","16:9504","16:9504::btp04pr.t1mindex","income","9504",0.45,0.629183337837458,0.40560000166297,0.724999999254942,0.569455558558305,0.618533333390951,0.666666666666667,15,FALSE,FALSE,-0.0490777748326461,-0.0958166614174844,0.0490777748326461,-0.0443999983370304,0.0443999983370304,0.45,0.629183337837458,0.40560000166297,0.724999999254942,0.569455558558305,0.618533333390951,0.666666666666667,15,FALSE,FALSE,-0.0490777748326461,-0.0958166614174844,0.0490777748326461,-0.0443999983370304,0.0443999983370304,FALSE,FALSE,TRUE,FALSE,TRUE
16,95,"By the People 2004 US Presidential Primaries","btp04pr.t1mindex","16:9505","16:9505::btp04pr.t1mindex","income","9505",0.682523806180273,0.678222219149272,0.726190481867109,0.773166676362356,0.680538458319811,0.747871802403377,0.461538461538462,13,FALSE,FALSE,0.067333344083566,0.094944457213084,-0.067333344083566,-0.0436666756868362,0.0436666756868362,0.682523806180273,0.678222219149272,0.726190481867109,0.773166676362356,0.680538458319811,0.747871802403377,0.461538461538462,13,FALSE,FALSE,0.067333344083566,0.094944457213084,-0.067333344083566,-0.0436666756868362,0.0436666756868362,TRUE,TRUE,FALSE,FALSE,TRUE
16,95,"By the People 2004 US Presidential Primaries","btp04pr.t1mindex","16:9506","16:9506::btp04pr.t1mindex","income","9506",0.430499998231729,0.621888882584042,0.43055554976066,0.780814813243018,0.545333328843117,0.640711107850075,0.6,15,FALSE,FALSE,-0.095377779006958,-0.158925930658976,0.095377779006958,5.55515289307196e-05,-5.55515289307196e-05,0.430499998231729,0.621888882584042,0.43055554976066,0.780814813243018,0.545333328843117,0.640711107850075,0.6,15,FALSE,FALSE,-0.095377779006958,-0.158925930658976,0.095377779006958,5.55515289307196e-05,-5.55515289307196e-05,FALSE,FALSE,TRUE,TRUE,FALSE
16,95,"By the People 2004 US Presidential Primaries","btp04pr.t1mindex","16:9507","16:9507::btp04pr.t1mindex","income","9507",0.583333333333333,0.683333334326744,0.638888888061047,0.644400000572205,0.628787879239429,0.641393939202482,0.454545454545455,11,FALSE,FALSE,-0.0126060599630529,0.0389333337545394,0.0126060599630529,0.0555555547277132,-0.0555555547277132,0.583333333333333,0.683333334326744,0.638888888061047,0.644400000572205,0.628787879239429,0.641393939202482,0.454545454545455,11,FALSE,FALSE,-0.0126060599630529,0.0389333337545394,0.0126060599630529,0.0555555547277132,-0.0555555547277132,FALSE,TRUE,TRUE,TRUE,FALSE
16,95,"By the People 2004 US Presidential Primaries","btp04pr.t1mindex","16:9508","16:9508::btp04pr.t1mindex","income","9508",0.475000002980232,0.583333337306976,0.522266665101051,0.633333331346512,0.529166670143604,0.577799998223782,0.5,10,FALSE,FALSE,-0.0486333280801773,-0.0499999940395355,0.0486333280801773,0.0472666621208191,-0.0472666621208191,0.475000002980232,0.583333337306976,0.522266665101051,0.633333331346512,0.529166670143604,0.577799998223782,0.5,10,FALSE,FALSE,-0.0486333280801773,-0.0499999940395355,0.0486333280801773,0.0472666621208191,-0.0472666621208191,FALSE,FALSE,TRUE,TRUE,FALSE
16,95,"By the People 2004 US Presidential Primaries","btp04pr.t1mindex","16:9509","16:9509::btp04pr.t1mindex","income","9509",0.535761907696724,0.673611116906007,0.436476196561541,0.641194440424442,0.622824566144692,0.565771929527584,0.631578947368421,19,FALSE,FALSE,0.0570526366171084,0.0324166764815649,-0.0570526366171084,-0.0992857111351831,0.0992857111351831,0.535761907696724,0.673611116906007,0.436476196561541,0.641194440424442,0.622824566144692,0.565771929527584,0.631578947368421,19,FALSE,FALSE,0.0570526366171084,0.0324166764815649,-0.0570526366171084,-0.0992857111351831,0.0992857111351831,TRUE,TRUE,FALSE,FALSE,TRUE
16,95,"By the People 2004 US Presidential Primaries","btp04pr.t1mindex","16:9510","16:9510::btp04pr.t1mindex","income","9510",0.627733340859413,0.716599988937378,0.616599993407726,0.688799995183945,0.672166664898395,0.652699994295835,0.5,10,FALSE,FALSE,0.01946667060256,0.0277999937534332,-0.01946667060256,-0.0111333474516868,0.0111333474516868,0.627733340859413,0.716599988937378,0.616599993407726,0.688799995183945,0.672166664898395,0.652699994295835,0.5,10,FALSE,FALSE,0.01946667060256,0.0277999937534332,-0.01946667060256,-0.0111333474516868,0.0111333474516868,TRUE,TRUE,FALSE,FALSE,TRUE
16,95,"By the People 2004 US Presidential Primaries","btp04pr.t1mindex","16:9511","16:9511::btp04pr.t1mindex","income","9511",0.795125000178814,0.722222218910853,0.694416671991348,0.70366666217645,0.763880951063974,0.698380953499249,0.428571428571429,14,FALSE,FALSE,-0.0654999975647246,-0.0185555567344029,0.0654999975647246,0.100708328187466,-0.100708328187466,0.795125000178814,0.722222218910853,0.694416671991348,0.70366666217645,0.763880951063974,0.698380953499249,0.428571428571429,14,FALSE,FALSE,-0.0654999975647246,-0.0185555567344029,0.0654999975647246,0.100708328187466,-0.100708328187466,FALSE,FALSE,TRUE,TRUE,FALSE
16,95,"By the People 2004 US Presidential Primaries","btp04pr.t1mindex","16:9512","16:9512::btp04pr.t1mindex","income","9512",0.444533344358206,0.861083343625069,0.438866671919823,0.743083342909813,0.6296666773657,0.574074081248707,0.444444444444444,9,FALSE,FALSE,0.0555925961169931,0.118000000715256,-0.0555925961169931,-0.00566667243838309,0.00566667243838309,0.444533344358206,0.861083343625069,0.438866671919823,0.743083342909813,0.6296666773657,0.574074081248707,0.444444444444444,9,FALSE,FALSE,0.0555925961169931,0.118000000715256,-0.0555925961169931,-0.00566667243838309,0.00566667243838309,TRUE,TRUE,FALSE,FALSE,TRUE
16,95,"By the People 2004 US Presidential Primaries","btp04pr.t1mindex","16:9513","16:9513::btp04pr.t1mindex","income","9513",0.657388890782992,0.62037036402358,0.726833331088225,0.561740736166636,0.641523807886101,0.656079361836115,0.428571428571429,21,FALSE,FALSE,0.0145555539500145,-0.0586296278569434,-0.0145555539500145,-0.069444440305233,0.069444440305233,0.657388890782992,0.62037036402358,0.726833331088225,0.561740736166636,0.641523807886101,0.656079361836115,0.428571428571429,21,FALSE,FALSE,0.0145555539500145,-0.0586296278569434,-0.0145555539500145,-0.069444440305233,0.069444440305233,TRUE,FALSE,FALSE,FALSE,TRUE
16,95,"By the People 2004 US Presidential Primaries","btp04pr.t1mindex","16:9514","16:9514::btp04pr.t1mindex","income","9514",0.649933344125748,0.436066663265228,0.672133332490921,0.46386666893959,0.543000003695488,0.568000000715256,0.5,10,FALSE,FALSE,0.0249999970197677,0.0278000056743622,-0.0249999970197677,-0.0221999883651733,0.0221999883651733,0.649933344125748,0.436066663265228,0.672133332490921,0.46386666893959,0.543000003695488,0.568000000715256,0.5,10,FALSE,FALSE,0.0249999970197677,0.0278000056743622,-0.0249999970197677,-0.0221999883651733,0.0221999883651733,TRUE,TRUE,FALSE,FALSE,TRUE
16,95,"By the People 2004 US Presidential Primaries","btp04pr.t1mindex","16:9515","16:9515::btp04pr.t1mindex","income","9515",0.688296298185984,0.590250005945563,0.688259263833364,0.534749999642372,0.658128208265855,0.64102564408229,0.307692307692308,13,FALSE,FALSE,-0.0171025641835653,-0.0555000063031912,0.0171025641835653,3.70343526203687e-05,-3.70343526203687e-05,0.688296298185984,0.590250005945563,0.688259263833364,0.534749999642372,0.658128208265855,0.64102564408229,0.307692307692308,13,FALSE,FALSE,-0.0171025641835653,-0.0555000063031912,0.0171025641835653,3.70343526203687e-05,-3.70343526203687e-05,FALSE,FALSE,TRUE,TRUE,FALSE
16,95,"By the People 2004 US Presidential Primaries","btp04pr.t1mindex","16:9516","16:9516::btp04pr.t1mindex","income","9516",0.633333341777325,0.743055552244186,0.655533330142498,0.796333332856496,0.693181820213795,0.732333331622861,0.545454545454545,11,FALSE,FALSE,-0.0391515114090659,-0.0532777806123098,0.0391515114090659,0.0221999883651733,-0.0221999883651733,0.633333341777325,0.743055552244186,0.655533330142498,0.796333332856496,0.693181820213795,0.732333331622861,0.545454545454545,11,FALSE,FALSE,-0.0391515114090659,-0.0532777806123098,0.0391515114090659,0.0221999883651733,-0.0221999883651733,FALSE,FALSE,TRUE,TRUE,FALSE
16,95,"By the People 2004 US Presidential Primaries","btp04pr.t1services","16:9501","16:9501::btp04pr.t1services","income","9501",0.500166664520899,0.645750001072884,0.555500000715256,0.604125000536442,0.583357142550605,0.583285714898791,0.571428571428571,14,FALSE,FALSE,7.14276518140045e-05,0.0416250005364418,-7.14276518140045e-05,0.0553333361943563,-0.0553333361943563,0.500166664520899,0.645750001072884,0.555500000715256,0.604125000536442,0.583357142550605,0.583285714898791,0.571428571428571,14,FALSE,FALSE,7.14276518140045e-05,0.0416250005364418,-7.14276518140045e-05,0.0553333361943563,-0.0553333361943563,TRUE,TRUE,FALSE,TRUE,FALSE
16,95,"By the People 2004 US Presidential Primaries","btp04pr.t1services","16:9502","16:9502::btp04pr.t1services","income","9502",0.357142857142857,0.611111111111111,0.444333334763845,0.481555554601881,0.5,0.466666666666667,0.5625,16,FALSE,FALSE,0.0333333333333333,0.12955555650923,-0.0333333333333333,0.0871904776209876,-0.0871904776209876,0.305500000715256,0.611111111111111,0.444333334763845,0.481555554601881,0.488866666952769,0.466666666666667,0.6,15,FALSE,FALSE,0.0222000002861023,0.12955555650923,-0.0222000002861023,0.138833334048589,-0.138833334048589,TRUE,TRUE,FALSE,TRUE,FALSE
16,95,"By the People 2004 US Presidential Primaries","btp04pr.t1services","16:9503","16:9503::btp04pr.t1services","income","9503",0.541749998927116,0.541500002145767,0.571428571428571,0.5625,0.541625000536442,0.566666666666667,0.5,16,FALSE,FALSE,0.0250416661302248,0.0209999978542328,-0.0250416661302248,-0.029678572501455,0.029678572501455,0.547714284488133,0.541500002145767,0.571428571428571,0.5625,0.544400000572205,0.566666666666667,0.533333333333333,15,FALSE,FALSE,0.022266666094462,0.0209999978542328,-0.022266666094462,-0.0237142869404384,0.0237142869404384,TRUE,TRUE,FALSE,FALSE,TRUE
16,95,"By the People 2004 US Presidential Primaries","btp04pr.t1services","16:9504","16:9504::btp04pr.t1services","income","9504",0.300199997425079,0.6,0.3,0.633399999141693,0.50006666580836,0.522266666094462,0.666666666666667,15,FALSE,FALSE,-0.0222000002861023,-0.0333999991416931,0.0222000002861023,-0.000199997425079368,0.000199997425079368,0.300199997425079,0.6,0.3,0.633399999141693,0.50006666580836,0.522266666094462,0.666666666666667,15,FALSE,FALSE,-0.0222000002861023,-0.0333999991416931,0.0222000002861023,-0.000199997425079368,0.000199997425079368,FALSE,FALSE,TRUE,FALSE,TRUE
16,95,"By the People 2004 US Presidential Primaries","btp04pr.t1services","16:9505","16:9505::btp04pr.t1services","income","9505",0.5,0.466600000858307,0.571285716124943,0.4,0.486083333690961,0.49991666773955,0.461538461538462,13,FALSE,FALSE,0.013833334048589,-0.0666000008583069,-0.013833334048589,-0.0712857161249433,0.0712857161249433,0.5,0.458250001072884,0.571285716124943,0.375,0.484818182208321,0.499909092079509,0.363636363636364,11,FALSE,FALSE,0.0150909098711881,-0.0832500010728836,-0.0150909098711881,-0.0712857161249433,0.0712857161249433,TRUE,FALSE,FALSE,FALSE,TRUE
16,95,"By the People 2004 US Presidential Primaries","btp04pr.t1services","16:9506","16:9506::btp04pr.t1services","income","9506",0.5,0.648222221268548,0.416833331187566,0.750124998390675,0.588933332761129,0.607285712446485,0.6,15,FALSE,FALSE,-0.0183523796853565,-0.101902777122127,0.0183523796853565,-0.0831666688124339,0.0831666688124339,0.5,0.666749998927116,0.416833331187566,0.750124998390675,0.595285713672638,0.607285712446485,0.571428571428571,14,FALSE,FALSE,-0.0119999987738473,-0.0833749994635582,0.0119999987738473,-0.0831666688124339,0.0831666688124339,FALSE,FALSE,TRUE,FALSE,TRUE
16,95,"By the People 2004 US Presidential Primaries","btp04pr.t1services","16:9507","16:9507::btp04pr.t1services","income","9507",0.527833332618078,0.625,0.555666665236155,0.708499997854233,0.566699999570847,0.616799998283386,0.454545454545455,11,FALSE,FALSE,-0.0500999987125397,-0.0834999978542328,0.0500999987125397,0.0278333326180775,-0.0278333326180775,0.527833332618078,0.625,0.555666665236155,0.708499997854233,0.566699999570847,0.616799998283386,0.4,10,FALSE,FALSE,-0.0500999987125397,-0.0834999978542328,0.0500999987125397,0.0278333326180775,-0.0278333326180775,FALSE,FALSE,TRUE,TRUE,FALSE
16,95,"By the People 2004 US Presidential Primaries","btp04pr.t1services","16:9508","16:9508::btp04pr.t1services","income","9508",0.75,0.466600000858307,0.7,0.466600000858307,0.592555556032393,0.583300000429153,0.5,10,FALSE,FALSE,-0.00925555560323932,0,0.00925555560323932,0.05,-0.05,0.75,0.466600000858307,0.708250001072884,0.466600000858307,0.592555556032393,0.574000000953674,0.555555555555556,9,FALSE,FALSE,-0.0185555550787184,0,0.0185555550787184,0.0417499989271164,-0.0417499989271164,FALSE,FALSE,TRUE,TRUE,FALSE
16,95,"By the People 2004 US Presidential Primaries","btp04pr.t1services","16:9509","16:9509::btp04pr.t1services","income","9509",0.40485714163099,0.566500002145767,0.476142857755934,0.530272727662867,0.499941177227918,0.509222222699059,0.631578947368421,19,FALSE,FALSE,-0.0092810454711415,0.0362272744829004,0.0092810454711415,0.0712857161249433,-0.0712857161249433,0.40485714163099,0.573888891273075,0.476142857755934,0.518444445398119,0.499937500804663,0.499937500804663,0.5625,16,FALSE,TRUE,0,0.0554444458749559,0,0.0712857161249433,-0.0712857161249433,FALSE,TRUE,TRUE,TRUE,FALSE
16,95,"By the People 2004 US Presidential Primaries","btp04pr.t1services","16:9510","16:9510::btp04pr.t1services","income","9510",0.566600000858307,0.633399999141693,0.566799998283386,0.7,0.6,0.633399999141693,0.5,10,FALSE,FALSE,-0.0333999991416931,-0.0666000008583069,0.0333999991416931,0.000199997425079368,-0.000199997425079368,0.566600000858307,0.633399999141693,0.566799998283386,0.7,0.6,0.633399999141693,0.5,10,FALSE,FALSE,-0.0333999991416931,-0.0666000008583069,0.0333999991416931,0.000199997425079368,-0.000199997425079368,FALSE,FALSE,TRUE,TRUE,FALSE
16,95,"By the People 2004 US Presidential Primaries","btp04pr.t1services","16:9511","16:9511::btp04pr.t1services","income","9511",0.595285713672638,0.600199997425079,0.595285713672638,0.555500000715256,0.597333331902822,0.576923076923077,0.428571428571429,14,FALSE,FALSE,0.020410254979745,0.0446999967098236,-0.020410254979745,0,0,0.595285713672638,0.600199997425079,0.595285713672638,0.566600000858307,0.597333331902822,0.583333333333333,0.416666666666667,12,FALSE,FALSE,0.0139999985694885,0.0335999965667725,-0.0139999985694885,0,0,TRUE,TRUE,FALSE,FALSE,FALSE
16,95,"By the People 2004 US Presidential Primaries","btp04pr.t1services","16:9512","16:9512::btp04pr.t1services","income","9512",0.266799998283386,0.583000004291534,0.233399999141693,0.625,0.357142857142857,0.407444443967607,0.444444444444444,9,FALSE,FALSE,-0.0503015868247501,-0.0419999957084656,0.0503015868247501,-0.0333999991416931,0.0333999991416931,0.266799998283386,0.583000004291534,0.233399999141693,0.75,0.357142857142857,0.380999999386924,0.285714285714286,7,FALSE,FALSE,-0.0238571422440665,-0.166999995708466,0.0238571422440665,-0.0333999991416931,0.0333999991416931,FALSE,FALSE,TRUE,FALSE,TRUE
16,95,"By the People 2004 US Presidential Primaries","btp04pr.t1services","16:9513","16:9513::btp04pr.t1services","income","9513",0.611083333690961,0.481444444921282,0.486083333690961,0.481555554601881,0.555523809932527,0.484142856938498,0.428571428571429,21,FALSE,FALSE,-0.0713809529940287,0.000111109680599686,0.0713809529940287,0.125,-0.125,0.611083333690961,0.481444444921282,0.486083333690961,0.481555554601881,0.555523809932527,0.484142856938498,0.428571428571429,21,FALSE,FALSE,-0.0713809529940287,0.000111109680599686,0.0713809529940287,0.125,-0.125,FALSE,TRUE,TRUE,TRUE,FALSE
16,95,"By the People 2004 US Presidential Primaries","btp04pr.t1services","16:9514","16:9514::btp04pr.t1services","income","9514",0.625,0.416500002145767,0.566799998283386,0.458250001072884,0.520750001072884,0.518555555078718,0.5,10,FALSE,FALSE,-0.00219444599416518,0.0417499989271164,0.00219444599416518,0.0582000017166138,-0.0582000017166138,0.625,0.416500002145767,0.583499997854233,0.458250001072884,0.520750001072884,0.520874999463558,0.5,8,FALSE,FALSE,0.000124998390674591,0.0417499989271164,-0.000124998390674591,0.0415000021457672,-0.0415000021457672,FALSE,TRUE,TRUE,TRUE,FALSE
16,95,"By the People 2004 US Presidential Primaries","btp04pr.t1services","16:9515","16:9515::btp04pr.t1services","income","9515",0.611000001430511,0.5,0.537222219838036,0.611000001430511,0.576846154836508,0.555666665236155,0.307692307692308,13,FALSE,FALSE,-0.0211794896003528,0.111000001430511,0.0211794896003528,0.073777781592475,-0.073777781592475,0.611000001430511,0.5,0.537222219838036,0.611000001430511,0.583250001072884,0.555666665236155,0.25,12,FALSE,FALSE,-0.0275833358367285,0.111000001430511,0.0275833358367285,0.073777781592475,-0.073777781592475,FALSE,TRUE,TRUE,TRUE,FALSE
16,95,"By the People 2004 US Presidential Primaries","btp04pr.t1services","16:9516","16:9516::btp04pr.t1services","income","9516",0.566600000858307,0.805500000715256,0.666600000858307,0.777999997138977,0.69690909168937,0.727363635193218,0.545454545454545,11,FALSE,FALSE,-0.030454543503848,0.0275000035762787,0.030454543503848,0.1,-0.1,0.566600000858307,0.805500000715256,0.666600000858307,0.777999997138977,0.69690909168937,0.727363635193218,0.545454545454545,11,FALSE,FALSE,-0.030454543503848,0.0275000035762787,0.030454543503848,0.1,-0.1,FALSE,TRUE,TRUE,TRUE,FALSE
14,93,"By the People: National","btp03.olt1usseca","14:9301","14:9301::btp03.olt1usseca","income","9301",0.84899999499321,0.693749994039536,0.878999990224838,0.656250007450581,0.804642851863589,0.815357138003622,0.285714285714286,14,FALSE,FALSE,0.0107142861400331,-0.0374999865889549,-0.0107142861400331,-0.0299999952316283,0.0299999952316283,0.84899999499321,0.693749994039536,0.878999990224838,0.656250007450581,0.804642851863589,0.815357138003622,0.285714285714286,14,FALSE,FALSE,0.0107142861400331,-0.0374999865889549,-0.0107142861400331,-0.0299999952316283,0.0299999952316283,TRUE,FALSE,FALSE,FALSE,TRUE
14,93,"By the People: National","btp03.olt1usseca","14:9302","14:9302::btp03.olt1usseca","income","9302",0.836666663487752,0.768750011920929,0.838124990463257,0.738749995827675,0.809500002861023,0.798374992609024,0.4,10,FALSE,FALSE,-0.011125010251999,-0.0300000160932541,0.011125010251999,-0.00145832697550452,0.00145832697550452,0.836666663487752,0.768750011920929,0.838124990463257,0.738749995827675,0.809500002861023,0.798374992609024,0.4,10,FALSE,FALSE,-0.011125010251999,-0.0300000160932541,0.011125010251999,-0.00145832697550452,0.00145832697550452,FALSE,FALSE,TRUE,FALSE,TRUE
14,93,"By the People: National","btp03.olt1usseca","14:9303","14:9303::btp03.olt1usseca","income","9303",0.831875011324883,0.867777778042687,0.788750000298023,0.832222216659122,0.850882358410779,0.811764703077428,0.529411764705882,17,FALSE,FALSE,0.0391176553333508,0.0355555613835653,-0.0391176553333508,-0.0431250110268593,0.0431250110268593,0.831875011324883,0.867777778042687,0.788750000298023,0.832222216659122,0.850882358410779,0.811764703077428,0.529411764705882,17,FALSE,FALSE,0.0391176553333508,0.0355555613835653,-0.0391176553333508,-0.0431250110268593,0.0431250110268593,TRUE,TRUE,FALSE,FALSE,TRUE
14,93,"By the People: National","btp03.olt1usseca","14:9304","14:9304::btp03.olt1usseca","income","9304",0.74899999499321,0.817499995231628,0.706999999284744,0.807499994834264,0.786363631486893,0.761818178675391,0.545454545454545,11,FALSE,FALSE,0.0245454528115012,0.0100000003973643,-0.0245454528115012,-0.0419999957084656,0.0419999957084656,0.74899999499321,0.817499995231628,0.706999999284744,0.807499994834264,0.786363631486893,0.761818178675391,0.545454545454545,11,FALSE,FALSE,0.0245454528115012,0.0100000003973643,-0.0245454528115012,-0.0419999957084656,0.0419999957084656,TRUE,TRUE,FALSE,FALSE,TRUE
14,93,"By the People: National","btp03.olt1usseca","14:9305","14:9305::btp03.olt1usseca","income","9305",0.812500005960464,0.857499986886978,0.80900000333786,0.810000002384186,0.82000000278155,0.809166669845581,0.166666666666667,12,FALSE,FALSE,0.010833332935969,0.0474999845027924,-0.010833332935969,-0.0035000026226043,0.0035000026226043,0.812500005960464,0.857499986886978,0.80900000333786,0.810000002384186,0.82000000278155,0.809166669845581,0.166666666666667,12,FALSE,FALSE,0.010833332935969,0.0474999845027924,-0.010833332935969,-0.0035000026226043,0.0035000026226043,TRUE,TRUE,FALSE,FALSE,TRUE
14,93,"By the People: National","btp03.olt1usseca","14:9306","14:9306::btp03.olt1usseca","income","9306",0.749629623360104,0.818333335220814,0.784444438086616,0.835625000298023,0.781960781882791,0.808529408539043,0.470588235294118,17,FALSE,FALSE,-0.0265686266562518,-0.0172916650772095,0.0265686266562518,0.0348148147265116,-0.0348148147265116,0.749629623360104,0.818333335220814,0.784444438086616,0.835625000298023,0.781960781882791,0.808529408539043,0.470588235294118,17,FALSE,FALSE,-0.0265686266562518,-0.0172916650772095,0.0265686266562518,0.0348148147265116,-0.0348148147265116,FALSE,FALSE,TRUE,TRUE,FALSE
14,93,"By the People: National","btp03.olt1usseca","14:9307","14:9307::btp03.olt1usseca","income","9307",0.800999993085861,0.689375001937151,0.823499989509582,0.694285716329302,0.751388885908657,0.770294112317702,0.444444444444444,18,FALSE,FALSE,0.0189052264090458,0.00491071439215118,-0.0189052264090458,-0.0224999964237212,0.0224999964237212,0.800999993085861,0.715714288609368,0.823499989509582,0.694285716329302,0.765882350066129,0.770294112317702,0.411764705882353,17,FALSE,FALSE,0.00441176225157347,-0.0214285722800663,-0.00441176225157347,-0.0224999964237212,0.0224999964237212,TRUE,TRUE,FALSE,FALSE,TRUE
14,93,"By the People: National","btp03.olt1usseca","14:9308","14:9308::btp03.olt1usseca","income","9308",0.831250004470348,0.76666667064031,0.784999988973141,0.791666666666667,0.803571432828903,0.78785713655608,0.428571428571429,14,FALSE,FALSE,-0.0157142962728228,0.0249999960263569,0.0157142962728228,0.0462500154972076,-0.0462500154972076,0.831250004470348,0.76666667064031,0.784999988973141,0.791666666666667,0.803571432828903,0.78785713655608,0.428571428571429,14,FALSE,FALSE,-0.0157142962728228,0.0249999960263569,0.0157142962728228,0.0462500154972076,-0.0462500154972076,FALSE,TRUE,TRUE,TRUE,FALSE
14,93,"By the People: National","btp03.olt1usseca","14:9309","14:9309::btp03.olt1usseca","income","9309",0.789999995912824,0.823999989032745,0.77571428673608,0.832000005245209,0.804166659712791,0.799166669448217,0.416666666666667,12,FALSE,FALSE,0.00499999026457465,-0.00800001621246338,-0.00499999026457465,-0.0142857091767447,0.0142857091767447,0.789999995912824,0.823999989032745,0.77571428673608,0.832000005245209,0.804166659712791,0.799166669448217,0.416666666666667,12,FALSE,FALSE,0.00499999026457465,-0.00800001621246338,-0.00499999026457465,-0.0142857091767447,0.0142857091767447,TRUE,FALSE,FALSE,FALSE,TRUE
14,93,"By the People: National","btp03.olt1usseca","14:9310","14:9310::btp03.olt1usseca","income","9310",0.688888897498449,0.741111112965478,0.720555543899536,0.763333333863152,0.715000005231963,0.741944438881344,0.5,18,FALSE,FALSE,-0.026944433649381,-0.0222222208976746,0.026944433649381,0.0316666464010874,-0.0316666464010874,0.688888897498449,0.741111112965478,0.720555543899536,0.763333333863152,0.715000005231963,0.741944438881344,0.5,18,FALSE,FALSE,-0.026944433649381,-0.0222222208976746,0.026944433649381,0.0316666464010874,-0.0316666464010874,FALSE,FALSE,TRUE,TRUE,FALSE
14,93,"By the People: National","btp03.olt1usseca","14:9311","14:9311::btp03.olt1usseca","income","9311",0.851666688919067,0.888529405874364,0.910000006357829,0.864117639906266,0.88299999833107,0.870999994874001,0.85,20,FALSE,FALSE,0.0120000034570693,0.0244117659680984,-0.0120000034570693,0.0583333174387614,-0.0583333174387614,0.851666688919067,0.888529405874364,0.910000006357829,0.864117639906266,0.88299999833107,0.870999994874001,0.85,20,FALSE,FALSE,0.0120000034570693,0.0244117659680984,-0.0120000034570693,0.0583333174387614,-0.0583333174387614,TRUE,TRUE,FALSE,TRUE,FALSE
14,93,"By the People: National","btp03.olt1usseca","14:9312","14:9312::btp03.olt1usseca","income","9312",0.737500004470348,0.825333335002263,0.745624996721745,0.862666670481364,0.794782611338989,0.821956523086714,0.652173913043478,23,FALSE,FALSE,-0.0271739117477251,-0.0373333354791006,0.0271739117477251,0.00812499225139618,-0.00812499225139618,0.737500004470348,0.825333335002263,0.745624996721745,0.862666670481364,0.794782611338989,0.821956523086714,0.652173913043478,23,FALSE,FALSE,-0.0271739117477251,-0.0373333354791006,0.0271739117477251,0.00812499225139618,-0.00812499225139618,FALSE,FALSE,TRUE,TRUE,FALSE
14,93,"By the People: National","btp03.olt1usseca","14:9313","14:9313::btp03.olt1usseca","income","9313",0.803750003377597,0.778333329492145,0.770833333333333,0.751666658454471,0.792857143140975,0.762619044099535,0.428571428571429,21,FALSE,FALSE,-0.0302380990414393,-0.026666671037674,0.0302380990414393,0.0329166700442631,-0.0329166700442631,0.803750003377597,0.778333329492145,0.770833333333333,0.751666658454471,0.792857143140975,0.762619044099535,0.428571428571429,21,FALSE,FALSE,-0.0302380990414393,-0.026666671037674,0.0302380990414393,0.0329166700442631,-0.0329166700442631,FALSE,FALSE,TRUE,TRUE,FALSE
14,93,"By the People: National","btp03.olt1usseca","14:9314","14:9314::btp03.olt1usseca","income","9314",0.812857142516545,0.81769230732551,0.799285709857941,0.811153849730125,0.815999999642372,0.80700000077486,0.65,20,FALSE,FALSE,0.00899999886751179,0.00653845759538507,-0.00899999886751179,-0.0135714326586042,0.0135714326586042,0.812857142516545,0.81769230732551,0.799285709857941,0.811153849730125,0.815999999642372,0.80700000077486,0.65,20,FALSE,FALSE,0.00899999886751179,0.00653845759538507,-0.00899999886751179,-0.0135714326586042,0.0135714326586042,TRUE,TRUE,FALSE,FALSE,TRUE
14,93,"By the People: National","btp03.olt1usseca","14:9315","14:9315::btp03.olt1usseca","income","9315",0.802499994635582,0.84038461630161,0.826250001788139,0.799615380855707,0.831470587674309,0.805882350486868,0.764705882352941,17,FALSE,FALSE,0.0255882371874417,0.0407692354459028,-0.0255882371874417,0.0237500071525574,-0.0237500071525574,0.802499994635582,0.84038461630161,0.826250001788139,0.799615380855707,0.831470587674309,0.805882350486868,0.764705882352941,17,FALSE,FALSE,0.0255882371874417,0.0407692354459028,-0.0255882371874417,0.0237500071525574,-0.0237500071525574,TRUE,TRUE,FALSE,TRUE,FALSE
14,93,"By the People: National","btp03.olt1humrh2","14:9301","14:9301::btp03.olt1humrh2","income","9301",0.670000008493662,0.525000013411045,0.640000000596046,0.700000017881393,0.628571438470057,0.657142862677574,0.285714285714286,14,FALSE,FALSE,0.0285714242075171,0.175000004470348,-0.0285714242075171,0.0300000078976155,-0.0300000078976155,0.670000008493662,0.525000013411045,0.640000000596046,0.700000017881393,0.628571438470057,0.657142862677574,0.285714285714286,14,FALSE,FALSE,0.0285714242075171,0.175000004470348,-0.0285714242075171,0.0300000078976155,-0.0300000078976155,TRUE,TRUE,FALSE,TRUE,FALSE
14,93,"By the People: National","btp03.olt1humrh2","14:9302","14:9302::btp03.olt1humrh2","income","9302",0.516666673123837,0.700000002980232,0.619999998807907,0.625,0.590000005066395,0.622222221559948,0.4,10,FALSE,FALSE,-0.0322222164935536,0.0750000029802322,0.0322222164935536,0.103333325684071,-0.103333325684071,0.48000001013279,0.700000002980232,0.619999998807907,0.625,0.577777784731653,0.622222221559948,0.444444444444444,9,FALSE,FALSE,-0.0444444368282955,0.0750000029802322,0.0444444368282955,0.139999988675118,-0.139999988675118,FALSE,TRUE,TRUE,TRUE,FALSE
14,93,"By the People: National","btp03.olt1humrh2","14:9303","14:9303::btp03.olt1humrh2","income","9303",0.550000002607703,0.577777780592442,0.462500009685755,0.655555559529199,0.564705885070212,0.564705889014637,0.529411764705882,17,FALSE,FALSE,-3.9444250088394e-09,-0.077777778936757,3.9444250088394e-09,-0.0874999929219484,0.0874999929219484,0.550000002607703,0.577777780592442,0.462500009685755,0.655555559529199,0.564705885070212,0.564705889014637,0.529411764705882,17,FALSE,FALSE,-3.9444250088394e-09,-0.077777778936757,3.9444250088394e-09,-0.0874999929219484,0.0874999929219484,FALSE,FALSE,TRUE,FALSE,TRUE
14,93,"By the People: National","btp03.olt1humrh2","14:9304","14:9304::btp03.olt1humrh2","income","9304",0.540000000596046,0.666666661699613,0.580000001192093,0.666666669150194,0.609090906652537,0.627272729169239,0.545454545454545,11,FALSE,FALSE,-0.0181818225167014,-7.45058059692383e-09,0.0181818225167014,0.0400000005960465,-0.0400000005960465,0.540000000596046,0.666666661699613,0.580000001192093,0.666666669150194,0.609090906652537,0.627272729169239,0.545454545454545,11,FALSE,FALSE,-0.0181818225167014,-7.45058059692383e-09,0.0181818225167014,0.0400000005960465,-0.0400000005960465,FALSE,FALSE,TRUE,TRUE,FALSE
14,93,"By the People: National","btp03.olt1humrh2","14:9305","14:9305::btp03.olt1humrh2","income","9305",0.540000006556511,0.650000005960464,0.680000007152557,0.650000005960464,0.558333339790503,0.675000006953875,0.166666666666667,12,FALSE,FALSE,-0.116666667163372,0,0.116666667163372,0.140000000596046,-0.140000000596046,0.540000006556511,0.650000005960464,0.680000007152557,0.650000005960464,0.558333339790503,0.675000006953875,0.166666666666667,12,FALSE,FALSE,-0.116666667163372,0,0.116666667163372,0.140000000596046,-0.140000000596046,FALSE,FALSE,TRUE,TRUE,FALSE
14,93,"By the People: National","btp03.olt1humrh2","14:9306","14:9306::btp03.olt1humrh2","income","9306",0.544444448418087,0.499999999068677,0.588888893524806,0.674999989569187,0.52352941343013,0.629411762251573,0.470588235294118,17,FALSE,FALSE,0.105882348821444,0.17499999050051,-0.105882348821444,-0.0444444451067182,0.0444444451067182,0.544444448418087,0.499999999068677,0.588888893524806,0.674999989569187,0.52352941343013,0.629411762251573,0.470588235294118,17,FALSE,FALSE,0.105882348821444,0.17499999050051,-0.105882348821444,-0.0444444451067182,0.0444444451067182,TRUE,TRUE,FALSE,FALSE,TRUE
14,93,"By the People: National","btp03.olt1humrh2","14:9307","14:9307::btp03.olt1humrh2","income","9307",0.510000011324882,0.587500009685755,0.61000000834465,0.600000000425747,0.544444455040826,0.605882358025102,0.444444444444444,18,FALSE,FALSE,-0.0614379029842763,-0.0124999907399926,0.0614379029842763,0.0999999970197678,-0.0999999970197678,0.510000011324882,0.58571429337774,0.61000000834465,0.600000000425747,0.541176480405471,0.605882358025102,0.411764705882353,17,FALSE,FALSE,-0.0647058776196311,-0.0142857070480074,0.0647058776196311,0.0999999970197678,-0.0999999970197678,FALSE,FALSE,TRUE,TRUE,FALSE
14,93,"By the People: National","btp03.olt1humrh2","14:9308","14:9308::btp03.olt1humrh2","income","9308",0.575000006705523,0.699999998013178,0.65000000782311,0.75,0.628571431551661,0.692857147327491,0.428571428571429,14,FALSE,FALSE,-0.0642857157758304,-0.0500000019868215,0.0642857157758304,0.0750000011175871,-0.0750000011175871,0.575000006705523,0.699999998013178,0.65000000782311,0.75,0.628571431551661,0.692857147327491,0.428571428571429,14,FALSE,FALSE,-0.0642857157758304,-0.0500000019868215,0.0642857157758304,0.0750000011175871,-0.0750000011175871,FALSE,FALSE,TRUE,TRUE,FALSE
14,93,"By the People: National","btp03.olt1humrh2","14:9309","14:9309::btp03.olt1humrh2","income","9309",0.514285713434219,0.520000010728836,0.614285715988704,0.6200000166893,0.51666667064031,0.616666674613953,0.416666666666667,12,FALSE,FALSE,-0.100000003973643,-0.100000005960464,0.100000003973643,0.100000002554485,-0.100000002554485,0.514285713434219,0.520000010728836,0.614285715988704,0.6200000166893,0.51666667064031,0.616666674613953,0.416666666666667,12,FALSE,FALSE,-0.100000003973643,-0.100000005960464,0.100000003973643,0.100000002554485,-0.100000002554485,FALSE,FALSE,TRUE,TRUE,FALSE
14,93,"By the People: National","btp03.olt1humrh2","14:9310","14:9310::btp03.olt1humrh2","income","9310",0.644444445768992,0.566666664348708,0.64444445239173,0.599999997350905,0.60555555505885,0.622222224871318,0.5,18,FALSE,FALSE,0.0166666698124673,0.0333333330021964,-0.0166666698124673,-6.62273835771998e-09,6.62273835771998e-09,0.644444445768992,0.566666664348708,0.64444445239173,0.599999997350905,0.60555555505885,0.622222224871318,0.5,18,FALSE,FALSE,0.0166666698124673,0.0333333330021964,-0.0166666698124673,-6.62273835771998e-09,6.62273835771998e-09,TRUE,TRUE,FALSE,FALSE,TRUE
14,93,"By the People: National","btp03.olt1humrh2","14:9311","14:9311::btp03.olt1humrh2","income","9311",0.633333345254262,0.670588236521272,0.666666666666667,0.723529408959781,0.665000002831221,0.714999997615814,0.85,20,FALSE,FALSE,-0.0499999947845936,-0.0529411724385094,0.0499999947845936,0.0333333214124043,-0.0333333214124043,0.633333345254262,0.670588236521272,0.666666666666667,0.723529408959781,0.665000002831221,0.714999997615814,0.85,20,FALSE,FALSE,-0.0499999947845936,-0.0529411724385094,0.0499999947845936,0.0333333214124043,-0.0333333214124043,FALSE,FALSE,TRUE,TRUE,FALSE
14,93,"By the People: National","btp03.olt1humrh2","14:9312","14:9312::btp03.olt1humrh2","income","9312",0.50000000372529,0.653333334128062,0.562500007450581,0.613333336512248,0.600000001814054,0.595652178577755,0.652173913043478,23,FALSE,FALSE,0.00434782323629967,0.0399999976158142,-0.00434782323629967,0.0625000037252903,-0.0625000037252903,0.50000000372529,0.653333334128062,0.562500007450581,0.613333336512248,0.600000001814054,0.595652178577755,0.652173913043478,23,FALSE,FALSE,0.00434782323629967,0.0399999976158142,-0.00434782323629967,0.0625000037252903,-0.0625000037252903,TRUE,TRUE,FALSE,TRUE,FALSE
14,93,"By the People: National","btp03.olt1humrh2","14:9313","14:9313::btp03.olt1humrh2","income","9313",0.566666672627131,0.633333336147997,0.624999997516473,0.622222221559948,0.59523809985036,0.623809522106534,0.428571428571429,21,FALSE,FALSE,-0.0285714222561745,0.0111111145880487,0.0285714222561745,0.0583333248893421,-0.0583333248893421,0.566666672627131,0.633333336147997,0.624999997516473,0.622222221559948,0.59523809985036,0.623809522106534,0.428571428571429,21,FALSE,FALSE,-0.0285714222561745,0.0111111145880487,0.0285714222561745,0.0583333248893421,-0.0583333248893421,FALSE,TRUE,TRUE,TRUE,FALSE
14,93,"By the People: National","btp03.olt1humrh2","14:9314","14:9314::btp03.olt1humrh2","income","9314",0.557142857994352,0.600000005501967,0.585714284862791,0.676923076693828,0.585000003874302,0.644999999552965,0.65,20,FALSE,FALSE,-0.0599999956786632,-0.0769230711918611,0.0599999956786632,0.0285714268684387,-0.0285714268684387,0.557142857994352,0.600000005501967,0.585714284862791,0.676923076693828,0.585000003874302,0.644999999552965,0.65,20,FALSE,FALSE,-0.0599999956786632,-0.0769230711918611,0.0599999956786632,0.0285714268684387,-0.0285714268684387,FALSE,FALSE,TRUE,TRUE,FALSE
14,93,"By the People: National","btp03.olt1humrh2","14:9315","14:9315::btp03.olt1humrh2","income","9315",0.475000008940697,0.523076923993918,0.600000001490116,0.546153850280322,0.511764708687277,0.55882353291792,0.764705882352941,17,FALSE,FALSE,-0.0470588242306429,-0.0230769262864039,0.0470588242306429,0.124999992549419,-0.124999992549419,0.475000008940697,0.523076923993918,0.600000001490116,0.546153850280322,0.511764708687277,0.55882353291792,0.764705882352941,17,FALSE,FALSE,-0.0470588242306429,-0.0230769262864039,0.0470588242306429,0.124999992549419,-0.124999992549419,FALSE,FALSE,TRUE,TRUE,FALSE
14,93,"By the People: National","btp03.olt1envir","14:9301","14:9301::btp03.olt1envir","income","9301",0.635000001266599,0.756250008940697,0.662500005401671,0.856250002980232,0.669642860602055,0.717857147566974,0.285714285714286,14,FALSE,FALSE,-0.0482142869649189,-0.0999999940395355,0.0482142869649189,0.0275000041350723,-0.0275000041350723,0.635000001266599,0.756250008940697,0.662500005401671,0.856250002980232,0.669642860602055,0.717857147566974,0.285714285714286,14,FALSE,FALSE,-0.0482142869649189,-0.0999999940395355,0.0482142869649189,0.0275000041350723,-0.0275000041350723,FALSE,FALSE,TRUE,TRUE,FALSE
14,93,"By the People: National","btp03.olt1envir","14:9302","14:9302::btp03.olt1envir","income","9302",0.666666666666667,0.825000002980232,0.754166662693024,0.587499994784594,0.730000001192093,0.687499995529652,0.4,10,FALSE,FALSE,0.0425000056624412,0.237500008195639,-0.0425000056624412,0.087499996026357,-0.087499996026357,0.666666666666667,0.825000002980232,0.754166662693024,0.587499994784594,0.730000001192093,0.687499995529652,0.4,10,FALSE,FALSE,0.0425000056624412,0.237500008195639,-0.0425000056624412,0.087499996026357,-0.087499996026357,TRUE,TRUE,FALSE,TRUE,FALSE
14,93,"By the People: National","btp03.olt1envir","14:9303","14:9303::btp03.olt1envir","income","9303",0.547916669398546,0.805555555555556,0.57083333376795,0.822222219573127,0.684313726775787,0.703921567429515,0.529411764705882,17,FALSE,FALSE,-0.019607840653728,-0.0166666640175713,0.019607840653728,0.0229166643694043,-0.0229166643694043,0.547916669398546,0.805555555555556,0.57083333376795,0.822222219573127,0.684313726775787,0.703921567429515,0.529411764705882,17,FALSE,FALSE,-0.019607840653728,-0.0166666640175713,0.019607840653728,0.0229166643694043,-0.0229166643694043,FALSE,FALSE,TRUE,TRUE,FALSE
14,93,"By the People: National","btp03.olt1envir","14:9304","14:9304::btp03.olt1envir","income","9304",0.594999995827675,0.751388892531395,0.555000007152557,0.841666668653488,0.68030303039334,0.71136364069852,0.545454545454545,11,FALSE,FALSE,-0.0310606103051793,-0.0902777761220932,0.0310606103051793,-0.0399999886751174,0.0399999886751174,0.594999995827675,0.751388892531395,0.555000007152557,0.841666668653488,0.68030303039334,0.71136364069852,0.545454545454545,11,FALSE,FALSE,-0.0310606103051793,-0.0902777761220932,0.0310606103051793,-0.0399999886751174,0.0399999886751174,FALSE,FALSE,TRUE,FALSE,TRUE
14,93,"By the People: National","btp03.olt1envir","14:9305","14:9305::btp03.olt1envir","income","9305",0.707500004768372,0.462500005960464,0.718333330750465,0.337500000372529,0.66666667163372,0.654861109020809,0.166666666666667,12,FALSE,FALSE,-0.0118055626129111,-0.125000005587935,0.0118055626129111,-0.0108333259820937,0.0108333259820937,0.707500004768372,0.462500005960464,0.718333330750465,0.337500000372529,0.66666667163372,0.654861109020809,0.166666666666667,12,FALSE,FALSE,-0.0118055626129111,-0.125000005587935,0.0118055626129111,-0.0108333259820937,0.0108333259820937,FALSE,FALSE,TRUE,FALSE,TRUE
14,93,"By the People: National","btp03.olt1envir","14:9306","14:9306::btp03.olt1envir","income","9306",0.650925930382477,0.690625004470348,0.67222223430872,0.631250001490116,0.669607847600299,0.652941183570553,0.470588235294118,17,FALSE,FALSE,0.0166666640297455,0.0593750029802322,-0.0166666640297455,0.0212963039262427,-0.0212963039262427,0.650925930382477,0.690625004470348,0.67222223430872,0.631250001490116,0.669607847600299,0.652941183570553,0.470588235294118,17,FALSE,FALSE,0.0166666640297455,0.0593750029802322,-0.0166666640297455,0.0212963039262427,-0.0212963039262427,TRUE,TRUE,FALSE,TRUE,FALSE
14,93,"By the People: National","btp03.olt1envir","14:9307","14:9307::btp03.olt1envir","income","9307",0.701666668057442,0.590625004842877,0.757499992847443,0.635714290929692,0.652314817739858,0.707352939116604,0.444444444444444,18,FALSE,FALSE,0.0550381213767467,0.0450892860868147,-0.0550381213767467,-0.0558333247900009,0.0558333247900009,0.701666668057442,0.550000005534717,0.757499992847443,0.635714290929692,0.639215689371614,0.707352939116604,0.411764705882353,17,FALSE,FALSE,0.0681372497449904,0.085714285394975,-0.0681372497449904,-0.0558333247900009,0.0558333247900009,TRUE,TRUE,FALSE,FALSE,TRUE
14,93,"By the People: National","btp03.olt1envir","14:9308","14:9308::btp03.olt1envir","income","9308",0.72395833581686,0.820833335320155,0.740625008940697,0.737499994536241,0.765476192746844,0.739285717053073,0.428571428571429,14,FALSE,FALSE,0.0261904756937709,0.0833333407839139,-0.0261904756937709,0.0166666731238365,-0.0166666731238365,0.72395833581686,0.820833335320155,0.740625008940697,0.737499994536241,0.765476192746844,0.739285717053073,0.428571428571429,14,FALSE,FALSE,0.0261904756937709,0.0833333407839139,-0.0261904756937709,0.0166666731238365,-0.0166666731238365,TRUE,TRUE,FALSE,TRUE,FALSE
14,93,"By the People: National","btp03.olt1envir","14:9309","14:9309::btp03.olt1envir","income","9309",0.642857142857143,0.670000010728836,0.670238103185381,0.689999997615814,0.654166671137015,0.678472225864728,0.416666666666667,12,FALSE,FALSE,-0.0243055547277133,-0.0199999868869781,0.0243055547277133,0.0273809603282383,-0.0273809603282383,0.642857142857143,0.670000010728836,0.670238103185381,0.689999997615814,0.654166671137015,0.678472225864728,0.416666666666667,12,FALSE,FALSE,-0.0243055547277133,-0.0199999868869781,0.0243055547277133,0.0273809603282383,-0.0273809603282383,FALSE,FALSE,TRUE,TRUE,FALSE
14,93,"By the People: National","btp03.olt1envir","14:9310","14:9310::btp03.olt1envir","income","9310",0.772222220897675,0.70740740497907,0.888888882266151,0.75,0.739814812938372,0.819444441133075,0.5,18,FALSE,FALSE,0.079629628194703,0.0425925950209299,-0.079629628194703,-0.116666661368476,0.116666661368476,0.772222220897675,0.70740740497907,0.888888882266151,0.75,0.739814812938372,0.819444441133075,0.5,18,FALSE,FALSE,0.079629628194703,0.0425925950209299,-0.079629628194703,-0.116666661368476,0.116666661368476,TRUE,TRUE,FALSE,FALSE,TRUE
14,93,"By the People: National","btp03.olt1envir","14:9311","14:9311::btp03.olt1envir","income","9311",0.791666666666667,0.699019603869494,0.924999992052714,0.739215684287688,0.71291666328907,0.767083330452442,0.85,20,FALSE,FALSE,0.054166667163372,0.0401960804181941,-0.054166667163372,-0.133333325386047,0.133333325386047,0.791666666666667,0.699019603869494,0.924999992052714,0.739215684287688,0.71291666328907,0.767083330452442,0.85,20,FALSE,FALSE,0.054166667163372,0.0401960804181941,-0.054166667163372,-0.133333325386047,0.133333325386047,TRUE,TRUE,FALSE,FALSE,TRUE
14,93,"By the People: National","btp03.olt1envir","14:9312","14:9312::btp03.olt1envir","income","9312",0.581250004470348,0.672222220897675,0.643750000745058,0.72833333214124,0.640579710835996,0.69891304295996,0.652173913043478,23,FALSE,FALSE,-0.0583333321239637,-0.0561111112435658,0.0583333321239637,0.0624999962747097,-0.0624999962747097,0.581250004470348,0.672222220897675,0.643750000745058,0.72833333214124,0.640579710835996,0.69891304295996,0.652173913043478,23,FALSE,FALSE,-0.0583333321239637,-0.0561111112435658,0.0583333321239637,0.0624999962747097,-0.0624999962747097,FALSE,FALSE,TRUE,TRUE,FALSE
14,93,"By the People: National","btp03.olt1envir","14:9313","14:9313::btp03.olt1envir","income","9313",0.795833331843217,0.54814814362261,0.80833334227403,0.577777773141861,0.689682536891529,0.709523812645958,0.428571428571429,21,FALSE,FALSE,0.019841275754429,0.0296296295192506,-0.019841275754429,-0.0125000104308128,0.0125000104308128,0.795833331843217,0.54814814362261,0.80833334227403,0.577777773141861,0.689682536891529,0.709523812645958,0.428571428571429,21,FALSE,FALSE,0.019841275754429,0.0296296295192506,-0.019841275754429,-0.0125000104308128,0.0125000104308128,TRUE,TRUE,FALSE,FALSE,TRUE
14,93,"By the People: National","btp03.olt1envir","14:9314","14:9314::btp03.olt1envir","income","9314",0.778571422610964,0.595512816539178,0.821428571428571,0.616025642706798,0.659583328664303,0.687916667759419,0.65,20,FALSE,FALSE,0.0283333390951157,0.0205128261676202,-0.0283333390951157,-0.0428571488176073,0.0428571488176073,0.778571422610964,0.595512816539178,0.821428571428571,0.616025642706798,0.659583328664303,0.687916667759419,0.65,20,FALSE,FALSE,0.0283333390951157,0.0205128261676202,-0.0283333390951157,-0.0428571488176073,0.0428571488176073,TRUE,TRUE,FALSE,FALSE,TRUE
14,93,"By the People: National","btp03.olt1envir","14:9315","14:9315::btp03.olt1envir","income","9315",0.593750007450581,0.728846155680143,0.568750001490116,0.798076923076923,0.697058826684952,0.744117647409439,0.764705882352941,17,FALSE,FALSE,-0.0470588207244873,-0.0692307673967802,0.0470588207244873,-0.0250000059604645,0.0250000059604645,0.593750007450581,0.728846155680143,0.568750001490116,0.798076923076923,0.697058826684952,0.744117647409439,0.764705882352941,17,FALSE,FALSE,-0.0470588207244873,-0.0692307673967802,0.0470588207244873,-0.0250000059604645,0.0250000059604645,FALSE,FALSE,TRUE,FALSE,TRUE
14,93,"By the People: National","btp03.olt1inter","14:9301","14:9301::btp03.olt1inter","income","9301",0.95,1,0.875,0.875,0.964285714285714,0.875,0.285714285714286,14,FALSE,FALSE,0.0892857142857143,0.125,-0.0892857142857143,-0.075,0.075,0.95,1,0.875,0.875,0.964285714285714,0.875,0.285714285714286,14,FALSE,FALSE,0.0892857142857143,0.125,-0.0892857142857143,-0.075,0.075,TRUE,TRUE,FALSE,FALSE,TRUE
14,93,"By the People: National","btp03.olt1inter","14:9302","14:9302::btp03.olt1inter","income","9302",0.875,0.5625,0.75,0.5625,0.75,0.675,0.4,10,FALSE,FALSE,-0.075,0,0.075,0.125,-0.125,0.875,0.5625,0.75,0.5625,0.75,0.675,0.4,10,FALSE,FALSE,-0.075,0,0.075,0.125,-0.125,FALSE,FALSE,TRUE,TRUE,FALSE
14,93,"By the People: National","btp03.olt1inter","14:9303","14:9303::btp03.olt1inter","income","9303",0.75,0.638888888888889,0.625,0.444444444444444,0.691176470588235,0.529411764705882,0.529411764705882,17,FALSE,FALSE,-0.161764705882353,-0.194444444444444,0.161764705882353,0.125,-0.125,0.75,0.638888888888889,0.625,0.444444444444444,0.691176470588235,0.529411764705882,0.529411764705882,17,FALSE,FALSE,-0.161764705882353,-0.194444444444444,0.161764705882353,0.125,-0.125,FALSE,FALSE,TRUE,TRUE,FALSE
14,93,"By the People: National","btp03.olt1inter","14:9304","14:9304::btp03.olt1inter","income","9304",0.65,0.583333333333333,0.7,0.708333333333333,0.613636363636364,0.704545454545455,0.545454545454545,11,FALSE,FALSE,0.0909090909090909,0.125,-0.0909090909090909,-0.0499999999999999,0.0499999999999999,0.65,0.583333333333333,0.7,0.708333333333333,0.613636363636364,0.704545454545455,0.545454545454545,11,FALSE,FALSE,0.0909090909090909,0.125,-0.0909090909090909,-0.0499999999999999,0.0499999999999999,TRUE,TRUE,FALSE,FALSE,TRUE
14,93,"By the People: National","btp03.olt1inter","14:9305","14:9305::btp03.olt1inter","income","9305",0.583333333333333,0.75,0.75,0.875,0.613636363636364,0.770833333333333,0.166666666666667,12,FALSE,FALSE,-0.15719696969697,-0.125,0.15719696969697,0.166666666666667,-0.166666666666667,0.583333333333333,0.75,0.75,0.875,0.613636363636364,0.772727272727273,0.181818181818182,11,FALSE,FALSE,-0.159090909090909,-0.125,0.159090909090909,0.166666666666667,-0.166666666666667,FALSE,FALSE,TRUE,TRUE,FALSE
14,93,"By the People: National","btp03.olt1inter","14:9306","14:9306::btp03.olt1inter","income","9306",0.611111111111111,0.375,0.527777777777778,0.53125,0.5,0.529411764705882,0.470588235294118,17,FALSE,FALSE,0.0294117647058824,0.15625,-0.0294117647058824,0.0833333333333334,-0.0833333333333334,0.611111111111111,0.375,0.527777777777778,0.53125,0.5,0.529411764705882,0.470588235294118,17,FALSE,FALSE,0.0294117647058824,0.15625,-0.0294117647058824,0.0833333333333334,-0.0833333333333334,TRUE,TRUE,FALSE,TRUE,FALSE
14,93,"By the People: National","btp03.olt1inter","14:9307","14:9307::btp03.olt1inter","income","9307",0.675,0.5,0.7,0.678571428571429,0.597222222222222,0.691176470588235,0.444444444444444,18,FALSE,FALSE,0.0939542483660131,0.178571428571429,-0.0939542483660131,-0.0249999999999999,0.0249999999999999,0.675,0.535714285714286,0.7,0.678571428571429,0.61764705882353,0.691176470588235,0.411764705882353,17,FALSE,FALSE,0.0735294117647058,0.142857142857143,-0.0735294117647058,-0.0249999999999999,0.0249999999999999,TRUE,TRUE,FALSE,FALSE,TRUE
14,93,"By the People: National","btp03.olt1inter","14:9308","14:9308::btp03.olt1inter","income","9308",0.75,0.791666666666667,0.75,0.875,0.767857142857143,0.803571428571429,0.428571428571429,14,FALSE,FALSE,-0.0357142857142857,-0.0833333333333334,0.0357142857142857,0,0,0.75,0.791666666666667,0.75,0.875,0.767857142857143,0.803571428571429,0.428571428571429,14,FALSE,FALSE,-0.0357142857142857,-0.0833333333333334,0.0357142857142857,0,0,FALSE,FALSE,TRUE,FALSE,FALSE
14,93,"By the People: National","btp03.olt1inter","14:9309","14:9309::btp03.olt1inter","income","9309",0.535714285714286,0.625,0.607142857142857,0.9,0.568181818181818,0.729166666666667,0.416666666666667,12,FALSE,FALSE,-0.160984848484848,-0.275,0.160984848484848,0.0714285714285714,-0.0714285714285714,0.535714285714286,0.625,0.607142857142857,0.875,0.568181818181818,0.704545454545455,0.363636363636364,11,FALSE,FALSE,-0.136363636363636,-0.25,0.136363636363636,0.0714285714285714,-0.0714285714285714,FALSE,FALSE,TRUE,TRUE,FALSE
14,93,"By the People: National","btp03.olt1inter","14:9310","14:9310::btp03.olt1inter","income","9310",0.805555555555556,0.638888888888889,0.861111111111111,0.805555555555556,0.722222222222222,0.833333333333333,0.5,18,FALSE,FALSE,0.111111111111111,0.166666666666667,-0.111111111111111,-0.0555555555555556,0.0555555555555556,0.805555555555556,0.638888888888889,0.861111111111111,0.805555555555556,0.722222222222222,0.833333333333333,0.5,18,FALSE,FALSE,0.111111111111111,0.166666666666667,-0.111111111111111,-0.0555555555555556,0.0555555555555556,TRUE,TRUE,FALSE,FALSE,TRUE
14,93,"By the People: National","btp03.olt1inter","14:9311","14:9311::btp03.olt1inter","income","9311",0.916666666666667,0.640625,0.75,0.566666666666667,0.68421052631579,0.597222222222222,0.85,20,FALSE,FALSE,-0.0869883040935673,-0.0739583333333333,0.0869883040935673,0.166666666666667,-0.166666666666667,0.916666666666667,0.633333333333333,0.75,0.566666666666667,0.680555555555556,0.597222222222222,0.833333333333333,18,FALSE,FALSE,-0.0833333333333334,-0.0666666666666667,0.0833333333333334,0.166666666666667,-0.166666666666667,FALSE,FALSE,TRUE,TRUE,FALSE
14,93,"By the People: National","btp03.olt1inter","14:9312","14:9312::btp03.olt1inter","income","9312",0.6875,0.589285714285714,0.65625,0.7,0.625,0.684782608695652,0.652173913043478,23,FALSE,FALSE,0.0597826086956522,0.110714285714286,-0.0597826086956522,0.03125,-0.03125,0.6875,0.589285714285714,0.65625,0.696428571428571,0.625,0.681818181818182,0.636363636363636,22,FALSE,FALSE,0.0568181818181818,0.107142857142857,-0.0568181818181818,0.03125,-0.03125,TRUE,TRUE,FALSE,TRUE,FALSE
14,93,"By the People: National","btp03.olt1inter","14:9313","14:9313::btp03.olt1inter","income","9313",0.6875,0.611111111111111,0.770833333333333,0.75,0.654761904761905,0.7625,0.428571428571429,21,FALSE,FALSE,0.107738095238095,0.138888888888889,-0.107738095238095,-0.0833333333333334,0.0833333333333334,0.6875,0.65625,0.770833333333333,0.75,0.675,0.7625,0.4,20,FALSE,FALSE,0.0874999999999999,0.09375,-0.0874999999999999,-0.0833333333333334,0.0833333333333334,TRUE,TRUE,FALSE,FALSE,TRUE
14,93,"By the People: National","btp03.olt1inter","14:9314","14:9314::btp03.olt1inter","income","9314",0.571428571428571,0.75,0.714285714285714,0.568181818181818,0.6875,0.625,0.65,20,FALSE,FALSE,0.0625,0.181818181818182,-0.0625,0.142857142857143,-0.142857142857143,0.571428571428571,0.704545454545455,0.714285714285714,0.568181818181818,0.652777777777778,0.625,0.611111111111111,18,FALSE,FALSE,0.0277777777777778,0.136363636363636,-0.0277777777777778,0.142857142857143,-0.142857142857143,TRUE,TRUE,FALSE,TRUE,FALSE
14,93,"By the People: National","btp03.olt1inter","14:9315","14:9315::btp03.olt1inter","income","9315",0.625,0.596153846153846,0.6875,0.538461538461538,0.602941176470588,0.573529411764706,0.764705882352941,17,FALSE,FALSE,-0.0294117647058824,-0.0576923076923077,0.0294117647058824,-0.0625,0.0625,0.625,0.596153846153846,0.6875,0.538461538461538,0.602941176470588,0.573529411764706,0.764705882352941,17,FALSE,FALSE,-0.0294117647058824,-0.0576923076923077,0.0294117647058824,-0.0625,0.0625,FALSE,FALSE,TRUE,FALSE,TRUE
14,93,"By the People: National","btp03.olt1multi","14:9301","14:9301::btp03.olt1multi","income","9301",0.742118054628372,0.83203125,0.741111123561859,0.74869792163372,0.767807539020266,0.74327878015382,0.285714285714286,14,FALSE,FALSE,0.0245287588664463,0.0833333283662796,-0.0245287588664463,-0.00100693106651306,0.00100693106651306,0.742118054628372,0.83203125,0.741111123561859,0.74869792163372,0.767807539020266,0.74327878015382,0.285714285714286,14,FALSE,FALSE,0.0245287588664463,0.0833333283662796,-0.0245287588664463,-0.00100693106651306,0.00100693106651306,TRUE,TRUE,FALSE,FALSE,TRUE
14,93,"By the People: National","btp03.olt1multi","14:9302","14:9302::btp03.olt1multi","income","9302",0.733159720897675,0.80598957836628,0.698958327372869,0.737499982118607,0.762291663885117,0.714374989271164,0.4,10,FALSE,FALSE,0.0479166746139527,0.068489596247673,-0.0479166746139527,-0.0342013935248057,0.0342013935248057,0.733159720897675,0.80598957836628,0.698958327372869,0.737499982118607,0.762291663885117,0.714374989271164,0.4,10,FALSE,FALSE,0.0479166746139527,0.068489596247673,-0.0479166746139527,-0.0342013935248057,0.0342013935248057,TRUE,TRUE,FALSE,FALSE,TRUE
14,93,"By the People: National","btp03.olt1multi","14:9303","14:9303::btp03.olt1multi","income","9303",0.713107645511627,0.768391754892137,0.687989827245474,0.730594144927131,0.742375703418956,0.71054505425341,0.529411764705882,17,FALSE,FALSE,0.0318306491655462,0.0377976099650065,-0.0318306491655462,-0.0251178182661533,0.0251178182661533,0.713107645511627,0.768391754892137,0.687989827245474,0.730594144927131,0.742375703418956,0.71054505425341,0.529411764705882,17,FALSE,FALSE,0.0318306491655462,0.0377976099650065,-0.0318306491655462,-0.0251178182661533,0.0251178182661533,TRUE,TRUE,FALSE,FALSE,TRUE
14,93,"By the People: National","btp03.olt1multi","14:9304","14:9304::btp03.olt1multi","income","9304",0.749375003576279,0.724727183580399,0.778541666269302,0.750347226858139,0.73593073812398,0.76316288113594,0.545454545454545,11,FALSE,FALSE,0.0272321430119601,0.0256200432777405,-0.0272321430119601,-0.0291666626930236,0.0291666626930236,0.749375003576279,0.724727183580399,0.778541666269302,0.750347226858139,0.73593073812398,0.76316288113594,0.545454545454545,11,FALSE,FALSE,0.0272321430119601,0.0256200432777405,-0.0272321430119601,-0.0291666626930236,0.0291666626930236,TRUE,TRUE,FALSE,FALSE,TRUE
14,93,"By the People: National","btp03.olt1multi","14:9305","14:9305::btp03.olt1multi","income","9305",0.753214287757874,0.57309028506279,0.744166669249535,0.607068479061127,0.723193620642026,0.7213169708848,0.166666666666667,12,FALSE,FALSE,-0.00187664975722635,0.0339781939983368,0.00187664975722635,0.00904761850833902,-0.00904761850833902,0.753214287757874,0.57309028506279,0.744166669249535,0.607068479061127,0.723193620642026,0.7213169708848,0.166666666666667,12,FALSE,FALSE,-0.00187664975722635,0.0339781939983368,0.00187664975722635,0.00904761850833902,-0.00904761850833902,FALSE,TRUE,TRUE,TRUE,FALSE
14,93,"By the People: National","btp03.olt1multi","14:9306","14:9306::btp03.olt1multi","income","9306",0.67081019282341,0.797265626490116,0.642515439126227,0.679836325347424,0.730318632195978,0.660078209112672,0.470588235294118,17,FALSE,FALSE,0.0702404230833054,0.117429301142693,-0.0702404230833054,-0.0282947536971834,0.0282947536971834,0.67081019282341,0.797265626490116,0.642515439126227,0.679836325347424,0.730318632195978,0.660078209112672,0.470588235294118,17,FALSE,FALSE,0.0702404230833054,0.117429301142693,-0.0702404230833054,-0.0282947536971834,0.0282947536971834,TRUE,TRUE,FALSE,FALSE,TRUE
14,93,"By the People: National","btp03.olt1multi","14:9307","14:9307::btp03.olt1multi","income","9307",0.755699408054352,0.683947172015905,0.767127984762192,0.673937069518226,0.723809525370598,0.728755254955853,0.444444444444444,18,FALSE,FALSE,0.00494572958525485,-0.0100101024976799,-0.00494572958525485,-0.01142857670784,0.01142857670784,0.755699408054352,0.649064621755055,0.767127984762192,0.673937069518226,0.711790966636994,0.728755254955853,0.411764705882353,17,FALSE,FALSE,0.0169642883188584,0.0248724477631705,-0.0169642883188584,-0.01142857670784,0.01142857670784,TRUE,FALSE,FALSE,FALSE,TRUE
14,93,"By the People: National","btp03.olt1multi","14:9308","14:9308::btp03.olt1multi","income","9308",0.729848716408014,0.764037708441416,0.771657973527908,0.780555556217829,0.744501141565187,0.77547122325216,0.428571428571429,14,FALSE,FALSE,-0.0309700816869736,-0.016517847776413,0.0309700816869736,0.041809257119894,-0.041809257119894,0.729848716408014,0.764037708441416,0.771657973527908,0.780555556217829,0.744501141565187,0.77547122325216,0.428571428571429,14,FALSE,FALSE,-0.0309700816869736,-0.016517847776413,0.0309700816869736,0.041809257119894,-0.041809257119894,FALSE,FALSE,TRUE,TRUE,FALSE
14,93,"By the People: National","btp03.olt1multi","14:9309","14:9309::btp03.olt1multi","income","9309",0.632865650313241,0.778809523582458,0.698937079736165,0.805952370166779,0.693675597508748,0.743526784082254,0.416666666666667,12,FALSE,FALSE,-0.0498511865735054,-0.0271428465843201,0.0498511865735054,0.0660714294229234,-0.0660714294229234,0.632865650313241,0.778809523582458,0.698937079736165,0.805952370166779,0.693675597508748,0.743526784082254,0.416666666666667,12,FALSE,FALSE,-0.0498511865735054,-0.0271428465843201,0.0498511865735054,0.0660714294229234,-0.0660714294229234,FALSE,FALSE,TRUE,TRUE,FALSE
14,93,"By the People: National","btp03.olt1multi","14:9310","14:9310::btp03.olt1multi","income","9310",0.729282405641344,0.723941816223992,0.798544976446364,0.746428582403395,0.726612110932668,0.772486779424879,0.5,18,FALSE,FALSE,0.0458746684922112,0.0224867661794027,-0.0458746684922112,-0.0692625708050199,0.0692625708050199,0.729282405641344,0.723941816223992,0.798544976446364,0.746428582403395,0.726612110932668,0.772486779424879,0.5,18,FALSE,FALSE,0.0458746684922112,0.0224867661794027,-0.0458746684922112,-0.0692625708050199,0.0692625708050199,TRUE,TRUE,FALSE,FALSE,TRUE
14,93,"By the People: National","btp03.olt1multi","14:9311","14:9311::btp03.olt1multi","income","9311",0.799652794996897,0.745124296230428,0.737847228844961,0.787593375234043,0.753303571045399,0.780131453275681,0.85,20,FALSE,FALSE,0.0268278822302819,0.0424690790036146,-0.0268278822302819,0.0618055661519368,-0.0618055661519368,0.799652794996897,0.745124296230428,0.737847228844961,0.787593375234043,0.753303571045399,0.780131453275681,0.85,20,FALSE,FALSE,0.0268278822302819,0.0424690790036146,-0.0268278822302819,0.0618055661519368,-0.0618055661519368,TRUE,TRUE,FALSE,TRUE,FALSE
14,93,"By the People: National","btp03.olt1multi","14:9312","14:9312::btp03.olt1multi","income","9312",0.685487359762192,0.74923875729243,0.741753477603197,0.778095245361328,0.727064358151477,0.765454630488935,0.652173913043478,23,FALSE,FALSE,-0.0383902723374574,-0.0288564880688985,0.0383902723374574,0.0562661178410053,-0.0562661178410053,0.685487359762192,0.74923875729243,0.741753477603197,0.778095245361328,0.727064358151477,0.765454630488935,0.652173913043478,23,FALSE,FALSE,-0.0383902723374574,-0.0288564880688985,0.0383902723374574,0.0562661178410053,-0.0562661178410053,FALSE,FALSE,TRUE,TRUE,FALSE
14,93,"By the People: National","btp03.olt1multi","14:9313","14:9313::btp03.olt1multi","income","9313",0.809734622637431,0.61523147755199,0.789508923888206,0.708520723713769,0.726376131886528,0.754799695242019,0.428571428571429,21,FALSE,FALSE,0.0284235633554913,0.0932892461617788,-0.0284235633554913,0.0202256987492243,-0.0202256987492243,0.809734622637431,0.61523147755199,0.789508923888206,0.708520723713769,0.726376131886528,0.754799695242019,0.428571428571429,21,FALSE,FALSE,0.0284235633554913,0.0932892461617788,-0.0284235633554913,0.0202256987492243,-0.0202256987492243,TRUE,TRUE,FALSE,TRUE,FALSE
14,93,"By the People: National","btp03.olt1multi","14:9314","14:9314::btp03.olt1multi","income","9314",0.811862255845751,0.690396063602888,0.815922626427242,0.722680101027856,0.73290923088789,0.755314984917641,0.65,20,FALSE,FALSE,0.0224057540297509,0.0322840374249679,-0.0224057540297509,-0.00406037058149067,0.00406037058149067,0.811862255845751,0.690396063602888,0.815922626427242,0.722680101027856,0.73290923088789,0.755314984917641,0.65,20,FALSE,FALSE,0.0224057540297509,0.0322840374249679,-0.0224057540297509,-0.00406037058149067,0.00406037058149067,TRUE,TRUE,FALSE,FALSE,TRUE
14,93,"By the People: National","btp03.olt1multi","14:9315","14:9315::btp03.olt1multi","income","9315",0.740625023841858,0.746905519412114,0.769866079092026,0.797332882881165,0.745427755748524,0.790870105519014,0.764705882352941,17,FALSE,FALSE,-0.0454423497704899,-0.0504273634690505,0.0454423497704899,0.0292410552501678,-0.0292410552501678,0.740625023841858,0.746905519412114,0.769866079092026,0.797332882881165,0.745427755748524,0.790870105519014,0.764705882352941,17,FALSE,FALSE,-0.0454423497704899,-0.0504273634690505,0.0454423497704899,0.0292410552501678,-0.0292410552501678,FALSE,FALSE,TRUE,TRUE,FALSE
14,93,"By the People: National","btp03.olt1demo","14:9301","14:9301::btp03.olt1demo","income","9301",0.697777777910233,0.445833325386047,0.811111107468605,0.465277783572674,0.625793648617608,0.712301586355482,0.285714285714286,14,FALSE,FALSE,0.0865079377378736,0.0194444581866264,-0.0865079377378736,-0.113333329558372,0.113333329558372,0.697777777910233,0.445833325386047,0.811111107468605,0.465277783572674,0.625793648617608,0.712301586355482,0.285714285714286,14,FALSE,FALSE,0.0865079377378736,0.0194444581866264,-0.0865079377378736,-0.113333329558372,0.113333329558372,TRUE,TRUE,FALSE,FALSE,TRUE
14,93,"By the People: National","btp03.olt1demo","14:9302","14:9302::btp03.olt1demo","income","9302",0.566666660209497,0.609722226858139,0.593518510460854,0.622222222387791,0.583888886868954,0.604999995231628,0.4,10,FALSE,FALSE,-0.0211111083626747,-0.0124999955296516,0.0211111083626747,0.0268518502513567,-0.0268518502513567,0.566666660209497,0.609722226858139,0.593518510460854,0.622222222387791,0.583888886868954,0.604999995231628,0.4,10,FALSE,FALSE,-0.0211111083626747,-0.0124999955296516,0.0211111083626747,0.0268518502513567,-0.0268518502513567,FALSE,FALSE,TRUE,TRUE,FALSE
14,93,"By the People: National","btp03.olt1demo","14:9303","14:9303::btp03.olt1demo","income","9303",0.654166674241424,0.466358017590311,0.615277778357267,0.567283951573902,0.554738561896717,0.589869281824897,0.529411764705882,17,FALSE,FALSE,0.0351307199281804,0.100925933983591,-0.0351307199281804,0.0388888958841562,-0.0388888958841562,0.654166674241424,0.466358017590311,0.615277778357267,0.567283951573902,0.554738561896717,0.589869281824897,0.529411764705882,17,FALSE,FALSE,0.0351307199281804,0.100925933983591,-0.0351307199281804,0.0388888958841562,-0.0388888958841562,TRUE,TRUE,FALSE,TRUE,FALSE
14,93,"By the People: National","btp03.olt1demo","14:9304","14:9304::btp03.olt1demo","income","9304",0.668888884782791,0.661111116409302,0.486666670441627,0.664814829826355,0.664646465669979,0.583838393742388,0.545454545454545,11,FALSE,FALSE,-0.0808080719275908,0.00370371341705322,0.0808080719275908,0.182222214341164,-0.182222214341164,0.668888884782791,0.661111116409302,0.486666670441627,0.664814829826355,0.664646465669979,0.583838393742388,0.545454545454545,11,FALSE,FALSE,-0.0808080719275908,0.00370371341705322,0.0808080719275908,0.182222214341164,-0.182222214341164,FALSE,TRUE,TRUE,TRUE,FALSE
14,93,"By the People: National","btp03.olt1demo","14:9305","14:9305::btp03.olt1demo","income","9305",0.516666665673256,0.788888901472092,0.605000001192093,0.711111128330231,0.562037038306395,0.622685189048449,0.166666666666667,12,FALSE,FALSE,-0.060648150742054,0.077777773141861,0.060648150742054,0.0883333355188369,-0.0883333355188369,0.516666665673256,0.788888901472092,0.605000001192093,0.711111128330231,0.562037038306395,0.622685189048449,0.166666666666667,12,FALSE,FALSE,-0.060648150742054,0.077777773141861,0.060648150742054,0.0883333355188369,-0.0883333355188369,FALSE,TRUE,TRUE,TRUE,FALSE
14,93,"By the People: National","btp03.olt1demo","14:9306","14:9306::btp03.olt1demo","income","9306",0.562345675296254,0.504861112684011,0.614197529024548,0.577777776867151,0.535294116419904,0.59705882212695,0.470588235294118,17,FALSE,FALSE,0.0617647057070452,0.0729166641831398,-0.0617647057070452,-0.0518518537282944,0.0518518537282944,0.562345675296254,0.504861112684011,0.614197529024548,0.577777776867151,0.535294116419904,0.59705882212695,0.470588235294118,17,FALSE,FALSE,0.0617647057070452,0.0729166641831398,-0.0617647057070452,-0.0518518537282944,0.0518518537282944,TRUE,TRUE,FALSE,FALSE,TRUE
14,93,"By the People: National","btp03.olt1demo","14:9307","14:9307::btp03.olt1demo","income","9307",0.580555558204651,0.584027787670493,0.581666666269302,0.597619054572923,0.582098771300581,0.588235296747264,0.444444444444444,18,FALSE,FALSE,-0.00613652544668297,-0.0135912669024297,0.00613652544668297,0.00111110806465153,-0.00111110806465153,0.580555558204651,0.640476201261793,0.581666666269302,0.597619054572923,0.605228764169356,0.588235296747264,0.411764705882353,17,FALSE,FALSE,0.0169934674220927,0.04285714668887,-0.0169934674220927,0.00111110806465153,-0.00111110806465153,FALSE,FALSE,TRUE,TRUE,FALSE
14,93,"By the People: National","btp03.olt1demo","14:9308","14:9308::btp03.olt1demo","income","9308",0.532638881355524,0.695833320418994,0.612500004470348,0.753703693548838,0.602579355239868,0.673015871218273,0.428571428571429,14,FALSE,FALSE,-0.0704365159784045,-0.0578703731298447,0.0704365159784045,0.0798611231148243,-0.0798611231148243,0.532638881355524,0.695833320418994,0.612500004470348,0.753703693548838,0.602579355239868,0.673015871218273,0.428571428571429,14,FALSE,FALSE,-0.0704365159784045,-0.0578703731298447,0.0704365159784045,0.0798611231148243,-0.0798611231148243,FALSE,FALSE,TRUE,TRUE,FALSE
14,93,"By the People: National","btp03.olt1demo","14:9309","14:9309::btp03.olt1demo","income","9309",0.641269845621926,0.485999995470047,0.656349207673754,0.490000003576279,0.57657407472531,0.587037039299806,0.416666666666667,12,FALSE,FALSE,0.010462964574496,0.00400000810623169,-0.010462964574496,-0.0150793620518276,0.0150793620518276,0.641269845621926,0.485999995470047,0.656349207673754,0.490000003576279,0.57657407472531,0.587037039299806,0.416666666666667,12,FALSE,FALSE,0.010462964574496,0.00400000810623169,-0.010462964574496,-0.0150793620518276,0.0150793620518276,TRUE,TRUE,FALSE,FALSE,TRUE
14,93,"By the People: National","btp03.olt1demo","14:9310","14:9310::btp03.olt1demo","income","9310",0.596296303802066,0.622530859377649,0.642592582437727,0.729012346929974,0.609413581589858,0.685802464683851,0.5,18,FALSE,FALSE,-0.0763888830939929,-0.106481487552325,0.0763888830939929,0.0462962786356609,-0.0462962786356609,0.596296303802066,0.622530859377649,0.642592582437727,0.729012346929974,0.609413581589858,0.685802464683851,0.5,18,FALSE,FALSE,-0.0763888830939929,-0.106481487552325,0.0763888830939929,0.0462962786356609,-0.0462962786356609,FALSE,FALSE,TRUE,TRUE,FALSE
14,93,"By the People: National","btp03.olt1demo","14:9311","14:9311::btp03.olt1demo","income","9311",0.768518527348836,0.641013073570588,0.874074081579844,0.691666664446101,0.660138891637325,0.719027777016163,0.85,20,FALSE,FALSE,0.0588888853788375,0.0506535908755135,-0.0588888853788375,-0.105555554231008,0.105555554231008,0.768518527348836,0.641013073570588,0.874074081579844,0.691666664446101,0.660138891637325,0.719027777016163,0.85,20,FALSE,FALSE,0.0588888853788375,0.0506535908755135,-0.0588888853788375,-0.105555554231008,0.105555554231008,TRUE,TRUE,FALSE,FALSE,TRUE
14,93,"By the People: National","btp03.olt1demo","14:9312","14:9312::btp03.olt1demo","income","9312",0.536805551499128,0.568518522381783,0.486805554479361,0.571666671832402,0.557487923813903,0.542149761448736,0.652173913043478,23,FALSE,FALSE,0.0153381623651671,-0.00314814945061992,-0.0153381623651671,-0.0499999970197678,0.0499999970197678,0.536805551499128,0.568518522381783,0.486805554479361,0.571666671832402,0.557487923813903,0.542149761448736,0.652173913043478,23,FALSE,FALSE,0.0153381623651671,-0.00314814945061992,-0.0153381623651671,-0.0499999970197678,0.0499999970197678,TRUE,FALSE,FALSE,FALSE,TRUE
14,93,"By the People: National","btp03.olt1demo","14:9313","14:9313::btp03.olt1demo","income","9313",0.720833333830039,0.578395062022739,0.603796295821667,0.658024695184496,0.659788360198339,0.627037038405736,0.428571428571429,21,FALSE,FALSE,-0.0327513217926025,0.0796296331617568,0.0327513217926025,0.117037038008372,-0.117037038008372,0.720833333830039,0.578395062022739,0.603796295821667,0.658024695184496,0.659788360198339,0.627037038405736,0.428571428571429,21,FALSE,FALSE,-0.0327513217926025,0.0796296331617568,0.0327513217926025,0.117037038008372,-0.117037038008372,FALSE,TRUE,TRUE,TRUE,FALSE
14,93,"By the People: National","btp03.olt1demo","14:9314","14:9314::btp03.olt1demo","income","9314",0.601587304047176,0.57692308150805,0.632539689540863,0.667948718254383,0.585555559396744,0.655555558204651,0.65,20,FALSE,FALSE,0.0699999988079071,0.0910256367463332,-0.0699999988079071,-0.0309523854936872,0.0309523854936872,0.601587304047176,0.57692308150805,0.632539689540863,0.667948718254383,0.585555559396744,0.655555558204651,0.65,20,FALSE,FALSE,0.0699999988079071,0.0910256367463332,-0.0699999988079071,-0.0309523854936872,0.0309523854936872,TRUE,TRUE,FALSE,FALSE,TRUE
14,93,"By the People: National","btp03.olt1demo","14:9315","14:9315::btp03.olt1demo","income","9315",0.473611116409302,0.628205127440966,0.463888891041279,0.63034188747406,0.591830066021751,0.5911764765487,0.764705882352941,17,FALSE,FALSE,0.000653589473051164,-0.00213676003309393,-0.000653589473051164,-0.00972222536802292,0.00972222536802292,0.473611116409302,0.628205127440966,0.463888891041279,0.63034188747406,0.591830066021751,0.5911764765487,0.764705882352941,17,FALSE,FALSE,0.000653589473051164,-0.00213676003309393,-0.000653589473051164,-0.00972222536802292,0.00972222536802292,TRUE,FALSE,FALSE,FALSE,TRUE
14,93,"By the People: National","btp03.olt1forai1","14:9301","14:9301::btp03.olt1forai1","income","9301",0.444444444444444,0.5,0.55,0.5,0.461538461538462,0.535714285714286,0.285714285714286,14,FALSE,FALSE,-0.0741758241758242,0,0.0741758241758242,0.105555555555556,-0.105555555555556,0.444444444444444,0.5,0.5,0.5,0.461538461538462,0.5,0.307692307692308,13,FALSE,FALSE,-0.0384615384615385,0,0.0384615384615385,0.0555555555555556,-0.0555555555555556,FALSE,FALSE,TRUE,TRUE,FALSE
14,93,"By the People: National","btp03.olt1forai1","14:9302","14:9302::btp03.olt1forai1","income","9302",0.333333333333333,0.375,0.333333333333333,0.75,0.35,0.5,0.4,10,FALSE,FALSE,-0.15,-0.375,0.15,0,0,0.333333333333333,0.375,0.333333333333333,0.75,0.35,0.5,0.4,10,FALSE,FALSE,-0.15,-0.375,0.15,0,0,FALSE,FALSE,TRUE,FALSE,FALSE
14,93,"By the People: National","btp03.olt1forai1","14:9303","14:9303::btp03.olt1forai1","income","9303",0.3125,0.0625,0.4375,0.1875,0.1875,0.3125,0.529411764705882,17,FALSE,FALSE,0.125,0.125,-0.125,-0.125,0.125,0.3125,0.0714285714285714,0.4375,0.142857142857143,0.2,0.3,0.466666666666667,15,FALSE,FALSE,0.1,0.0714285714285714,-0.1,-0.125,0.125,TRUE,TRUE,FALSE,FALSE,TRUE
14,93,"By the People: National","btp03.olt1forai1","14:9304","14:9304::btp03.olt1forai1","income","9304",0.25,0.666666666666667,0.3,0.583333333333333,0.5,0.454545454545455,0.545454545454545,11,FALSE,FALSE,0.0454545454545455,0.0833333333333333,-0.0454545454545455,0.05,-0.05,0.25,0.666666666666667,0.25,0.583333333333333,0.5,0.45,0.6,10,FALSE,FALSE,0.05,0.0833333333333333,-0.05,0,0,TRUE,TRUE,FALSE,TRUE,FALSE
14,93,"By the People: National","btp03.olt1forai1","14:9305","14:9305::btp03.olt1forai1","income","9305",0.25,0.5,0.333333333333333,0,0.291666666666667,0.3,0.166666666666667,12,FALSE,FALSE,-0.0083333333333333,0.5,0.0083333333333333,0.0833333333333333,-0.0833333333333333,0.222222222222222,0.5,0.333333333333333,0,0.25,0.3,0.1,10,FALSE,FALSE,-0.05,0.5,0.05,0.111111111111111,-0.111111111111111,FALSE,TRUE,TRUE,TRUE,FALSE
14,93,"By the People: National","btp03.olt1forai1","14:9306","14:9306::btp03.olt1forai1","income","9306",0.142857142857143,0.1,0.1875,0.25,0.125,0.21875,0.470588235294118,17,FALSE,FALSE,0.09375,0.15,-0.09375,-0.0446428571428572,0.0446428571428572,0.0833333333333333,0.1,0.166666666666667,0.2,0.0909090909090909,0.181818181818182,0.454545454545455,11,FALSE,FALSE,-0.0909090909090909,-0.1,0.0909090909090909,0.0833333333333333,-0.0833333333333333,TRUE,TRUE,FALSE,FALSE,TRUE
14,93,"By the People: National","btp03.olt1forai1","14:9307","14:9307::btp03.olt1forai1","income","9307",0.3125,0.285714285714286,0.214285714285714,0.428571428571429,0.3,0.321428571428571,0.444444444444444,18,FALSE,FALSE,0.0214285714285715,0.142857142857143,-0.0214285714285715,0.0982142857142857,-0.0982142857142857,0.285714285714286,0.333333333333333,0.214285714285714,0.5,0.307692307692308,0.346153846153846,0.461538461538462,13,FALSE,FALSE,-0.0384615384615384,-0.166666666666667,0.0384615384615384,-0.0714285714285714,0.0714285714285714,TRUE,TRUE,FALSE,TRUE,FALSE
14,93,"By the People: National","btp03.olt1forai1","14:9308","14:9308::btp03.olt1forai1","income","9308",0.285714285714286,0.5,0.428571428571429,0.4,0.384615384615385,0.416666666666667,0.428571428571429,14,FALSE,FALSE,-0.032051282051282,0.1,0.032051282051282,0.142857142857143,-0.142857142857143,0.285714285714286,0.5,0.428571428571429,0.4,0.375,0.416666666666667,0.416666666666667,12,FALSE,FALSE,-0.0416666666666666,0.1,0.0416666666666666,0.142857142857143,-0.142857142857143,FALSE,TRUE,TRUE,TRUE,FALSE
14,93,"By the People: National","btp03.olt1forai1","14:9309","14:9309::btp03.olt1forai1","income","9309",0.285714285714286,0.25,0.5,0.5,0.277777777777778,0.5,0.416666666666667,12,FALSE,FALSE,0.222222222222222,0.25,-0.222222222222222,-0.214285714285714,0.214285714285714,0.285714285714286,0.25,0.5,0.5,0.277777777777778,0.5,0.222222222222222,9,FALSE,FALSE,0.222222222222222,0.25,-0.222222222222222,-0.214285714285714,0.214285714285714,TRUE,TRUE,FALSE,FALSE,TRUE
14,93,"By the People: National","btp03.olt1forai1","14:9310","14:9310::btp03.olt1forai1","income","9310",0.4375,0.285714285714286,0.6875,0.625,0.366666666666667,0.65625,0.5,18,FALSE,FALSE,0.289583333333333,0.339285714285714,-0.289583333333333,-0.25,0.25,0.428571428571429,0.285714285714286,0.714285714285714,0.571428571428571,0.357142857142857,0.642857142857143,0.5,14,FALSE,FALSE,0.285714285714286,0.285714285714286,-0.285714285714286,-0.285714285714286,0.285714285714286,TRUE,TRUE,FALSE,FALSE,TRUE
14,93,"By the People: National","btp03.olt1forai1","14:9311","14:9311::btp03.olt1forai1","income","9311",0.5,0.307692307692308,0.666666666666667,0.40625,0.34375,0.447368421052632,0.85,20,FALSE,FALSE,0.103618421052632,0.0985576923076923,-0.103618421052632,-0.166666666666667,0.166666666666667,0.5,0.307692307692308,0.666666666666667,0.384615384615385,0.34375,0.4375,0.8125,16,FALSE,FALSE,0.09375,0.0769230769230769,-0.09375,-0.166666666666667,0.166666666666667,TRUE,TRUE,FALSE,FALSE,TRUE
14,93,"By the People: National","btp03.olt1forai1","14:9312","14:9312::btp03.olt1forai1","income","9312",0.166666666666667,0.25,0.3125,0.461538461538462,0.222222222222222,0.404761904761905,0.652173913043478,23,FALSE,FALSE,-0.182539682539683,-0.211538461538462,0.182539682539683,0.145833333333333,-0.145833333333333,0.166666666666667,0.25,0.25,0.5,0.222222222222222,0.416666666666667,0.666666666666667,18,FALSE,FALSE,-0.194444444444444,-0.25,0.194444444444444,0.0833333333333333,-0.0833333333333333,FALSE,FALSE,TRUE,TRUE,FALSE
14,93,"By the People: National","btp03.olt1forai1","14:9313","14:9313::btp03.olt1forai1","income","9313",0.375,0.333333333333333,0.409090909090909,0.5,0.361111111111111,0.444444444444444,0.428571428571429,21,FALSE,FALSE,0.0833333333333333,0.166666666666667,-0.0833333333333333,-0.0340909090909091,0.0340909090909091,0.409090909090909,0.333333333333333,0.409090909090909,0.5,0.382352941176471,0.441176470588235,0.352941176470588,17,FALSE,FALSE,0.0588235294117647,0.166666666666667,-0.0588235294117647,0,0,TRUE,TRUE,FALSE,FALSE,TRUE
14,93,"By the People: National","btp03.olt1forai1","14:9314","14:9314::btp03.olt1forai1","income","9314",0.166666666666667,0.333333333333333,0.357142857142857,0.541666666666667,0.25,0.473684210526316,0.65,20,FALSE,FALSE,-0.223684210526316,-0.208333333333333,0.223684210526316,0.19047619047619,-0.19047619047619,0.166666666666667,0.4,0.333333333333333,0.6,0.272727272727273,0.454545454545455,0.454545454545455,11,FALSE,FALSE,-0.181818181818182,-0.2,0.181818181818182,0.166666666666667,-0.166666666666667,FALSE,FALSE,TRUE,TRUE,FALSE
14,93,"By the People: National","btp03.olt1forai1","14:9315","14:9315::btp03.olt1forai1","income","9315",0.25,0.318181818181818,0.166666666666667,0.25,0.3,0.233333333333333,0.764705882352941,17,FALSE,FALSE,0.0666666666666667,0.0681818181818182,-0.0666666666666667,-0.0833333333333333,0.0833333333333333,0.166666666666667,0.318181818181818,0.166666666666667,0.272727272727273,0.285714285714286,0.25,0.785714285714286,14,FALSE,FALSE,0.0357142857142857,0.0454545454545455,-0.0357142857142857,0,0,TRUE,TRUE,FALSE,FALSE,TRUE
14,93,"By the People: National","btp03.olt1global","14:9301","14:9301::btp03.olt1global","income","9301",0.541111114621162,0.579861111938953,0.561666660010815,0.744444459676743,0.552182542426246,0.613888888486794,0.285714285714286,14,FALSE,FALSE,-0.0617063460605485,-0.164583347737789,0.0617063460605485,0.0205555453896522,-0.0205555453896522,0.541111114621162,0.579861111938953,0.561666660010815,0.744444459676743,0.552182542426246,0.613888888486794,0.285714285714286,14,FALSE,FALSE,-0.0617063460605485,-0.164583347737789,0.0617063460605485,0.0205555453896522,-0.0205555453896522,FALSE,FALSE,TRUE,TRUE,FALSE
14,93,"By the People: National","btp03.olt1global","14:9302","14:9302::btp03.olt1global","income","9302",0.380555557707946,0.691666677594185,0.45925926665465,0.668750002980232,0.505000005662441,0.543055561184883,0.4,10,FALSE,FALSE,-0.0380555555224418,0.0229166746139526,0.0380555555224418,0.0787037089467049,-0.0787037089467049,0.380555557707946,0.691666677594185,0.45925926665465,0.668750002980232,0.505000005662441,0.543055561184883,0.4,10,FALSE,FALSE,-0.0380555555224418,0.0229166746139526,0.0380555555224418,0.0787037089467049,-0.0787037089467049,FALSE,TRUE,TRUE,TRUE,FALSE
14,93,"By the People: National","btp03.olt1global","14:9303","14:9303::btp03.olt1global","income","9303",0.448958341032267,0.505864199664858,0.556597234681249,0.510185192028681,0.47908497207305,0.532026153276948,0.529411764705882,17,FALSE,FALSE,-0.0529411812038982,-0.00432099236382377,0.0529411812038982,0.107638893648982,-0.107638893648982,0.448958341032267,0.505864199664858,0.556597234681249,0.510185192028681,0.47908497207305,0.532026153276948,0.529411764705882,17,FALSE,FALSE,-0.0529411812038982,-0.00432099236382377,0.0529411812038982,0.107638893648982,-0.107638893648982,FALSE,FALSE,TRUE,TRUE,FALSE
14,93,"By the People: National","btp03.olt1global","14:9304","14:9304::btp03.olt1global","income","9304",0.511666667461395,0.607407405972481,0.44888888001442,0.600000003973643,0.563888888467442,0.531313129446723,0.545454545454545,11,FALSE,FALSE,0.0325757590207186,0.00740740199883783,-0.0325757590207186,-0.0627777874469757,0.0627777874469757,0.511666667461395,0.607407405972481,0.44888888001442,0.600000003973643,0.563888888467442,0.531313129446723,0.545454545454545,11,FALSE,FALSE,0.0325757590207186,0.00740740199883783,-0.0325757590207186,-0.0627777874469757,0.0627777874469757,TRUE,TRUE,FALSE,FALSE,TRUE
14,93,"By the People: National","btp03.olt1global","14:9305","14:9305::btp03.olt1global","income","9305",0.432500003278255,0.469444453716278,0.535833331942558,0.511111125349998,0.438657411684593,0.531712964177132,0.166666666666667,12,FALSE,FALSE,-0.0930555524925391,-0.0416666716337204,0.0930555524925391,0.103333328664303,-0.103333328664303,0.432500003278255,0.469444453716278,0.535833331942558,0.511111125349998,0.438657411684593,0.531712964177132,0.166666666666667,12,FALSE,FALSE,-0.0930555524925391,-0.0416666716337204,0.0930555524925391,0.103333328664303,-0.103333328664303,FALSE,FALSE,TRUE,TRUE,FALSE
14,93,"By the People: National","btp03.olt1global","14:9306","14:9306::btp03.olt1global","income","9306",0.396296290887727,0.415763886645436,0.456481489870283,0.492361111566424,0.405457512420766,0.473366017727291,0.470588235294118,17,FALSE,FALSE,-0.0679085053065244,-0.0765972249209881,0.0679085053065244,0.0601851989825567,-0.0601851989825567,0.396296290887727,0.415763886645436,0.456481489870283,0.492361111566424,0.405457512420766,0.473366017727291,0.470588235294118,17,FALSE,FALSE,-0.0679085053065244,-0.0765972249209881,0.0679085053065244,0.0601851989825567,-0.0601851989825567,FALSE,FALSE,TRUE,TRUE,FALSE
14,93,"By the People: National","btp03.olt1global","14:9307","14:9307::btp03.olt1global","income","9307",0.433333338797092,0.460069444030523,0.48888888657093,0.473809525370598,0.445216052234173,0.482679737841382,0.444444444444444,18,FALSE,FALSE,-0.0374636856072089,-0.0137400813400745,0.0374636856072089,0.055555547773838,-0.055555547773838,0.433333338797092,0.492857141154153,0.48888888657093,0.473809525370598,0.457843139767647,0.482679737841382,0.411764705882353,17,FALSE,FALSE,-0.024836598073735,0.0190476157835552,0.024836598073735,0.055555547773838,-0.055555547773838,FALSE,FALSE,TRUE,TRUE,FALSE
14,93,"By the People: National","btp03.olt1global","14:9308","14:9308::btp03.olt1global","income","9308",0.507638894021511,0.585648154218992,0.535416666418314,0.650000000993411,0.541071434106146,0.584523809807641,0.428571428571429,14,FALSE,FALSE,-0.0434523757014956,-0.0643518467744191,0.0434523757014956,0.0277777723968029,-0.0277777723968029,0.507638894021511,0.585648154218992,0.535416666418314,0.650000000993411,0.541071434106146,0.584523809807641,0.428571428571429,14,FALSE,FALSE,-0.0434523757014956,-0.0643518467744191,0.0434523757014956,0.0277777723968029,-0.0277777723968029,FALSE,FALSE,TRUE,TRUE,FALSE
14,93,"By the People: National","btp03.olt1global","14:9309","14:9309::btp03.olt1global","income","9309",0.445238101695265,0.443888887763023,0.464285714285714,0.50111111998558,0.444675929223498,0.479629633327325,0.416666666666667,12,FALSE,FALSE,0.0349537041038274,0.0572222322225571,-0.0349537041038274,-0.0190476125904492,0.0190476125904492,0.445238101695265,0.443888887763023,0.464285714285714,0.50111111998558,0.444675929223498,0.479629633327325,0.416666666666667,12,FALSE,FALSE,0.0349537041038274,0.0572222322225571,-0.0349537041038274,-0.0190476125904492,0.0190476125904492,TRUE,TRUE,FALSE,FALSE,TRUE
14,93,"By the People: National","btp03.olt1global","14:9310","14:9310::btp03.olt1global","income","9310",0.55185185207261,0.46759260363049,0.606790125370026,0.573765440119637,0.50972222785155,0.590277782744832,0.5,18,FALSE,FALSE,0.0805555548932818,0.106172836489148,-0.0805555548932818,-0.0549382732974159,0.0549382732974159,0.55185185207261,0.46759260363049,0.606790125370026,0.573765440119637,0.50972222785155,0.590277782744832,0.5,18,FALSE,FALSE,0.0805555548932818,0.106172836489148,-0.0805555548932818,-0.0549382732974159,0.0549382732974159,TRUE,TRUE,FALSE,FALSE,TRUE
14,93,"By the People: National","btp03.olt1global","14:9311","14:9311::btp03.olt1global","income","9311",0.634259263674418,0.485392161151942,0.642592579126358,0.583986929234336,0.507722226530314,0.59277777671814,0.85,20,FALSE,FALSE,0.0850555501878262,0.0985947680823943,-0.0850555501878262,-0.00833331545193994,0.00833331545193994,0.634259263674418,0.485392161151942,0.642592579126358,0.583986929234336,0.507722226530314,0.59277777671814,0.85,20,FALSE,FALSE,0.0850555501878262,0.0985947680823943,-0.0850555501878262,-0.00833331545193994,0.00833331545193994,TRUE,TRUE,FALSE,FALSE,TRUE
14,93,"By the People: National","btp03.olt1global","14:9312","14:9312::btp03.olt1global","income","9312",0.409375010989606,0.566592594981194,0.452430563047528,0.549444446961085,0.511908217940641,0.515700487338978,0.652173913043478,23,FALSE,FALSE,-0.00379226939833688,0.0171481480201086,0.00379226939833688,0.0430555520579219,-0.0430555520579219,0.409375010989606,0.566592594981194,0.452430563047528,0.549444446961085,0.511908217940641,0.515700487338978,0.652173913043478,23,FALSE,FALSE,-0.00379226939833688,0.0171481480201086,0.00379226939833688,0.0430555520579219,-0.0430555520579219,FALSE,TRUE,TRUE,TRUE,FALSE
14,93,"By the People: National","btp03.olt1global","14:9313","14:9313::btp03.olt1global","income","9313",0.532870377103488,0.54984567893876,0.554166669646899,0.561728401316537,0.540145506461461,0.55740741179103,0.428571428571429,21,FALSE,FALSE,-0.0172619053295681,-0.0118827223777771,0.0172619053295681,0.0212962925434113,-0.0212962925434113,0.532870377103488,0.54984567893876,0.554166669646899,0.561728401316537,0.540145506461461,0.55740741179103,0.428571428571429,21,FALSE,FALSE,-0.0172619053295681,-0.0118827223777771,0.0172619053295681,0.0212962925434113,-0.0212962925434113,FALSE,FALSE,TRUE,TRUE,FALSE
14,93,"By the People: National","btp03.olt1global","14:9314","14:9314::btp03.olt1global","income","9314",0.42976191001279,0.483547015832021,0.503968257989202,0.541987180709839,0.46472222879529,0.528680557757616,0.65,20,FALSE,FALSE,-0.063958328962326,-0.0584401648778182,0.063958328962326,0.0742063479764121,-0.0742063479764121,0.42976191001279,0.483547015832021,0.503968257989202,0.541987180709839,0.46472222879529,0.528680557757616,0.65,20,FALSE,FALSE,-0.063958328962326,-0.0584401648778182,0.063958328962326,0.0742063479764121,-0.0742063479764121,FALSE,FALSE,TRUE,TRUE,FALSE
14,93,"By the People: National","btp03.olt1global","14:9315","14:9315::btp03.olt1global","income","9315",0.477083332836628,0.456623932489982,0.508333340287209,0.402991459919856,0.461437909042134,0.427777784712174,0.764705882352941,17,FALSE,FALSE,-0.0336601243299596,-0.0536324725701259,0.0336601243299596,-0.0312500074505806,0.0312500074505806,0.477083332836628,0.456623932489982,0.508333340287209,0.402991459919856,0.461437909042134,0.427777784712174,0.764705882352941,17,FALSE,FALSE,-0.0336601243299596,-0.0536324725701259,0.0336601243299596,-0.0312500074505806,0.0312500074505806,FALSE,FALSE,TRUE,FALSE,TRUE
14,93,"By the People: National","btp03.olt1trade","14:9301","14:9301::btp03.olt1trade","income","9301",0.5,0.333333333333333,0.7,0.5,0.45,0.642857142857143,0.285714285714286,14,FALSE,FALSE,0.192857142857143,0.166666666666667,-0.192857142857143,-0.2,0.2,0.5,0.333333333333333,0.571428571428571,0.333333333333333,0.45,0.5,0.3,10,FALSE,FALSE,0.0499999999999999,0,-0.0499999999999999,-0.0714285714285714,0.0714285714285714,TRUE,TRUE,FALSE,FALSE,TRUE
14,93,"By the People: National","btp03.olt1trade","14:9302","14:9302::btp03.olt1trade","income","9302",0.5,0.666666666666667,0.7,0.666666666666667,0.583333333333333,0.6875,0.4,10,FALSE,FALSE,-0.104166666666667,0,0.104166666666667,0.2,-0.2,0.5,0.666666666666667,0.5,0.666666666666667,0.583333333333333,0.583333333333333,0.5,6,FALSE,TRUE,0,0,0,0,0,FALSE,FALSE,TRUE,TRUE,FALSE
14,93,"By the People: National","btp03.olt1trade","14:9303","14:9303::btp03.olt1trade","income","9303",0.5625,0.25,0.642857142857143,0.214285714285714,0.458333333333333,0.428571428571429,0.529411764705882,17,FALSE,FALSE,-0.0297619047619048,-0.0357142857142857,0.0297619047619048,-0.0803571428571429,0.0803571428571429,0.642857142857143,0.25,0.642857142857143,0.375,0.5,0.545454545454545,0.363636363636364,11,FALSE,FALSE,0.0454545454545454,0.125,-0.0454545454545454,0,0,FALSE,FALSE,TRUE,FALSE,TRUE
14,93,"By the People: National","btp03.olt1trade","14:9304","14:9304::btp03.olt1trade","income","9304",0.7,0.166666666666667,0.625,0.5,0.5,0.55,0.545454545454545,11,FALSE,FALSE,0.05,0.333333333333333,-0.05,0.075,-0.075,0.625,0.166666666666667,0.625,0.166666666666667,0.428571428571429,0.428571428571429,0.428571428571429,7,FALSE,TRUE,0,0,0,0,0,TRUE,TRUE,FALSE,TRUE,FALSE
14,93,"By the People: National","btp03.olt1trade","14:9305","14:9305::btp03.olt1trade","income","9305",0.5,0.25,0.714285714285714,0.75,0.416666666666667,0.722222222222222,0.166666666666667,12,FALSE,FALSE,0.305555555555556,0.5,-0.305555555555556,-0.214285714285714,0.214285714285714,0.5,0.25,0.75,0.75,0.416666666666667,0.75,0.333333333333333,6,FALSE,FALSE,0.333333333333333,0.5,-0.333333333333333,-0.25,0.25,TRUE,TRUE,FALSE,FALSE,TRUE
14,93,"By the People: National","btp03.olt1trade","14:9306","14:9306::btp03.olt1trade","income","9306",0.3,0.3,0.583333333333333,0.416666666666667,0.3,0.5,0.470588235294118,17,TRUE,FALSE,NA,NA,NA,NA,NA,0.5,0.375,0.833333333333333,0.5,0.428571428571429,0.642857142857143,0.571428571428571,7,FALSE,FALSE,0.214285714285714,0.125,-0.214285714285714,-0.333333333333333,0.333333333333333,NA,NA,NA,NA,NA
14,93,"By the People: National","btp03.olt1trade","14:9307","14:9307::btp03.olt1trade","income","9307",0.277777777777778,0.25,0.166666666666667,0.5,0.269230769230769,0.269230769230769,0.444444444444444,18,FALSE,TRUE,0,0.25,0,0.111111111111111,-0.111111111111111,0.1875,0.333333333333333,0.125,0.666666666666667,0.227272727272727,0.272727272727273,0.272727272727273,11,FALSE,FALSE,-0.0454545454545454,-0.333333333333333,0.0454545454545454,-0.0625,0.0625,FALSE,TRUE,FALSE,TRUE,FALSE
14,93,"By the People: National","btp03.olt1trade","14:9308","14:9308::btp03.olt1trade","income","9308",0.75,0.583333333333333,0.625,0.75,0.666666666666667,0.6875,0.428571428571429,14,FALSE,FALSE,0.0208333333333334,0.166666666666667,-0.0208333333333334,0.125,-0.125,0.875,0.75,0.625,0.75,0.8125,0.6875,0.5,8,FALSE,FALSE,-0.125,0,0.125,0.25,-0.25,TRUE,TRUE,FALSE,TRUE,FALSE
14,93,"By the People: National","btp03.olt1trade","14:9309","14:9309::btp03.olt1trade","income","9309",0.333333333333333,0.25,0.714285714285714,0.25,0.3125,0.611111111111111,0.416666666666667,12,FALSE,FALSE,0.298611111111111,0,-0.298611111111111,-0.380952380952381,0.380952380952381,0.333333333333333,0.25,0.75,0.25,0.3125,0.625,0.25,8,FALSE,FALSE,0.3125,0,-0.3125,-0.416666666666667,0.416666666666667,TRUE,FALSE,FALSE,FALSE,TRUE
14,93,"By the People: National","btp03.olt1trade","14:9310","14:9310::btp03.olt1trade","income","9310",0.5,0.2,0.5625,0.583333333333333,0.384615384615385,0.571428571428571,0.5,18,FALSE,FALSE,0.186813186813187,0.383333333333333,-0.186813186813187,-0.0625,0.0625,0.5,0.2,0.5,0.5,0.375,0.5,0.416666666666667,12,FALSE,FALSE,0.125,0.3,-0.125,0,0,TRUE,TRUE,FALSE,FALSE,TRUE
14,93,"By the People: National","btp03.olt1trade","14:9311","14:9311::btp03.olt1trade","income","9311",1,0.5,1,0.615384615384615,0.55,0.642857142857143,0.85,20,FALSE,FALSE,0.0928571428571429,0.115384615384615,-0.0928571428571429,0,0,1,0.5625,1,0.625,0.611111111111111,0.666666666666667,0.888888888888889,9,FALSE,FALSE,0.0555555555555555,0.0625,-0.0555555555555555,0,0,TRUE,TRUE,FALSE,FALSE,FALSE
14,93,"By the People: National","btp03.olt1trade","14:9312","14:9312::btp03.olt1trade","income","9312",0.8,0.3,0.833333333333333,0.5,0.55,0.633333333333333,0.652173913043478,23,FALSE,FALSE,0.0833333333333333,0.2,-0.0833333333333333,-0.0333333333333333,0.0333333333333333,1,0.375,1,0.625,0.6875,0.8125,0.5,8,FALSE,FALSE,0.125,0.25,-0.125,0,0,TRUE,TRUE,FALSE,FALSE,TRUE
14,93,"By the People: National","btp03.olt1trade","14:9313","14:9313::btp03.olt1trade","income","9313",0.5,0.75,0.590909090909091,0.666666666666667,0.538461538461538,0.607142857142857,0.428571428571429,21,FALSE,FALSE,-0.0686813186813187,0.0833333333333334,0.0686813186813187,0.0909090909090909,-0.0909090909090909,0.45,0.75,0.6,0.75,0.5,0.625,0.166666666666667,12,FALSE,FALSE,-0.125,0,0.125,0.15,-0.15,FALSE,TRUE,TRUE,TRUE,FALSE
14,93,"By the People: National","btp03.olt1trade","14:9314","14:9314::btp03.olt1trade","income","9314",0.2,0.5,0.333333333333333,0.5,0.35,0.423076923076923,0.65,20,FALSE,FALSE,-0.073076923076923,0,0.073076923076923,0.133333333333333,-0.133333333333333,0.2,0.666666666666667,0.4,0.666666666666667,0.375,0.5,0.375,8,FALSE,FALSE,-0.125,0,0.125,0.2,-0.2,FALSE,FALSE,TRUE,TRUE,FALSE
14,93,"By the People: National","btp03.olt1trade","14:9315","14:9315::btp03.olt1trade","income","9315",0.375,0.5,0.333333333333333,0.333333333333333,0.4375,0.333333333333333,0.764705882352941,17,FALSE,FALSE,0.104166666666667,0.166666666666667,-0.104166666666667,-0.0416666666666666,0.0416666666666666,0.333333333333333,0.333333333333333,0.333333333333333,0,0.333333333333333,0.166666666666667,0.5,6,TRUE,FALSE,NA,NA,NA,NA,NA,TRUE,TRUE,FALSE,FALSE,TRUE
