"poll_id","source_poll_id","poll_name","issue_id","group_key","pair_id","dimension","group_id","dis_t1","adv_t1","dis_t2","adv_t2","grp_t1","grp_t2","disadvantaged_share","n_eligible","reference_tie","no_group_movement","ext_grp","ext_dis","ext_grp_mir","ext_adv_mir","ext_adv","dis_t1_paired","adv_t1_paired","dis_t2_paired","adv_t2_paired","grp_t1_paired","grp_t2_paired","disadvantaged_share_paired","n_eligible_paired","reference_tie_paired","no_group_movement_paired","ext_grp_paired","ext_dis_paired","ext_grp_mir_paired","ext_adv_mir_paired","ext_adv_paired","freqgrp_grp","freqdis_grp","freqgrp_mir","freqadv_mir","freqadv_grp"
12,91,"New Haven","nh.t1manvol","12:9101","12:9101::nh.t1manvol","triple","9101",0.4375,0.5625,0.03125,0.4375,0.46875,0.166666666666667,0.75,4,FALSE,FALSE,-0.302083333333333,-0.40625,0.302083333333333,0.125,-0.125,0.375,0.5625,0.03125,0.4375,0.4375,0.166666666666667,0.666666666666667,3,FALSE,FALSE,-0.270833333333333,-0.34375,0.270833333333333,0.125,-0.125,FALSE,FALSE,TRUE,TRUE,FALSE
12,91,"New Haven","nh.t1manvol","12:9104","12:9104::nh.t1manvol","triple","9104",0.464285714285714,0.34375,0.330357142857143,0.34375,0.4375,0.333333333333333,0.777777777777778,9,FALSE,FALSE,0.104166666666667,0.133928571428571,-0.104166666666667,0,0,0.464285714285714,0.34375,0.330357142857143,0.34375,0.4375,0.333333333333333,0.777777777777778,9,FALSE,FALSE,0.104166666666667,0.133928571428571,-0.104166666666667,0,0,TRUE,TRUE,FALSE,FALSE,FALSE
12,91,"New Haven","nh.t1manvol","12:9108","12:9108::nh.t1manvol","triple","9108",0.4,0.520833333333333,0.375,0.4375,0.4453125,0.3984375,0.625,8,FALSE,FALSE,-0.046875,-0.025,0.046875,0.0833333333333334,-0.0833333333333334,0.4,0.520833333333333,0.375,0.4375,0.4453125,0.3984375,0.625,8,FALSE,FALSE,-0.046875,-0.025,0.046875,0.0833333333333334,-0.0833333333333334,FALSE,FALSE,TRUE,TRUE,FALSE
12,91,"New Haven","nh.t1manvol","12:9109","12:9109::nh.t1manvol","triple","9109",0.446428571428571,0.1875,0.321428571428571,0.375,0.4140625,0.328125,0.875,8,FALSE,FALSE,0.0859375,0.125,-0.0859375,0.1875,-0.1875,0.446428571428571,0.1875,0.321428571428571,0.375,0.4140625,0.328125,0.875,8,FALSE,FALSE,0.0859375,0.125,-0.0859375,0.1875,-0.1875,TRUE,TRUE,FALSE,TRUE,FALSE
12,91,"New Haven","nh.t1manvol","12:9110","12:9110::nh.t1manvol","triple","9110",0.416666666666667,0.5,0.125,0.5,0.4375,0.21875,0.8,5,FALSE,FALSE,-0.21875,-0.291666666666667,0.21875,0,0,0.3125,0.5,0.0625,0.5,0.375,0.208333333333333,0.666666666666667,3,FALSE,FALSE,-0.166666666666667,-0.25,0.166666666666667,0,0,FALSE,FALSE,TRUE,FALSE,FALSE
12,91,"New Haven","nh.t1manvol","12:9111","12:9111::nh.t1manvol","triple","9111",0.375,0.125,0.171875,0.125,0.34375,0.166666666666667,0.9,10,FALSE,FALSE,0.177083333333333,0.203125,-0.177083333333333,0,0,0.375,0.125,0.229166666666667,0.125,0.339285714285714,0.214285714285714,0.857142857142857,7,FALSE,FALSE,0.125,0.145833333333333,-0.125,0,0,TRUE,TRUE,FALSE,FALSE,FALSE
12,91,"New Haven","nh.t1manvol","12:9112","12:9112::nh.t1manvol","triple","9112",0.46875,0.0625,0.3125,0,0.3875,0.260416666666667,0.833333333333333,6,FALSE,FALSE,0.127083333333333,0.15625,-0.127083333333333,-0.0625,0.0625,0.46875,0.0625,0.265625,0,0.3875,0.2125,0.8,5,FALSE,FALSE,0.175,0.203125,-0.175,-0.0625,0.0625,TRUE,TRUE,FALSE,FALSE,TRUE
12,91,"New Haven","nh.t1manvol","12:9114","12:9114::nh.t1manvol","triple","9114",0.46875,0.375,0.390625,0.5625,0.4375,0.447916666666667,0.714285714285714,7,FALSE,FALSE,-0.0104166666666667,0.078125,0.0104166666666667,0.1875,-0.1875,0.46875,0.375,0.390625,0.5625,0.4375,0.447916666666667,0.666666666666667,6,FALSE,FALSE,-0.0104166666666667,0.078125,0.0104166666666667,0.1875,-0.1875,FALSE,TRUE,TRUE,TRUE,FALSE
12,91,"New Haven","nh.t1endexp","12:9101","12:9101::nh.t1endexp","triple","9101",0.791666666666667,0.5,0.9375,0.875,0.71875,0.916666666666667,0.75,4,FALSE,FALSE,-0.197916666666667,-0.145833333333333,0.197916666666667,0.375,-0.375,0.875,0.5,0.9375,0.875,0.75,0.916666666666667,0.666666666666667,3,FALSE,FALSE,-0.166666666666667,-0.0625,0.166666666666667,0.375,-0.375,FALSE,FALSE,TRUE,TRUE,FALSE
12,91,"New Haven","nh.t1endexp","12:9104","12:9104::nh.t1endexp","triple","9104",0.75,0.75,0.725,0.9375,0.75,0.785714285714286,0.777777777777778,9,TRUE,FALSE,NA,NA,NA,NA,NA,0.825,0.75,0.725,0.9375,0.803571428571429,0.785714285714286,0.714285714285714,7,FALSE,FALSE,0.0178571428571429,0.1,-0.0178571428571429,0.1875,-0.1875,NA,NA,NA,NA,NA
12,91,"New Haven","nh.t1endexp","12:9108","12:9108::nh.t1endexp","triple","9108",0.9,0.208333333333333,0.675,0.208333333333333,0.640625,0.5,0.625,8,FALSE,FALSE,0.140625,0.225,-0.140625,0,0,0.9,0.208333333333333,0.675,0.208333333333333,0.640625,0.5,0.625,8,FALSE,FALSE,0.140625,0.225,-0.140625,0,0,TRUE,TRUE,FALSE,FALSE,FALSE
12,91,"New Haven","nh.t1endexp","12:9109","12:9109::nh.t1endexp","triple","9109",0.714285714285714,0.875,0.678571428571429,1,0.734375,0.71875,0.875,8,FALSE,FALSE,-0.015625,-0.0357142857142857,0.015625,-0.125,0.125,0.714285714285714,0.875,0.678571428571429,1,0.734375,0.71875,0.875,8,FALSE,FALSE,-0.015625,-0.0357142857142857,0.015625,-0.125,0.125,FALSE,FALSE,TRUE,FALSE,TRUE
12,91,"New Haven","nh.t1endexp","12:9110","12:9110::nh.t1endexp","triple","9110",0.78125,0.625,0.6875,0.875,0.75,0.725,0.8,5,FALSE,FALSE,0.025,0.09375,-0.025,0.25,-0.25,0.78125,0.625,0.6875,0.875,0.75,0.725,0.8,5,FALSE,FALSE,0.025,0.09375,-0.025,0.25,-0.25,TRUE,TRUE,FALSE,TRUE,FALSE
12,91,"New Haven","nh.t1endexp","12:9111","12:9111::nh.t1endexp","triple","9111",0.8125,0.875,0.791666666666667,1,0.819444444444444,0.8125,0.9,10,FALSE,FALSE,-0.00694444444444442,-0.0208333333333334,0.00694444444444442,-0.125,0.125,0.8125,0.875,0.78125,1,0.819444444444444,0.805555555555556,0.888888888888889,9,FALSE,FALSE,-0.0138888888888888,-0.03125,0.0138888888888888,-0.125,0.125,FALSE,FALSE,TRUE,FALSE,TRUE
12,91,"New Haven","nh.t1endexp","12:9112","12:9112::nh.t1endexp","triple","9112",0.9,1,0.875,1,0.916666666666667,0.895833333333333,0.833333333333333,6,FALSE,FALSE,-0.0208333333333333,-0.025,0.0208333333333333,0,0,0.9,1,0.875,1,0.916666666666667,0.895833333333333,0.833333333333333,6,FALSE,FALSE,-0.0208333333333333,-0.025,0.0208333333333333,0,0,FALSE,FALSE,TRUE,FALSE,FALSE
12,91,"New Haven","nh.t1endexp","12:9114","12:9114::nh.t1endexp","triple","9114",0.96875,1,0.9375,0.0625,0.979166666666667,0.645833333333333,0.714285714285714,7,FALSE,FALSE,-0.333333333333333,-0.03125,0.333333333333333,0.9375,-0.9375,0.96875,1,0.9375,0.0625,0.979166666666667,0.645833333333333,0.666666666666667,6,FALSE,FALSE,-0.333333333333333,-0.03125,0.333333333333333,0.9375,-0.9375,FALSE,FALSE,TRUE,TRUE,FALSE
13,92,"National Issues Convention 2","nic2.t1envir","13:9201","13:9201::nic2.t1envir","triple","9201",0.892592589060465,0.625,0.902777771155039,0.841666658719381,0.825694441795349,0.887499993046125,0.75,12,FALSE,FALSE,-0.0618055512507757,-0.010185182094574,0.0618055512507757,0.216666658719381,-0.216666658719381,0.892592589060465,0.625,0.902777771155039,0.841666658719381,0.825694441795349,0.887499993046125,0.75,12,FALSE,FALSE,-0.0618055512507757,-0.010185182094574,0.0618055512507757,0.216666658719381,-0.216666658719381,FALSE,FALSE,TRUE,TRUE,FALSE
13,92,"National Issues Convention 2","nic2.t1envir","13:9202","13:9202::nic2.t1envir","triple","9202",0.840476189340864,0.875,0.753571427294186,0.949999988079071,0.84277777671814,0.766666664679845,0.933333333333333,15,FALSE,FALSE,-0.0761111120382946,-0.0869047620466777,0.0761111120382946,-0.074999988079071,0.074999988079071,0.840476189340864,0.875,0.753571427294186,0.949999988079071,0.84277777671814,0.766666664679845,0.933333333333333,15,FALSE,FALSE,-0.0761111120382946,-0.0869047620466777,0.0761111120382946,-0.074999988079071,0.074999988079071,FALSE,FALSE,TRUE,FALSE,TRUE
13,92,"National Issues Convention 2","nic2.t1envir","13:9203","13:9203::nic2.t1envir","triple","9203",0.785416671385368,0.731250000186265,0.789583335320155,0.756250001490116,0.771875003585592,0.781250001862645,0.75,16,FALSE,FALSE,-0.00937499827705324,-0.00416666393478704,0.00937499827705324,0.0250000013038516,-0.0250000013038516,0.785416671385368,0.731250000186265,0.789583335320155,0.756250001490116,0.771875003585592,0.781250001862645,0.75,16,FALSE,FALSE,-0.00937499827705324,-0.00416666393478704,0.00937499827705324,0.0250000013038516,-0.0250000013038516,FALSE,FALSE,TRUE,TRUE,FALSE
13,92,"National Issues Convention 2","nic2.t1envir","13:9204","13:9204::nic2.t1envir","triple","9204",0.775000005960464,0.75,0.716666666169961,0.850000023841858,0.77307692857889,0.726923078298569,0.923076923076923,13,FALSE,FALSE,0.0461538502803216,0.0583333397905031,-0.0461538502803216,0.100000023841858,-0.100000023841858,0.775000005960464,0.75,0.716666666169961,0.850000023841858,0.77307692857889,0.726923078298569,0.923076923076923,13,FALSE,FALSE,0.0461538502803216,0.0583333397905031,-0.0461538502803216,0.100000023841858,-0.100000023841858,TRUE,TRUE,FALSE,TRUE,FALSE
13,92,"National Issues Convention 2","nic2.t1envir","13:9205","13:9205::nic2.t1envir","triple","9205",0.840277781089147,0.100000001490116,0.852083335320155,0.174999997019768,0.783333336504606,0.80000000160474,0.923076923076923,13,FALSE,FALSE,-0.0166666651001343,-0.0118055542310078,0.0166666651001343,0.0749999955296516,-0.0749999955296516,0.840277781089147,0.100000001490116,0.852083335320155,0.174999997019768,0.783333336504606,0.80000000160474,0.923076923076923,13,FALSE,FALSE,-0.0166666651001343,-0.0118055542310078,0.0166666651001343,0.0749999955296516,-0.0749999955296516,FALSE,FALSE,TRUE,TRUE,FALSE
13,92,"National Issues Convention 2","nic2.t1envir","13:9206","13:9206::nic2.t1envir","triple","9206",0.825000004334883,0.100000001490116,0.834090915593234,0.300000011920929,0.764583337431153,0.789583340287209,0.916666666666667,12,FALSE,FALSE,-0.0250000028560559,-0.00909091125835071,0.0250000028560559,0.200000010430813,-0.200000010430813,0.825000004334883,0.100000001490116,0.834090915593234,0.300000011920929,0.764583337431153,0.789583340287209,0.916666666666667,12,FALSE,FALSE,-0.0250000028560559,-0.00909091125835071,0.0250000028560559,0.200000010430813,-0.200000010430813,FALSE,FALSE,TRUE,TRUE,FALSE
13,92,"National Issues Convention 2","nic2.t1envir","13:9208","13:9208::nic2.t1envir","triple","9208",0.695000004768372,0.5625,0.727500008046627,0.787500023841858,0.67291667064031,0.737500010679165,0.833333333333333,12,FALSE,FALSE,-0.0645833400388558,-0.0325000032782555,0.0645833400388558,0.225000023841858,-0.225000023841858,0.695000004768372,0.5625,0.727500008046627,0.787500023841858,0.67291667064031,0.737500010679165,0.833333333333333,12,FALSE,FALSE,-0.0645833400388558,-0.0325000032782555,0.0645833400388558,0.225000023841858,-0.225000023841858,FALSE,FALSE,TRUE,TRUE,FALSE
13,92,"National Issues Convention 2","nic2.t1envir","13:9209","13:9209::nic2.t1envir","triple","9209",0.707291670143604,0.78125,0.665624998509884,0.706250004470348,0.731944446762403,0.679166667163372,0.666666666666667,12,FALSE,FALSE,-0.0527777795990308,-0.0416666716337204,0.0527777795990308,0.0749999955296516,-0.0749999955296516,0.707291670143604,0.78125,0.665624998509884,0.706250004470348,0.731944446762403,0.679166667163372,0.666666666666667,12,FALSE,FALSE,-0.0527777795990308,-0.0416666716337204,0.0527777795990308,0.0749999955296516,-0.0749999955296516,FALSE,FALSE,TRUE,TRUE,FALSE
13,92,"National Issues Convention 2","nic2.t1envir","13:9211","13:9211::nic2.t1envir","triple","9211",0.808333331346512,0.224999994039536,0.749166662991047,0.375,0.755303027954969,0.715151511810043,0.909090909090909,11,FALSE,FALSE,0.0401515161449258,0.0591666683554649,-0.0401515161449258,0.150000005960464,-0.150000005960464,0.808333331346512,0.224999994039536,0.749166662991047,0.375,0.755303027954969,0.715151511810043,0.909090909090909,11,FALSE,FALSE,0.0401515161449258,0.0591666683554649,-0.0401515161449258,0.150000005960464,-0.150000005960464,TRUE,TRUE,FALSE,TRUE,FALSE
13,92,"National Issues Convention 2","nic2.t1envir","13:9213","13:9213::nic2.t1envir","triple","9213",0.689743599066368,0.75,0.703846156597137,0.725000023841858,0.694047627704484,0.705357147114617,0.928571428571429,14,FALSE,FALSE,0.0113095194101334,0.0141025575307699,-0.0113095194101334,0.0249999761581421,-0.0249999761581421,0.689743599066368,0.75,0.703846156597137,0.725000023841858,0.694047627704484,0.705357147114617,0.928571428571429,14,FALSE,FALSE,0.0113095194101334,0.0141025575307699,-0.0113095194101334,0.0249999761581421,-0.0249999761581421,TRUE,TRUE,FALSE,TRUE,FALSE
13,92,"National Issues Convention 2","nic2.t1envir","13:9214","13:9214::nic2.t1envir","triple","9214",0.796527780592442,0.958333333333333,0.796527780592442,0.975000003973643,0.82888889114062,0.832222225268682,0.8,15,FALSE,FALSE,0.00333333412806192,0,-0.00333333412806192,-0.0166666706403096,0.0166666706403096,0.796527780592442,0.958333333333333,0.796527780592442,0.975000003973643,0.82888889114062,0.832222225268682,0.8,15,FALSE,FALSE,0.00333333412806192,0,-0.00333333412806192,-0.0166666706403096,0.0166666706403096,TRUE,FALSE,FALSE,FALSE,TRUE
13,92,"National Issues Convention 2","nic2.t1envir","13:9215","13:9215::nic2.t1envir","triple","9215",0.79750000834465,0.831249997019768,0.734999993443489,0.887500002980232,0.807142862251827,0.778571424739701,0.714285714285714,14,FALSE,FALSE,-0.0285714375121253,-0.0625000149011612,0.0285714375121253,-0.0562500059604645,0.0562500059604645,0.79750000834465,0.831249997019768,0.734999993443489,0.887500002980232,0.807142862251827,0.778571424739701,0.714285714285714,14,FALSE,FALSE,-0.0285714375121253,-0.0625000149011612,0.0285714375121253,-0.0562500059604645,0.0562500059604645,FALSE,FALSE,TRUE,FALSE,TRUE
13,92,"National Issues Convention 2","nic2.t1envir","13:9216","13:9216::nic2.t1envir","triple","9216",0.903472229838371,0.450000002980232,0.893750001986822,0.599999994039536,0.838690483144351,0.851785715137209,0.857142857142857,14,FALSE,FALSE,-0.0130952319928578,0.00972222785154975,0.0130952319928578,0.149999991059303,-0.149999991059303,0.903472229838371,0.450000002980232,0.893750001986822,0.599999994039536,0.838690483144351,0.851785715137209,0.857142857142857,14,FALSE,FALSE,-0.0130952319928578,0.00972222785154975,0.0130952319928578,0.149999991059303,-0.149999991059303,FALSE,TRUE,TRUE,TRUE,FALSE
13,92,"National Issues Convention 2","nic2.t1envir","13:9217","13:9217::nic2.t1envir","triple","9217",0.732500004768372,0.825000017881393,0.770000004768372,0.787500023841858,0.747916673620542,0.772916674613953,0.833333333333333,12,FALSE,FALSE,0.0250000009934107,0.0375,-0.0250000009934107,0.0374999940395355,-0.0374999940395355,0.732500004768372,0.825000017881393,0.770000004768372,0.787500023841858,0.747916673620542,0.772916674613953,0.833333333333333,12,FALSE,FALSE,0.0250000009934107,0.0375,-0.0250000009934107,0.0374999940395355,-0.0374999940395355,TRUE,TRUE,FALSE,TRUE,FALSE
13,92,"National Issues Convention 2","nic2.t1envir","13:9218","13:9218::nic2.t1envir","triple","9218",0.748611109952132,0.875,0.75208333445092,0.899999976158142,0.758333332263506,0.763461537659168,0.923076923076923,13,FALSE,FALSE,0.00512820539566183,0.00347222449878859,-0.00512820539566183,-0.0249999761581421,0.0249999761581421,0.748611109952132,0.875,0.75208333445092,0.899999976158142,0.758333332263506,0.763461537659168,0.923076923076923,13,FALSE,FALSE,0.00512820539566183,0.00347222449878859,-0.00512820539566183,-0.0249999761581421,0.0249999761581421,TRUE,TRUE,FALSE,FALSE,TRUE
13,92,"National Issues Convention 2","nic2.t1envir","13:9219","13:9219::nic2.t1envir","triple","9219",0.763095234121595,0.800000011920929,0.778571428997176,0.899999976158142,0.765555552641551,0.786666665474574,0.933333333333333,15,FALSE,FALSE,0.021111112833023,0.0154761948755809,-0.021111112833023,-0.0999999642372131,0.0999999642372131,0.763095234121595,0.800000011920929,0.778571428997176,0.899999976158142,0.765555552641551,0.786666665474574,0.933333333333333,15,FALSE,FALSE,0.021111112833023,0.0154761948755809,-0.021111112833023,-0.0999999642372131,0.0999999642372131,TRUE,TRUE,FALSE,FALSE,TRUE
13,92,"National Issues Convention 2","nic2.t1envir","13:9220","13:9220::nic2.t1envir","triple","9220",0.880555560191472,0.887499988079071,0.792361112932364,0.900000005960464,0.881547621318272,0.807738097650664,0.857142857142857,14,FALSE,FALSE,-0.073809523667608,-0.0881944472591083,0.073809523667608,-0.0125000178813934,0.0125000178813934,0.880555560191472,0.887499988079071,0.792361112932364,0.900000005960464,0.881547621318272,0.807738097650664,0.857142857142857,14,FALSE,FALSE,-0.073809523667608,-0.0881944472591083,0.073809523667608,-0.0125000178813934,0.0125000178813934,FALSE,FALSE,TRUE,FALSE,TRUE
13,92,"National Issues Convention 2","nic2.t1envir","13:9221","13:9221::nic2.t1envir","triple","9221",0.727500009536743,0.841666678587596,0.732500000298023,0.875000019868215,0.753846163933094,0.765384620198837,0.769230769230769,13,FALSE,FALSE,0.0115384562657429,0.00499999076127999,-0.0115384562657429,-0.0333333412806194,0.0333333412806194,0.727500009536743,0.841666678587596,0.732500000298023,0.875000019868215,0.753846163933094,0.765384620198837,0.769230769230769,13,FALSE,FALSE,0.0115384562657429,0.00499999076127999,-0.0115384562657429,-0.0333333412806194,0.0333333412806194,TRUE,TRUE,FALSE,FALSE,TRUE
13,92,"National Issues Convention 2","nic2.t1envir","13:9222","13:9222::nic2.t1envir","triple","9222",0.805555555555556,1,0.799999998675452,0.800000011920929,0.825,0.8,0.9,10,FALSE,FALSE,-0.0249999999999999,-0.00555555688010323,0.0249999999999999,0.199999988079071,-0.199999988079071,0.805555555555556,1,0.799999998675452,0.800000011920929,0.825,0.8,0.9,10,FALSE,FALSE,-0.0249999999999999,-0.00555555688010323,0.0249999999999999,0.199999988079071,-0.199999988079071,FALSE,FALSE,TRUE,TRUE,FALSE
13,92,"National Issues Convention 2","nic2.t1envir","13:9223","13:9223::nic2.t1envir","triple","9223",0.740151510997252,0.808333317438761,0.730303024703806,0.775000015894572,0.754761898091861,0.739880951387542,0.785714285714286,14,FALSE,FALSE,-0.0148809467043196,-0.00984848629344592,0.0148809467043196,0.0333333015441895,-0.0333333015441895,0.740151510997252,0.808333317438761,0.730303024703806,0.775000015894572,0.754761898091861,0.739880951387542,0.785714285714286,14,FALSE,FALSE,-0.0148809467043196,-0.00984848629344592,0.0148809467043196,0.0333333015441895,-0.0333333015441895,FALSE,FALSE,TRUE,TRUE,FALSE
13,92,"National Issues Convention 2","nic2.t1envir","13:9224","13:9224::nic2.t1envir","triple","9224",0.720370368825065,0.974999994039536,0.577777778108915,0.962500005960464,0.766666664318605,0.647727274081924,0.818181818181818,11,FALSE,FALSE,-0.118939390236681,-0.14259259071615,0.118939390236681,0.012499988079071,-0.012499988079071,0.720370368825065,0.974999994039536,0.577777778108915,0.962500005960464,0.766666664318605,0.647727274081924,0.818181818181818,11,FALSE,FALSE,-0.118939390236681,-0.14259259071615,0.118939390236681,0.012499988079071,-0.012499988079071,FALSE,FALSE,TRUE,TRUE,FALSE
13,92,"National Issues Convention 2","nic2.t1usseca","13:9201","13:9201::nic2.t1usseca","triple","9201",0.828888893127441,0.805000007152557,0.822222219573127,0.813333332538605,0.82291667163372,0.819999997814496,0.75,12,FALSE,FALSE,0.002916673819224,0.0066666735543145,-0.002916673819224,0.00833332538604736,-0.00833332538604736,0.828888893127441,0.805000007152557,0.822222219573127,0.813333332538605,0.82291667163372,0.819999997814496,0.75,12,FALSE,FALSE,0.002916673819224,0.0066666735543145,-0.002916673819224,0.00833332538604736,-0.00833332538604736,TRUE,TRUE,FALSE,TRUE,FALSE
13,92,"National Issues Convention 2","nic2.t1usseca","13:9202","13:9202::nic2.t1usseca","triple","9202",0.784642864550863,0.730000019073486,0.796071431466511,0.84500002861023,0.781000008185705,0.799333337942759,0.933333333333333,15,FALSE,FALSE,-0.0183333297570546,-0.0114285669156483,0.0183333297570546,0.115000009536743,-0.115000009536743,0.784642864550863,0.730000019073486,0.796071431466511,0.84500002861023,0.781000008185705,0.799333337942759,0.933333333333333,15,FALSE,FALSE,-0.0183333297570546,-0.0114285669156483,0.0183333297570546,0.115000009536743,-0.115000009536743,FALSE,FALSE,TRUE,TRUE,FALSE
13,92,"National Issues Convention 2","nic2.t1usseca","13:9203","13:9203::nic2.t1usseca","triple","9203",0.719583335022132,0.771250009536743,0.75583333025376,0.823749989271164,0.732500003650784,0.772812495008111,0.75,16,FALSE,FALSE,0.0403124913573265,0.0362499952316284,-0.0403124913573265,-0.0524999797344208,0.0524999797344208,0.719583335022132,0.771250009536743,0.75583333025376,0.823749989271164,0.732500003650784,0.772812495008111,0.75,16,FALSE,FALSE,0.0403124913573265,0.0362499952316284,-0.0403124913573265,-0.0524999797344208,0.0524999797344208,TRUE,TRUE,FALSE,FALSE,TRUE
13,92,"National Issues Convention 2","nic2.t1usseca","13:9204","13:9204::nic2.t1usseca","triple","9204",0.789583330353101,0.944999992847443,0.792916665474574,0.930000007152557,0.801538458237281,0.803461537911342,0.923076923076923,13,FALSE,FALSE,0.00192307967406058,0.0033333351214726,-0.00192307967406058,0.0149999856948853,-0.0149999856948853,0.789583330353101,0.944999992847443,0.792916665474574,0.930000007152557,0.801538458237281,0.803461537911342,0.923076923076923,13,FALSE,FALSE,0.00192307967406058,0.0033333351214726,-0.00192307967406058,0.0149999856948853,-0.0149999856948853,TRUE,TRUE,FALSE,TRUE,FALSE
13,92,"National Issues Convention 2","nic2.t1usseca","13:9205","13:9205::nic2.t1usseca","triple","9205",0.704999995728334,0.819999992847443,0.776666661103567,0.855000019073486,0.713846149352881,0.78269230402433,0.923076923076923,13,FALSE,FALSE,0.068846154671449,0.0716666653752327,-0.068846154671449,-0.0350000262260437,0.0350000262260437,0.704999995728334,0.819999992847443,0.776666661103567,0.855000019073486,0.713846149352881,0.78269230402433,0.923076923076923,13,FALSE,FALSE,0.068846154671449,0.0716666653752327,-0.068846154671449,-0.0350000262260437,0.0350000262260437,TRUE,TRUE,FALSE,FALSE,TRUE
13,92,"National Issues Convention 2","nic2.t1usseca","13:9206","13:9206::nic2.t1usseca","triple","9206",0.824545448476618,0.915000021457672,0.819090902805328,0.925000011920929,0.832083329558372,0.827916661898295,0.916666666666667,12,FALSE,FALSE,-0.00416666766007745,-0.00545454567128967,0.00416666766007745,-0.00999999046325684,0.00999999046325684,0.824545448476618,0.915000021457672,0.819090902805328,0.925000011920929,0.832083329558372,0.827916661898295,0.916666666666667,12,FALSE,FALSE,-0.00416666766007745,-0.00545454567128967,0.00416666766007745,-0.00999999046325684,0.00999999046325684,FALSE,FALSE,TRUE,FALSE,TRUE
13,92,"National Issues Convention 2","nic2.t1usseca","13:9208","13:9208::nic2.t1usseca","triple","9208",0.701500000059605,0.865000009536743,0.75900000333786,0.799999982118607,0.728750001639128,0.765833333134651,0.833333333333333,12,FALSE,FALSE,0.0370833314955235,0.0575000032782554,-0.0370833314955235,0.0650000274181366,-0.0650000274181366,0.701500000059605,0.865000009536743,0.75900000333786,0.799999982118607,0.728750001639128,0.765833333134651,0.833333333333333,12,FALSE,FALSE,0.0370833314955235,0.0575000032782554,-0.0370833314955235,0.0650000274181366,-0.0650000274181366,TRUE,TRUE,FALSE,TRUE,FALSE
13,92,"National Issues Convention 2","nic2.t1usseca","13:9209","13:9209::nic2.t1usseca","triple","9209",0.88875000923872,0.752499997615814,0.833750009536743,0.858750000596046,0.843333338697751,0.842083339889844,0.666666666666667,12,FALSE,FALSE,0.0012499988079071,0.0549999997019768,-0.0012499988079071,0.106250002980232,-0.106250002980232,0.88875000923872,0.752499997615814,0.833750009536743,0.858750000596046,0.843333338697751,0.842083339889844,0.666666666666667,12,FALSE,FALSE,0.0012499988079071,0.0549999997019768,-0.0012499988079071,0.106250002980232,-0.106250002980232,TRUE,TRUE,FALSE,TRUE,FALSE
13,92,"National Issues Convention 2","nic2.t1usseca","13:9211","13:9211::nic2.t1usseca","triple","9211",0.83649999499321,0.84500002861023,0.886999988555908,0.870000004768372,0.83727272532203,0.885454535484314,0.909090909090909,11,FALSE,FALSE,0.0481818101622842,0.0504999935626984,-0.0481818101622842,-0.0249999761581421,0.0249999761581421,0.83649999499321,0.84500002861023,0.886999988555908,0.870000004768372,0.83727272532203,0.885454535484314,0.909090909090909,11,FALSE,FALSE,0.0481818101622842,0.0504999935626984,-0.0481818101622842,-0.0249999761581421,0.0249999761581421,TRUE,TRUE,FALSE,FALSE,TRUE
13,92,"National Issues Convention 2","nic2.t1usseca","13:9213","13:9213::nic2.t1usseca","triple","9213",0.808076918125153,0.819999992847443,0.769230764645797,0.819999992847443,0.808928566319602,0.772857138088771,0.928571428571429,14,FALSE,FALSE,-0.0360714282308305,-0.038846153479356,0.0360714282308305,0,0,0.808076918125153,0.819999992847443,0.769230764645797,0.819999992847443,0.808928566319602,0.772857138088771,0.928571428571429,14,FALSE,FALSE,-0.0360714282308305,-0.038846153479356,0.0360714282308305,0,0,FALSE,FALSE,TRUE,FALSE,FALSE
13,92,"National Issues Convention 2","nic2.t1usseca","13:9214","13:9214::nic2.t1usseca","triple","9214",0.792916665474574,0.92333334684372,0.857500001788139,0.901666661103567,0.819000001748403,0.866333333651225,0.8,15,FALSE,FALSE,0.0473333319028219,0.0645833363135656,-0.0473333319028219,0.021666685740153,-0.021666685740153,0.792916665474574,0.92333334684372,0.857500001788139,0.901666661103567,0.819000001748403,0.866333333651225,0.8,15,FALSE,FALSE,0.0473333319028219,0.0645833363135656,-0.0473333319028219,0.021666685740153,-0.021666685740153,TRUE,TRUE,FALSE,TRUE,FALSE
13,92,"National Issues Convention 2","nic2.t1usseca","13:9215","13:9215::nic2.t1usseca","triple","9215",0.866499990224838,0.88000001013279,0.817999994754791,0.908750012516975,0.870357138769967,0.843928571258272,0.714285714285714,14,FALSE,FALSE,-0.0264285675116948,-0.048499995470047,0.0264285675116948,-0.0287500023841858,0.0287500023841858,0.866499990224838,0.88000001013279,0.817999994754791,0.908750012516975,0.870357138769967,0.843928571258272,0.714285714285714,14,FALSE,FALSE,-0.0264285675116948,-0.048499995470047,0.0264285675116948,-0.0287500023841858,0.0287500023841858,FALSE,FALSE,TRUE,FALSE,TRUE
13,92,"National Issues Convention 2","nic2.t1usseca","13:9216","13:9216::nic2.t1usseca","triple","9216",0.765833330651124,0.8924999833107,0.784583330154419,0.842500001192093,0.783928566745349,0.792857140302658,0.857142857142857,14,FALSE,FALSE,0.0089285735573087,0.0187499995032946,-0.0089285735573087,0.0499999821186066,-0.0499999821186066,0.765833330651124,0.8924999833107,0.784583330154419,0.842500001192093,0.783928566745349,0.792857140302658,0.857142857142857,14,FALSE,FALSE,0.0089285735573087,0.0187499995032946,-0.0089285735573087,0.0499999821186066,-0.0499999821186066,TRUE,TRUE,FALSE,TRUE,FALSE
13,92,"National Issues Convention 2","nic2.t1usseca","13:9217","13:9217::nic2.t1usseca","triple","9217",0.862999987602234,0.675000011920929,0.862999993562698,0.762500017881393,0.831666658322016,0.846249997615814,0.833333333333333,12,FALSE,FALSE,-0.0145833392937978,-5.9604645663569e-09,0.0145833392937978,0.0875000059604645,-0.0875000059604645,0.862999987602234,0.675000011920929,0.862999993562698,0.762500017881393,0.831666658322016,0.846249997615814,0.833333333333333,12,FALSE,FALSE,-0.0145833392937978,-5.9604645663569e-09,0.0145833392937978,0.0875000059604645,-0.0875000059604645,FALSE,FALSE,TRUE,TRUE,FALSE
13,92,"National Issues Convention 2","nic2.t1usseca","13:9218","13:9218::nic2.t1usseca","triple","9218",0.832500000794729,0.730000019073486,0.817083338896433,0.699999988079071,0.824615386816172,0.808076927295098,0.923076923076923,13,FALSE,FALSE,0.0165384595210736,0.0154166618982952,-0.0165384595210736,-0.0300000309944153,0.0300000309944153,0.832500000794729,0.730000019073486,0.817083338896433,0.699999988079071,0.824615386816172,0.808076927295098,0.923076923076923,13,FALSE,FALSE,0.0165384595210736,0.0154166618982952,-0.0165384595210736,-0.0300000309944153,0.0300000309944153,TRUE,TRUE,FALSE,FALSE,TRUE
13,92,"National Issues Convention 2","nic2.t1usseca","13:9219","13:9219::nic2.t1usseca","triple","9219",0.830714289631162,0.969999969005585,0.862976195556777,0.9200000166893,0.840000001589457,0.866777783632278,0.933333333333333,15,FALSE,FALSE,0.0267777820428212,0.0322619059256145,-0.0267777820428212,0.0499999523162842,-0.0499999523162842,0.830714289631162,0.969999969005585,0.862976195556777,0.9200000166893,0.840000001589457,0.866777783632278,0.933333333333333,15,FALSE,FALSE,0.0267777820428212,0.0322619059256145,-0.0267777820428212,0.0499999523162842,-0.0499999523162842,TRUE,TRUE,FALSE,TRUE,FALSE
13,92,"National Issues Convention 2","nic2.t1usseca","13:9220","13:9220::nic2.t1usseca","triple","9220",0.789166664083799,0.840000003576279,0.828750004371007,0.887499988079071,0.796428569725582,0.837142859186445,0.857142857142857,14,FALSE,FALSE,0.0407142894608633,0.0395833402872086,-0.0407142894608633,-0.0474999845027924,0.0474999845027924,0.789166664083799,0.840000003576279,0.828750004371007,0.887499988079071,0.796428569725582,0.837142859186445,0.857142857142857,14,FALSE,FALSE,0.0407142894608633,0.0395833402872086,-0.0407142894608633,-0.0474999845027924,0.0474999845027924,TRUE,TRUE,FALSE,FALSE,TRUE
13,92,"National Issues Convention 2","nic2.t1usseca","13:9221","13:9221::nic2.t1usseca","triple","9221",0.74475000500679,0.839999993642171,0.820999997854233,0.85833332935969,0.766730771614955,0.8296153820478,0.769230769230769,13,FALSE,FALSE,0.0628846104328449,0.0762499928474427,-0.0628846104328449,-0.018333335717519,0.018333335717519,0.74475000500679,0.839999993642171,0.820999997854233,0.85833332935969,0.766730771614955,0.8296153820478,0.769230769230769,13,FALSE,FALSE,0.0628846104328449,0.0762499928474427,-0.0628846104328449,-0.018333335717519,0.018333335717519,TRUE,TRUE,FALSE,FALSE,TRUE
13,92,"National Issues Convention 2","nic2.t1usseca","13:9222","13:9222::nic2.t1usseca","triple","9222",0.875,0.949999988079071,0.85055555899938,0.980000019073486,0.882499998807907,0.86350000500679,0.9,10,FALSE,FALSE,-0.0189999938011169,-0.0244444410006205,0.0189999938011169,-0.0300000309944153,0.0300000309944153,0.875,0.949999988079071,0.85055555899938,0.980000019073486,0.882499998807907,0.86350000500679,0.9,10,FALSE,FALSE,-0.0189999938011169,-0.0244444410006205,0.0189999938011169,-0.0300000309944153,0.0300000309944153,FALSE,FALSE,TRUE,FALSE,TRUE
13,92,"National Issues Convention 2","nic2.t1usseca","13:9223","13:9223::nic2.t1usseca","triple","9223",0.863636352799156,0.841666658719381,0.798409093510021,0.8449999888738,0.858928561210632,0.808392856802259,0.785714285714286,14,FALSE,FALSE,0.0505357044083732,0.0652272592891346,-0.0505357044083732,0.00333333015441895,-0.00333333015441895,0.863636352799156,0.841666658719381,0.798409093510021,0.8449999888738,0.858928561210632,0.808392856802259,0.785714285714286,14,FALSE,FALSE,0.0505357044083732,0.0652272592891346,-0.0505357044083732,0.00333333015441895,-0.00333333015441895,TRUE,TRUE,FALSE,TRUE,FALSE
13,92,"National Issues Convention 2","nic2.t1usseca","13:9224","13:9224::nic2.t1usseca","triple","9224",0.878333336777157,0.867500007152557,0.867777771419949,0.900000005960464,0.876363640481776,0.873636359518224,0.818181818181818,11,FALSE,FALSE,0.00272728096355102,0.0105555653572083,-0.00272728096355102,0.0324999988079071,-0.0324999988079071,0.878333336777157,0.867500007152557,0.867777771419949,0.900000005960464,0.876363640481776,0.873636359518224,0.818181818181818,11,FALSE,FALSE,0.00272728096355102,0.0105555653572083,-0.00272728096355102,0.0324999988079071,-0.0324999988079071,TRUE,TRUE,FALSE,TRUE,FALSE
13,92,"National Issues Convention 2","nic2.t1humrh2","13:9201","13:9201::nic2.t1humrh2","triple","9201",0.788888878292508,0.700000007947286,0.811111112435659,0.76666667064031,0.766666660706202,0.800000001986822,0.75,12,FALSE,FALSE,-0.0333333412806194,-0.0222222341431512,0.0333333412806194,0.0666666626930237,-0.0666666626930237,0.788888878292508,0.700000007947286,0.811111112435659,0.76666667064031,0.766666660706202,0.800000001986822,0.75,12,FALSE,FALSE,-0.0333333412806194,-0.0222222341431512,0.0333333412806194,0.0666666626930237,-0.0666666626930237,FALSE,FALSE,TRUE,TRUE,FALSE
13,92,"National Issues Convention 2","nic2.t1humrh2","13:9202","13:9202::nic2.t1humrh2","triple","9202",0.714285718543189,1,0.735714288694518,0.699999988079071,0.733333337306976,0.733333335320155,0.933333333333333,15,FALSE,FALSE,-1.98682148511153e-09,0.021428570151329,1.98682148511153e-09,0.300000011920929,-0.300000011920929,0.714285718543189,1,0.735714288694518,0.699999988079071,0.733333337306976,0.733333335320155,0.933333333333333,15,FALSE,FALSE,-1.98682148511153e-09,0.021428570151329,1.98682148511153e-09,0.300000011920929,-0.300000011920929,FALSE,TRUE,TRUE,TRUE,FALSE
13,92,"National Issues Convention 2","nic2.t1humrh2","13:9203","13:9203::nic2.t1humrh2","triple","9203",0.741666669646899,0.775000005960464,0.716666668653488,0.75,0.75000000372529,0.725000001490116,0.75,16,FALSE,FALSE,-0.0250000022351742,-0.0250000009934107,0.0250000022351742,0.0250000059604645,-0.0250000059604645,0.741666669646899,0.775000005960464,0.716666668653488,0.75,0.75000000372529,0.725000001490116,0.75,16,FALSE,FALSE,-0.0250000022351742,-0.0250000009934107,0.0250000022351742,0.0250000059604645,-0.0250000059604645,FALSE,FALSE,TRUE,TRUE,FALSE
13,92,"National Issues Convention 2","nic2.t1humrh2","13:9204","13:9204::nic2.t1humrh2","triple","9204",0.64166667064031,0.699999988079071,0.650000008443991,0.800000011920929,0.64615384890483,0.66153847024991,0.923076923076923,13,FALSE,FALSE,0.0153846213450799,0.00833333780368162,-0.0153846213450799,-0.100000023841858,0.100000023841858,0.64166667064031,0.699999988079071,0.650000008443991,0.800000011920929,0.64615384890483,0.66153847024991,0.923076923076923,13,FALSE,FALSE,0.0153846213450799,0.00833333780368162,-0.0153846213450799,-0.100000023841858,0.100000023841858,TRUE,TRUE,FALSE,FALSE,TRUE
13,92,"National Issues Convention 2","nic2.t1humrh2","13:9205","13:9205::nic2.t1humrh2","triple","9205",0.658333336313566,0.699999988079071,0.808333339790503,0.5,0.661538463372451,0.784615390575849,0.923076923076923,13,FALSE,FALSE,0.123076927203398,0.150000003476938,-0.123076927203398,0.199999988079071,-0.199999988079071,0.658333336313566,0.699999988079071,0.808333339790503,0.5,0.661538463372451,0.784615390575849,0.923076923076923,13,FALSE,FALSE,0.123076927203398,0.150000003476938,-0.123076927203398,0.199999988079071,-0.199999988079071,TRUE,TRUE,FALSE,TRUE,FALSE
13,92,"National Issues Convention 2","nic2.t1humrh2","13:9206","13:9206::nic2.t1humrh2","triple","9206",0.727272729982029,0.300000011920929,0.736363633112474,0.5,0.691666670143604,0.716666663686434,0.916666666666667,12,FALSE,FALSE,-0.0249999935428301,-0.00909090313044458,0.0249999935428301,0.199999988079071,-0.199999988079071,0.727272729982029,0.300000011920929,0.736363633112474,0.5,0.691666670143604,0.716666663686434,0.916666666666667,12,FALSE,FALSE,-0.0249999935428301,-0.00909090313044458,0.0249999935428301,0.199999988079071,-0.199999988079071,FALSE,FALSE,TRUE,TRUE,FALSE
13,92,"National Issues Convention 2","nic2.t1humrh2","13:9208","13:9208::nic2.t1humrh2","triple","9208",0.640000001341104,0.75,0.749999994039536,0.700000017881393,0.65833333445092,0.741666664679845,0.833333333333333,12,FALSE,FALSE,0.0833333302289248,0.109999992698431,-0.0833333302289248,0.0499999821186066,-0.0499999821186066,0.640000001341104,0.75,0.749999994039536,0.700000017881393,0.65833333445092,0.741666664679845,0.833333333333333,12,FALSE,FALSE,0.0833333302289248,0.109999992698431,-0.0833333302289248,0.0499999821186066,-0.0499999821186066,TRUE,TRUE,FALSE,TRUE,FALSE
13,92,"National Issues Convention 2","nic2.t1humrh2","13:9209","13:9209::nic2.t1humrh2","triple","9209",0.674999997019768,0.500000011175871,0.674999997019768,0.500000014901161,0.616666668405136,0.616666669646899,0.666666666666667,12,FALSE,FALSE,-1.24176335880577e-09,0,1.24176335880577e-09,3.72529029846191e-09,-3.72529029846191e-09,0.674999997019768,0.500000011175871,0.674999997019768,0.500000014901161,0.616666668405136,0.616666669646899,0.666666666666667,12,FALSE,FALSE,-1.24176335880577e-09,0,1.24176335880577e-09,3.72529029846191e-09,-3.72529029846191e-09,FALSE,FALSE,TRUE,TRUE,FALSE
13,92,"National Issues Convention 2","nic2.t1humrh2","13:9211","13:9211::nic2.t1humrh2","triple","9211",0.710000002384186,0.699999988079071,0.700000002980232,0.800000011920929,0.70909091017463,0.709090912883932,0.909090909090909,11,FALSE,FALSE,-2.70930200496622e-09,0.00999999940395357,2.70930200496622e-09,0.100000023841858,-0.100000023841858,0.710000002384186,0.699999988079071,0.700000002980232,0.800000011920929,0.70909091017463,0.709090912883932,0.909090909090909,11,FALSE,FALSE,-2.70930200496622e-09,0.00999999940395357,2.70930200496622e-09,0.100000023841858,-0.100000023841858,FALSE,TRUE,TRUE,TRUE,FALSE
13,92,"National Issues Convention 2","nic2.t1humrh2","13:9213","13:9213::nic2.t1humrh2","triple","9213",0.661538458787478,0.5,0.692307694600179,0.400000005960464,0.649999997445515,0.671428573983056,0.928571428571429,14,FALSE,FALSE,-0.021428576537541,-0.0307692358127006,0.021428576537541,-0.0999999940395355,0.0999999940395355,0.661538458787478,0.5,0.692307694600179,0.400000005960464,0.649999997445515,0.671428573983056,0.928571428571429,14,FALSE,FALSE,-0.021428576537541,-0.0307692358127006,0.021428576537541,-0.0999999940395355,0.0999999940395355,FALSE,FALSE,TRUE,FALSE,TRUE
13,92,"National Issues Convention 2","nic2.t1humrh2","13:9214","13:9214::nic2.t1humrh2","triple","9214",0.675000006953875,0.933333337306976,0.816666662693024,0.833333333333333,0.726666673024495,0.819999996821086,0.8,15,FALSE,FALSE,0.0933333237965902,0.141666655739148,-0.0933333237965902,0.100000003973643,-0.100000003973643,0.675000006953875,0.933333337306976,0.816666662693024,0.833333333333333,0.726666673024495,0.819999996821086,0.8,15,FALSE,FALSE,0.0933333237965902,0.141666655739148,-0.0933333237965902,0.100000003973643,-0.100000003973643,TRUE,TRUE,FALSE,TRUE,FALSE
13,92,"National Issues Convention 2","nic2.t1humrh2","13:9215","13:9215::nic2.t1humrh2","triple","9215",0.680000001192093,0.475000005215406,0.690000003576279,0.750000014901161,0.621428573770182,0.707142863954817,0.714285714285714,14,FALSE,FALSE,-0.0857142901846341,-0.0100000023841857,0.0857142901846341,0.275000009685755,-0.275000009685755,0.680000001192093,0.475000005215406,0.690000003576279,0.750000014901161,0.621428573770182,0.707142863954817,0.714285714285714,14,FALSE,FALSE,-0.0857142901846341,-0.0100000023841857,0.0857142901846341,0.275000009685755,-0.275000009685755,FALSE,FALSE,TRUE,TRUE,FALSE
13,92,"National Issues Convention 2","nic2.t1humrh2","13:9216","13:9216::nic2.t1humrh2","triple","9216",0.758333335320155,0.5,0.80833334227403,0.700000017881393,0.721428573131561,0.792857153075082,0.857142857142857,14,FALSE,FALSE,-0.0714285799435207,-0.0500000069538753,0.0714285799435207,0.200000017881393,-0.200000017881393,0.758333335320155,0.5,0.80833334227403,0.700000017881393,0.721428573131561,0.792857153075082,0.857142857142857,14,FALSE,FALSE,-0.0714285799435207,-0.0500000069538753,0.0714285799435207,0.200000017881393,-0.200000017881393,FALSE,FALSE,TRUE,TRUE,FALSE
13,92,"National Issues Convention 2","nic2.t1humrh2","13:9217","13:9217::nic2.t1humrh2","triple","9217",0.740000006556511,0.800000011920929,0.809999993443489,0.650000005960464,0.750000007450581,0.783333328862985,0.833333333333333,12,FALSE,FALSE,0.0333333214124044,0.0699999868869782,-0.0333333214124044,0.150000005960464,-0.150000005960464,0.740000006556511,0.800000011920929,0.809999993443489,0.650000005960464,0.750000007450581,0.783333328862985,0.833333333333333,12,FALSE,FALSE,0.0333333214124044,0.0699999868869782,-0.0333333214124044,0.150000005960464,-0.150000005960464,TRUE,TRUE,FALSE,TRUE,FALSE
13,92,"National Issues Convention 2","nic2.t1humrh2","13:9218","13:9218::nic2.t1humrh2","triple","9218",0.799999999503295,0.899999976158142,0.716666668653488,0.899999976158142,0.807692305399821,0.730769230769231,0.923076923076923,13,FALSE,FALSE,-0.0769230746305907,-0.0833333308498064,0.0769230746305907,0,0,0.799999999503295,0.899999976158142,0.716666668653488,0.899999976158142,0.807692305399821,0.730769230769231,0.923076923076923,13,FALSE,FALSE,-0.0769230746305907,-0.0833333308498064,0.0769230746305907,0,0,FALSE,FALSE,TRUE,FALSE,FALSE
13,92,"National Issues Convention 2","nic2.t1humrh2","13:9219","13:9219::nic2.t1humrh2","triple","9219",0.728571429848671,0.899999976158142,0.707142859697342,0.899999976158142,0.739999999602636,0.720000000794729,0.933333333333333,15,FALSE,FALSE,-0.0199999988079071,-0.021428570151329,0.0199999988079071,0,0,0.728571429848671,0.899999976158142,0.707142859697342,0.899999976158142,0.739999999602636,0.720000000794729,0.933333333333333,15,FALSE,FALSE,-0.0199999988079071,-0.021428570151329,0.0199999988079071,0,0,FALSE,FALSE,TRUE,FALSE,FALSE
13,92,"National Issues Convention 2","nic2.t1humrh2","13:9220","13:9220::nic2.t1humrh2","triple","9220",0.708333333333333,0.650000005960464,0.774999996026357,0.75,0.700000000851495,0.771428568022592,0.857142857142857,14,FALSE,FALSE,-0.0714285671710968,-0.0666666626930237,0.0714285671710968,0.0999999940395355,-0.0999999940395355,0.708333333333333,0.650000005960464,0.774999996026357,0.75,0.700000000851495,0.771428568022592,0.857142857142857,14,FALSE,FALSE,-0.0714285671710968,-0.0666666626930237,0.0714285671710968,0.0999999940395355,-0.0999999940395355,FALSE,FALSE,TRUE,TRUE,FALSE
13,92,"National Issues Convention 2","nic2.t1humrh2","13:9221","13:9221::nic2.t1humrh2","triple","9221",0.660000006109476,0.76666667064031,0.670000004768372,0.633333345254262,0.684615390231976,0.661538467957423,0.769230769230769,13,FALSE,FALSE,-0.0230769222745528,0.00999999865889556,0.0230769222745528,0.133333325386047,-0.133333325386047,0.660000006109476,0.76666667064031,0.670000004768372,0.633333345254262,0.684615390231976,0.661538467957423,0.769230769230769,13,FALSE,FALSE,-0.0230769222745528,0.00999999865889556,0.0230769222745528,0.133333325386047,-0.133333325386047,FALSE,TRUE,TRUE,TRUE,FALSE
13,92,"National Issues Convention 2","nic2.t1humrh2","13:9222","13:9222::nic2.t1humrh2","triple","9222",0.655555559529199,0.5,0.777777774466409,0.699999988079071,0.640000003576279,0.769999995827675,0.9,10,FALSE,FALSE,-0.129999992251396,-0.12222221493721,0.129999992251396,0.199999988079071,-0.199999988079071,0.655555559529199,0.5,0.777777774466409,0.699999988079071,0.640000003576279,0.769999995827675,0.9,10,FALSE,FALSE,-0.129999992251396,-0.12222221493721,0.129999992251396,0.199999988079071,-0.199999988079071,FALSE,FALSE,TRUE,TRUE,FALSE
13,92,"National Issues Convention 2","nic2.t1humrh2","13:9223","13:9223::nic2.t1humrh2","triple","9223",0.772727272727273,0.5,0.681818181818182,0.599999994039536,0.714285714285714,0.664285713008472,0.785714285714286,14,FALSE,FALSE,0.0500000012772424,0.0909090909090909,-0.0500000012772424,0.0999999940395355,-0.0999999940395355,0.772727272727273,0.5,0.681818181818182,0.599999994039536,0.714285714285714,0.664285713008472,0.785714285714286,14,FALSE,FALSE,0.0500000012772424,0.0909090909090909,-0.0500000012772424,0.0999999940395355,-0.0999999940395355,TRUE,TRUE,FALSE,TRUE,FALSE
13,92,"National Issues Convention 2","nic2.t1humrh2","13:9224","13:9224::nic2.t1humrh2","triple","9224",0.722222222222222,0.75,0.688888897498449,0.849999994039536,0.727272727272727,0.718181824142283,0.818181818181818,11,FALSE,FALSE,-0.00909090313044458,-0.0333333247237735,0.00909090313044458,-0.0999999940395355,0.0999999940395355,0.722222222222222,0.75,0.688888897498449,0.849999994039536,0.727272727272727,0.718181824142283,0.818181818181818,11,FALSE,FALSE,-0.00909090313044458,-0.0333333247237735,0.00909090313044458,-0.0999999940395355,0.0999999940395355,FALSE,FALSE,TRUE,FALSE,TRUE
13,92,"National Issues Convention 2","nic2.t1multi","13:9201","13:9201::nic2.t1multi","triple","9201",0.726014110777113,0.660416662693024,0.802199085553487,0.736458341280619,0.709614748756091,0.78576389948527,0.75,12,FALSE,FALSE,-0.0761491507291794,-0.076184974776374,0.0761491507291794,0.0760416785875956,-0.0760416785875956,0.726014110777113,0.660416662693024,0.802199085553487,0.736458341280619,0.709614748756091,0.78576389948527,0.75,12,FALSE,FALSE,-0.0761491507291794,-0.076184974776374,0.0761491507291794,0.0760416785875956,-0.0760416785875956,FALSE,FALSE,TRUE,TRUE,FALSE
13,92,"National Issues Convention 2","nic2.t1multi","13:9202","13:9202::nic2.t1multi","triple","9202",0.757057820047651,0.739583313465118,0.803794647966112,0.890625,0.755892852942149,0.809583338101705,0.933333333333333,15,FALSE,FALSE,-0.0536904851595561,-0.0467368279184615,0.0536904851595561,0.151041686534882,-0.151041686534882,0.757057820047651,0.739583313465118,0.803794647966112,0.890625,0.755892852942149,0.809583338101705,0.933333333333333,15,FALSE,FALSE,-0.0536904851595561,-0.0467368279184615,0.0536904851595561,0.151041686534882,-0.151041686534882,FALSE,FALSE,TRUE,TRUE,FALSE
13,92,"National Issues Convention 2","nic2.t1multi","13:9203","13:9203::nic2.t1multi","triple","9203",0.695052087306976,0.706770844757557,0.796209494272868,0.752083346247673,0.697981776669621,0.785177957266569,0.75,16,FALSE,FALSE,0.0871961805969477,0.101157406965891,-0.0871961805969477,-0.0453125014901161,0.0453125014901161,0.695052087306976,0.706770844757557,0.796209494272868,0.752083346247673,0.697981776669621,0.785177957266569,0.75,16,FALSE,FALSE,0.0871961805969477,0.101157406965891,-0.0871961805969477,-0.0453125014901161,0.0453125014901161,TRUE,TRUE,FALSE,FALSE,TRUE
13,92,"National Issues Convention 2","nic2.t1multi","13:9204","13:9204::nic2.t1multi","triple","9204",0.662363591293494,0.807291686534882,0.735449746251106,0.74791669845581,0.673511906312062,0.736408742574545,0.923076923076923,13,FALSE,FALSE,0.0628968362624829,0.0730861549576124,-0.0628968362624829,0.059374988079071,-0.059374988079071,0.662363591293494,0.807291686534882,0.735449746251106,0.74791669845581,0.673511906312062,0.736408742574545,0.923076923076923,13,FALSE,FALSE,0.0628968362624829,0.0730861549576124,-0.0628968362624829,0.059374988079071,-0.059374988079071,TRUE,TRUE,FALSE,TRUE,FALSE
13,92,"National Issues Convention 2","nic2.t1multi","13:9205","13:9205::nic2.t1multi","triple","9205",0.784878477454185,0.487500011920929,0.824565976858139,0.634374976158142,0.762003210874704,0.809935899881216,0.923076923076923,13,FALSE,FALSE,-0.0479326890065119,-0.0396874994039536,0.0479326890065119,0.146874964237213,-0.146874964237213,0.784878477454185,0.487500011920929,0.824565976858139,0.634374976158142,0.762003210874704,0.809935899881216,0.923076923076923,13,FALSE,FALSE,-0.0479326890065119,-0.0396874994039536,0.0479326890065119,0.146874964237213,-0.146874964237213,FALSE,FALSE,TRUE,TRUE,FALSE
13,92,"National Issues Convention 2","nic2.t1multi","13:9206","13:9206::nic2.t1multi","triple","9206",0.79650974815542,0.492708325386047,0.798660722645846,0.854761898517609,0.771192962924639,0.80333582063516,0.916666666666667,12,FALSE,FALSE,-0.0321428577105205,-0.00215097449042578,0.0321428577105205,0.362053573131561,-0.362053573131561,0.79650974815542,0.492708325386047,0.798660722645846,0.854761898517609,0.771192962924639,0.80333582063516,0.916666666666667,12,FALSE,FALSE,-0.0321428577105205,-0.00215097449042578,0.0321428577105205,0.362053573131561,-0.362053573131561,FALSE,FALSE,TRUE,TRUE,FALSE
13,92,"National Issues Convention 2","nic2.t1multi","13:9208","13:9208::nic2.t1multi","triple","9208",0.719875994324684,0.717187494039536,0.799375009536743,0.737500011920929,0.719427910943826,0.789062509934107,0.833333333333333,12,FALSE,FALSE,-0.0696345989902813,-0.0794990152120589,0.0696345989902813,0.0203125178813934,-0.0203125178813934,0.719875994324684,0.717187494039536,0.799375009536743,0.737500011920929,0.719427910943826,0.789062509934107,0.833333333333333,12,FALSE,FALSE,-0.0696345989902813,-0.0794990152120589,0.0696345989902813,0.0203125178813934,-0.0203125178813934,FALSE,FALSE,TRUE,TRUE,FALSE
13,92,"National Issues Convention 2","nic2.t1multi","13:9209","13:9209::nic2.t1multi","triple","9209",0.768396586179733,0.71164433658123,0.814248517155647,0.796093732118607,0.749479169646899,0.8081969221433,0.666666666666667,12,FALSE,FALSE,-0.0587177524964015,-0.045851930975914,0.0587177524964015,0.0844493955373764,-0.0844493955373764,0.768396586179733,0.71164433658123,0.814248517155647,0.796093732118607,0.749479169646899,0.8081969221433,0.666666666666667,12,FALSE,FALSE,-0.0587177524964015,-0.045851930975914,0.0587177524964015,0.0844493955373764,-0.0844493955373764,FALSE,FALSE,TRUE,TRUE,FALSE
13,92,"National Issues Convention 2","nic2.t1multi","13:9211","13:9211::nic2.t1multi","triple","9211",0.654523810744286,0.479166656732559,0.720625001192093,0.604166686534882,0.638582251288674,0.710037881677801,0.909090909090909,11,FALSE,FALSE,-0.0714556303891268,-0.0661011904478074,0.0714556303891268,0.125000029802322,-0.125000029802322,0.654523810744286,0.479166656732559,0.720625001192093,0.604166686534882,0.638582251288674,0.710037881677801,0.909090909090909,11,FALSE,FALSE,-0.0714556303891268,-0.0661011904478074,0.0714556303891268,0.125000029802322,-0.125000029802322,FALSE,FALSE,TRUE,TRUE,FALSE
13,92,"National Issues Convention 2","nic2.t1multi","13:9213","13:9213::nic2.t1multi","triple","9213",0.725789835819831,0.770833313465118,0.7763392833563,0.677083313465118,0.729007227080209,0.769249571221215,0.928571428571429,14,FALSE,FALSE,0.0402423441410065,0.0505494475364685,-0.0402423441410065,0.09375,-0.09375,0.725789835819831,0.770833313465118,0.7763392833563,0.677083313465118,0.729007227080209,0.769249571221215,0.928571428571429,14,FALSE,FALSE,0.0402423441410065,0.0505494475364685,-0.0402423441410065,0.09375,-0.09375,TRUE,TRUE,FALSE,TRUE,FALSE
13,92,"National Issues Convention 2","nic2.t1multi","13:9214","13:9214::nic2.t1multi","triple","9214",0.755993733803431,0.787500003973643,0.826124345262845,0.761458357175191,0.762294987837474,0.813191147645315,0.8,15,FALSE,FALSE,0.050896159807841,0.0701306114594142,-0.050896159807841,0.0260416467984517,-0.0260416467984517,0.755993733803431,0.787500003973643,0.826124345262845,0.761458357175191,0.762294987837474,0.813191147645315,0.8,15,FALSE,FALSE,0.050896159807841,0.0701306114594142,-0.050896159807841,0.0260416467984517,-0.0260416467984517,TRUE,TRUE,FALSE,TRUE,FALSE
13,92,"National Issues Convention 2","nic2.t1multi","13:9215","13:9215::nic2.t1multi","triple","9215",0.762976190447807,0.732552096247673,0.760327386856079,0.759895831346512,0.754283592104912,0.760204085281917,0.714285714285714,14,FALSE,FALSE,-0.00592049317700527,0.00264880359172814,0.00592049317700527,0.0273437350988388,-0.0273437350988388,0.762976190447807,0.732552096247673,0.760327386856079,0.759895831346512,0.754283592104912,0.760204085281917,0.714285714285714,14,FALSE,FALSE,-0.00592049317700527,0.00264880359172814,0.00592049317700527,0.0273437350988388,-0.0273437350988388,FALSE,TRUE,TRUE,TRUE,FALSE
13,92,"National Issues Convention 2","nic2.t1multi","13:9216","13:9216::nic2.t1multi","triple","9216",0.779315476616224,0.574404746294022,0.83437501390775,0.764955341815948,0.750042515141623,0.824457917894636,0.857142857142857,14,FALSE,FALSE,-0.0744154027530125,-0.0550595372915268,0.0744154027530125,0.190550595521927,-0.190550595521927,0.779315476616224,0.574404746294022,0.83437501390775,0.764955341815948,0.750042515141623,0.824457917894636,0.857142857142857,14,FALSE,FALSE,-0.0744154027530125,-0.0550595372915268,0.0744154027530125,0.190550595521927,-0.190550595521927,FALSE,FALSE,TRUE,TRUE,FALSE
13,92,"National Issues Convention 2","nic2.t1multi","13:9217","13:9217::nic2.t1multi","triple","9217",0.732797610759735,0.674999982118607,0.781770837306976,0.801041662693024,0.72316467265288,0.784982641537984,0.833333333333333,12,FALSE,FALSE,-0.0618179688851039,-0.0489732265472411,0.0618179688851039,0.126041680574417,-0.126041680574417,0.732797610759735,0.674999982118607,0.781770837306976,0.801041662693024,0.72316467265288,0.784982641537984,0.833333333333333,12,FALSE,FALSE,-0.0618179688851039,-0.0489732265472411,0.0618179688851039,0.126041680574417,-0.126041680574417,FALSE,FALSE,TRUE,TRUE,FALSE
13,92,"National Issues Convention 2","nic2.t1multi","13:9218","13:9218::nic2.t1multi","triple","9218",0.80950728058815,0.905208349227905,0.797743062178294,0.752083361148834,0.816868901252747,0.79423077748372,0.923076923076923,13,FALSE,FALSE,-0.0226381237690265,-0.0117642184098562,0.0226381237690265,0.153124988079071,-0.153124988079071,0.80950728058815,0.905208349227905,0.797743062178294,0.752083361148834,0.816868901252747,0.79423077748372,0.923076923076923,13,FALSE,FALSE,-0.0226381237690265,-0.0117642184098562,0.0226381237690265,0.153124988079071,-0.153124988079071,FALSE,FALSE,TRUE,TRUE,FALSE
13,92,"National Issues Convention 2","nic2.t1multi","13:9219","13:9219::nic2.t1multi","triple","9219",0.726218821746962,0.916666686534882,0.778475778443473,0.854166686534882,0.738915346066157,0.7835218389829,0.933333333333333,15,FALSE,FALSE,0.0446064929167429,0.0522569566965103,-0.0446064929167429,0.0625,-0.0625,0.726218821746962,0.916666686534882,0.778475778443473,0.854166686534882,0.738915346066157,0.7835218389829,0.933333333333333,15,FALSE,FALSE,0.0446064929167429,0.0522569566965103,-0.0446064929167429,0.0625,-0.0625,TRUE,TRUE,FALSE,TRUE,FALSE
13,92,"National Issues Convention 2","nic2.t1multi","13:9220","13:9220::nic2.t1multi","triple","9220",0.732295806209246,0.665699422359467,0.793402776122093,0.811284720897675,0.722782037087849,0.795957339661462,0.857142857142857,14,FALSE,FALSE,-0.0731753025736128,-0.0611069699128469,0.0731753025736128,0.145585298538208,-0.145585298538208,0.732295806209246,0.665699422359467,0.793402776122093,0.811284720897675,0.722782037087849,0.795957339661462,0.857142857142857,14,FALSE,FALSE,-0.0731753025736128,-0.0611069699128469,0.0731753025736128,0.145585298538208,-0.145585298538208,FALSE,FALSE,TRUE,TRUE,FALSE
13,92,"National Issues Convention 2","nic2.t1multi","13:9221","13:9221::nic2.t1multi","triple","9221",0.687693456560373,0.787996033827464,0.769062513113022,0.836111128330231,0.710840205160471,0.784535270470839,0.769230769230769,13,FALSE,FALSE,0.0736950653103682,0.0813690565526486,-0.0736950653103682,-0.048115094502767,0.048115094502767,0.687693456560373,0.787996033827464,0.769062513113022,0.836111128330231,0.710840205160471,0.784535270470839,0.769230769230769,13,FALSE,FALSE,0.0736950653103682,0.0813690565526486,-0.0736950653103682,-0.048115094502767,0.048115094502767,TRUE,TRUE,FALSE,FALSE,TRUE
13,92,"National Issues Convention 2","nic2.t1multi","13:9222","13:9222::nic2.t1multi","triple","9222",0.668750001324548,0.760416686534882,0.689721127351125,0.744791686534882,0.677916669845581,0.695228183269501,0.9,10,FALSE,FALSE,0.0173115134239197,0.0209711260265775,-0.0173115134239197,0.015625,-0.015625,0.668750001324548,0.760416686534882,0.689721127351125,0.744791686534882,0.677916669845581,0.695228183269501,0.9,10,FALSE,FALSE,0.0173115134239197,0.0209711260265775,-0.0173115134239197,0.015625,-0.015625,TRUE,TRUE,FALSE,TRUE,FALSE
13,92,"National Issues Convention 2","nic2.t1multi","13:9223","13:9223::nic2.t1multi","triple","9223",0.702394480055029,0.758680562178294,0.798444276506251,0.845138887564341,0.714455783367157,0.808450264590127,0.785714285714286,14,FALSE,FALSE,0.0939944812229702,0.0960497964512219,-0.0939944812229702,-0.0864583253860474,0.0864583253860474,0.702394480055029,0.758680562178294,0.798444276506251,0.845138887564341,0.714455783367157,0.808450264590127,0.785714285714286,14,FALSE,FALSE,0.0939944812229702,0.0960497964512219,-0.0939944812229702,-0.0864583253860474,0.0864583253860474,TRUE,TRUE,FALSE,FALSE,TRUE
13,92,"National Issues Convention 2","nic2.t1multi","13:9224","13:9224::nic2.t1multi","triple","9224",0.651008599334293,0.731770843267441,0.715486112568114,0.785937517881393,0.665692643685774,0.72829545898871,0.818181818181818,11,FALSE,FALSE,0.0626028153029354,0.0644775132338207,-0.0626028153029354,-0.0541666746139526,0.0541666746139526,0.651008599334293,0.731770843267441,0.715486112568114,0.785937517881393,0.665692643685774,0.72829545898871,0.818181818181818,11,FALSE,FALSE,0.0626028153029354,0.0644775132338207,-0.0626028153029354,-0.0541666746139526,0.0541666746139526,TRUE,TRUE,FALSE,FALSE,TRUE
13,92,"National Issues Convention 2","nic2.t1inter","13:9201","13:9201::nic2.t1inter","triple","9201",0.75,0.833333333333333,0.972222222222222,1,0.770833333333333,0.979166666666667,0.75,12,FALSE,FALSE,0.208333333333333,0.222222222222222,-0.208333333333333,-0.166666666666667,0.166666666666667,0.75,0.833333333333333,0.972222222222222,1,0.770833333333333,0.979166666666667,0.75,12,FALSE,FALSE,0.208333333333333,0.222222222222222,-0.208333333333333,-0.166666666666667,0.166666666666667,TRUE,TRUE,FALSE,FALSE,TRUE
13,92,"National Issues Convention 2","nic2.t1inter","13:9202","13:9202::nic2.t1inter","triple","9202",0.660714285714286,1,0.75,1,0.683333333333333,0.767857142857143,0.933333333333333,15,FALSE,FALSE,0.0845238095238096,0.0892857142857143,-0.0845238095238096,0,0,0.634615384615385,1,0.75,1,0.660714285714286,0.767857142857143,0.928571428571429,14,FALSE,FALSE,0.107142857142857,0.115384615384615,-0.107142857142857,0,0,TRUE,TRUE,FALSE,FALSE,FALSE
13,92,"National Issues Convention 2","nic2.t1inter","13:9203","13:9203::nic2.t1inter","triple","9203",0.770833333333333,1,0.854166666666667,0.9375,0.828125,0.875,0.75,16,FALSE,FALSE,0.046875,0.0833333333333333,-0.046875,0.0625,-0.0625,0.770833333333333,1,0.854166666666667,0.9375,0.828125,0.875,0.75,16,FALSE,FALSE,0.046875,0.0833333333333333,-0.046875,0.0625,-0.0625,TRUE,TRUE,FALSE,TRUE,FALSE
13,92,"National Issues Convention 2","nic2.t1inter","13:9204","13:9204::nic2.t1inter","triple","9204",0.770833333333333,1,0.886363636363636,1,0.788461538461538,0.895833333333333,0.923076923076923,13,FALSE,FALSE,0.107371794871795,0.115530303030303,-0.107371794871795,0,0,0.75,1,0.886363636363636,1,0.770833333333333,0.895833333333333,0.916666666666667,12,FALSE,FALSE,0.125,0.136363636363636,-0.125,0,0,TRUE,TRUE,FALSE,FALSE,FALSE
13,92,"National Issues Convention 2","nic2.t1inter","13:9205","13:9205::nic2.t1inter","triple","9205",0.75,1,0.9375,1,0.769230769230769,0.942307692307692,0.923076923076923,13,FALSE,FALSE,0.173076923076923,0.1875,-0.173076923076923,0,0,0.75,1,0.9375,1,0.769230769230769,0.942307692307692,0.923076923076923,13,FALSE,FALSE,0.173076923076923,0.1875,-0.173076923076923,0,0,TRUE,TRUE,FALSE,FALSE,FALSE
13,92,"National Issues Convention 2","nic2.t1inter","13:9206","13:9206::nic2.t1inter","triple","9206",0.704545454545455,1,0.75,NA,0.729166666666667,0.75,0.916666666666667,12,FALSE,FALSE,0.0208333333333334,0.0454545454545454,-0.0208333333333334,NA,NA,NA,NA,NA,NA,NA,NA,NA,NA,NA,NA,NA,NA,NA,NA,NA,TRUE,TRUE,FALSE,NA,NA
13,92,"National Issues Convention 2","nic2.t1inter","13:9208","13:9208::nic2.t1inter","triple","9208",0.75,1,0.875,0.875,0.791666666666667,0.875,0.833333333333333,12,FALSE,FALSE,0.0833333333333334,0.125,-0.0833333333333334,0.125,-0.125,0.75,1,0.875,0.875,0.791666666666667,0.875,0.833333333333333,12,FALSE,FALSE,0.0833333333333334,0.125,-0.0833333333333334,0.125,-0.125,TRUE,TRUE,FALSE,TRUE,FALSE
13,92,"National Issues Convention 2","nic2.t1inter","13:9209","13:9209::nic2.t1inter","triple","9209",0.8125,0.875,0.75,0.875,0.833333333333333,0.791666666666667,0.666666666666667,12,FALSE,FALSE,-0.0416666666666667,-0.0625,0.0416666666666667,0,0,0.8125,0.875,0.75,0.875,0.833333333333333,0.791666666666667,0.666666666666667,12,FALSE,FALSE,-0.0416666666666667,-0.0625,0.0416666666666667,0,0,FALSE,FALSE,TRUE,FALSE,FALSE
13,92,"National Issues Convention 2","nic2.t1inter","13:9211","13:9211::nic2.t1inter","triple","9211",0.675,1,0.7,1,0.704545454545455,0.727272727272727,0.909090909090909,11,FALSE,FALSE,0.0227272727272727,0.0249999999999999,-0.0227272727272727,0,0,0.675,1,0.7,1,0.704545454545455,0.727272727272727,0.909090909090909,11,FALSE,FALSE,0.0227272727272727,0.0249999999999999,-0.0227272727272727,0,0,TRUE,TRUE,FALSE,FALSE,FALSE
13,92,"National Issues Convention 2","nic2.t1inter","13:9213","13:9213::nic2.t1inter","triple","9213",0.596153846153846,1,0.769230769230769,1,0.625,0.785714285714286,0.928571428571429,14,FALSE,FALSE,0.160714285714286,0.173076923076923,-0.160714285714286,0,0,0.596153846153846,1,0.769230769230769,1,0.625,0.785714285714286,0.928571428571429,14,FALSE,FALSE,0.160714285714286,0.173076923076923,-0.160714285714286,0,0,TRUE,TRUE,FALSE,FALSE,FALSE
13,92,"National Issues Convention 2","nic2.t1inter","13:9214","13:9214::nic2.t1inter","triple","9214",0.791666666666667,0.666666666666667,0.840909090909091,1,0.766666666666667,0.875,0.8,15,FALSE,FALSE,-0.108333333333333,-0.0492424242424243,0.108333333333333,0.333333333333333,-0.333333333333333,0.818181818181818,0.666666666666667,0.840909090909091,1,0.785714285714286,0.875,0.785714285714286,14,FALSE,FALSE,-0.0892857142857143,-0.0227272727272727,0.0892857142857143,0.333333333333333,-0.333333333333333,FALSE,FALSE,TRUE,TRUE,FALSE
13,92,"National Issues Convention 2","nic2.t1inter","13:9215","13:9215::nic2.t1inter","triple","9215",0.95,0.75,0.875,0.8125,0.892857142857143,0.857142857142857,0.714285714285714,14,FALSE,FALSE,0.0357142857142858,0.075,-0.0357142857142858,0.0625,-0.0625,0.95,0.75,0.875,0.8125,0.892857142857143,0.857142857142857,0.714285714285714,14,FALSE,FALSE,0.0357142857142858,0.075,-0.0357142857142858,0.0625,-0.0625,TRUE,TRUE,FALSE,TRUE,FALSE
13,92,"National Issues Convention 2","nic2.t1inter","13:9216","13:9216::nic2.t1inter","triple","9216",0.770833333333333,0.875,0.875,1,0.785714285714286,0.892857142857143,0.857142857142857,14,FALSE,FALSE,0.107142857142857,0.104166666666667,-0.107142857142857,-0.125,0.125,0.770833333333333,0.875,0.875,1,0.785714285714286,0.892857142857143,0.857142857142857,14,FALSE,FALSE,0.107142857142857,0.104166666666667,-0.107142857142857,-0.125,0.125,TRUE,TRUE,FALSE,FALSE,TRUE
13,92,"National Issues Convention 2","nic2.t1inter","13:9217","13:9217::nic2.t1inter","triple","9217",0.7,1,0.9,1,0.75,0.916666666666667,0.833333333333333,12,FALSE,FALSE,0.166666666666667,0.2,-0.166666666666667,0,0,0.7,1,0.9,1,0.75,0.916666666666667,0.833333333333333,12,FALSE,FALSE,0.166666666666667,0.2,-0.166666666666667,0,0,TRUE,TRUE,FALSE,FALSE,FALSE
13,92,"National Issues Convention 2","nic2.t1inter","13:9218","13:9218::nic2.t1inter","triple","9218",0.8125,1,0.8125,1,0.826923076923077,0.826923076923077,0.923076923076923,13,FALSE,TRUE,0,0,0,0,0,0.8125,1,0.8125,1,0.826923076923077,0.826923076923077,0.923076923076923,13,FALSE,TRUE,0,0,0,0,0,FALSE,FALSE,FALSE,FALSE,FALSE
13,92,"National Issues Convention 2","nic2.t1inter","13:9219","13:9219::nic2.t1inter","triple","9219",0.785714285714286,1,0.803571428571429,1,0.8,0.816666666666667,0.933333333333333,15,FALSE,FALSE,0.0166666666666666,0.0178571428571429,-0.0166666666666666,0,0,0.785714285714286,1,0.803571428571429,1,0.8,0.816666666666667,0.933333333333333,15,FALSE,FALSE,0.0166666666666666,0.0178571428571429,-0.0166666666666666,0,0,TRUE,TRUE,FALSE,FALSE,FALSE
13,92,"National Issues Convention 2","nic2.t1inter","13:9220","13:9220::nic2.t1inter","triple","9220",0.772727272727273,1,0.666666666666667,1,0.807692307692308,0.714285714285714,0.857142857142857,14,FALSE,FALSE,-0.0934065934065934,-0.106060606060606,0.0934065934065934,0,0,0.772727272727273,1,0.659090909090909,1,0.807692307692308,0.711538461538462,0.846153846153846,13,FALSE,FALSE,-0.0961538461538461,-0.113636363636364,0.0961538461538461,0,0,FALSE,FALSE,TRUE,FALSE,FALSE
13,92,"National Issues Convention 2","nic2.t1inter","13:9221","13:9221::nic2.t1inter","triple","9221",0.725,0.916666666666667,0.9,1,0.769230769230769,0.923076923076923,0.769230769230769,13,FALSE,FALSE,0.153846153846154,0.175,-0.153846153846154,-0.0833333333333334,0.0833333333333334,0.725,0.916666666666667,0.9,1,0.769230769230769,0.923076923076923,0.769230769230769,13,FALSE,FALSE,0.153846153846154,0.175,-0.153846153846154,-0.0833333333333334,0.0833333333333334,TRUE,TRUE,FALSE,FALSE,TRUE
13,92,"National Issues Convention 2","nic2.t1inter","13:9222","13:9222::nic2.t1inter","triple","9222",0.666666666666667,0.75,0.75,1,0.675,0.775,0.9,10,FALSE,FALSE,0.1,0.0833333333333334,-0.1,-0.25,0.25,0.666666666666667,0.75,0.75,1,0.675,0.775,0.9,10,FALSE,FALSE,0.1,0.0833333333333334,-0.1,-0.25,0.25,TRUE,TRUE,FALSE,FALSE,TRUE
13,92,"National Issues Convention 2","nic2.t1inter","13:9223","13:9223::nic2.t1inter","triple","9223",0.681818181818182,0.75,0.795454545454545,0.916666666666667,0.696428571428571,0.821428571428571,0.785714285714286,14,FALSE,FALSE,0.125,0.113636363636364,-0.125,-0.166666666666667,0.166666666666667,0.681818181818182,0.75,0.795454545454545,0.916666666666667,0.696428571428571,0.821428571428571,0.785714285714286,14,FALSE,FALSE,0.125,0.113636363636364,-0.125,-0.166666666666667,0.166666666666667,TRUE,TRUE,FALSE,FALSE,TRUE
13,92,"National Issues Convention 2","nic2.t1inter","13:9224","13:9224::nic2.t1inter","triple","9224",0.9375,1,0.861111111111111,1,0.95,0.886363636363636,0.818181818181818,11,FALSE,FALSE,-0.0636363636363636,-0.0763888888888888,0.0636363636363636,0,0,0.9375,1,0.875,1,0.95,0.9,0.8,10,FALSE,FALSE,-0.0499999999999999,-0.0625,0.0499999999999999,0,0,FALSE,FALSE,TRUE,FALSE,FALSE
13,92,"National Issues Convention 2","nic2.t1global","13:9201","13:9201::nic2.t1global","triple","9201",0.602160500155555,0.683333337306976,0.7580246925354,0.730555554231008,0.62245370944341,0.751157407959302,0.75,12,FALSE,FALSE,0.128703698515892,0.155864192379846,-0.128703698515892,-0.0472222169240316,0.0472222169240316,0.602160500155555,0.683333337306976,0.7580246925354,0.730555554231008,0.62245370944341,0.751157407959302,0.75,12,FALSE,FALSE,0.128703698515892,0.155864192379846,-0.128703698515892,-0.0472222169240316,0.0472222169240316,TRUE,TRUE,FALSE,FALSE,TRUE
13,92,"National Issues Convention 2","nic2.t1global","13:9202","13:9202::nic2.t1global","triple","9202",0.627103177564485,0.800000011920929,0.678075390202659,0.805555582046509,0.638629633188248,0.686574069658915,0.933333333333333,15,FALSE,FALSE,0.0479444364706675,0.0509722126381738,-0.0479444364706675,-0.00555557012557983,0.00555557012557983,0.627103177564485,0.800000011920929,0.678075390202659,0.805555582046509,0.638629633188248,0.686574069658915,0.933333333333333,15,FALSE,FALSE,0.0479444364706675,0.0509722126381738,-0.0479444364706675,-0.00555557012557983,0.00555557012557983,TRUE,TRUE,FALSE,FALSE,TRUE
13,92,"National Issues Convention 2","nic2.t1global","13:9203","13:9203::nic2.t1global","triple","9203",0.664212959508101,0.64375001937151,0.720949078599612,0.682152800261974,0.659097224473953,0.711250009015203,0.75,16,FALSE,FALSE,-0.0521527845412493,-0.0567361190915108,0.0521527845412493,0.0384027808904648,-0.0384027808904648,0.664212959508101,0.64375001937151,0.720949078599612,0.682152800261974,0.659097224473953,0.711250009015203,0.75,16,FALSE,FALSE,-0.0521527845412493,-0.0567361190915108,0.0521527845412493,0.0384027808904648,-0.0384027808904648,FALSE,FALSE,TRUE,TRUE,FALSE
13,92,"National Issues Convention 2","nic2.t1global","13:9204","13:9204::nic2.t1global","triple","9204",0.598379636804263,0.633333325386047,0.667129630843798,0.725000023841858,0.601068382079785,0.671581199535957,0.923076923076923,13,FALSE,FALSE,0.0705128174561721,0.0687499940395355,-0.0705128174561721,-0.0916666984558105,0.0916666984558105,0.598379636804263,0.633333325386047,0.667129630843798,0.725000023841858,0.601068382079785,0.671581199535957,0.923076923076923,13,FALSE,FALSE,0.0705128174561721,0.0687499940395355,-0.0705128174561721,-0.0916666984558105,0.0916666984558105,TRUE,TRUE,FALSE,FALSE,TRUE
13,92,"National Issues Convention 2","nic2.t1global","13:9205","13:9205::nic2.t1global","triple","9205",0.623842594524225,0.530555546283722,0.773495376110077,0.555555582046509,0.616666667736494,0.756730776566725,0.923076923076923,13,FALSE,FALSE,-0.140064108830232,-0.149652781585852,0.140064108830232,0.0250000357627869,-0.0250000357627869,0.623842594524225,0.530555546283722,0.773495376110077,0.555555582046509,0.616666667736494,0.756730776566725,0.923076923076923,13,FALSE,FALSE,-0.140064108830232,-0.149652781585852,0.140064108830232,0.0250000357627869,-0.0250000357627869,FALSE,FALSE,TRUE,TRUE,FALSE
13,92,"National Issues Convention 2","nic2.t1global","13:9206","13:9206::nic2.t1global","triple","9206",0.558080811392177,0.286666661500931,0.705050503665751,0.387500017881393,0.535462965567907,0.678587963183721,0.916666666666667,12,FALSE,FALSE,-0.143124997615814,-0.146969692273573,0.143124997615814,0.100833356380463,-0.100833356380463,0.558080811392177,0.286666661500931,0.705050503665751,0.387500017881393,0.535462965567907,0.678587963183721,0.916666666666667,12,FALSE,FALSE,-0.143124997615814,-0.146969692273573,0.143124997615814,0.100833356380463,-0.100833356380463,FALSE,FALSE,TRUE,TRUE,FALSE
13,92,"National Issues Convention 2","nic2.t1global","13:9208","13:9208::nic2.t1global","triple","9208",0.56111111342907,0.526388913393021,0.649722221493721,0.581944435834885,0.555324080089728,0.638425923883915,0.833333333333333,12,FALSE,FALSE,-0.083101843794187,-0.0886111080646516,0.083101843794187,0.055555522441864,-0.055555522441864,0.56111111342907,0.526388913393021,0.649722221493721,0.581944435834885,0.555324080089728,0.638425923883915,0.833333333333333,12,FALSE,FALSE,-0.083101843794187,-0.0886111080646516,0.083101843794187,0.055555522441864,-0.055555522441864,FALSE,FALSE,TRUE,TRUE,FALSE
13,92,"National Issues Convention 2","nic2.t1global","13:9209","13:9209::nic2.t1global","triple","9209",0.54409721121192,0.480902787297964,0.589305553585291,0.629861101508141,0.523032403240601,0.602824069559574,0.666666666666667,12,FALSE,FALSE,-0.0797916663189729,-0.0452083423733711,0.0797916663189729,0.148958314210176,-0.148958314210176,0.54409721121192,0.480902787297964,0.589305553585291,0.629861101508141,0.523032403240601,0.602824069559574,0.666666666666667,12,FALSE,FALSE,-0.0797916663189729,-0.0452083423733711,0.0797916663189729,0.148958314210176,-0.148958314210176,FALSE,FALSE,TRUE,TRUE,FALSE
13,92,"National Issues Convention 2","nic2.t1global","13:9211","13:9211::nic2.t1global","triple","9211",0.516944456100464,0.469444453716278,0.645416674017906,0.522222220897675,0.512626274065538,0.634217178279703,0.909090909090909,11,FALSE,FALSE,-0.121590904214166,-0.128472217917442,0.121590904214166,0.0527777671813965,-0.0527777671813965,0.516944456100464,0.469444453716278,0.645416674017906,0.522222220897675,0.512626274065538,0.634217178279703,0.909090909090909,11,FALSE,FALSE,-0.121590904214166,-0.128472217917442,0.121590904214166,0.0527777671813965,-0.0527777671813965,FALSE,FALSE,TRUE,TRUE,FALSE
13,92,"National Issues Convention 2","nic2.t1global","13:9213","13:9213::nic2.t1global","triple","9213",0.476068379930579,0.688888907432556,0.638333325202648,0.800000011920929,0.49126984618072,0.649880945682526,0.928571428571429,14,FALSE,FALSE,0.158611099501806,0.16226494527207,-0.158611099501806,-0.111111104488373,0.111111104488373,0.476068379930579,0.688888907432556,0.638333325202648,0.800000011920929,0.49126984618072,0.649880945682526,0.928571428571429,14,FALSE,FALSE,0.158611099501806,0.16226494527207,-0.158611099501806,-0.111111104488373,0.111111104488373,TRUE,TRUE,FALSE,FALSE,TRUE
13,92,"National Issues Convention 2","nic2.t1global","13:9214","13:9214::nic2.t1global","triple","9214",0.599999996523062,0.777777781089147,0.772199074427287,0.829629639784495,0.635555553436279,0.783685187498728,0.8,15,FALSE,FALSE,0.148129634062449,0.172199077904224,-0.148129634062449,-0.051851858695348,0.051851858695348,0.599999996523062,0.777777781089147,0.772199074427287,0.829629639784495,0.635555553436279,0.783685187498728,0.8,15,FALSE,FALSE,0.148129634062449,0.172199077904224,-0.148129634062449,-0.051851858695348,0.051851858695348,TRUE,TRUE,FALSE,FALSE,TRUE
13,92,"National Issues Convention 2","nic2.t1global","13:9215","13:9215::nic2.t1global","triple","9215",0.623611110448837,0.502777777612209,0.67236111164093,0.604513898491859,0.589087301066944,0.652976193598339,0.714285714285714,14,FALSE,FALSE,-0.063888892531395,-0.0487500011920928,0.063888892531395,0.10173612087965,-0.10173612087965,0.623611110448837,0.502777777612209,0.67236111164093,0.604513898491859,0.589087301066944,0.652976193598339,0.714285714285714,14,FALSE,FALSE,-0.063888892531395,-0.0487500011920928,0.063888892531395,0.10173612087965,-0.10173612087965,FALSE,FALSE,TRUE,TRUE,FALSE
13,92,"National Issues Convention 2","nic2.t1global","13:9216","13:9216::nic2.t1global","triple","9216",0.715740740299225,0.527777791023254,0.763425931334496,0.579166650772095,0.688888890402658,0.737103176968438,0.857142857142857,14,FALSE,FALSE,-0.0482142865657806,-0.0476851910352707,0.0482142865657806,0.0513888597488403,-0.0513888597488403,0.715740740299225,0.527777791023254,0.763425931334496,0.579166650772095,0.688888890402658,0.737103176968438,0.857142857142857,14,FALSE,FALSE,-0.0482142865657806,-0.0476851910352707,0.0482142865657806,0.0513888597488403,-0.0513888597488403,FALSE,FALSE,TRUE,TRUE,FALSE
13,92,"National Issues Convention 2","nic2.t1global","13:9217","13:9217::nic2.t1global","triple","9217",0.626388892531395,0.566111117601395,0.693999990820885,0.754166662693024,0.616342596709728,0.704027769466241,0.833333333333333,12,FALSE,FALSE,-0.087685172756513,-0.0676110982894897,0.087685172756513,0.188055545091629,-0.188055545091629,0.626388892531395,0.566111117601395,0.693999990820885,0.754166662693024,0.616342596709728,0.704027769466241,0.833333333333333,12,FALSE,FALSE,-0.087685172756513,-0.0676110982894897,0.087685172756513,0.188055545091629,-0.188055545091629,FALSE,FALSE,TRUE,TRUE,FALSE
13,92,"National Issues Convention 2","nic2.t1global","13:9218","13:9218::nic2.t1global","triple","9218",0.631481486062209,0.949999988079071,0.659444443881512,0.887499988079071,0.655982909294275,0.676987178050555,0.923076923076923,13,FALSE,FALSE,0.0210042687562796,0.0279629578193029,-0.0210042687562796,0.0625,-0.0625,0.631481486062209,0.949999988079071,0.659444443881512,0.887499988079071,0.655982909294275,0.676987178050555,0.923076923076923,13,FALSE,FALSE,0.0210042687562796,0.0279629578193029,-0.0210042687562796,0.0625,-0.0625,TRUE,TRUE,FALSE,TRUE,FALSE
13,92,"National Issues Convention 2","nic2.t1global","13:9219","13:9219::nic2.t1global","triple","9219",0.63769841832774,0.824999988079071,0.681349202990532,0.924999952316284,0.650185189644496,0.697592586278915,0.933333333333333,15,FALSE,FALSE,0.0474073966344197,0.0436507846627917,-0.0474073966344197,-0.0999999642372131,0.0999999642372131,0.63769841832774,0.824999988079071,0.681349202990532,0.924999952316284,0.650185189644496,0.697592586278915,0.933333333333333,15,FALSE,FALSE,0.0474073966344197,0.0436507846627917,-0.0474073966344197,-0.0999999642372131,0.0999999642372131,TRUE,TRUE,FALSE,FALSE,TRUE
13,92,"National Issues Convention 2","nic2.t1global","13:9220","13:9220::nic2.t1global","triple","9220",0.594444441298644,0.693055540323257,0.7342592527469,0.837500005960464,0.608531741159303,0.749007931777409,0.857142857142857,14,FALSE,FALSE,0.140476190618106,0.139814811448256,-0.140476190618106,-0.144444465637207,0.144444465637207,0.594444441298644,0.693055540323257,0.7342592527469,0.837500005960464,0.608531741159303,0.749007931777409,0.857142857142857,14,FALSE,FALSE,0.140476190618106,0.139814811448256,-0.140476190618106,-0.144444465637207,0.144444465637207,TRUE,TRUE,FALSE,FALSE,TRUE
13,92,"National Issues Convention 2","nic2.t1global","13:9221","13:9221::nic2.t1global","triple","9221",0.555111117660999,0.683333337306976,0.661666679382324,0.693518539269765,0.584700860656225,0.669017108587118,0.769230769230769,13,FALSE,FALSE,0.0843162479308935,0.106555561721325,-0.0843162479308935,-0.0101852019627889,0.0101852019627889,0.555111117660999,0.683333337306976,0.661666679382324,0.693518539269765,0.584700860656225,0.669017108587118,0.769230769230769,13,FALSE,FALSE,0.0843162479308935,0.106555561721325,-0.0843162479308935,-0.0101852019627889,0.0101852019627889,TRUE,TRUE,FALSE,FALSE,TRUE
13,92,"National Issues Convention 2","nic2.t1global","13:9222","13:9222::nic2.t1global","triple","9222",0.536234578324689,0.333333343267441,0.683179014258914,0.616666674613953,0.515944454818964,0.676527780294418,0.9,10,FALSE,FALSE,-0.160583325475454,-0.146944435934226,0.160583325475454,0.283333331346512,-0.283333331346512,0.536234578324689,0.333333343267441,0.683179014258914,0.616666674613953,0.515944454818964,0.676527780294418,0.9,10,FALSE,FALSE,-0.160583325475454,-0.146944435934226,0.160583325475454,0.283333331346512,-0.283333331346512,FALSE,FALSE,TRUE,TRUE,FALSE
13,92,"National Issues Convention 2","nic2.t1global","13:9223","13:9223::nic2.t1global","triple","9223",0.55101010880687,0.537222216526667,0.591464650901881,0.716666658719381,0.548055560461112,0.61829365257706,0.785714285714286,14,FALSE,FALSE,-0.0702380921159471,-0.040454542095011,0.0702380921159471,0.179444442192713,-0.179444442192713,0.55101010880687,0.537222216526667,0.591464650901881,0.716666658719381,0.548055560461112,0.61829365257706,0.785714285714286,14,FALSE,FALSE,-0.0702380921159471,-0.040454542095011,0.0702380921159471,0.179444442192713,-0.179444442192713,FALSE,FALSE,TRUE,TRUE,FALSE
13,92,"National Issues Convention 2","nic2.t1global","13:9224","13:9224::nic2.t1global","triple","9224",0.520370370811886,0.69305557012558,0.542283955547545,0.684722244739532,0.551767679778012,0.568181826309724,0.818181818181818,11,FALSE,FALSE,0.0164141465317119,0.0219135847356584,-0.0164141465317119,0.00833332538604736,-0.00833332538604736,0.520370370811886,0.69305557012558,0.542283955547545,0.684722244739532,0.551767679778012,0.568181826309724,0.818181818181818,11,FALSE,FALSE,0.0164141465317119,0.0219135847356584,-0.0164141465317119,0.00833332538604736,-0.00833332538604736,TRUE,TRUE,FALSE,TRUE,FALSE
13,92,"National Issues Convention 2","nic2.t1demo","13:9201","13:9201::nic2.t1demo","triple","9201",0.678703702158398,0.688888897498449,0.739197525713179,0.672222246726354,0.681250000993411,0.722453705966473,0.75,12,FALSE,FALSE,0.0412037049730619,0.0604938235547807,-0.0412037049730619,0.0166666507720947,-0.0166666507720947,0.678703702158398,0.688888897498449,0.739197525713179,0.672222246726354,0.681250000993411,0.722453705966473,0.75,12,FALSE,FALSE,0.0412037049730619,0.0604938235547807,-0.0412037049730619,0.0166666507720947,-0.0166666507720947,TRUE,TRUE,FALSE,TRUE,FALSE
13,92,"National Issues Convention 2","nic2.t1demo","13:9202","13:9202::nic2.t1demo","triple","9202",0.584920635180814,0.494444459676743,0.650198417050498,0.594444453716278,0.578888890147209,0.64648148616155,0.933333333333333,15,FALSE,FALSE,-0.0675925960143408,-0.0652777818696839,0.0675925960143408,0.0999999940395355,-0.0999999940395355,0.584920635180814,0.494444459676743,0.650198417050498,0.594444453716278,0.578888890147209,0.64648148616155,0.933333333333333,15,FALSE,FALSE,-0.0675925960143408,-0.0652777818696839,0.0675925960143408,0.0999999940395355,-0.0999999940395355,FALSE,FALSE,TRUE,TRUE,FALSE
13,92,"National Issues Convention 2","nic2.t1demo","13:9203","13:9203::nic2.t1demo","triple","9203",0.653333336114883,0.766666680574417,0.714814816912015,0.790277794003487,0.681666672229767,0.733680561184883,0.75,16,FALSE,FALSE,0.0520138889551163,0.0614814807971319,-0.0520138889551163,-0.0236111134290695,0.0236111134290695,0.653333336114883,0.766666680574417,0.714814816912015,0.790277794003487,0.681666672229767,0.733680561184883,0.75,16,FALSE,FALSE,0.0520138889551163,0.0614814807971319,-0.0520138889551163,-0.0236111134290695,0.0236111134290695,TRUE,TRUE,FALSE,FALSE,TRUE
13,92,"National Issues Convention 2","nic2.t1demo","13:9204","13:9204::nic2.t1demo","triple","9204",0.706481479108334,0.694444417953491,0.667499991754691,0.75,0.705555551327192,0.673846146235099,0.923076923076923,13,FALSE,FALSE,0.0317094050920926,0.0389814873536428,-0.0317094050920926,0.0555555820465088,-0.0555555820465088,0.706481479108334,0.694444417953491,0.667499991754691,0.75,0.705555551327192,0.673846146235099,0.923076923076923,13,FALSE,FALSE,0.0317094050920926,0.0389814873536428,-0.0317094050920926,0.0555555820465088,-0.0555555820465088,TRUE,TRUE,FALSE,TRUE,FALSE
13,92,"National Issues Convention 2","nic2.t1demo","13:9205","13:9205::nic2.t1demo","triple","9205",0.615740741292636,0.716666638851166,0.674074073632558,0.583333313465118,0.623504271874061,0.66709401515814,0.923076923076923,13,FALSE,FALSE,0.0435897432840787,0.0583333323399227,-0.0435897432840787,0.133333325386047,-0.133333325386047,0.615740741292636,0.716666638851166,0.674074073632558,0.583333313465118,0.623504271874061,0.66709401515814,0.923076923076923,13,FALSE,FALSE,0.0435897432840787,0.0583333323399227,-0.0435897432840787,0.133333325386047,-0.133333325386047,TRUE,TRUE,FALSE,TRUE,FALSE
13,92,"National Issues Convention 2","nic2.t1demo","13:9206","13:9206::nic2.t1demo","triple","9206",0.652525251561945,0.561111092567444,0.697222219272093,0.627777755260468,0.64490740497907,0.691435180604458,0.916666666666667,12,FALSE,FALSE,-0.0465277756253878,-0.0446969677101482,0.0465277756253878,0.0666666626930237,-0.0666666626930237,0.652525251561945,0.561111092567444,0.697222219272093,0.627777755260468,0.64490740497907,0.691435180604458,0.916666666666667,12,FALSE,FALSE,-0.0465277756253878,-0.0446969677101482,0.0465277756253878,0.0666666626930237,-0.0666666626930237,FALSE,FALSE,TRUE,TRUE,FALSE
13,92,"National Issues Convention 2","nic2.t1demo","13:9208","13:9208::nic2.t1demo","triple","9208",0.627777780592442,0.691666692495346,0.742777773737907,0.680555552244186,0.638425932576259,0.732407403488954,0.833333333333333,12,FALSE,FALSE,0.0939814709126949,0.114999993145466,-0.0939814709126949,0.0111111402511597,-0.0111111402511597,0.627777780592442,0.691666692495346,0.742777773737907,0.680555552244186,0.638425932576259,0.732407403488954,0.833333333333333,12,FALSE,FALSE,0.0939814709126949,0.114999993145466,-0.0939814709126949,0.0111111402511597,-0.0111111402511597,TRUE,TRUE,FALSE,TRUE,FALSE
13,92,"National Issues Convention 2","nic2.t1demo","13:9209","13:9209::nic2.t1demo","triple","9209",0.647916670888662,0.72916667163372,0.640277784317732,0.679166659712791,0.675000004470348,0.653240742782752,0.666666666666667,12,FALSE,FALSE,-0.0217592616875967,-0.00763888657093048,0.0217592616875967,0.050000011920929,-0.050000011920929,0.647916670888662,0.72916667163372,0.640277784317732,0.679166659712791,0.675000004470348,0.653240742782752,0.666666666666667,12,FALSE,FALSE,-0.0217592616875967,-0.00763888657093048,0.0217592616875967,0.050000011920929,-0.050000011920929,FALSE,FALSE,TRUE,TRUE,FALSE
13,92,"National Issues Convention 2","nic2.t1demo","13:9211","13:9211::nic2.t1demo","triple","9211",0.656388884782791,0.688888907432556,0.671111109852791,0.694444417953491,0.659343432296406,0.673232319680127,0.909090909090909,11,FALSE,FALSE,0.0138888873837211,0.0147222250699998,-0.0138888873837211,-0.00555551052093506,0.00555551052093506,0.656388884782791,0.688888907432556,0.671111109852791,0.694444417953491,0.659343432296406,0.673232319680127,0.909090909090909,11,FALSE,FALSE,0.0138888873837211,0.0147222250699998,-0.0138888873837211,-0.00555551052093506,0.00555551052093506,TRUE,TRUE,FALSE,FALSE,TRUE
13,92,"National Issues Convention 2","nic2.t1demo","13:9213","13:9213::nic2.t1demo","triple","9213",0.55000000160474,0.766666650772095,0.637820507471378,0.683333337306976,0.56547619083098,0.641071423888206,0.928571428571429,14,FALSE,FALSE,0.0755952330572265,0.0878205058666377,-0.0755952330572265,0.0833333134651184,-0.0833333134651184,0.55000000160474,0.766666650772095,0.637820507471378,0.683333337306976,0.56547619083098,0.641071423888206,0.928571428571429,14,FALSE,FALSE,0.0755952330572265,0.0878205058666377,-0.0755952330572265,0.0833333134651184,-0.0833333134651184,TRUE,TRUE,FALSE,TRUE,FALSE
13,92,"National Issues Convention 2","nic2.t1demo","13:9214","13:9214::nic2.t1demo","triple","9214",0.635185188303391,0.731481502453486,0.754166667660077,0.812962969144185,0.65444445113341,0.765925927956899,0.8,15,FALSE,FALSE,0.111481476823489,0.118981479356686,-0.111481476823489,-0.0814814666906993,0.0814814666906993,0.635185188303391,0.731481502453486,0.754166667660077,0.812962969144185,0.65444445113341,0.765925927956899,0.8,15,FALSE,FALSE,0.111481476823489,0.118981479356686,-0.111481476823489,-0.0814814666906993,0.0814814666906993,TRUE,TRUE,FALSE,FALSE,TRUE
13,92,"National Issues Convention 2","nic2.t1demo","13:9215","13:9215::nic2.t1demo","triple","9215",0.622666668891907,0.766666665673256,0.619444450736046,0.629861116409302,0.663809525115149,0.622420640928405,0.714285714285714,14,FALSE,FALSE,-0.0413888841867447,-0.00322221815586088,0.0413888841867447,0.136805549263954,-0.136805549263954,0.622666668891907,0.766666665673256,0.619444450736046,0.629861116409302,0.663809525115149,0.622420640928405,0.714285714285714,14,FALSE,FALSE,-0.0413888841867447,-0.00322221815586088,0.0413888841867447,0.136805549263954,-0.136805549263954,FALSE,FALSE,TRUE,TRUE,FALSE
13,92,"National Issues Convention 2","nic2.t1demo","13:9216","13:9216::nic2.t1demo","triple","9216",0.700231482585271,0.580555558204651,0.676157412429651,0.613888904452324,0.683134921959468,0.667261911290033,0.857142857142857,14,FALSE,FALSE,0.0158730106694358,0.0240740701556206,-0.0158730106694358,0.033333346247673,-0.033333346247673,0.700231482585271,0.580555558204651,0.676157412429651,0.613888904452324,0.683134921959468,0.667261911290033,0.857142857142857,14,FALSE,FALSE,0.0158730106694358,0.0240740701556206,-0.0158730106694358,0.033333346247673,-0.033333346247673,TRUE,TRUE,FALSE,TRUE,FALSE
13,92,"National Issues Convention 2","nic2.t1demo","13:9217","13:9217::nic2.t1demo","triple","9217",0.658055555820465,0.720833331346512,0.714999997615814,0.816666662693024,0.66851851840814,0.731944441795349,0.833333333333333,12,FALSE,FALSE,0.0634259233872095,0.0569444417953492,-0.0634259233872095,-0.0958333313465118,0.0958333313465118,0.658055555820465,0.720833331346512,0.714999997615814,0.816666662693024,0.66851851840814,0.731944441795349,0.833333333333333,12,FALSE,FALSE,0.0634259233872095,0.0569444417953492,-0.0634259233872095,-0.0958333313465118,0.0958333313465118,TRUE,TRUE,FALSE,FALSE,TRUE
13,92,"National Issues Convention 2","nic2.t1demo","13:9218","13:9218::nic2.t1demo","triple","9218",0.65185184776783,0.672222197055817,0.722453705966473,0.672222256660461,0.65341879771306,0.718589748327549,0.923076923076923,13,FALSE,FALSE,0.0651709506144891,0.0706018581986427,-0.0651709506144891,-5.96046447753906e-08,5.96046447753906e-08,0.65185184776783,0.672222197055817,0.722453705966473,0.672222256660461,0.65341879771306,0.718589748327549,0.923076923076923,13,FALSE,FALSE,0.0651709506144891,0.0706018581986427,-0.0651709506144891,-5.96046447753906e-08,5.96046447753906e-08,TRUE,TRUE,FALSE,FALSE,TRUE
13,92,"National Issues Convention 2","nic2.t1demo","13:9219","13:9219::nic2.t1demo","triple","9219",0.638492077589035,0.955555558204651,0.76226190158299,0.941666662693024,0.659629642963409,0.774222218990326,0.933333333333333,15,FALSE,FALSE,0.114592576026917,0.123769823993955,-0.114592576026917,0.0138888955116272,-0.0138888955116272,0.638492077589035,0.955555558204651,0.76226190158299,0.941666662693024,0.659629642963409,0.774222218990326,0.933333333333333,15,FALSE,FALSE,0.114592576026917,0.123769823993955,-0.114592576026917,0.0138888955116272,-0.0138888955116272,TRUE,TRUE,FALSE,TRUE,FALSE
13,92,"National Issues Convention 2","nic2.t1demo","13:9220","13:9220::nic2.t1demo","triple","9220",0.597453705966473,0.852777779102325,0.727083335320155,0.822222232818604,0.633928573557309,0.740674606391362,0.857142857142857,14,FALSE,FALSE,0.106746032834053,0.129629629353682,-0.106746032834053,0.0305555462837219,-0.0305555462837219,0.597453705966473,0.852777779102325,0.727083335320155,0.822222232818604,0.633928573557309,0.740674606391362,0.857142857142857,14,FALSE,FALSE,0.106746032834053,0.129629629353682,-0.106746032834053,0.0305555462837219,-0.0305555462837219,TRUE,TRUE,FALSE,TRUE,FALSE
13,92,"National Issues Convention 2","nic2.t1demo","13:9221","13:9221::nic2.t1demo","triple","9221",0.558777770400047,0.66481480995814,0.680000001192093,0.629629621903102,0.583247856451915,0.668376067510018,0.769230769230769,13,FALSE,FALSE,0.0851282110581031,0.121222230792046,-0.0851282110581031,0.0351851880550385,-0.0351851880550385,0.558777770400047,0.66481480995814,0.680000001192093,0.629629621903102,0.583247856451915,0.668376067510018,0.769230769230769,13,FALSE,FALSE,0.0851282110581031,0.121222230792046,-0.0851282110581031,0.0351851880550385,-0.0351851880550385,TRUE,TRUE,FALSE,TRUE,FALSE
13,92,"National Issues Convention 2","nic2.t1demo","13:9222","13:9222::nic2.t1demo","triple","9222",0.518518525693152,0.527777791023254,0.633888887034522,0.683333337306976,0.519444452226162,0.638833332061768,0.9,10,FALSE,FALSE,0.119388879835606,0.11537036134137,-0.119388879835606,-0.155555546283722,0.155555546283722,0.518518525693152,0.527777791023254,0.633888887034522,0.683333337306976,0.519444452226162,0.638833332061768,0.9,10,FALSE,FALSE,0.119388879835606,0.11537036134137,-0.119388879835606,-0.155555546283722,0.155555546283722,TRUE,TRUE,FALSE,FALSE,TRUE
13,92,"National Issues Convention 2","nic2.t1demo","13:9223","13:9223::nic2.t1demo","triple","9223",0.604040400548415,0.455555558204651,0.623560612851923,0.594444453716278,0.57222222004618,0.617321435894285,0.785714285714286,14,FALSE,FALSE,-0.0450992158481053,-0.0195202123035084,0.0450992158481053,0.138888895511627,-0.138888895511627,0.604040400548415,0.455555558204651,0.623560612851923,0.594444453716278,0.57222222004618,0.617321435894285,0.785714285714286,14,FALSE,FALSE,-0.0450992158481053,-0.0195202123035084,0.0450992158481053,0.138888895511627,-0.138888895511627,FALSE,FALSE,TRUE,TRUE,FALSE
13,92,"National Issues Convention 2","nic2.t1demo","13:9224","13:9224::nic2.t1demo","triple","9224",0.66358024875323,0.808333337306976,0.657407406303618,0.825000017881393,0.689898992126638,0.68787879022685,0.818181818181818,11,FALSE,FALSE,-0.00202020189978858,-0.00617284244961203,0.00202020189978858,-0.0166666805744171,0.0166666805744171,0.66358024875323,0.808333337306976,0.657407406303618,0.825000017881393,0.689898992126638,0.68787879022685,0.818181818181818,11,FALSE,FALSE,-0.00202020189978858,-0.00617284244961203,0.00202020189978858,-0.0166666805744171,0.0166666805744171,FALSE,FALSE,TRUE,FALSE,TRUE
13,92,"National Issues Convention 2","nic2.t1forai1","13:9201","13:9201::nic2.t1forai1","triple","9201",0.444444444444444,0.5,0.777777777777778,1,0.458333333333333,0.833333333333333,0.75,12,FALSE,FALSE,0.375,0.333333333333333,-0.375,-0.5,0.5,0.444444444444444,0.5,0.777777777777778,1,0.458333333333333,0.833333333333333,0.75,12,FALSE,FALSE,0.375,0.333333333333333,-0.375,-0.5,0.5,TRUE,TRUE,FALSE,FALSE,TRUE
13,92,"National Issues Convention 2","nic2.t1forai1","13:9202","13:9202::nic2.t1forai1","triple","9202",0.615384615384615,0.5,0.75,0.5,0.607142857142857,0.733333333333333,0.933333333333333,15,FALSE,FALSE,-0.126190476190476,-0.134615384615385,0.126190476190476,0,0,0.615384615384615,0.5,0.769230769230769,0.5,0.607142857142857,0.75,0.928571428571429,14,FALSE,FALSE,-0.142857142857143,-0.153846153846154,0.142857142857143,0,0,FALSE,FALSE,TRUE,FALSE,FALSE
13,92,"National Issues Convention 2","nic2.t1forai1","13:9203","13:9203::nic2.t1forai1","triple","9203",0.545454545454545,0.375,0.791666666666667,0.875,0.5,0.8125,0.75,16,FALSE,FALSE,-0.3125,-0.246212121212121,0.3125,0.5,-0.5,0.545454545454545,0.375,0.772727272727273,0.875,0.5,0.8,0.733333333333333,15,FALSE,FALSE,-0.3,-0.227272727272727,0.3,0.5,-0.5,FALSE,FALSE,TRUE,TRUE,FALSE
13,92,"National Issues Convention 2","nic2.t1forai1","13:9204","13:9204::nic2.t1forai1","triple","9204",0.416666666666667,0.5,0.75,1,0.423076923076923,0.769230769230769,0.923076923076923,13,FALSE,FALSE,0.346153846153846,0.333333333333333,-0.346153846153846,-0.5,0.5,0.416666666666667,0.5,0.75,1,0.423076923076923,0.769230769230769,0.923076923076923,13,FALSE,FALSE,0.346153846153846,0.333333333333333,-0.346153846153846,-0.5,0.5,TRUE,TRUE,FALSE,FALSE,TRUE
13,92,"National Issues Convention 2","nic2.t1forai1","13:9205","13:9205::nic2.t1forai1","triple","9205",0.555555555555556,0.5,0.958333333333333,0.5,0.55,0.923076923076923,0.923076923076923,13,FALSE,FALSE,-0.373076923076923,-0.402777777777778,0.373076923076923,0,0,0.555555555555556,0.5,0.944444444444444,0.5,0.55,0.9,0.9,10,FALSE,FALSE,-0.35,-0.388888888888889,0.35,0,0,FALSE,FALSE,TRUE,FALSE,FALSE
13,92,"National Issues Convention 2","nic2.t1forai1","13:9206","13:9206::nic2.t1forai1","triple","9206",0.35,0,0.727272727272727,0.5,0.318181818181818,0.708333333333333,0.916666666666667,12,FALSE,FALSE,-0.390151515151515,-0.377272727272727,0.390151515151515,0.5,-0.5,0.35,0,0.7,0.5,0.318181818181818,0.681818181818182,0.909090909090909,11,FALSE,FALSE,-0.363636363636364,-0.35,0.363636363636364,0.5,-0.5,FALSE,FALSE,TRUE,TRUE,FALSE
13,92,"National Issues Convention 2","nic2.t1forai1","13:9208","13:9208::nic2.t1forai1","triple","9208",0.45,0.5,0.75,0.75,0.458333333333333,0.75,0.833333333333333,12,FALSE,FALSE,0.291666666666667,0.3,-0.291666666666667,-0.25,0.25,0.45,0.5,0.75,0.75,0.458333333333333,0.75,0.833333333333333,12,FALSE,FALSE,0.291666666666667,0.3,-0.291666666666667,-0.25,0.25,TRUE,TRUE,FALSE,FALSE,TRUE
13,92,"National Issues Convention 2","nic2.t1forai1","13:9209","13:9209::nic2.t1forai1","triple","9209",0.357142857142857,0.625,0.625,0.625,0.454545454545455,0.625,0.666666666666667,12,FALSE,FALSE,0.170454545454545,0.267857142857143,-0.170454545454545,0,0,0.357142857142857,0.625,0.571428571428571,0.625,0.454545454545455,0.590909090909091,0.636363636363636,11,FALSE,FALSE,0.136363636363636,0.214285714285714,-0.136363636363636,0,0,TRUE,TRUE,FALSE,FALSE,FALSE
13,92,"National Issues Convention 2","nic2.t1forai1","13:9211","13:9211::nic2.t1forai1","triple","9211",0.45,0,0.7,0.5,0.409090909090909,0.681818181818182,0.909090909090909,11,FALSE,FALSE,-0.272727272727273,-0.25,0.272727272727273,0.5,-0.5,0.45,0,0.7,0.5,0.409090909090909,0.681818181818182,0.909090909090909,11,FALSE,FALSE,-0.272727272727273,-0.25,0.272727272727273,0.5,-0.5,FALSE,FALSE,TRUE,TRUE,FALSE
13,92,"National Issues Convention 2","nic2.t1forai1","13:9213","13:9213::nic2.t1forai1","triple","9213",0.423076923076923,1,0.538461538461538,1,0.464285714285714,0.571428571428571,0.928571428571429,14,FALSE,FALSE,0.107142857142857,0.115384615384615,-0.107142857142857,0,0,0.423076923076923,1,0.538461538461538,1,0.464285714285714,0.571428571428571,0.928571428571429,14,FALSE,FALSE,0.107142857142857,0.115384615384615,-0.107142857142857,0,0,TRUE,TRUE,FALSE,FALSE,FALSE
13,92,"National Issues Convention 2","nic2.t1forai1","13:9214","13:9214::nic2.t1forai1","triple","9214",0.45,0.833333333333333,0.791666666666667,1,0.538461538461538,0.821428571428571,0.8,15,FALSE,FALSE,0.282967032967033,0.341666666666667,-0.282967032967033,-0.166666666666667,0.166666666666667,0.45,1,0.8,1,0.541666666666667,0.833333333333333,0.833333333333333,12,FALSE,FALSE,0.291666666666667,0.35,-0.291666666666667,0,0,TRUE,TRUE,FALSE,FALSE,TRUE
13,92,"National Issues Convention 2","nic2.t1forai1","13:9215","13:9215::nic2.t1forai1","triple","9215",0.5625,0.375,0.75,0.75,0.5,0.75,0.714285714285714,14,FALSE,FALSE,-0.25,-0.1875,0.25,0.375,-0.375,0.5625,0.375,0.8125,0.75,0.5,0.791666666666667,0.666666666666667,12,FALSE,FALSE,-0.291666666666667,-0.25,0.291666666666667,0.375,-0.375,FALSE,FALSE,TRUE,TRUE,FALSE
13,92,"National Issues Convention 2","nic2.t1forai1","13:9216","13:9216::nic2.t1forai1","triple","9216",0.583333333333333,0.5,0.916666666666667,0.5,0.571428571428571,0.857142857142857,0.857142857142857,14,FALSE,FALSE,-0.285714285714286,-0.333333333333333,0.285714285714286,0,0,0.583333333333333,0.5,0.916666666666667,0.5,0.571428571428571,0.857142857142857,0.857142857142857,14,FALSE,FALSE,-0.285714285714286,-0.333333333333333,0.285714285714286,0,0,FALSE,FALSE,TRUE,FALSE,FALSE
13,92,"National Issues Convention 2","nic2.t1forai1","13:9217","13:9217::nic2.t1forai1","triple","9217",0.555555555555556,1,0.75,1,0.636363636363636,0.791666666666667,0.833333333333333,12,FALSE,FALSE,0.15530303030303,0.194444444444444,-0.15530303030303,0,0,0.555555555555556,1,0.722222222222222,1,0.636363636363636,0.772727272727273,0.818181818181818,11,FALSE,FALSE,0.136363636363636,0.166666666666667,-0.136363636363636,0,0,TRUE,TRUE,FALSE,FALSE,FALSE
13,92,"National Issues Convention 2","nic2.t1forai1","13:9218","13:9218::nic2.t1forai1","triple","9218",0.666666666666667,1,0.666666666666667,1,0.7,0.692307692307692,0.923076923076923,13,FALSE,FALSE,-0.00769230769230766,0,0.00769230769230766,0,0,0.666666666666667,1,0.555555555555556,1,0.7,0.6,0.9,10,FALSE,FALSE,-0.1,-0.111111111111111,0.1,0,0,FALSE,FALSE,TRUE,FALSE,FALSE
13,92,"National Issues Convention 2","nic2.t1forai1","13:9219","13:9219::nic2.t1forai1","triple","9219",0.5,1,0.678571428571429,1,0.538461538461538,0.7,0.933333333333333,15,FALSE,FALSE,0.161538461538462,0.178571428571429,-0.161538461538462,0,0,0.5,1,0.625,1,0.538461538461538,0.653846153846154,0.923076923076923,13,FALSE,FALSE,0.115384615384615,0.125,-0.115384615384615,0,0,TRUE,TRUE,FALSE,FALSE,FALSE
13,92,"National Issues Convention 2","nic2.t1forai1","13:9220","13:9220::nic2.t1forai1","triple","9220",0.545454545454545,0.5,0.708333333333333,1,0.538461538461538,0.75,0.857142857142857,14,FALSE,FALSE,-0.211538461538462,-0.162878787878788,0.211538461538462,0.5,-0.5,0.545454545454545,0.5,0.681818181818182,1,0.538461538461538,0.730769230769231,0.846153846153846,13,FALSE,FALSE,-0.192307692307692,-0.136363636363636,0.192307692307692,0.5,-0.5,FALSE,FALSE,TRUE,TRUE,FALSE
13,92,"National Issues Convention 2","nic2.t1forai1","13:9221","13:9221::nic2.t1forai1","triple","9221",0.388888888888889,0.5,0.55,0.833333333333333,0.416666666666667,0.615384615384615,0.769230769230769,13,FALSE,FALSE,0.198717948717949,0.161111111111111,-0.198717948717949,-0.333333333333333,0.333333333333333,0.388888888888889,0.5,0.5,0.833333333333333,0.416666666666667,0.583333333333333,0.75,12,FALSE,FALSE,0.166666666666667,0.111111111111111,-0.166666666666667,-0.333333333333333,0.333333333333333,TRUE,TRUE,FALSE,FALSE,TRUE
13,92,"National Issues Convention 2","nic2.t1forai1","13:9222","13:9222::nic2.t1forai1","triple","9222",0.444444444444444,0,0.611111111111111,0.5,0.4,0.6,0.9,10,FALSE,FALSE,-0.2,-0.166666666666667,0.2,0.5,-0.5,0.444444444444444,0,0.611111111111111,0.5,0.4,0.6,0.9,10,FALSE,FALSE,-0.2,-0.166666666666667,0.2,0.5,-0.5,FALSE,FALSE,TRUE,TRUE,FALSE
13,92,"National Issues Convention 2","nic2.t1forai1","13:9223","13:9223::nic2.t1forai1","triple","9223",0.3,0.5,0.590909090909091,1,0.346153846153846,0.653846153846154,0.785714285714286,14,FALSE,FALSE,0.307692307692308,0.290909090909091,-0.307692307692308,-0.5,0.5,0.3,0.75,0.6,1,0.375,0.666666666666667,0.833333333333333,12,FALSE,FALSE,0.291666666666667,0.3,-0.291666666666667,-0.25,0.25,TRUE,TRUE,FALSE,FALSE,TRUE
13,92,"National Issues Convention 2","nic2.t1forai1","13:9224","13:9224::nic2.t1forai1","triple","9224",0.3125,0.75,0.555555555555556,1,0.4,0.636363636363636,0.818181818181818,11,FALSE,FALSE,0.236363636363636,0.243055555555556,-0.236363636363636,-0.25,0.25,0.3125,0.75,0.625,1,0.4,0.7,0.8,10,FALSE,FALSE,0.3,0.3125,-0.3,-0.25,0.25,TRUE,TRUE,FALSE,FALSE,TRUE
13,92,"National Issues Convention 2","nic2.t1trade_b","13:9201","13:9201::nic2.t1trade_b","triple","9201",0.4,0.5,0.5,0.5,0.4375,0.5,0.75,12,FALSE,FALSE,0.0625,0.1,-0.0625,0,0,0.4,0.5,0.6,0.5,0.4375,0.5625,0.625,8,FALSE,FALSE,0.125,0.2,-0.125,0,0,TRUE,TRUE,FALSE,FALSE,FALSE
13,92,"National Issues Convention 2","nic2.t1trade_b","13:9202","13:9202::nic2.t1trade_b","triple","9202",0.653846153846154,0,0.642857142857143,0,0.607142857142857,0.6,0.933333333333333,15,FALSE,FALSE,0.00714285714285712,0.010989010989011,-0.00714285714285712,0,0,0.653846153846154,0,0.653846153846154,0,0.607142857142857,0.607142857142857,0.928571428571429,14,FALSE,TRUE,0,0,0,0,0,TRUE,TRUE,FALSE,FALSE,FALSE
13,92,"National Issues Convention 2","nic2.t1trade_b","13:9203","13:9203::nic2.t1trade_b","triple","9203",0.590909090909091,0.75,0.666666666666667,1,0.633333333333333,0.75,0.75,16,FALSE,FALSE,0.116666666666667,0.0757575757575757,-0.116666666666667,-0.25,0.25,0.590909090909091,0.75,0.727272727272727,1,0.633333333333333,0.8,0.733333333333333,15,FALSE,FALSE,0.166666666666667,0.136363636363636,-0.166666666666667,-0.25,0.25,TRUE,TRUE,FALSE,FALSE,TRUE
13,92,"National Issues Convention 2","nic2.t1trade_b","13:9204","13:9204::nic2.t1trade_b","triple","9204",0.583333333333333,1,0.5,0.5,0.615384615384615,0.5,0.923076923076923,13,FALSE,FALSE,-0.115384615384615,-0.0833333333333334,0.115384615384615,0.5,-0.5,0.583333333333333,1,0.5,0.5,0.615384615384615,0.5,0.923076923076923,13,FALSE,FALSE,-0.115384615384615,-0.0833333333333334,0.115384615384615,0.5,-0.5,FALSE,FALSE,TRUE,TRUE,FALSE
13,92,"National Issues Convention 2","nic2.t1trade_b","13:9205","13:9205::nic2.t1trade_b","triple","9205",0.5625,1,0.666666666666667,1,0.611111111111111,0.692307692307692,0.923076923076923,13,FALSE,FALSE,0.0811965811965811,0.104166666666667,-0.0811965811965811,0,0,0.5625,1,0.6875,1,0.611111111111111,0.722222222222222,0.888888888888889,9,FALSE,FALSE,0.111111111111111,0.125,-0.111111111111111,0,0,TRUE,TRUE,FALSE,FALSE,FALSE
13,92,"National Issues Convention 2","nic2.t1trade_b","13:9206","13:9206::nic2.t1trade_b","triple","9206",0.75,0.5,0.545454545454545,0.5,0.727272727272727,0.541666666666667,0.916666666666667,12,FALSE,FALSE,0.185606060606061,0.204545454545455,-0.185606060606061,0,0,0.75,0.5,0.55,0.5,0.727272727272727,0.545454545454545,0.909090909090909,11,FALSE,FALSE,0.181818181818182,0.2,-0.181818181818182,0,0,TRUE,TRUE,FALSE,FALSE,FALSE
13,92,"National Issues Convention 2","nic2.t1trade_b","13:9208","13:9208::nic2.t1trade_b","triple","9208",0.642857142857143,0.75,0.777777777777778,0.75,0.666666666666667,0.772727272727273,0.833333333333333,12,FALSE,FALSE,0.106060606060606,0.134920634920635,-0.106060606060606,0,0,0.583333333333333,0.75,0.75,0.75,0.625,0.75,0.75,8,FALSE,FALSE,0.125,0.166666666666667,-0.125,0,0,TRUE,TRUE,FALSE,FALSE,FALSE
13,92,"National Issues Convention 2","nic2.t1trade_b","13:9209","13:9209::nic2.t1trade_b","triple","9209",0.642857142857143,0.666666666666667,0.5,0.666666666666667,0.65,0.545454545454545,0.666666666666667,12,FALSE,FALSE,-0.104545454545455,-0.142857142857143,0.104545454545455,0,0,0.642857142857143,0.666666666666667,0.5,0.666666666666667,0.65,0.55,0.7,10,FALSE,FALSE,-0.1,-0.142857142857143,0.1,0,0,FALSE,FALSE,TRUE,FALSE,FALSE
13,92,"National Issues Convention 2","nic2.t1trade_b","13:9211","13:9211::nic2.t1trade_b","triple","9211",0.5625,0.5,0.45,1,0.555555555555556,0.5,0.909090909090909,11,FALSE,FALSE,0.0555555555555556,0.1125,-0.0555555555555556,0.5,-0.5,0.5625,0.5,0.4375,1,0.555555555555556,0.5,0.888888888888889,9,FALSE,FALSE,0.0555555555555556,0.125,-0.0555555555555556,0.5,-0.5,TRUE,TRUE,FALSE,TRUE,FALSE
13,92,"National Issues Convention 2","nic2.t1trade_b","13:9213","13:9213::nic2.t1trade_b","triple","9213",0.65,1,0.541666666666667,1,0.681818181818182,0.576923076923077,0.928571428571429,14,FALSE,FALSE,-0.104895104895105,-0.108333333333333,0.104895104895105,0,0,0.65,1,0.5,1,0.681818181818182,0.545454545454545,0.909090909090909,11,FALSE,FALSE,-0.136363636363636,-0.15,0.136363636363636,0,0,FALSE,FALSE,TRUE,FALSE,FALSE
13,92,"National Issues Convention 2","nic2.t1trade_b","13:9214","13:9214::nic2.t1trade_b","triple","9214",0.611111111111111,0.666666666666667,0.35,0.5,0.625,0.384615384615385,0.8,15,FALSE,FALSE,-0.240384615384615,-0.261111111111111,0.240384615384615,0.166666666666667,-0.166666666666667,0.5625,0.666666666666667,0.375,0.5,0.590909090909091,0.409090909090909,0.727272727272727,11,FALSE,FALSE,-0.181818181818182,-0.1875,0.181818181818182,0.166666666666667,-0.166666666666667,FALSE,FALSE,TRUE,TRUE,FALSE
13,92,"National Issues Convention 2","nic2.t1trade_b","13:9215","13:9215::nic2.t1trade_b","triple","9215",0.611111111111111,0.75,0.666666666666667,0.5,0.636363636363636,0.615384615384615,0.714285714285714,14,FALSE,FALSE,-0.020979020979021,0.0555555555555555,0.020979020979021,0.25,-0.25,0.611111111111111,0.75,0.666666666666667,0.75,0.636363636363636,0.681818181818182,0.818181818181818,11,FALSE,FALSE,0.0454545454545454,0.0555555555555555,-0.0454545454545454,0,0,FALSE,TRUE,TRUE,TRUE,FALSE
13,92,"National Issues Convention 2","nic2.t1trade_b","13:9216","13:9216::nic2.t1trade_b","triple","9216",0.388888888888889,0.25,0.55,0.5,0.363636363636364,0.541666666666667,0.857142857142857,14,FALSE,FALSE,-0.178030303030303,-0.161111111111111,0.178030303030303,0.25,-0.25,0.3125,0.25,0.5625,0.5,0.3,0.55,0.8,10,FALSE,FALSE,-0.25,-0.25,0.25,0.25,-0.25,FALSE,FALSE,TRUE,TRUE,FALSE
13,92,"National Issues Convention 2","nic2.t1trade_b","13:9217","13:9217::nic2.t1trade_b","triple","9217",0.4375,1,0.75,0.75,0.55,0.75,0.833333333333333,12,FALSE,FALSE,0.2,0.3125,-0.2,0.25,-0.25,0.4375,1,0.8125,0.75,0.55,0.8,0.8,10,FALSE,FALSE,0.25,0.375,-0.25,0.25,-0.25,TRUE,TRUE,FALSE,TRUE,FALSE
13,92,"National Issues Convention 2","nic2.t1trade_b","13:9218","13:9218::nic2.t1trade_b","triple","9218",0.75,0,0.666666666666667,1,0.681818181818182,0.692307692307692,0.923076923076923,13,FALSE,FALSE,-0.0104895104895105,0.0833333333333334,0.0104895104895105,1,-1,0.75,0,0.6,1,0.681818181818182,0.636363636363636,0.909090909090909,11,FALSE,FALSE,0.0454545454545454,0.15,-0.0454545454545454,1,-1,FALSE,TRUE,TRUE,TRUE,FALSE
13,92,"National Issues Convention 2","nic2.t1trade_b","13:9219","13:9219::nic2.t1trade_b","triple","9219",0.818181818181818,1,0.571428571428571,1,0.833333333333333,0.6,0.933333333333333,15,FALSE,FALSE,-0.233333333333333,-0.246753246753247,0.233333333333333,0,0,0.818181818181818,1,0.545454545454545,1,0.833333333333333,0.583333333333333,0.916666666666667,12,FALSE,FALSE,-0.25,-0.272727272727273,0.25,0,0,FALSE,FALSE,TRUE,FALSE,FALSE
13,92,"National Issues Convention 2","nic2.t1trade_b","13:9220","13:9220::nic2.t1trade_b","triple","9220",0.65,0.75,0.75,1,0.666666666666667,0.785714285714286,0.857142857142857,14,FALSE,FALSE,0.119047619047619,0.1,-0.119047619047619,-0.25,0.25,0.65,0.75,0.75,1,0.666666666666667,0.791666666666667,0.833333333333333,12,FALSE,FALSE,0.125,0.1,-0.125,-0.25,0.25,TRUE,TRUE,FALSE,FALSE,TRUE
13,92,"National Issues Convention 2","nic2.t1trade_b","13:9221","13:9221::nic2.t1trade_b","triple","9221",0.642857142857143,0.75,0.45,0.666666666666667,0.666666666666667,0.5,0.769230769230769,13,FALSE,FALSE,-0.166666666666667,-0.192857142857143,0.166666666666667,0.0833333333333334,-0.0833333333333334,0.642857142857143,0.75,0.5,0.75,0.666666666666667,0.555555555555556,0.777777777777778,9,FALSE,FALSE,-0.111111111111111,-0.142857142857143,0.111111111111111,0,0,FALSE,FALSE,TRUE,TRUE,FALSE
13,92,"National Issues Convention 2","nic2.t1trade_b","13:9222","13:9222::nic2.t1trade_b","triple","9222",0.4375,0.5,0.611111111111111,0.5,0.444444444444444,0.6,0.9,10,FALSE,FALSE,0.155555555555556,0.173611111111111,-0.155555555555556,0,0,0.4375,0.5,0.5625,0.5,0.444444444444444,0.555555555555556,0.888888888888889,9,FALSE,FALSE,0.111111111111111,0.125,-0.111111111111111,0,0,TRUE,TRUE,FALSE,FALSE,FALSE
13,92,"National Issues Convention 2","nic2.t1trade_b","13:9223","13:9223::nic2.t1trade_b","triple","9223",0.4375,0.5,0.454545454545455,1,0.45,0.538461538461538,0.785714285714286,14,FALSE,FALSE,0.0884615384615384,0.0170454545454545,-0.0884615384615384,-0.5,0.5,0.4375,0.5,0.3125,1,0.45,0.45,0.8,10,FALSE,TRUE,0,-0.125,0,-0.5,0.5,TRUE,TRUE,FALSE,FALSE,TRUE
13,92,"National Issues Convention 2","nic2.t1trade_b","13:9224","13:9224::nic2.t1trade_b","triple","9224",0.214285714285714,0.5,0.277777777777778,0.75,0.277777777777778,0.363636363636364,0.818181818181818,11,FALSE,FALSE,0.0858585858585859,0.0634920634920635,-0.0858585858585859,-0.25,0.25,0.214285714285714,0.5,0.285714285714286,0.75,0.277777777777778,0.388888888888889,0.777777777777778,9,FALSE,FALSE,0.111111111111111,0.0714285714285714,-0.111111111111111,-0.25,0.25,TRUE,TRUE,FALSE,FALSE,TRUE
15,94,"By The People 2004 US General Election","btp04.w4b42","15:9401","15:9401::btp04.w4b42","triple","9401",0.555555333693822,0.708332493901253,0.53125062957406,0.75,0.587718946369071,0.575000503659248,0.8,20,FALSE,FALSE,-0.0127184427098224,-0.0243047041197617,0.0127184427098224,-0.0416675060987473,0.0416675060987473,0.555555333693822,0.708332493901253,0.533334004878998,0.75,0.587718946369071,0.578947898588682,0.789473684210526,19,FALSE,FALSE,-0.00877104778038829,-0.0222213288148243,0.00877104778038829,-0.0416675060987473,0.0416675060987473,FALSE,FALSE,TRUE,FALSE,TRUE
15,94,"By The People 2004 US General Election","btp04.w4b42","15:9402","15:9402::btp04.w4b42","triple","9402",0.456140527599736,0.625000007450581,0.473684735988316,0.541670016944408,0.485507393660753,0.485508263111115,0.833333333333333,24,FALSE,FALSE,8.69450361817847e-07,0.0175442083885795,-8.69450361817847e-07,0.0833299905061722,-0.0833299905061722,0.453703890244166,0.625000007450581,0.472222776876556,0.541670016944408,0.48484863882715,0.484849547797983,0.818181818181818,22,FALSE,FALSE,9.08970832824707e-07,0.0185188866323895,-9.08970832824707e-07,0.0833299905061722,-0.0833299905061722,TRUE,TRUE,FALSE,TRUE,FALSE
15,94,"By The People 2004 US General Election","btp04.w4b42","15:9403","15:9403::btp04.w4b42","triple","9403",0.583334004878998,0.666670024394989,0.658730003095809,0.666670024394989,0.587302386760712,0.659090913154862,0.954545454545455,22,FALSE,FALSE,0.0717885263941505,0.0753959982168108,-0.0717885263941505,0,0,0.583334004878998,0.666670024394989,0.641666503250599,0.666670024394989,0.587302386760712,0.642857147114617,0.952380952380952,21,FALSE,FALSE,0.0555547603539058,0.0583324983716011,-0.0555547603539058,0,0,TRUE,TRUE,FALSE,FALSE,FALSE
15,94,"By The People 2004 US General Election","btp04.w4b42","15:9404","15:9404::btp04.w4b42","triple","9404",0.55952428494181,0.25,0.619047143629619,0.25,0.520833749324083,0.572916250675917,0.875,16,FALSE,FALSE,-0.0520825013518333,-0.0595228586878096,0.0520825013518333,0,0,0.55952428494181,0.25,0.619047143629619,0.25,0.520833749324083,0.572916250675917,0.875,16,FALSE,FALSE,-0.0520825013518333,-0.0595228586878096,0.0520825013518333,0,0,FALSE,FALSE,TRUE,FALSE,FALSE
15,94,"By The People 2004 US General Election","btp04.w4b42","15:9405","15:9405::btp04.w4b42","triple","9405",0.621211820028045,0.5,0.651514541019093,0.333330005407333,0.615941740896391,0.637680430775103,0.956521739130435,23,FALSE,FALSE,-0.0217386898787125,-0.0303027209910479,0.0217386898787125,-0.166669994592667,0.166669994592667,0.621211820028045,0.5,0.651514541019093,0.333330005407333,0.615941740896391,0.637680430775103,0.956521739130435,23,FALSE,FALSE,-0.0217386898787125,-0.0303027209910479,0.0217386898787125,-0.166669994592667,0.166669994592667,FALSE,FALSE,TRUE,FALSE,TRUE
15,94,"By The People 2004 US General Election","btp04.w4b42","15:9406","15:9406::btp04.w4b42","triple","9406",0.519607652636135,0.333333333333333,0.518518894910812,0.277776668469111,0.491666504740715,0.484127148276284,0.863636363636364,22,FALSE,FALSE,0.00753935646443143,0.00108875772532291,-0.00753935646443143,-0.0555566648642222,0.0555566648642222,0.519607652636135,0.333333333333333,0.519608241670272,0.277776668469111,0.491666504740715,0.483333505690098,0.85,20,FALSE,FALSE,0.00833299905061724,-5.8903413668876e-07,-0.00833299905061724,-0.0555566648642222,0.0555566648642222,TRUE,TRUE,FALSE,FALSE,TRUE
15,94,"By The People 2004 US General Election","btp04.w4b42","15:9407","15:9407::btp04.w4b42","triple","9407",0.555556113521258,0.388890008131663,0.578947898588682,0.458334997296333,0.531746669894173,0.557971741842187,0.826086956521739,23,FALSE,FALSE,-0.0262250719480139,-0.0233917850674245,0.0262250719480139,0.0694449891646703,-0.0694449891646703,0.555556113521258,0.388890008131663,0.601852226588461,0.333336671193441,0.531746669894173,0.56349286153203,0.857142857142857,21,FALSE,FALSE,-0.0317461916378565,-0.0462961130672032,0.0317461916378565,-0.0555533369382223,0.0555533369382223,FALSE,FALSE,TRUE,TRUE,FALSE
15,94,"By The People 2004 US General Election","btp04.w4b42","15:9408","15:9408::btp04.w4b42","triple","9408",0.750000007450581,0,0.541664995253086,0,0.600000005960464,0.433331996202469,0.8,5,FALSE,FALSE,0.166668009757996,0.208335012197495,-0.166668009757996,0,0,0.750000007450581,0,0.541664995253086,0,0.600000005960464,0.433331996202469,0.8,5,FALSE,FALSE,0.166668009757996,0.208335012197495,-0.166668009757996,0,0,TRUE,TRUE,FALSE,FALSE,FALSE
15,94,"By The People 2004 US General Election","btp04.w4b42","15:9409","15:9409::btp04.w4b42","triple","9409",0.454546362161636,0.222223331530889,0.454546362161636,0.111110001802444,0.404762855597905,0.380952856370381,0.8,15,FALSE,FALSE,0.0238099992275238,0,-0.0238099992275238,-0.111113329728444,0.111113329728444,0.4500009983778,0.222223331530889,0.4500009983778,0.111110001802444,0.397436921413128,0.371795383783487,0.769230769230769,13,FALSE,FALSE,0.025641537629641,0,-0.025641537629641,-0.111113329728444,0.111113329728444,TRUE,FALSE,FALSE,FALSE,TRUE
15,94,"By The People 2004 US General Election","btp04.w4b42","15:9410","15:9410::btp04.w4b42","triple","9410",0.636362717910246,0.833329975605011,0.636363636363636,0.75,0.66666537294021,0.653846153846154,0.857142857142857,14,FALSE,FALSE,-0.0128192190940564,9.184533898976e-07,0.0128192190940564,0.083329975605011,-0.083329975605011,0.636362717910246,0.833329975605011,0.636363636363636,0.75,0.66666537294021,0.653846153846154,0.846153846153846,13,FALSE,FALSE,-0.0128192190940564,9.184533898976e-07,0.0128192190940564,0.083329975605011,-0.083329975605011,FALSE,TRUE,TRUE,TRUE,FALSE
15,94,"By The People 2004 US General Election","btp04.w4b42","15:9411","15:9411::btp04.w4b42","triple","9411",0.555555331707001,0.583335012197495,0.544444002707799,0.666664987802505,0.558823529411765,0.558822942130706,0.88235294117647,17,FALSE,FALSE,-5.87281058783695e-07,-0.0111113289992015,5.87281058783695e-07,-0.083329975605011,0.083329975605011,0.555555331707001,0.583335012197495,0.544444002707799,0.666664987802505,0.558823529411765,0.558822942130706,0.88235294117647,17,FALSE,FALSE,-5.87281058783695e-07,-0.0111113289992015,5.87281058783695e-07,-0.083329975605011,0.083329975605011,FALSE,FALSE,TRUE,FALSE,TRUE
15,94,"By The People 2004 US General Election","btp04.w4b42","15:9413","15:9413::btp04.w4b42","triple","9413",0.500000005960464,0,0.611111675699552,0.166669994592667,0.41666667163372,0.547620006969997,0.857142857142857,7,FALSE,FALSE,-0.130953335336277,-0.111111669739087,0.130953335336277,0.166669994592667,-0.166669994592667,0.500000005960464,0,0.633334010839462,0.166669994592667,0.41666667163372,0.55555667479833,0.833333333333333,6,FALSE,FALSE,-0.138890003164609,-0.133334004878998,0.138890003164609,0.166669994592667,-0.166669994592667,FALSE,FALSE,TRUE,TRUE,FALSE
15,94,"By The People 2004 US General Election","btp04.w4b42","15:9414","15:9414::btp04.w4b42","triple","9414",0.59722333898147,0.166669994592667,0.472222502032916,0,0.564103850951562,0.43589769418423,0.928571428571429,14,FALSE,FALSE,0.128206156767332,0.125000836948554,-0.128206156767332,-0.166669994592667,0.166669994592667,0.59722333898147,0.166669994592667,0.472222502032916,0,0.564103850951562,0.43589769418423,0.923076923076923,13,FALSE,FALSE,0.128206156767332,0.125000836948554,-0.128206156767332,-0.166669994592667,0.166669994592667,TRUE,TRUE,FALSE,FALSE,TRUE
15,94,"By The People 2004 US General Election","btp04.w4b45","15:9401","15:9401::btp04.w4b45","triple","9401",0.65625062957406,0.875,0.666667502373457,0.874997481703758,0.700000503659248,0.708333498239517,0.8,20,FALSE,FALSE,0.00833299458026882,0.0104168727993965,-0.00833299458026882,2.51829624176025e-06,-2.51829624176025e-06,0.65625062957406,0.875,0.666667502373457,0.874997481703758,0.700000503659248,0.708333498239517,0.8,20,FALSE,FALSE,0.00833299458026882,0.0104168727993965,-0.00833299458026882,2.51829624176025e-06,-2.51829624176025e-06,TRUE,TRUE,FALSE,TRUE,FALSE
15,94,"By The People 2004 US General Election","btp04.w4b45","15:9402","15:9402::btp04.w4b45","triple","9402",0.54901882129557,0.541670016944408,0.549999998509884,0.5,0.547619049038206,0.541666665424903,0.833333333333333,24,FALSE,FALSE,0.00595238361330253,-0.000981177214314011,-0.00595238361330253,-0.0416700169444084,0.0416700169444084,0.54901882129557,0.541670016944408,0.549019406823551,0.5,0.547619049038206,0.539682376952398,0.80952380952381,21,FALSE,FALSE,0.0079366720858074,-5.85527981100675e-07,-0.0079366720858074,-0.0416700169444084,0.0416700169444084,TRUE,FALSE,FALSE,FALSE,TRUE
15,94,"By The People 2004 US General Election","btp04.w4b45","15:9403","15:9403::btp04.w4b45","triple","9403",0.657893679643932,1,0.701753677506196,1,0.674998995661735,0.716665993630886,0.954545454545455,22,FALSE,FALSE,0.0416669979691506,0.0438599978622638,-0.0416669979691506,0,0,0.666665550735262,1,0.73148054877917,1,0.684209469117616,0.745613151475003,0.947368421052632,19,FALSE,FALSE,0.0614036823573865,0.064814998043908,-0.0614036823573865,0,0,TRUE,TRUE,FALSE,FALSE,FALSE
15,94,"By The People 2004 US General Election","btp04.w4b45","15:9404","15:9404::btp04.w4b45","triple","9404",0.705127686262131,0.25,0.611110831300418,0.25,0.644443994760513,0.559523569686072,0.875,16,FALSE,FALSE,0.0849204250744411,0.0940168549617132,-0.0849204250744411,0,0,0.727271808819337,0.25,0.651514543728395,0.25,0.653845376693285,0.589743075462488,0.846153846153846,13,FALSE,FALSE,0.0641023012307974,0.0757572650909424,-0.0641023012307974,0,0,TRUE,TRUE,FALSE,FALSE,FALSE
15,94,"By The People 2004 US General Election","btp04.w4b45","15:9405","15:9405::btp04.w4b45","triple","9405",0.666666497290134,0.333330005407333,0.698411900372732,0.333330005407333,0.650793331010001,0.681817268783396,0.956521739130435,23,FALSE,FALSE,-0.031023937773395,-0.0317454030825979,0.031023937773395,0,0,0.666666497290134,0.333330005407333,0.716665995121002,0.333330005407333,0.650793331010001,0.698411900372732,0.952380952380952,21,FALSE,FALSE,-0.0476185693627312,-0.0499994978308678,0.0476185693627312,0,0,FALSE,FALSE,TRUE,FALSE,FALSE
15,94,"By The People 2004 US General Election","btp04.w4b45","15:9406","15:9406::btp04.w4b45","triple","9406",0.72807052731514,0.333333323399226,0.6568623483181,0.333333343267441,0.674242726781151,0.608332997560501,0.863636363636364,22,FALSE,FALSE,0.0659097292206504,0.0712081789970398,-0.0659097292206504,1.98682149066265e-08,-1.98682149066265e-08,0.705882943728391,0.333333323399226,0.6568623483181,0.333333343267441,0.650000500679016,0.608332997560501,0.85,20,FALSE,FALSE,0.0416675031185151,0.0490205954102909,-0.0416675031185151,1.98682149066265e-08,-1.98682149066265e-08,TRUE,TRUE,FALSE,TRUE,FALSE
15,94,"By The People 2004 US General Election","btp04.w4b45","15:9407","15:9407::btp04.w4b45","triple","9407",0.66666578305395,0.375000007450581,0.694443888134427,0.291667506098747,0.615941300340321,0.621211818673394,0.826086956521739,23,FALSE,FALSE,-0.00527051833307313,-0.0277781050804763,0.00527051833307313,-0.0833325013518333,0.0833325013518333,0.675924993223614,0.375000007450581,0.694443888134427,0.291667506098747,0.621211359446699,0.621211818673394,0.818181818181818,22,FALSE,FALSE,-4.59226695004311e-07,-0.0185188949108124,4.59226695004311e-07,-0.0833325013518333,0.0833325013518333,FALSE,FALSE,TRUE,FALSE,TRUE
15,94,"By The People 2004 US General Election","btp04.w4b45","15:9408","15:9408::btp04.w4b45","triple","9408",0.833333333333333,0.166669994592667,0.722223341464996,0.166669994592667,0.666667498648167,0.583335004746914,0.8,5,FALSE,FALSE,0.0833324939012527,0.111109991868337,-0.0833324939012527,0,0,0.833333333333333,0.166669994592667,0.722223341464996,0.166669994592667,0.666667498648167,0.583335004746914,0.75,4,FALSE,FALSE,0.0833324939012527,0.111109991868337,-0.0833324939012527,0,0,TRUE,TRUE,FALSE,FALSE,FALSE
15,94,"By The People 2004 US General Election","btp04.w4b45","15:9409","15:9409::btp04.w4b45","triple","9409",0.439393639564514,0.388890008131663,0.499999086965214,0.333333333333333,0.428571432828903,0.46428499690124,0.8,15,FALSE,FALSE,-0.0357135640723364,-0.0606054474007,0.0357135640723364,-0.0555566747983297,0.0555566747983297,0.439393639564514,0.388890008131663,0.499999086965214,0.333333333333333,0.428571432828903,0.46428499690124,0.785714285714286,14,FALSE,FALSE,-0.0357135640723364,-0.0606054474007,0.0357135640723364,-0.0555566747983297,0.0555566747983297,FALSE,FALSE,TRUE,FALSE,TRUE
15,94,"By The People 2004 US General Election","btp04.w4b45","15:9410","15:9410::btp04.w4b45","triple","9410",0.70833416779836,0.916664987802505,0.694444164633751,0.75,0.738095713513238,0.702380712543215,0.857142857142857,14,FALSE,FALSE,-0.035715000970023,-0.0138900031646093,0.035715000970023,0.166664987802505,-0.166664987802505,0.70833416779836,0.916664987802505,0.694444164633751,0.75,0.738095713513238,0.702380712543215,0.857142857142857,14,FALSE,FALSE,-0.035715000970023,-0.0138900031646093,0.035715000970023,0.166664987802505,-0.166664987802505,FALSE,FALSE,TRUE,TRUE,FALSE
15,94,"By The People 2004 US General Election","btp04.w4b45","15:9411","15:9411::btp04.w4b45","triple","9411",0.576922306647668,0.75,0.525640003956281,0.666670024394989,0.599999332427979,0.544444006681442,0.88235294117647,17,FALSE,FALSE,-0.0555553257465363,-0.0512823026913863,0.0555553257465363,0.083329975605011,-0.083329975605011,0.576922306647668,0.75,0.525640003956281,0.666670024394989,0.599999332427979,0.544444006681442,0.866666666666667,15,FALSE,FALSE,-0.0555553257465363,-0.0512823026913863,0.0555553257465363,0.083329975605011,-0.083329975605011,FALSE,FALSE,TRUE,TRUE,FALSE
15,94,"By The People 2004 US General Election","btp04.w4b45","15:9413","15:9413::btp04.w4b45","triple","9413",0.9,0,0.866665995121002,0.166669994592667,0.75,0.749999995032946,0.857142857142857,7,FALSE,FALSE,4.96705376828999e-09,0.0333340048789978,-4.96705376828999e-09,0.166669994592667,-0.166669994592667,0.9,0,0.866665995121002,0.166669994592667,0.75,0.749999995032946,0.833333333333333,6,FALSE,FALSE,4.96705376828999e-09,0.0333340048789978,-4.96705376828999e-09,0.166669994592667,-0.166669994592667,TRUE,TRUE,FALSE,TRUE,FALSE
15,94,"By The People 2004 US General Election","btp04.w4b45","15:9414","15:9414::btp04.w4b45","triple","9414",0.555555003384749,0.333330005407333,0.512819996246925,0.333330005407333,0.538460772771102,0.499999282615525,0.928571428571429,14,FALSE,FALSE,0.0384614901555763,0.0427350071378243,-0.0384614901555763,0,0,0.555555003384749,0.333330005407333,0.513888329267502,0.333330005407333,0.538460772771102,0.499999227432104,0.923076923076923,13,FALSE,FALSE,0.0384615453389975,0.0416666741172472,-0.0384615453389975,0,0,TRUE,TRUE,FALSE,FALSE,FALSE
15,94,"By The People 2004 US General Election","btp04.w4b48","15:9401","15:9401::btp04.w4b48","triple","9401",0.761905003871236,0.75,0.718749998137355,0.708335012197495,0.759259447455406,0.716667000949383,0.8,20,FALSE,FALSE,0.0425924465060235,0.0431550057338816,-0.0425924465060235,-0.0416649878025055,0.0416649878025055,0.761905003871236,0.75,0.761904282229287,0.708335012197495,0.759259447455406,0.75,0.777777777777778,18,FALSE,FALSE,0.00925944745540619,7.21641949197327e-07,-0.00925944745540619,-0.0416649878025055,0.0416649878025055,TRUE,TRUE,FALSE,FALSE,TRUE
15,94,"By The People 2004 US General Election","btp04.w4b48","15:9402","15:9402::btp04.w4b48","triple","9402",0.63888945347733,0.458332493901253,0.608334006369114,0.291667498648167,0.606060915372588,0.555556255082289,0.833333333333333,24,FALSE,FALSE,0.0505046602902991,0.0305554471082158,-0.0505046602902991,-0.166664995253086,0.166664995253086,0.63888945347733,0.458332493901253,0.592593340410127,0.291667498648167,0.606060915372588,0.537879550998861,0.818181818181818,22,FALSE,FALSE,0.0681813643737273,0.0462961130672032,-0.0681813643737273,-0.166664995253086,0.166664995253086,TRUE,TRUE,FALSE,FALSE,TRUE
15,94,"By The People 2004 US General Election","btp04.w4b48","15:9403","15:9403::btp04.w4b48","triple","9403",0.666666314790123,0.5,0.698412378629049,0.5,0.658332999050617,0.68939363414591,0.954545454545455,22,FALSE,FALSE,-0.0310606350952928,-0.0317460638389253,0.0310606350952928,0,0,0.666666314790123,0.5,0.719297893737492,0.5,0.658332999050617,0.708332999050617,0.95,20,FALSE,FALSE,-0.0499999999999999,-0.0526315789473684,0.0499999999999999,0,0,FALSE,FALSE,TRUE,FALSE,FALSE
15,94,"By The People 2004 US General Election","btp04.w4b48","15:9404","15:9404::btp04.w4b48","triple","9404",0.761905001742499,0.333334997296333,0.756410775276331,0.333335012197495,0.708333751186728,0.700000673532486,0.875,16,FALSE,FALSE,0.00833307765424252,0.00549422646616837,-0.00833307765424252,1.49011611938477e-08,-1.49011611938477e-08,0.782051540338076,0.333334997296333,0.756410775276331,0.333335012197495,0.72222266793251,0.700000673532486,0.866666666666667,15,FALSE,FALSE,0.0222219944000244,0.0256407650617453,-0.0222219944000244,1.49011611938477e-08,-1.49011611938477e-08,TRUE,TRUE,FALSE,TRUE,FALSE
15,94,"By The People 2004 US General Election","btp04.w4b48","15:9405","15:9405::btp04.w4b48","triple","9405",0.674602377982367,0.666670024394989,0.766666500270367,0.666670024394989,0.674241816455668,0.76190476332392,0.956521739130435,23,FALSE,FALSE,-0.0876629468682524,-0.092064122288,0.0876629468682524,0,0,0.683332496881485,0.666670024394989,0.766666500270367,0.666670024394989,0.6825390458107,0.76190476332392,0.952380952380952,21,FALSE,FALSE,-0.0793657175132206,-0.0833340033888816,0.0793657175132206,0,0,FALSE,FALSE,TRUE,FALSE,FALSE
15,94,"By The People 2004 US General Election","btp04.w4b48","15:9406","15:9406::btp04.w4b48","triple","9406",0.78703610599041,0.499999990065893,0.722221662600835,0.444446672995885,0.746030946572622,0.682539521228699,0.863636363636364,22,FALSE,FALSE,0.0634914253439223,0.0648144433895746,-0.0634914253439223,-0.0555533170700073,0.0555533170700073,0.78703610599041,0.499999990065893,0.722221662600835,0.444446672995885,0.746030946572622,0.682539521228699,0.857142857142857,21,FALSE,FALSE,0.0634914253439223,0.0648144433895746,-0.0634914253439223,-0.0555533170700073,0.0555533170700073,TRUE,TRUE,FALSE,FALSE,TRUE
15,94,"By The People 2004 US General Election","btp04.w4b48","15:9407","15:9407::btp04.w4b48","triple","9407",0.622807370988946,0.541667498648167,0.54629667268859,0.333334997296333,0.608696088842724,0.507576368071816,0.826086956521739,23,FALSE,FALSE,0.101119720770907,0.0765106983003561,-0.101119720770907,-0.208332501351833,0.208332501351833,0.601852224932777,0.541667498648167,0.54629667268859,0.333334997296333,0.590909547426484,0.507576368071816,0.818181818181818,22,FALSE,FALSE,0.0833331793546677,0.0555555522441864,-0.0833331793546677,-0.208332501351833,0.208332501351833,TRUE,TRUE,FALSE,FALSE,TRUE
15,94,"By The People 2004 US General Election","btp04.w4b48","15:9408","15:9408::btp04.w4b48","triple","9408",0.791667506098747,0.166669994592667,0.666664995253086,0,0.666668003797531,0.533331996202469,0.8,5,FALSE,FALSE,0.133336007595062,0.125002510845661,-0.133336007595062,-0.166669994592667,0.166669994592667,0.791667506098747,0.166669994592667,0.666664995253086,0,0.666668003797531,0.533331996202469,0.8,5,FALSE,FALSE,0.133336007595062,0.125002510845661,-0.133336007595062,-0.166669994592667,0.166669994592667,TRUE,TRUE,FALSE,FALSE,TRUE
15,94,"By The People 2004 US General Election","btp04.w4b48","15:9409","15:9409::btp04.w4b48","triple","9409",0.575756362893365,0.277776668469111,0.666666366837241,0.333333343267441,0.511903571231025,0.59523786178657,0.8,15,FALSE,FALSE,-0.0833342905555453,-0.0909100039438768,0.0833342905555453,0.0555566747983297,-0.0555566747983297,0.575756362893365,0.277776668469111,0.666666366837241,0.333333343267441,0.511903571231025,0.59523786178657,0.785714285714286,14,FALSE,FALSE,-0.0833342905555453,-0.0909100039438768,0.0833342905555453,0.0555566747983297,-0.0555566747983297,FALSE,FALSE,TRUE,TRUE,FALSE
15,94,"By The People 2004 US General Election","btp04.w4b48","15:9410","15:9410::btp04.w4b48","triple","9410",0.733334004878998,0.833335012197495,0.803029997782274,0.75,0.750000839432081,0.794871536585001,0.857142857142857,14,FALSE,FALSE,0.0448706971529202,0.0696959929032759,-0.0448706971529202,0.0833350121974945,-0.0833350121974945,0.733334004878998,0.833335012197495,0.783332997560501,0.75,0.750000839432081,0.777777497967084,0.833333333333333,12,FALSE,FALSE,0.0277766585350037,0.0499989926815033,-0.0277766585350037,0.0833350121974945,-0.0833350121974945,TRUE,TRUE,FALSE,TRUE,FALSE
15,94,"By The People 2004 US General Election","btp04.w4b48","15:9411","15:9411::btp04.w4b48","triple","9411",0.705126913694235,0.416665002703667,0.677777336041133,0.166669994592667,0.666665325562159,0.617647060576607,0.88235294117647,17,FALSE,FALSE,0.049018264985552,0.0273495776531023,-0.049018264985552,-0.249995008111,0.249995008111,0.705126913694235,0.416665002703667,0.653845385863231,0.166669994592667,0.666665325562159,0.588888667027156,0.866666666666667,15,FALSE,FALSE,0.0777766585350036,0.0512815278310041,-0.0777766585350036,-0.249995008111,0.249995008111,TRUE,TRUE,FALSE,FALSE,TRUE
15,94,"By The People 2004 US General Election","btp04.w4b48","15:9413","15:9413::btp04.w4b48","triple","9413",0.533334004878998,0.166669994592667,0.566668003797531,0.166669994592667,0.472223336497943,0.500001668930054,0.857142857142857,7,FALSE,FALSE,-0.0277783324321111,-0.0333339989185333,0.0277783324321111,0,0,0.533334004878998,0.166669994592667,0.566668003797531,0.166669994592667,0.472223336497943,0.500001668930054,0.833333333333333,6,FALSE,FALSE,-0.0277783324321111,-0.0333339989185333,0.0277783324321111,0,0,FALSE,FALSE,TRUE,FALSE,FALSE
15,94,"By The People 2004 US General Election","btp04.w4b48","15:9414","15:9414::btp04.w4b48","triple","9414",0.70512769313959,0.5,0.694445004065832,0.333330005407333,0.69047571505819,0.666666927245947,0.928571428571429,14,FALSE,FALSE,0.0238087878122435,0.0106826890737582,-0.0238087878122435,-0.166669994592667,0.166669994592667,0.708332498868307,0.5,0.694445004065832,0.333330005407333,0.692306922032283,0.666666927245947,0.923076923076923,13,FALSE,FALSE,0.0256399947863359,0.013887494802475,-0.0256399947863359,-0.166669994592667,0.166669994592667,TRUE,TRUE,FALSE,FALSE,TRUE
15,94,"By The People 2004 US General Election","btp04.w4b51","15:9401","15:9401::btp04.w4b51","triple","9401",0.552083125337958,0.375,0.46874999627471,0.458332508802414,0.516666500270367,0.466666498780251,0.8,20,FALSE,FALSE,0.0500000014901161,0.0833331290632486,-0.0500000014901161,0.0833325088024139,-0.0833325088024139,0.552083125337958,0.375,0.46874999627471,0.458332508802414,0.516666500270367,0.466666498780251,0.8,20,FALSE,FALSE,0.0500000014901161,0.0833331290632486,-0.0500000014901161,0.0833325088024139,-0.0833325088024139,TRUE,TRUE,FALSE,TRUE,FALSE
15,94,"By The People 2004 US General Election","btp04.w4b51","15:9402","15:9402::btp04.w4b51","triple","9402",0.49074000120163,0.166667498648167,0.526316318072771,0.333332508802414,0.431817728010091,0.492753916460535,0.833333333333333,24,FALSE,FALSE,-0.0609361884504439,-0.0355763168711412,0.0609361884504439,0.166665010154247,-0.166665010154247,0.480391176307903,0.166667498648167,0.519608236411039,0.333332508802414,0.420634285325096,0.484127145437967,0.80952380952381,21,FALSE,FALSE,-0.0634928601128714,-0.039217060103136,0.0634928601128714,0.166665010154247,-0.166665010154247,FALSE,FALSE,TRUE,TRUE,FALSE
15,94,"By The People 2004 US General Election","btp04.w4b51","15:9403","15:9403::btp04.w4b51","triple","9403",0.525000500679016,0,0.595238573494412,0,0.500000476837158,0.568182274699211,0.954545454545455,22,FALSE,FALSE,-0.0681817978620529,-0.0702380728153955,0.0681817978620529,0,0,0.525000500679016,0,0.600000502169132,0,0.500000476837158,0.571429049684888,0.952380952380952,21,FALSE,FALSE,-0.0714285728477296,-0.0750000014901161,0.0714285728477296,0,0,FALSE,FALSE,TRUE,FALSE,FALSE
15,94,"By The People 2004 US General Election","btp04.w4b51","15:9404","15:9404::btp04.w4b51","triple","9404",0.464287149054664,0.666664987802505,0.500000777152868,0.833335012197495,0.489584378898144,0.544445341825485,0.875,16,FALSE,FALSE,0.0548609629273414,0.0357136280982049,-0.0548609629273414,-0.166670024394989,0.166670024394989,0.487180776320971,0.666664987802505,0.500000777152868,0.833335012197495,0.511112004518509,0.544445341825485,0.866666666666667,15,FALSE,FALSE,0.0333333373069763,0.0128200008318974,-0.0333333373069763,-0.166670024394989,0.166670024394989,TRUE,TRUE,FALSE,FALSE,TRUE
15,94,"By The People 2004 US General Election","btp04.w4b51","15:9405","15:9405::btp04.w4b51","triple","9405",0.619047139372144,0.833329975605011,0.621211815964092,0.666670024394989,0.62878726829182,0.623188259808914,0.956521739130435,23,FALSE,FALSE,-0.00559900848290662,0.00216467659194752,0.00559900848290662,0.166659951210022,-0.166659951210022,0.619047139372144,0.833329975605011,0.611110951219286,0.666670024394989,0.62878726829182,0.613636363636364,0.954545454545455,22,FALSE,FALSE,-0.0151509046554565,-0.00793618815285813,0.0151509046554565,0.166659951210022,-0.166659951210022,FALSE,TRUE,TRUE,TRUE,FALSE
15,94,"By The People 2004 US General Election","btp04.w4b51","15:9406","15:9406::btp04.w4b51","triple","9406",0.629630004366239,0.555556664864222,0.583332778679,0.44444332520167,0.619048098723094,0.563491428182239,0.863636363636364,22,FALSE,FALSE,0.055556670540855,0.0462972256872389,-0.055556670540855,-0.111113339662552,0.111113339662552,0.629630004366239,0.555556664864222,0.583332778679,0.44444332520167,0.619048098723094,0.563491428182239,0.857142857142857,21,FALSE,FALSE,0.055556670540855,0.0462972256872389,-0.055556670540855,-0.111113339662552,0.111113339662552,TRUE,TRUE,FALSE,FALSE,TRUE
15,94,"By The People 2004 US General Election","btp04.w4b51","15:9407","15:9407::btp04.w4b51","triple","9407",0.44117706137545,0.666667506098747,0.45098117870443,0.666667498648167,0.484127622275125,0.492064287265142,0.826086956521739,23,FALSE,FALSE,0.00793666499001644,0.00980411732898046,-0.00793666499001644,7.45058059692383e-09,-7.45058059692383e-09,0.44117706137545,0.666667506098747,0.45098117870443,0.666667498648167,0.484127622275125,0.492064287265142,0.80952380952381,21,FALSE,FALSE,0.00793666499001644,0.00980411732898046,-0.00793666499001644,7.45058059692383e-09,-7.45058059692383e-09,TRUE,TRUE,FALSE,TRUE,FALSE
15,94,"By The People 2004 US General Election","btp04.w4b51","15:9408","15:9408::btp04.w4b51","triple","9408",0.416667498648167,0.833329975605011,0.375002510845661,0.833329975605011,0.499999994039536,0.466668003797531,0.8,5,FALSE,FALSE,-0.0333319902420044,-0.0416649878025055,0.0333319902420044,0,0,0.416667498648167,0.833329975605011,0.375002510845661,0.833329975605011,0.499999994039536,0.466668003797531,0.8,5,FALSE,FALSE,-0.0333319902420044,-0.0416649878025055,0.0333319902420044,0,0,FALSE,FALSE,TRUE,FALSE,FALSE
15,94,"By The People 2004 US General Election","btp04.w4b51","15:9409","15:9409::btp04.w4b51","triple","9409",0.484849095344543,0.555553327004115,0.575758183544332,0.611110001802444,0.500000002128737,0.583333573171071,0.8,15,FALSE,FALSE,0.0833335710423333,0.0909090881997888,-0.0833335710423333,-0.0555566747983297,0.0555566747983297,0.484849095344543,0.555553327004115,0.575758183544332,0.611110001802444,0.500000002128737,0.583333573171071,0.785714285714286,14,FALSE,FALSE,0.0833335710423333,0.0909090881997888,-0.0833335710423333,-0.0555566747983297,0.0555566747983297,TRUE,TRUE,FALSE,FALSE,TRUE
15,94,"By The People 2004 US General Election","btp04.w4b51","15:9410","15:9410::btp04.w4b51","triple","9410",0.500000913034786,0.25,0.318182731216604,0.500000014901161,0.461539234106357,0.346154621014228,0.857142857142857,14,FALSE,FALSE,0.115384613092129,0.181818181818182,-0.115384613092129,0.250000014901161,-0.250000014901161,0.500000913034786,0.25,0.318182731216604,0.500000014901161,0.461539234106357,0.346154621014228,0.846153846153846,13,FALSE,FALSE,0.115384613092129,0.181818181818182,-0.115384613092129,0.250000014901161,-0.250000014901161,TRUE,TRUE,FALSE,TRUE,FALSE
15,94,"By The People 2004 US General Election","btp04.w4b51","15:9411","15:9411::btp04.w4b51","triple","9411",0.392857140728405,0.25,0.444444668292999,0.416670009493828,0.374999998137355,0.44117706137545,0.88235294117647,17,FALSE,FALSE,-0.0661770632380948,-0.0515875275645938,0.0661770632380948,0.166670009493828,-0.166670009493828,0.392857140728405,0.25,0.428571428571429,0.416670009493828,0.374999998137355,0.427083751186728,0.875,16,FALSE,FALSE,-0.0520837530493736,-0.035714287843023,0.0520837530493736,0.166670009493828,-0.166670009493828,FALSE,FALSE,TRUE,TRUE,FALSE
15,94,"By The People 2004 US General Election","btp04.w4b51","15:9413","15:9413::btp04.w4b51","triple","9413",0.208334997296333,0.833329975605011,0.500002014636993,1,0.333333992958069,0.583335012197495,0.857142857142857,7,FALSE,FALSE,0.250001019239426,0.29166701734066,-0.250001019239426,-0.166670024394989,0.166670024394989,0.208334997296333,0.833329975605011,0.500002518296242,1,0.333333992958069,0.600002014636993,0.8,5,FALSE,FALSE,0.266668021678925,0.291667520999908,-0.266668021678925,-0.166670024394989,0.166670024394989,TRUE,TRUE,FALSE,FALSE,TRUE
15,94,"By The People 2004 US General Election","btp04.w4b51","15:9414","15:9414::btp04.w4b51","triple","9414",0.513888329267502,0.166669994592667,0.474358466955332,0.166669994592667,0.487179226600207,0.452380718929427,0.928571428571429,14,FALSE,FALSE,0.0347985076707798,0.0395298623121701,-0.0347985076707798,0,0,0.513888329267502,0.166669994592667,0.45833250383536,0.166669994592667,0.487179226600207,0.435896926201307,0.923076923076923,13,FALSE,FALSE,0.0512823003988999,0.0555558254321417,-0.0512823003988999,0,0,TRUE,TRUE,FALSE,FALSE,FALSE
15,94,"By The People 2004 US General Election","btp04.w4b54","15:9401","15:9401::btp04.w4b54","triple","9401",0.344443329175313,0.458332493901253,0.533332659800847,0.458332501351833,0.368419995433406,0.51754315275895,0.8,20,FALSE,FALSE,0.149123157325544,0.188889330625534,-0.149123157325544,-7.45058059692383e-09,7.45058059692383e-09,0.357141424502645,0.458332493901253,0.535713564072337,0.458332501351833,0.379628328813447,0.518517772356669,0.777777777777778,18,FALSE,FALSE,0.138889443543222,0.178572139569691,-0.138889443543222,-7.45058059692383e-09,7.45058059692383e-09,TRUE,TRUE,FALSE,FALSE,TRUE
15,94,"By The People 2004 US General Election","btp04.w4b54","15:9402","15:9402::btp04.w4b54","triple","9402",0.447368948083175,0.374997496604919,0.483332496881485,0.416667506098747,0.434782608695652,0.472221665084362,0.833333333333333,24,FALSE,FALSE,-0.0374390563887098,-0.0359635487983102,0.0374390563887098,0.0416700094938278,-0.0416700094938278,0.447368948083175,0.374997496604919,0.491227364853809,0.416667506098747,0.434782608695652,0.478260432896407,0.826086956521739,23,FALSE,FALSE,-0.0434778242007545,-0.0438584167706339,0.0434778242007545,0.0416700094938278,-0.0416700094938278,FALSE,FALSE,TRUE,TRUE,FALSE
15,94,"By The People 2004 US General Election","btp04.w4b54","15:9403","15:9403::btp04.w4b54","triple","9403",0.33333381158965,0.5,0.388889047361556,0.333330005407333,0.340909547426484,0.386363636363636,0.954545454545455,22,FALSE,FALSE,0.0454540889371525,0.0555552357719058,-0.0454540889371525,0.166669994592667,-0.166669994592667,0.33333381158965,0.5,0.388889047361556,0.333330005407333,0.340909547426484,0.386363636363636,0.954545454545455,22,FALSE,FALSE,0.0454540889371525,0.0555552357719058,-0.0454540889371525,0.166669994592667,-0.166669994592667,TRUE,TRUE,FALSE,TRUE,FALSE
15,94,"By The People 2004 US General Election","btp04.w4b54","15:9404","15:9404::btp04.w4b54","triple","9404",0.29761928319931,0.75,0.285714287843023,0.916664987802505,0.354166872799397,0.364583125337958,0.875,16,FALSE,FALSE,0.0104162525385618,-0.0119049953562873,-0.0104162525385618,-0.166664987802505,0.166664987802505,0.29761928319931,0.75,0.285714287843023,0.916664987802505,0.354166872799397,0.364583125337958,0.875,16,FALSE,FALSE,0.0104162525385618,-0.0119049953562873,-0.0104162525385618,-0.166664987802505,0.166664987802505,TRUE,FALSE,FALSE,FALSE,TRUE
15,94,"By The People 2004 US General Election","btp04.w4b54","15:9405","15:9405::btp04.w4b54","triple","9405",0.242424095218832,0.166669994592667,0.365079527809506,0.166669994592667,0.239130438669868,0.356060912663286,0.956521739130435,23,FALSE,FALSE,-0.116930473993418,-0.122655432590675,0.116930473993418,0,0,0.253968099753062,0.166669994592667,0.365079527809506,0.166669994592667,0.250000004063953,0.356060912663286,0.954545454545455,22,FALSE,FALSE,-0.106060908599333,-0.111111428056444,0.106060908599333,0,0,FALSE,FALSE,TRUE,FALSE,FALSE
15,94,"By The People 2004 US General Election","btp04.w4b54","15:9406","15:9406::btp04.w4b54","triple","9406",0.359648947653018,0.666666666666667,0.35294117471751,0.611109991868337,0.401515000245788,0.391666497290134,0.863636363636364,22,FALSE,FALSE,-0.00984850295565348,-0.00670777293550706,0.00984850295565348,0.0555566747983296,-0.0555566747983296,0.343137059141608,0.666666666666667,0.35294117471751,0.611109991868337,0.391666500270367,0.391666497290134,0.85,20,FALSE,FALSE,-2.9802322276673e-09,0.0098041155759026,2.9802322276673e-09,0.0555566747983296,-0.0555566747983296,FALSE,FALSE,TRUE,TRUE,FALSE
15,94,"By The People 2004 US General Election","btp04.w4b54","15:9407","15:9407::btp04.w4b54","triple","9407",0.36274470651851,0.541664995253086,0.374999998137355,0.583332501351833,0.396824761515572,0.41666649878025,0.826086956521739,23,FALSE,FALSE,0.0198417372646786,0.012255291618845,-0.0198417372646786,-0.0416675060987473,0.0416675060987473,0.364583125337958,0.541664995253086,0.374999998137355,0.583332501351833,0.399999499320984,0.41666649878025,0.8,20,FALSE,FALSE,0.0166669994592666,0.0104168727993965,-0.0166669994592666,-0.0416675060987473,0.0416675060987473,TRUE,TRUE,FALSE,FALSE,TRUE
15,94,"By The People 2004 US General Election","btp04.w4b54","15:9408","15:9408::btp04.w4b54","triple","9408",0.5,0.666670024394989,0.44444332520167,1,0.541667506098747,0.583332493901253,0.8,5,FALSE,FALSE,0.0416649878025055,-0.0555566747983297,-0.0416649878025055,-0.333329975605011,0.333329975605011,0.5,0.666670024394989,0.44444332520167,1,0.541667506098747,0.583332493901253,0.75,4,FALSE,FALSE,0.0416649878025055,-0.0555566747983297,-0.0416649878025055,-0.333329975605011,0.333329975605011,TRUE,FALSE,FALSE,FALSE,TRUE
15,94,"By The People 2004 US General Election","btp04.w4b54","15:9409","15:9409::btp04.w4b54","triple","9409",0.378788181326606,0.888890008131663,0.530301814729517,0.833333333333333,0.488095715641975,0.595237140144621,0.8,15,FALSE,FALSE,0.107141424502645,0.151513633402911,-0.107141424502645,0.0555566747983296,-0.0555566747983296,0.416666999459267,0.888890008131663,0.583331996202469,0.833333333333333,0.525641539922127,0.641024612463438,0.769230769230769,13,FALSE,FALSE,0.11538307254131,0.166664996743202,-0.11538307254131,0.0555566747983296,-0.0555566747983296,TRUE,TRUE,FALSE,TRUE,FALSE
15,94,"By The People 2004 US General Election","btp04.w4b54","15:9410","15:9410::btp04.w4b54","triple","9410",0.393940914760936,0.416665002703667,0.393939088691365,0.25,0.397436928290587,0.371794613508078,0.857142857142857,14,FALSE,FALSE,-0.0256423147825094,-1.82606957177534e-06,0.0256423147825094,0.166665002703667,-0.166665002703667,0.393940914760936,0.416665002703667,0.393939088691365,0.25,0.397436928290587,0.371794613508078,0.846153846153846,13,FALSE,FALSE,-0.0256423147825094,-1.82606957177534e-06,0.0256423147825094,0.166665002703667,-0.166665002703667,FALSE,FALSE,TRUE,TRUE,FALSE
15,94,"By The People 2004 US General Election","btp04.w4b54","15:9411","15:9411::btp04.w4b54","triple","9411",0.357143570269857,0.166665002703667,0.422222665945689,0.333335012197495,0.333333749324083,0.41176529491649,0.88235294117647,17,FALSE,FALSE,-0.0784315455924062,-0.0650790956758317,0.0784315455924062,0.166670009493828,-0.166670009493828,0.357143570269857,0.166665002703667,0.452381427798952,0.333335012197495,0.333333749324083,0.43750062584877,0.875,16,FALSE,FALSE,-0.104166876524687,-0.0952378575290952,0.104166876524687,0.166670009493828,-0.166670009493828,FALSE,FALSE,TRUE,TRUE,FALSE
15,94,"By The People 2004 US General Election","btp04.w4b54","15:9413","15:9413::btp04.w4b54","triple","9413",0.444443330168724,0.833329975605011,0.555555000901222,0.833329975605011,0.499998565231051,0.595237140144621,0.857142857142857,7,FALSE,FALSE,0.0952385749135699,0.111111670732498,-0.0952385749135699,0,0,0.444443330168724,0.833329975605011,0.555555000901222,0.833329975605011,0.499998565231051,0.595237140144621,0.857142857142857,7,FALSE,FALSE,0.0952385749135699,0.111111670732498,-0.0952385749135699,0,0,TRUE,TRUE,FALSE,FALSE,FALSE
15,94,"By The People 2004 US General Election","btp04.w4b54","15:9414","15:9414::btp04.w4b54","triple","9414",0.458334170281887,1,0.486110836267471,0.833329975605011,0.500000772567896,0.512820000831897,0.928571428571429,14,FALSE,FALSE,0.0128192282640017,0.0277766659855843,-0.0128192282640017,0.166670024394989,-0.166670024394989,0.409091822125695,1,0.48484818501906,0.833329975605011,0.458334170281887,0.513888334234556,0.916666666666667,12,FALSE,FALSE,0.0555541639526685,0.0757563628933647,-0.0555541639526685,0.166670024394989,-0.166670024394989,TRUE,TRUE,FALSE,TRUE,FALSE
15,94,"By The People 2004 US General Election","btp04.w4b57","15:9401","15:9401::btp04.w4b57","triple","9401",0.788887997468313,0.416667498648167,0.822221328814824,0.458332493901253,0.710525787190387,0.745613153043546,0.8,20,FALSE,FALSE,-0.035087365853159,-0.0333333313465118,0.035087365853159,0.0416649952530861,-0.0416649952530861,0.773808568716049,0.416667498648167,0.809522852301598,0.458332493901253,0.694443886478742,0.731480550434854,0.777777777777778,18,FALSE,FALSE,-0.0370366639561124,-0.0357142835855484,0.0370366639561124,0.0416649952530861,-0.0416649952530861,FALSE,FALSE,TRUE,TRUE,FALSE
15,94,"By The People 2004 US General Election","btp04.w4b57","15:9402","15:9402::btp04.w4b57","triple","9402",0.629630002710554,0.291664995253086,0.758332999050617,0.25,0.568181819536469,0.673610832542181,0.833333333333333,24,FALSE,FALSE,-0.105429013005712,-0.128702996340063,0.105429013005712,-0.0416649952530861,0.0416649952530861,0.629630002710554,0.291664995253086,0.749999442034297,0.25,0.568181819536469,0.659090452573516,0.818181818181818,22,FALSE,FALSE,-0.090908633037047,-0.120369439323743,0.090908633037047,-0.0416649952530861,0.0416649952530861,FALSE,FALSE,TRUE,FALSE,TRUE
15,94,"By The People 2004 US General Election","btp04.w4b57","15:9403","15:9403::btp04.w4b57","triple","9403",0.658334001898766,0.5,0.603174284810112,0.5,0.650794287522634,0.59848454459147,0.954545454545455,22,FALSE,FALSE,0.0523097429311637,0.055159717088654,-0.0523097429311637,0,0,0.658334001898766,0.5,0.608332999050617,0.5,0.650794287522634,0.603174284810112,0.952380952380952,21,FALSE,FALSE,0.0476200027125223,0.0500010028481483,-0.0476200027125223,0,0,TRUE,TRUE,FALSE,FALSE,FALSE
15,94,"By The People 2004 US General Election","btp04.w4b57","15:9404","15:9404::btp04.w4b57","triple","9404",0.538461538461538,1,0.564101533247874,1,0.6,0.622221328814824,0.875,16,FALSE,FALSE,0.0222213288148244,0.0256399947863359,-0.0222213288148244,0,0,0.538461538461538,1,0.564101533247874,1,0.6,0.622221328814824,0.866666666666667,15,FALSE,FALSE,0.0222213288148244,0.0256399947863359,-0.0222213288148244,0,0,TRUE,TRUE,FALSE,FALSE,FALSE
15,94,"By The People 2004 US General Election","btp04.w4b57","15:9405","15:9405::btp04.w4b57","triple","9405",0.626983810038794,0.833329975605011,0.568181360309774,0.833329975605011,0.636363181200894,0.579709560974785,0.956521739130435,23,FALSE,FALSE,-0.0566536202261099,-0.0588024497290195,0.0566536202261099,0,0,0.626983810038794,0.833329975605011,0.571428091753097,0.833329975605011,0.636363181200894,0.583332722837275,0.954545454545455,22,FALSE,FALSE,-0.0530304583636196,-0.0555557182856968,0.0530304583636196,0,0,FALSE,FALSE,TRUE,FALSE,FALSE
15,94,"By The People 2004 US General Election","btp04.w4b57","15:9406","15:9406::btp04.w4b57","triple","9406",0.722221662600835,0.611109991868337,0.745098236729117,0.666666666666667,0.706348566781907,0.73333350121975,0.863636363636364,22,FALSE,FALSE,-0.0269849344378427,-0.0228765741282818,0.0269849344378427,0.0555566747983296,-0.0555566747983296,0.715685879482942,0.611109991868337,0.745098236729117,0.666666666666667,0.699999496340752,0.73333350121975,0.85,20,FALSE,FALSE,-0.0333340048789978,-0.0294123572461745,0.0333340048789978,0.0555566747983296,-0.0555566747983296,FALSE,FALSE,TRUE,TRUE,FALSE
15,94,"By The People 2004 US General Election","btp04.w4b57","15:9407","15:9407::btp04.w4b57","triple","9407",0.537036665611797,0.833332493901253,0.398148336344295,0.875,0.590908634391698,0.48484863882715,0.826086956521739,23,FALSE,FALSE,-0.106059995564547,-0.138888329267502,0.106059995564547,-0.0416675060987473,0.0416675060987473,0.509803528294844,0.833332493901253,0.401961179340587,0.875,0.571428093172255,0.492063811847142,0.80952380952381,21,FALSE,FALSE,-0.0793642813251133,-0.107842348954257,0.0793642813251133,-0.0416675060987473,0.0416675060987473,FALSE,FALSE,TRUE,FALSE,TRUE
15,94,"By The People 2004 US General Election","btp04.w4b57","15:9408","15:9408::btp04.w4b57","triple","9408",0.499999992549419,0.5,0.555556664864222,0.5,0.499999994039536,0.541667498648167,0.8,5,FALSE,FALSE,0.0416675046086311,0.0555566723148028,-0.0416675046086311,0,0,0.666666656732559,0.5,0.555556664864222,0.5,0.624999992549419,0.541667498648167,0.75,4,FALSE,FALSE,0.0833324939012527,0.111109991868337,-0.0833324939012527,0,0,TRUE,TRUE,FALSE,FALSE,FALSE
15,94,"By The People 2004 US General Election","btp04.w4b57","15:9409","15:9409::btp04.w4b57","triple","9409",0.803030000491576,0.666666666666667,0.783333000540733,0.611113349596659,0.773809286100524,0.743590004169024,0.8,15,FALSE,FALSE,0.0302192819314998,0.0196969999508425,-0.0302192819314998,-0.0555533170700073,0.0555533170700073,0.783333000540733,0.666666666666667,0.783333000540733,0.611113349596659,0.756410000415949,0.743590004169024,0.769230769230769,13,FALSE,FALSE,0.0128199962469248,0,-0.0128199962469248,-0.0555533170700073,0.0555533170700073,TRUE,TRUE,FALSE,FALSE,TRUE
15,94,"By The People 2004 US General Election","btp04.w4b57","15:9410","15:9410::btp04.w4b57","triple","9410",0.560605455528606,0.583334997296333,0.545454542745243,0.499999985098839,0.564102308108256,0.538461533876566,0.857142857142857,14,FALSE,FALSE,-0.0256407742316906,-0.0151509127833627,0.0256407742316906,0.0833350121974945,-0.0833350121974945,0.560605455528606,0.583334997296333,0.545454542745243,0.499999985098839,0.564102308108256,0.538461533876566,0.846153846153846,13,FALSE,FALSE,-0.0256407742316906,-0.0151509127833627,0.0256407742316906,0.0833350121974945,-0.0833350121974945,FALSE,FALSE,TRUE,TRUE,FALSE
15,94,"By The People 2004 US General Election","btp04.w4b57","15:9411","15:9411::btp04.w4b57","triple","9411",0.607142857142857,0.5,0.511110665400823,0.583334997296333,0.59375,0.519607645623824,0.88235294117647,17,FALSE,FALSE,0.0741423543761758,0.0960321917420341,-0.0741423543761758,0.0833349972963333,-0.0833349972963333,0.607142857142857,0.5,0.54761857007231,0.583334997296333,0.59375,0.552083123475313,0.875,16,FALSE,FALSE,0.0416668765246868,0.0595242870705468,-0.0416668765246868,0.0833349972963333,-0.0833349972963333,TRUE,TRUE,FALSE,TRUE,FALSE
15,94,"By The People 2004 US General Election","btp04.w4b57","15:9413","15:9413::btp04.w4b57","triple","9413",0.305555000901222,1,0.266666001081467,1,0.404761429343905,0.388888334234556,0.857142857142857,7,FALSE,FALSE,-0.0158730951093491,-0.0388889998197556,0.0158730951093491,0,0,0.266666001081467,1,0.266666001081467,1,0.388888334234556,0.388888334234556,0.833333333333333,6,FALSE,TRUE,0,0,0,0,0,FALSE,FALSE,TRUE,FALSE,FALSE
15,94,"By The People 2004 US General Election","btp04.w4b57","15:9414","15:9414::btp04.w4b57","triple","9414",0.636362720619548,1,0.560606360435486,1,0.666665827234586,0.597222497065862,0.928571428571429,14,FALSE,FALSE,-0.0694433301687241,-0.0757563601840626,0.0694433301687241,0,0,0.636362720619548,1,0.560606360435486,1,0.666665827234586,0.597222497065862,0.916666666666667,12,FALSE,FALSE,-0.0694433301687241,-0.0757563601840626,0.0694433301687241,0,0,FALSE,FALSE,TRUE,FALSE,FALSE
17,96,"San Mateo","sm.t1more","17:9601","17:9601::sm.t1more","triple","9601",0.41666667163372,1,0.75,1,0.533333337306976,0.8,0.8,5,FALSE,FALSE,0.266666662693024,0.33333332836628,-0.266666662693024,0,0,0.41666667163372,1,0.75,1,0.533333337306976,0.8,0.8,5,FALSE,FALSE,0.266666662693024,0.33333332836628,-0.266666662693024,0,0,TRUE,TRUE,FALSE,FALSE,FALSE
17,96,"San Mateo","sm.t1more","17:9602","17:9602::sm.t1more","triple","9602",0.666666669504983,0.5,0.476190486124584,0.944444437821706,0.616666668653488,0.61666667163372,0.7,10,FALSE,FALSE,-2.98023217215615e-09,0.190476183380399,2.98023217215615e-09,0.444444437821706,-0.444444437821706,0.666666669504983,0.5,0.476190486124584,0.944444437821706,0.616666668653488,0.61666667163372,0.7,10,FALSE,FALSE,-2.98023217215615e-09,0.190476183380399,2.98023217215615e-09,0.444444437821706,-0.444444437821706,FALSE,TRUE,TRUE,TRUE,FALSE
17,96,"San Mateo","sm.t1more","17:9605","17:9605::sm.t1more","triple","9605",0.666666680574417,0.611111104488373,0.666666674613953,0.611111104488373,0.64583333954215,0.64583333581686,0.625,8,FALSE,FALSE,3.72529029846191e-09,5.9604644553346e-09,-3.72529029846191e-09,0,0,0.666666680574417,0.611111104488373,0.666666674613953,0.611111104488373,0.64583333954215,0.64583333581686,0.625,8,FALSE,FALSE,3.72529029846191e-09,5.9604644553346e-09,-3.72529029846191e-09,0,0,TRUE,TRUE,FALSE,FALSE,FALSE
17,96,"San Mateo","sm.t1more","17:9606","17:9606::sm.t1more","triple","9606",0.416666669150194,0.75,0.928571428571429,0.583333343267441,0.500000001862645,0.851851854059431,0.777777777777778,9,FALSE,FALSE,0.351851852196786,0.511904759421235,-0.351851852196786,0.166666656732559,-0.166666656732559,0.416666669150194,0.75,0.916666666666667,0.583333343267441,0.500000001862645,0.83333333581686,0.75,8,FALSE,FALSE,0.333333333954215,0.499999997516473,-0.333333333954215,0.166666656732559,-0.166666656732559,TRUE,TRUE,FALSE,TRUE,FALSE
17,96,"San Mateo","sm.t1more","17:9607","17:9607::sm.t1more","triple","9607",0.476190488253321,0.5,0.75,0.833333313465118,0.479166677221656,0.75925925705168,0.888888888888889,9,FALSE,FALSE,0.280092579830024,0.273809511746679,-0.280092579830024,-0.333333313465118,0.333333313465118,0.476190488253321,0.5,0.738095240933554,0.833333313465118,0.479166677221656,0.75,0.875,8,FALSE,FALSE,0.270833322778344,0.261904752680234,-0.270833322778344,-0.333333313465118,0.333333313465118,TRUE,TRUE,FALSE,FALSE,TRUE
17,96,"San Mateo","sm.t1more","17:9610","17:9610::sm.t1more","triple","9610",0.566666674613953,0.666666656732559,0.6,0.5,0.595238098076412,0.571428571428571,0.714285714285714,7,FALSE,FALSE,-0.0238095266478403,0.0333333253860474,0.0238095266478403,0.166666656732559,-0.166666656732559,0.566666674613953,0.666666656732559,0.6,0.5,0.595238098076412,0.571428571428571,0.714285714285714,7,FALSE,FALSE,-0.0238095266478403,0.0333333253860474,0.0238095266478403,0.166666656732559,-0.166666656732559,FALSE,TRUE,TRUE,TRUE,FALSE
17,96,"San Mateo","sm.t1more","17:9611","17:9611::sm.t1more","triple","9611",0.66666667163372,0.5,0.722222222222222,0.833333313465118,0.648148152563307,0.733333331346512,0.9,10,FALSE,FALSE,-0.0851851787832048,-0.0555555505885018,0.0851851787832048,0.333333313465118,-0.333333313465118,0.66666667163372,0.5,0.70833333581686,0.833333313465118,0.648148152563307,0.722222222222222,0.888888888888889,9,FALSE,FALSE,-0.0740740696589152,-0.0416666641831398,0.0740740696589152,0.333333313465118,-0.333333313465118,FALSE,FALSE,TRUE,TRUE,FALSE
17,96,"San Mateo","sm.t1more","17:9613","17:9613::sm.t1more","triple","9613",0.4375,0.5,0.458333341404796,0.583333313465118,0.45,0.48333333581686,0.8,10,FALSE,FALSE,0.0333333358168602,0.0208333414047956,-0.0333333358168602,-0.0833333134651184,0.0833333134651184,0.4375,0.5,0.458333341404796,0.583333313465118,0.45,0.48333333581686,0.8,10,FALSE,FALSE,0.0333333358168602,0.0208333414047956,-0.0333333358168602,-0.0833333134651184,0.0833333134651184,TRUE,TRUE,FALSE,FALSE,TRUE
17,96,"San Mateo","sm.t1more","17:9614","17:9614::sm.t1more","triple","9614",0.541666675359011,0.833333343267441,0.70833332836628,0.916666656732559,0.638888897995154,0.777777771155039,0.666666666666667,6,FALSE,FALSE,0.138888873159885,0.166666653007269,-0.138888873159885,-0.0833333134651184,0.0833333134651184,0.541666675359011,0.833333343267441,0.70833332836628,0.916666656732559,0.638888897995154,0.777777771155039,0.666666666666667,6,FALSE,FALSE,0.138888873159885,0.166666653007269,-0.138888873159885,-0.0833333134651184,0.0833333134651184,TRUE,TRUE,FALSE,FALSE,TRUE
17,96,"San Mateo","sm.t1more","17:9615","17:9615::sm.t1more","triple","9615",0.599999988079071,0.5,0.733333337306976,0.666666686534882,0.583333323399226,0.722222228844961,0.833333333333333,6,FALSE,FALSE,-0.138888905445735,-0.133333349227905,0.138888905445735,0.166666686534882,-0.166666686534882,0.599999988079071,0.5,0.733333337306976,0.666666686534882,0.583333323399226,0.722222228844961,0.833333333333333,6,FALSE,FALSE,-0.138888905445735,-0.133333349227905,0.138888905445735,0.166666686534882,-0.166666686534882,FALSE,FALSE,TRUE,TRUE,FALSE
17,96,"San Mateo","sm.t1more","17:9616","17:9616::sm.t1more","triple","9616",0.200000005960464,0.666666686534882,0.533333337306976,1,0.277777786056201,0.61111111442248,0.833333333333333,6,FALSE,FALSE,0.33333332836628,0.333333331346512,-0.33333332836628,-0.333333313465118,0.333333313465118,0.200000005960464,0.666666686534882,0.533333337306976,1,0.277777786056201,0.61111111442248,0.833333333333333,6,FALSE,FALSE,0.33333332836628,0.333333331346512,-0.33333332836628,-0.333333313465118,0.333333313465118,TRUE,TRUE,FALSE,FALSE,TRUE
17,96,"San Mateo","sm.t1more","17:9617","17:9617::sm.t1more","triple","9617",0.111111134290695,0.5,0.222222233812014,0.5,0.208333350718021,0.291666675359011,0.75,4,FALSE,FALSE,0.0833333246409893,0.111111099521319,-0.0833333246409893,0,0,0.111111134290695,0.5,0.222222233812014,0.5,0.208333350718021,0.291666675359011,0.75,4,FALSE,FALSE,0.0833333246409893,0.111111099521319,-0.0833333246409893,0,0,TRUE,TRUE,FALSE,FALSE,FALSE
17,96,"San Mateo","sm.t1more","17:9619","17:9619::sm.t1more","triple","9619",0.694444437821706,0.5,0.583333345750968,1,0.666666660990034,0.642857153500829,0.857142857142857,7,FALSE,FALSE,0.0238095074892044,0.111111092070739,-0.0238095074892044,0.5,-0.5,0.694444437821706,0.5,0.583333345750968,1,0.666666660990034,0.642857153500829,0.857142857142857,7,FALSE,FALSE,0.0238095074892044,0.111111092070739,-0.0238095074892044,0.5,-0.5,TRUE,TRUE,FALSE,TRUE,FALSE
17,96,"San Mateo","sm.t1more","17:9620","17:9620::sm.t1more","triple","9620",0.407407402992249,0.5,0.74074074294832,0.833333313465118,0.416666662693024,0.75,0.9,10,FALSE,FALSE,0.333333337306976,0.333333339956072,-0.333333337306976,-0.333333313465118,0.333333313465118,0.407407402992249,0.5,0.74074074294832,0.833333313465118,0.416666662693024,0.75,0.9,10,FALSE,FALSE,0.333333337306976,0.333333339956072,-0.333333337306976,-0.333333313465118,0.333333313465118,TRUE,TRUE,FALSE,FALSE,TRUE
17,96,"San Mateo","sm.t1more","17:9622","17:9622::sm.t1more","triple","9622",0.666666666666667,1,0.805555552244186,0.833333313465118,0.714285714285714,0.809523803847177,0.857142857142857,7,FALSE,FALSE,0.0952380895614624,0.13888888557752,-0.0952380895614624,0.166666686534882,-0.166666686534882,0.666666666666667,1,0.805555552244186,0.833333313465118,0.714285714285714,0.809523803847177,0.857142857142857,7,FALSE,FALSE,0.0952380895614624,0.13888888557752,-0.0952380895614624,0.166666686534882,-0.166666686534882,TRUE,TRUE,FALSE,TRUE,FALSE
17,96,"San Mateo","sm.t1more","17:9624","17:9624::sm.t1more","triple","9624",0.625,0.5,0.833333337306976,0.666666686534882,0.6,0.805555562178294,0.833333333333333,6,FALSE,FALSE,-0.205555562178294,-0.208333337306976,0.205555562178294,0.166666686534882,-0.166666686534882,0.625,0.5,0.79166667163372,0.666666686534882,0.6,0.766666674613953,0.8,5,FALSE,FALSE,-0.166666674613953,-0.16666667163372,0.166666674613953,0.166666686534882,-0.166666686534882,FALSE,FALSE,TRUE,TRUE,FALSE
17,96,"San Mateo","sm.t1more","17:9625","17:9625::sm.t1more","triple","9625",0.500000002483527,NA,0.694444437821706,0.833333313465118,0.500000002483527,0.714285705770765,0.857142857142857,7,NA,FALSE,NA,NA,NA,NA,NA,NA,NA,NA,NA,NA,NA,NA,NA,NA,NA,NA,NA,NA,NA,NA,NA,NA,NA,NA,NA
17,96,"San Mateo","sm.t1belowmrkt","17:9601","17:9601::sm.t1belowmrkt","triple","9601",0.625,0.5,0.75,0.5,0.6,0.7,0.8,5,FALSE,FALSE,-0.1,-0.125,0.1,0,0,0.625,0.5,0.75,0.5,0.6,0.7,0.8,5,FALSE,FALSE,-0.1,-0.125,0.1,0,0,FALSE,FALSE,TRUE,FALSE,FALSE
17,96,"San Mateo","sm.t1belowmrkt","17:9602","17:9602::sm.t1belowmrkt","triple","9602",0.404761904052326,0.555555567145348,0.523809520261628,0.944444437821706,0.450000002980232,0.649999995529652,0.7,10,FALSE,FALSE,0.199999992549419,0.119047616209303,-0.199999992549419,-0.388888870676359,0.388888870676359,0.404761904052326,0.555555567145348,0.523809520261628,0.944444437821706,0.450000002980232,0.649999995529652,0.7,10,FALSE,FALSE,0.199999992549419,0.119047616209303,-0.199999992549419,-0.388888870676359,0.388888870676359,TRUE,TRUE,FALSE,FALSE,TRUE
17,96,"San Mateo","sm.t1belowmrkt","17:9605","17:9605::sm.t1belowmrkt","triple","9605",0.8,0.722222233812014,0.766666662693024,0.666666666666667,0.770833337679505,0.72916666418314,0.625,8,FALSE,FALSE,0.0416666734963655,0.0333333373069764,-0.0416666734963655,-0.0555555671453476,0.0555555671453476,0.8,0.722222233812014,0.766666662693024,0.666666666666667,0.770833337679505,0.72916666418314,0.625,8,FALSE,FALSE,0.0416666734963655,0.0333333373069764,-0.0416666734963655,-0.0555555671453476,0.0555555671453476,TRUE,TRUE,FALSE,FALSE,TRUE
17,96,"San Mateo","sm.t1belowmrkt","17:9606","17:9606::sm.t1belowmrkt","triple","9606",0.809523803847177,0.75,0.972222218910853,0.416666693985462,0.796296291881137,0.833333337679505,0.777777777777778,9,FALSE,FALSE,-0.037037045798368,-0.162698415063676,0.037037045798368,-0.333333306014538,0.333333306014538,0.944444437821706,0.75,0.972222218910853,0.416666693985462,0.89583332836628,0.833333337679505,0.75,8,FALSE,FALSE,0.0624999906867743,-0.0277777810891469,-0.0624999906867743,-0.333333306014538,0.333333306014538,FALSE,FALSE,TRUE,FALSE,TRUE
17,96,"San Mateo","sm.t1belowmrkt","17:9607","17:9607::sm.t1belowmrkt","triple","9607",0.583333337679505,0.833333313465118,0.729166673496366,0.833333313465118,0.611111112766796,0.740740744604005,0.888888888888889,9,FALSE,FALSE,0.129629631837209,0.14583333581686,-0.129629631837209,0,0,0.583333337679505,0.833333313465118,0.729166673496366,0.833333313465118,0.611111112766796,0.740740744604005,0.888888888888889,9,FALSE,FALSE,0.129629631837209,0.14583333581686,-0.129629631837209,0,0,TRUE,TRUE,FALSE,FALSE,FALSE
17,96,"San Mateo","sm.t1belowmrkt","17:9610","17:9610::sm.t1belowmrkt","triple","9610",0.833333325386047,0.583333350718021,0.933333325386047,0.583333350718021,0.761904761195183,0.833333332623754,0.714285714285714,7,FALSE,FALSE,-0.0714285714285714,-0.1,0.0714285714285714,0,0,0.833333325386047,0.583333350718021,0.933333325386047,0.583333350718021,0.761904761195183,0.833333332623754,0.714285714285714,7,FALSE,FALSE,-0.0714285714285714,-0.1,0.0714285714285714,0,0,FALSE,FALSE,TRUE,FALSE,FALSE
17,96,"San Mateo","sm.t1belowmrkt","17:9611","17:9611::sm.t1belowmrkt","triple","9611",0.833333326710595,0.5,0.74074074294832,0.833333313465118,0.799999994039535,0.75,0.9,10,FALSE,FALSE,0.0499999940395355,0.0925925837622749,-0.0499999940395355,0.333333313465118,-0.333333313465118,0.833333326710595,0.5,0.74074074294832,0.833333313465118,0.799999994039535,0.75,0.9,10,FALSE,FALSE,0.0499999940395355,0.0925925837622749,-0.0499999940395355,0.333333313465118,-0.333333313465118,TRUE,TRUE,FALSE,TRUE,FALSE
17,96,"San Mateo","sm.t1belowmrkt","17:9613","17:9613::sm.t1belowmrkt","triple","9613",0.4375,0.583333343267441,0.687500001862645,0.666666656732559,0.466666668653488,0.683333332836628,0.8,10,FALSE,FALSE,0.21666666418314,0.250000001862645,-0.21666666418314,-0.0833333134651184,0.0833333134651184,0.4375,0.583333343267441,0.687500001862645,0.666666656732559,0.466666668653488,0.683333332836628,0.8,10,FALSE,FALSE,0.21666666418314,0.250000001862645,-0.21666666418314,-0.0833333134651184,0.0833333134651184,TRUE,TRUE,FALSE,FALSE,TRUE
17,96,"San Mateo","sm.t1belowmrkt","17:9614","17:9614::sm.t1belowmrkt","triple","9614",0.541666675359011,0.416666656732559,0.79166667163372,0.666666656732559,0.500000002483527,0.75,0.666666666666667,6,FALSE,FALSE,-0.249999997516473,-0.24999999627471,0.249999997516473,0.25,-0.25,0.541666675359011,0.416666656732559,0.79166667163372,0.666666656732559,0.500000002483527,0.75,0.666666666666667,6,FALSE,FALSE,-0.249999997516473,-0.24999999627471,0.249999997516473,0.25,-0.25,FALSE,FALSE,TRUE,TRUE,FALSE
17,96,"San Mateo","sm.t1belowmrkt","17:9615","17:9615::sm.t1belowmrkt","triple","9615",0.9,0.666666686534882,0.9,NA,0.86111111442248,0.9,0.833333333333333,6,FALSE,FALSE,-0.0388888855775198,0,0.0388888855775198,NA,NA,NA,NA,NA,NA,NA,NA,NA,NA,NA,NA,NA,NA,NA,NA,NA,FALSE,FALSE,TRUE,NA,NA
17,96,"San Mateo","sm.t1belowmrkt","17:9616","17:9616::sm.t1belowmrkt","triple","9616",0.633333337306976,0.833333313465118,0.6,0.833333313465118,0.666666666666667,0.63888888557752,0.833333333333333,6,FALSE,FALSE,-0.0277777810891469,-0.0333333373069763,0.0277777810891469,0,0,0.633333337306976,0.833333313465118,0.6,0.833333313465118,0.666666666666667,0.63888888557752,0.833333333333333,6,FALSE,FALSE,-0.0277777810891469,-0.0333333373069763,0.0277777810891469,0,0,FALSE,FALSE,TRUE,FALSE,FALSE
17,96,"San Mateo","sm.t1belowmrkt","17:9617","17:9617::sm.t1belowmrkt","triple","9617",0.555555562178294,0,0.722222228844961,0,0.41666667163372,0.54166667163372,0.75,4,FALSE,FALSE,-0.125,-0.166666666666667,0.125,0,0,0.555555562178294,0,0.722222228844961,0,0.41666667163372,0.54166667163372,0.75,4,FALSE,FALSE,-0.125,-0.166666666666667,0.125,0,0,FALSE,FALSE,TRUE,FALSE,FALSE
17,96,"San Mateo","sm.t1belowmrkt","17:9619","17:9619::sm.t1belowmrkt","triple","9619",0.75,0.166666701436043,0.75,0,0.66666667163372,0.642857142857143,0.857142857142857,7,FALSE,FALSE,0.0238095287765775,0,-0.0238095287765775,-0.166666701436043,0.166666701436043,0.75,0.166666701436043,0.75,0,0.66666667163372,0.642857142857143,0.857142857142857,7,FALSE,FALSE,0.0238095287765775,0,-0.0238095287765775,-0.166666701436043,0.166666701436043,TRUE,FALSE,FALSE,FALSE,TRUE
17,96,"San Mateo","sm.t1belowmrkt","17:9620","17:9620::sm.t1belowmrkt","triple","9620",0.592592590385013,0.833333313465118,0.925925923718346,1,0.616666662693024,0.933333331346512,0.9,10,FALSE,FALSE,0.316666668653488,0.333333333333333,-0.316666668653488,-0.166666686534882,0.166666686534882,0.592592590385013,0.833333313465118,0.925925923718346,1,0.616666662693024,0.933333331346512,0.9,10,FALSE,FALSE,0.316666668653488,0.333333333333333,-0.316666668653488,-0.166666686534882,0.166666686534882,TRUE,TRUE,FALSE,FALSE,TRUE
17,96,"San Mateo","sm.t1belowmrkt","17:9622","17:9622::sm.t1belowmrkt","triple","9622",0.555555562178294,0.5,0.694444437821706,0.666666686534882,0.54761905329568,0.690476187637874,0.857142857142857,7,FALSE,FALSE,-0.142857134342194,-0.138888875643412,0.142857134342194,0.166666686534882,-0.166666686534882,0.555555562178294,0.5,0.694444437821706,0.666666686534882,0.54761905329568,0.690476187637874,0.857142857142857,7,FALSE,FALSE,-0.142857134342194,-0.138888875643412,0.142857134342194,0.166666686534882,-0.166666686534882,FALSE,FALSE,TRUE,TRUE,FALSE
17,96,"San Mateo","sm.t1belowmrkt","17:9624","17:9624::sm.t1belowmrkt","triple","9624",0.5,0.5,0.8,0.666666686534882,0.5,0.777777781089147,0.833333333333333,6,TRUE,FALSE,NA,NA,NA,NA,NA,0.5,0.5,0.8,0.666666686534882,0.5,0.777777781089147,0.833333333333333,6,TRUE,FALSE,NA,NA,NA,NA,NA,NA,NA,NA,NA,NA
17,96,"San Mateo","sm.t1belowmrkt","17:9625","17:9625::sm.t1belowmrkt","triple","9625",0.700000002980232,0.666666686534882,0.805555552244186,0.666666686534882,0.69444445023934,0.785714285714286,0.857142857142857,7,FALSE,FALSE,-0.0912698354749453,-0.105555549263954,0.0912698354749453,0,0,0.700000002980232,0.666666686534882,0.8,0.666666686534882,0.69444445023934,0.777777781089147,0.833333333333333,6,FALSE,FALSE,-0.0833333308498065,-0.0999999970197678,0.0833333308498065,0,0,FALSE,FALSE,TRUE,FALSE,FALSE
17,96,"San Mateo","sm.t1openspace","17:9601","17:9601::sm.t1openspace","triple","9601",0.375,0.5,0.0833333283662796,0.5,0.4,0.166666662693024,0.8,5,FALSE,FALSE,-0.233333337306976,-0.29166667163372,0.233333337306976,0,0,0.375,0.5,0.0833333283662796,0.5,0.4,0.166666662693024,0.8,5,FALSE,FALSE,-0.233333337306976,-0.29166667163372,0.233333337306976,0,0,FALSE,FALSE,TRUE,FALSE,FALSE
17,96,"San Mateo","sm.t1openspace","17:9602","17:9602::sm.t1openspace","triple","9602",0.761904761195183,0.277777800957362,0.428571430700166,0.0555555671453476,0.616666673123836,0.31666667163372,0.7,10,FALSE,FALSE,0.300000001490116,0.333333330495017,-0.300000001490116,-0.222222233812014,0.222222233812014,0.761904761195183,0.277777800957362,0.428571430700166,0.0555555671453476,0.616666673123836,0.31666667163372,0.7,10,FALSE,FALSE,0.300000001490116,0.333333330495017,-0.300000001490116,-0.222222233812014,0.222222233812014,TRUE,TRUE,FALSE,FALSE,TRUE
17,96,"San Mateo","sm.t1openspace","17:9605","17:9605::sm.t1openspace","triple","9605",0.433333325386047,0,0.200000002980232,0,0.309523803847177,0.125000001862645,0.625,8,FALSE,FALSE,0.184523801984532,0.233333322405815,-0.184523801984532,0,0,0.433333325386047,0,0.200000002980232,0,0.309523803847177,0.14285714498588,0.714285714285714,7,FALSE,FALSE,0.166666658861297,0.233333322405815,-0.166666658861297,0,0,TRUE,TRUE,FALSE,FALSE,FALSE
17,96,"San Mateo","sm.t1openspace","17:9606","17:9606::sm.t1openspace","triple","9606",0,0.666666656732559,0.0952381023338863,0.333333350718021,0.148148145940569,0.148148157530361,0.777777777777778,9,FALSE,FALSE,1.15897920427432e-08,0.0952381023338863,-1.15897920427432e-08,0.333333306014538,-0.333333306014538,0,0.666666656732559,0.0952381023338863,0.333333350718021,0.148148145940569,0.148148157530361,0.777777777777778,9,FALSE,FALSE,1.15897920427432e-08,0.0952381023338863,-1.15897920427432e-08,0.333333306014538,-0.333333306014538,TRUE,TRUE,FALSE,TRUE,FALSE
17,96,"San Mateo","sm.t1openspace","17:9607","17:9607::sm.t1openspace","triple","9607",0.119047616209303,0.166666701436043,0.333333330495017,0,0.125000001862645,0.29166666418314,0.888888888888889,9,FALSE,FALSE,0.166666662320495,0.214285714285714,-0.166666662320495,0.166666701436043,-0.166666701436043,0.13888888557752,0.166666701436043,0.305555552244186,0,0.14285714498588,0.261904759066446,0.857142857142857,7,FALSE,FALSE,0.119047614080565,0.166666666666667,-0.119047614080565,0.166666701436043,-0.166666701436043,TRUE,TRUE,FALSE,TRUE,FALSE
17,96,"San Mateo","sm.t1openspace","17:9610","17:9610::sm.t1openspace","triple","9610",0.300000005960464,0.5,0.300000002980232,0.416666693985462,0.357142861400332,0.333333343267441,0.714285714285714,7,FALSE,FALSE,-0.023809518132891,-2.98023228317845e-09,0.023809518132891,0.0833333060145378,-0.0833333060145378,0.300000005960464,0.5,0.300000002980232,0.416666693985462,0.357142861400332,0.333333343267441,0.714285714285714,7,FALSE,FALSE,-0.023809518132891,-2.98023228317845e-09,0.023809518132891,0.0833333060145378,-0.0833333060145378,FALSE,FALSE,TRUE,TRUE,FALSE
17,96,"San Mateo","sm.t1openspace","17:9611","17:9611::sm.t1openspace","triple","9611",0.125000001862645,0,0.259259258707364,0,0.111111112766796,0.233333332836628,0.9,10,FALSE,FALSE,-0.122222220069832,-0.134259256844719,0.122222220069832,0,0,0.125000001862645,0,0.229166666045785,0,0.111111112766796,0.203703703151809,0.888888888888889,9,FALSE,FALSE,-0.0925925903850132,-0.10416666418314,0.0925925903850132,0,0,FALSE,FALSE,TRUE,FALSE,FALSE
17,96,"San Mateo","sm.t1openspace","17:9613","17:9613::sm.t1openspace","triple","9613",0.479166673496366,0,0.3125,0,0.383333338797092,0.25,0.8,10,FALSE,FALSE,0.133333338797092,0.166666673496366,-0.133333338797092,0,0,0.479166673496366,0,0.3125,0,0.383333338797092,0.25,0.8,10,FALSE,FALSE,0.133333338797092,0.166666673496366,-0.133333338797092,0,0,TRUE,TRUE,FALSE,FALSE,FALSE
17,96,"San Mateo","sm.t1openspace","17:9614","17:9614::sm.t1openspace","triple","9614",0.166666675359011,0.0833333507180214,0.166666701436043,0,0.138888900478681,0.111111134290695,0.666666666666667,6,FALSE,FALSE,0.0277777661879857,-2.60770320892334e-08,-0.0277777661879857,-0.0833333507180214,0.0833333507180214,0.166666675359011,0.0833333507180214,0.166666701436043,0,0.138888900478681,0.111111134290695,0.666666666666667,6,FALSE,FALSE,0.0277777661879857,-2.60770320892334e-08,-0.0277777661879857,-0.0833333507180214,0.0833333507180214,TRUE,FALSE,FALSE,FALSE,TRUE
17,96,"San Mateo","sm.t1openspace","17:9615","17:9615::sm.t1openspace","triple","9615",0.133333340287209,0.5,0.133333340287209,0.5,0.19444445023934,0.19444445023934,0.833333333333333,6,FALSE,TRUE,0,0,0,0,0,0.133333340287209,0.5,0.133333340287209,0.5,0.19444445023934,0.19444445023934,0.833333333333333,6,FALSE,TRUE,0,0,0,0,0,FALSE,FALSE,FALSE,FALSE,FALSE
17,96,"San Mateo","sm.t1openspace","17:9616","17:9616::sm.t1openspace","triple","9616",0.433333325386047,0.166666701436043,0.300000002980232,0.166666701436043,0.388888888061047,0.277777786056201,0.833333333333333,6,FALSE,FALSE,0.111111102004846,0.133333322405815,-0.111111102004846,0,0,0.433333325386047,0.166666701436043,0.300000002980232,0.166666701436043,0.388888888061047,0.277777786056201,0.833333333333333,6,FALSE,FALSE,0.111111102004846,0.133333322405815,-0.111111102004846,0,0,TRUE,TRUE,FALSE,FALSE,FALSE
17,96,"San Mateo","sm.t1openspace","17:9617","17:9617::sm.t1openspace","triple","9617",0.444444467624029,0.166666701436043,0.222222208976746,0.166666701436043,0.375000026077032,0.20833333209157,0.75,4,FALSE,FALSE,0.166666693985462,0.222222258647283,-0.166666693985462,0,0,0.444444467624029,0.166666701436043,0.222222208976746,0.166666701436043,0.375000026077032,0.20833333209157,0.75,4,FALSE,FALSE,0.166666693985462,0.222222258647283,-0.166666693985462,0,0,TRUE,TRUE,FALSE,FALSE,FALSE
17,96,"San Mateo","sm.t1openspace","17:9619","17:9619::sm.t1openspace","triple","9619",0.533333340287209,0.5,0.250000004967054,0.166666701436043,0.527777783572674,0.238095247319766,0.857142857142857,7,FALSE,FALSE,0.289682536252907,0.283333335320155,-0.289682536252907,-0.333333298563957,0.333333298563957,0.533333340287209,0.5,0.266666665673256,0.166666701436043,0.527777783572674,0.250000004967054,0.833333333333333,6,FALSE,FALSE,0.27777777860562,0.266666674613953,-0.27777777860562,-0.333333298563957,0.333333298563957,TRUE,TRUE,FALSE,FALSE,TRUE
17,96,"San Mateo","sm.t1openspace","17:9620","17:9620::sm.t1openspace","triple","9620",0.296296310093668,0,0.37037037147416,0,0.266666679084301,0.333333334326744,0.9,10,FALSE,FALSE,-0.0666666552424431,-0.0740740613804923,0.0666666552424431,0,0,0.296296310093668,0,0.37037037147416,0,0.266666679084301,0.333333334326744,0.9,10,FALSE,FALSE,-0.0666666552424431,-0.0740740613804923,0.0666666552424431,0,0,FALSE,FALSE,TRUE,FALSE,FALSE
17,96,"San Mateo","sm.t1openspace","17:9622","17:9622::sm.t1openspace","triple","9622",0.416666666666667,0,0.5,0.333333313465118,0.357142857142857,0.47619047335216,0.857142857142857,7,FALSE,FALSE,-0.119047616209303,-0.0833333333333334,0.119047616209303,0.333333313465118,-0.333333313465118,0.416666666666667,0,0.5,0.333333313465118,0.357142857142857,0.47619047335216,0.857142857142857,7,FALSE,FALSE,-0.119047616209303,-0.0833333333333334,0.119047616209303,0.333333313465118,-0.333333313465118,FALSE,FALSE,TRUE,TRUE,FALSE
17,96,"San Mateo","sm.t1openspace","17:9624","17:9624::sm.t1openspace","triple","9624",0.3,0.5,0.0666666805744171,0.166666701436043,0.333333333333333,0.0833333507180214,0.833333333333333,6,FALSE,FALSE,-0.249999982615312,-0.233333319425583,0.249999982615312,0.333333298563957,-0.333333298563957,0.3,0.5,0.0666666805744171,0.166666701436043,0.333333333333333,0.0833333507180214,0.833333333333333,6,FALSE,FALSE,-0.249999982615312,-0.233333319425583,0.249999982615312,0.333333298563957,-0.333333298563957,FALSE,FALSE,TRUE,TRUE,FALSE
17,96,"San Mateo","sm.t1openspace","17:9625","17:9625::sm.t1openspace","triple","9625",0.277777781089147,0.166666701436043,0.38888888557752,0.166666701436043,0.261904769710132,0.357142859271594,0.857142857142857,7,FALSE,FALSE,-0.0952380895614624,-0.111111104488373,0.0952380895614624,0,0,0.277777781089147,0.166666701436043,0.38888888557752,0.166666701436043,0.261904769710132,0.357142859271594,0.857142857142857,7,FALSE,FALSE,-0.0952380895614624,-0.111111104488373,0.0952380895614624,0,0,FALSE,FALSE,TRUE,FALSE,FALSE
17,96,"San Mateo","sm.t1countyl","17:9601","17:9601::sm.t1countyl","triple","9601",0.5,0.666666686534882,0.291666675359011,0.666666686534882,0.54166667163372,0.366666677594185,0.8,5,FALSE,FALSE,-0.174999994039536,-0.208333324640989,0.174999994039536,0,0,0.5,0.666666686534882,0.333333333333333,0.666666686534882,0.54166667163372,0.41666667163372,0.75,4,FALSE,FALSE,-0.125,-0.166666666666667,0.125,0,0,FALSE,FALSE,TRUE,FALSE,FALSE
17,96,"San Mateo","sm.t1countyl","17:9602","17:9602::sm.t1countyl","triple","9602",0.555555552244186,0.388888900478681,0.45238094670432,1,0.500000001655685,0.616666662693024,0.7,10,FALSE,FALSE,-0.116666661037339,0.103174605539867,0.116666661037339,0.611111099521319,-0.611111099521319,0.555555552244186,0.388888900478681,0.472222218910853,1,0.500000001655685,0.648148145940569,0.666666666666667,9,FALSE,FALSE,-0.148148144284884,0.0833333333333334,0.148148144284884,0.611111099521319,-0.611111099521319,FALSE,TRUE,TRUE,TRUE,FALSE
17,96,"San Mateo","sm.t1countyl","17:9605","17:9605::sm.t1countyl","triple","9605",0.70833332836628,0.666666666666667,0.466666662693024,0.611111104488373,0.690476187637874,0.52083332836628,0.625,8,FALSE,FALSE,0.169642859271595,0.241666665673256,-0.169642859271595,-0.0555555621782938,0.0555555621782938,0.70833332836628,0.666666666666667,0.375,0.611111104488373,0.690476187637874,0.47619047335216,0.571428571428571,7,FALSE,FALSE,0.214285714285714,0.33333332836628,-0.214285714285714,-0.0555555621782938,0.0555555621782938,TRUE,TRUE,FALSE,FALSE,TRUE
17,96,"San Mateo","sm.t1countyl","17:9606","17:9606::sm.t1countyl","triple","9606",0.555555552244186,0.916666656732559,0.595238112977573,0.5,0.64583332836628,0.574074087871446,0.777777777777778,9,FALSE,FALSE,-0.0717592404948341,0.0396825607333865,0.0717592404948341,0.416666656732559,-0.416666656732559,0.555555552244186,0.916666656732559,0.527777798473835,0.5,0.64583332836628,0.520833348855376,0.75,8,FALSE,FALSE,-0.124999979510903,-0.0277777537703514,0.124999979510903,0.416666656732559,-0.416666656732559,FALSE,TRUE,TRUE,TRUE,FALSE
17,96,"San Mateo","sm.t1countyl","17:9607","17:9607::sm.t1countyl","triple","9607",0.64583332836628,0.333333313465118,0.604166666045785,0.166666701436043,0.611111104488373,0.555555558866925,0.888888888888889,9,FALSE,FALSE,0.055555545621448,0.0416666623204947,-0.055555545621448,-0.166666612029076,0.166666612029076,0.64583332836628,0.333333313465118,0.604166666045785,0.166666701436043,0.611111104488373,0.555555558866925,0.888888888888889,9,FALSE,FALSE,0.055555545621448,0.0416666623204947,-0.055555545621448,-0.166666612029076,0.166666612029076,TRUE,TRUE,FALSE,FALSE,TRUE
17,96,"San Mateo","sm.t1countyl","17:9610","17:9610::sm.t1countyl","triple","9610",0.666666662693024,0.583333313465118,0.233333343267441,0.666666656732559,0.642857134342194,0.357142861400332,0.714285714285714,7,FALSE,FALSE,0.285714272941862,0.433333319425583,-0.285714272941862,0.0833333432674408,-0.0833333432674408,0.666666662693024,0.583333313465118,0.233333343267441,0.666666656732559,0.642857134342194,0.357142861400332,0.714285714285714,7,FALSE,FALSE,0.285714272941862,0.433333319425583,-0.285714272941862,0.0833333432674408,-0.0833333432674408,TRUE,TRUE,FALSE,TRUE,FALSE
17,96,"San Mateo","sm.t1countyl","17:9611","17:9611::sm.t1countyl","triple","9611",0.58333332836628,1,0.499999993377262,0.5,0.629629625214471,0.499999994039536,0.9,10,FALSE,FALSE,-0.129629631174935,-0.0833333349890178,0.129629631174935,0.5,-0.5,0.58333332836628,1,0.437499992549419,0.5,0.629629625214471,0.444444437821706,0.888888888888889,9,FALSE,FALSE,-0.185185187392765,-0.14583333581686,0.185185187392765,0.5,-0.5,FALSE,FALSE,TRUE,TRUE,FALSE
17,96,"San Mateo","sm.t1countyl","17:9613","17:9613::sm.t1countyl","triple","9613",0.428571439215115,0.416666693985462,0.66666667163372,0.75,0.425925940275192,0.683333337306976,0.8,10,FALSE,FALSE,-0.257407397031784,-0.238095232418605,0.257407397031784,0.333333306014538,-0.333333306014538,0.428571439215115,0.416666693985462,0.666666669504983,0.75,0.425925940275192,0.685185187392765,0.777777777777778,9,FALSE,FALSE,-0.259259247117572,-0.238095230289868,0.259259247117572,0.333333306014538,-0.333333306014538,FALSE,FALSE,TRUE,TRUE,FALSE
17,96,"San Mateo","sm.t1countyl","17:9614","17:9614::sm.t1countyl","triple","9614",0.541666656732559,0.583333343267441,0.62500000372529,0.166666701436043,0.555555552244186,0.472222236295541,0.666666666666667,6,FALSE,FALSE,-0.0833333159486452,0.0833333469927311,0.0833333159486452,0.416666641831398,-0.416666641831398,0.541666656732559,0.583333343267441,0.62500000372529,0.166666701436043,0.555555552244186,0.472222236295541,0.666666666666667,6,FALSE,FALSE,-0.0833333159486452,0.0833333469927311,0.0833333159486452,0.416666641831398,-0.416666641831398,FALSE,TRUE,TRUE,TRUE,FALSE
17,96,"San Mateo","sm.t1countyl","17:9615","17:9615::sm.t1countyl","triple","9615",0.5,0.5,0.266666683554649,0.833333313465118,0.5,0.361111121873061,0.833333333333333,6,TRUE,FALSE,NA,NA,NA,NA,NA,0.5,0.5,0.266666683554649,0.833333313465118,0.5,0.361111121873061,0.833333333333333,6,TRUE,FALSE,NA,NA,NA,NA,NA,NA,NA,NA,NA,NA
17,96,"San Mateo","sm.t1countyl","17:9616","17:9616::sm.t1countyl","triple","9616",0.466666662693024,1,0.166666662693024,0.833333313465118,0.555555552244186,0.277777771155039,0.833333333333333,6,FALSE,FALSE,-0.277777781089147,-0.3,0.277777781089147,0.166666686534882,-0.166666686534882,0.466666662693024,1,0.166666662693024,0.833333313465118,0.555555552244186,0.277777771155039,0.833333333333333,6,FALSE,FALSE,-0.277777781089147,-0.3,0.277777781089147,0.166666686534882,-0.166666686534882,FALSE,FALSE,TRUE,TRUE,FALSE
17,96,"San Mateo","sm.t1countyl","17:9617","17:9617::sm.t1countyl","triple","9617",0.722222233812014,0.833333313465118,0.722222208976746,0.333333313465118,0.75000000372529,0.624999985098839,0.75,4,FALSE,FALSE,-0.125000018626451,-2.48352686194053e-08,0.125000018626451,0.5,-0.5,0.722222233812014,0.833333313465118,0.722222208976746,0.333333313465118,0.75000000372529,0.624999985098839,0.75,4,FALSE,FALSE,-0.125000018626451,-2.48352686194053e-08,0.125000018626451,0.5,-0.5,FALSE,FALSE,TRUE,TRUE,FALSE
17,96,"San Mateo","sm.t1countyl","17:9619","17:9619::sm.t1countyl","triple","9619",0.250000002483527,1,0.333333333333333,0,0.357142859271594,0.285714285714286,0.857142857142857,7,FALSE,FALSE,-0.0714285735573087,0.0833333308498064,0.0714285735573087,1,-1,0.250000002483527,1,0.333333333333333,0,0.357142859271594,0.285714285714286,0.857142857142857,7,FALSE,FALSE,-0.0714285735573087,0.0833333308498064,0.0714285735573087,1,-1,FALSE,TRUE,TRUE,TRUE,FALSE
17,96,"San Mateo","sm.t1countyl","17:9620","17:9620::sm.t1countyl","triple","9620",0.518518522381783,1,0.777777779433462,1,0.566666670143604,0.800000001490116,0.9,10,FALSE,FALSE,0.233333331346512,0.25925925705168,-0.233333331346512,0,0,0.518518522381783,1,0.777777779433462,1,0.566666670143604,0.800000001490116,0.9,10,FALSE,FALSE,0.233333331346512,0.25925925705168,-0.233333331346512,0,0,TRUE,TRUE,FALSE,FALSE,FALSE
17,96,"San Mateo","sm.t1countyl","17:9622","17:9622::sm.t1countyl","triple","9622",0.63888888557752,1,0.416666669150194,1,0.690476187637874,0.500000002128737,0.857142857142857,7,FALSE,FALSE,-0.190476185509137,-0.222222216427326,0.190476185509137,0,0,0.63888888557752,1,0.416666669150194,1,0.690476187637874,0.500000002128737,0.857142857142857,7,FALSE,FALSE,-0.190476185509137,-0.222222216427326,0.190476185509137,0,0,FALSE,FALSE,TRUE,FALSE,FALSE
17,96,"San Mateo","sm.t1countyl","17:9624","17:9624::sm.t1countyl","triple","9624",0.45833332836628,0.5,0.8,0.5,0.466666662693024,0.75,0.833333333333333,6,FALSE,FALSE,0.283333337306976,0.34166667163372,-0.283333337306976,0,0,0.45833332836628,0.5,0.75,0.5,0.466666662693024,0.7,0.8,5,FALSE,FALSE,0.233333337306976,0.29166667163372,-0.233333337306976,0,0,TRUE,TRUE,FALSE,FALSE,FALSE
17,96,"San Mateo","sm.t1countyl","17:9625","17:9625::sm.t1countyl","triple","9625",0.249999990065893,0.666666686534882,0.611111104488373,0.333333313465118,0.309523803847177,0.571428562913622,0.857142857142857,7,FALSE,FALSE,0.261904759066446,0.36111111442248,-0.261904759066446,0.333333373069763,-0.333333373069763,0.249999990065893,0.666666686534882,0.611111104488373,0.333333313465118,0.309523803847177,0.571428562913622,0.857142857142857,7,FALSE,FALSE,0.261904759066446,0.36111111442248,-0.261904759066446,0.333333373069763,-0.333333373069763,TRUE,TRUE,FALSE,TRUE,FALSE
2,22,"UK Health","ukhealth.t1payhlt","2:2201","2:2201::ukhealth.t1payhlt","triple","2201",0.2,0,0.05,0,0.181818181818182,0.0454545454545454,0.916666666666667,12,FALSE,FALSE,0.136363636363636,0.15,-0.136363636363636,0,0,0.222222222222222,0,0.0555555555555555,0,0.2,0.05,0.9,10,FALSE,FALSE,0.15,0.166666666666667,-0.15,0,0,TRUE,TRUE,FALSE,FALSE,FALSE
2,22,"UK Health","ukhealth.t1payhlt","2:2204","2:2204::ukhealth.t1payhlt","triple","2204",0.272727272727273,0.5,0.230769230769231,0,0.291666666666667,0.214285714285714,0.928571428571429,14,FALSE,FALSE,-0.0773809523809524,-0.041958041958042,0.0773809523809524,0.5,-0.5,0.272727272727273,0.5,0.227272727272727,0,0.291666666666667,0.208333333333333,0.916666666666667,12,FALSE,FALSE,-0.0833333333333334,-0.0454545454545454,0.0833333333333334,0.5,-0.5,FALSE,FALSE,TRUE,TRUE,FALSE
2,22,"UK Health","ukhealth.t1payhlt","2:2208","2:2208::ukhealth.t1payhlt","triple","2208",0.05,0.333333333333333,0.0416666666666667,0,0.115384615384615,0.0333333333333333,0.8,15,FALSE,FALSE,-0.082051282051282,-0.00833333333333334,0.082051282051282,0.333333333333333,-0.333333333333333,0.05,0.333333333333333,0.05,0,0.115384615384615,0.0384615384615385,0.769230769230769,13,FALSE,FALSE,-0.0769230769230769,0,0.0769230769230769,0.333333333333333,-0.333333333333333,FALSE,FALSE,TRUE,TRUE,FALSE
2,22,"UK Health","ukhealth.t1payhlt","2:2209","2:2209::ukhealth.t1payhlt","triple","2209",0.227272727272727,0,0.0833333333333333,0,0.192307692307692,0.0714285714285714,0.857142857142857,14,FALSE,FALSE,0.120879120879121,0.143939393939394,-0.120879120879121,0,0,0.227272727272727,0,0.0909090909090909,0,0.192307692307692,0.0769230769230769,0.846153846153846,13,FALSE,FALSE,0.115384615384615,0.136363636363636,-0.115384615384615,0,0,TRUE,TRUE,FALSE,FALSE,FALSE
2,22,"UK Health","ukhealth.t1payhlt","2:2210","2:2210::ukhealth.t1payhlt","triple","2210",0.125,0,0.15,0,0.111111111111111,0.136363636363636,0.916666666666667,12,FALSE,FALSE,-0.0252525252525252,-0.025,0.0252525252525252,0,0,0.125,0,0.125,0,0.111111111111111,0.111111111111111,0.888888888888889,9,FALSE,TRUE,0,0,0,0,0,FALSE,FALSE,TRUE,FALSE,FALSE
2,22,"UK Health","ukhealth.t1payhlt","2:2211","2:2211::ukhealth.t1payhlt","triple","2211",0.125,0,0.0833333333333333,0,0.107142857142857,0.0714285714285714,0.857142857142857,14,FALSE,FALSE,0.0357142857142857,0.0416666666666667,-0.0357142857142857,0,0,0.125,0,0.0833333333333333,0,0.107142857142857,0.0714285714285714,0.857142857142857,14,FALSE,FALSE,0.0357142857142857,0.0416666666666667,-0.0357142857142857,0,0,TRUE,TRUE,FALSE,FALSE,FALSE
2,22,"UK Health","ukhealth.t1payhlt","2:2212","2:2212::ukhealth.t1payhlt","triple","2212",0.318181818181818,0,0.2,0,0.291666666666667,0.1875,0.941176470588235,17,FALSE,FALSE,0.104166666666667,0.118181818181818,-0.104166666666667,0,0,0.318181818181818,0,0.227272727272727,0,0.291666666666667,0.208333333333333,0.916666666666667,12,FALSE,FALSE,0.0833333333333333,0.0909090909090909,-0.0833333333333333,0,0,TRUE,TRUE,FALSE,FALSE,FALSE
2,22,"UK Health","ukhealth.t1payhlt","2:2214","2:2214::ukhealth.t1payhlt","triple","2214",0.166666666666667,0.5,0.0666666666666667,0,0.1875,0.0625,0.9375,16,FALSE,FALSE,-0.125,-0.1,0.125,0.5,-0.5,0.166666666666667,0.5,0.0666666666666667,0,0.1875,0.0625,0.9375,16,FALSE,FALSE,-0.125,-0.1,0.125,0.5,-0.5,FALSE,FALSE,TRUE,TRUE,FALSE
2,22,"UK Health","ukhealth.t1poora","2:2201","2:2201::ukhealth.t1poora","triple","2201",0.75,0.75,0.681818181818182,0.75,0.75,0.6875,0.916666666666667,12,TRUE,FALSE,NA,NA,NA,NA,NA,0.75,0.75,0.681818181818182,0.75,0.75,0.6875,0.916666666666667,12,TRUE,FALSE,NA,NA,NA,NA,NA,NA,NA,NA,NA,NA
2,22,"UK Health","ukhealth.t1poora","2:2204","2:2204::ukhealth.t1poora","triple","2204",0.730769230769231,NA,0.730769230769231,NA,0.730769230769231,0.730769230769231,0.928571428571429,14,NA,TRUE,NA,NA,NA,NA,NA,NA,NA,NA,NA,NA,NA,NA,NA,NA,NA,NA,NA,NA,NA,NA,NA,NA,NA,NA,NA
2,22,"UK Health","ukhealth.t1poora","2:2208","2:2208::ukhealth.t1poora","triple","2208",0.5625,0.25,0.4375,0.166666666666667,0.5,0.383333333333333,0.8,15,FALSE,FALSE,0.116666666666667,0.125,-0.116666666666667,-0.0833333333333333,0.0833333333333333,0.5625,0.25,0.4375,0.166666666666667,0.5,0.383333333333333,0.8,15,FALSE,FALSE,0.116666666666667,0.125,-0.116666666666667,-0.0833333333333333,0.0833333333333333,TRUE,TRUE,FALSE,FALSE,TRUE
2,22,"UK Health","ukhealth.t1poora","2:2209","2:2209::ukhealth.t1poora","triple","2209",0.5625,0.875,0.458333333333333,0.125,0.607142857142857,0.410714285714286,0.857142857142857,14,FALSE,FALSE,-0.196428571428571,-0.104166666666667,0.196428571428571,0.75,-0.75,0.5625,0.875,0.458333333333333,0.125,0.607142857142857,0.410714285714286,0.857142857142857,14,FALSE,FALSE,-0.196428571428571,-0.104166666666667,0.196428571428571,0.75,-0.75,FALSE,FALSE,TRUE,TRUE,FALSE
2,22,"UK Health","ukhealth.t1poora","2:2210","2:2210::ukhealth.t1poora","triple","2210",0.431818181818182,0.25,0.590909090909091,0.25,0.416666666666667,0.5625,0.916666666666667,12,FALSE,FALSE,-0.145833333333333,-0.159090909090909,0.145833333333333,0,0,0.431818181818182,0.25,0.590909090909091,0.25,0.416666666666667,0.5625,0.916666666666667,12,FALSE,FALSE,-0.145833333333333,-0.159090909090909,0.145833333333333,0,0,FALSE,FALSE,TRUE,FALSE,FALSE
2,22,"UK Health","ukhealth.t1poora","2:2211","2:2211::ukhealth.t1poora","triple","2211",0.5625,0.625,0.583333333333333,0.375,0.571428571428571,0.553571428571429,0.857142857142857,14,FALSE,FALSE,-0.0178571428571428,0.0208333333333334,0.0178571428571428,0.25,-0.25,0.5625,0.625,0.583333333333333,0.375,0.571428571428571,0.553571428571429,0.857142857142857,14,FALSE,FALSE,-0.0178571428571428,0.0208333333333334,0.0178571428571428,0.25,-0.25,FALSE,TRUE,TRUE,TRUE,FALSE
2,22,"UK Health","ukhealth.t1poora","2:2212","2:2212::ukhealth.t1poora","triple","2212",0.703125,1,0.65625,NA,0.720588235294118,0.65625,0.941176470588235,17,FALSE,FALSE,-0.0643382352941176,-0.046875,0.0643382352941176,NA,NA,NA,NA,NA,NA,NA,NA,NA,NA,NA,NA,NA,NA,NA,NA,NA,FALSE,FALSE,TRUE,NA,NA
2,22,"UK Health","ukhealth.t1poora","2:2214","2:2214::ukhealth.t1poora","triple","2214",0.683333333333333,0.75,0.566666666666667,0,0.6875,0.53125,0.9375,16,FALSE,FALSE,-0.15625,-0.116666666666667,0.15625,0.75,-0.75,0.683333333333333,0.75,0.566666666666667,0,0.6875,0.53125,0.9375,16,FALSE,FALSE,-0.15625,-0.116666666666667,0.15625,0.75,-0.75,FALSE,FALSE,TRUE,TRUE,FALSE
2,22,"UK Health","ukhealth.t1option","2:2201","2:2201::ukhealth.t1option","triple","2201",0.95,1,1,0.5,0.954545454545455,0.958333333333333,0.916666666666667,12,FALSE,FALSE,0.00378787878787878,0.05,-0.00378787878787878,0.5,-0.5,0.95,1,1,0.5,0.954545454545455,0.954545454545455,0.909090909090909,11,FALSE,TRUE,0,0.05,0,0.5,-0.5,TRUE,TRUE,FALSE,TRUE,FALSE
2,22,"UK Health","ukhealth.t1option","2:2204","2:2204::ukhealth.t1option","triple","2204",0.846153846153846,1,0.769230769230769,1,0.857142857142857,0.785714285714286,0.928571428571429,14,FALSE,FALSE,-0.0714285714285714,-0.0769230769230769,0.0714285714285714,0,0,0.846153846153846,1,0.769230769230769,1,0.857142857142857,0.785714285714286,0.928571428571429,14,FALSE,FALSE,-0.0714285714285714,-0.0769230769230769,0.0714285714285714,0,0,FALSE,FALSE,TRUE,FALSE,FALSE
2,22,"UK Health","ukhealth.t1option","2:2208","2:2208::ukhealth.t1option","triple","2208",0.916666666666667,0.666666666666667,0.958333333333333,0.833333333333333,0.866666666666667,0.933333333333333,0.8,15,FALSE,FALSE,-0.0666666666666667,-0.0416666666666667,0.0666666666666667,0.166666666666667,-0.166666666666667,0.916666666666667,0.666666666666667,0.958333333333333,0.833333333333333,0.866666666666667,0.933333333333333,0.8,15,FALSE,FALSE,-0.0666666666666667,-0.0416666666666667,0.0666666666666667,0.166666666666667,-0.166666666666667,FALSE,FALSE,TRUE,TRUE,FALSE
2,22,"UK Health","ukhealth.t1option","2:2209","2:2209::ukhealth.t1option","triple","2209",0.863636363636364,0.75,0.791666666666667,1,0.846153846153846,0.821428571428571,0.857142857142857,14,FALSE,FALSE,0.0247252747252747,0.071969696969697,-0.0247252747252747,0.25,-0.25,0.863636363636364,0.75,0.772727272727273,1,0.846153846153846,0.807692307692308,0.846153846153846,13,FALSE,FALSE,0.0384615384615384,0.0909090909090909,-0.0384615384615384,0.25,-0.25,TRUE,TRUE,FALSE,TRUE,FALSE
2,22,"UK Health","ukhealth.t1option","2:2210","2:2210::ukhealth.t1option","triple","2210",0.85,1,1,1,0.863636363636364,1,0.916666666666667,12,FALSE,FALSE,0.136363636363636,0.15,-0.136363636363636,0,0,0.85,1,1,1,0.863636363636364,1,0.909090909090909,11,FALSE,FALSE,0.136363636363636,0.15,-0.136363636363636,0,0,TRUE,TRUE,FALSE,FALSE,FALSE
2,22,"UK Health","ukhealth.t1option","2:2211","2:2211::ukhealth.t1option","triple","2211",0.958333333333333,1,0.958333333333333,1,0.964285714285714,0.964285714285714,0.857142857142857,14,FALSE,TRUE,0,0,0,0,0,0.958333333333333,1,0.958333333333333,1,0.964285714285714,0.964285714285714,0.857142857142857,14,FALSE,TRUE,0,0,0,0,0,FALSE,FALSE,FALSE,FALSE,FALSE
2,22,"UK Health","ukhealth.t1option","2:2212","2:2212::ukhealth.t1option","triple","2212",0.866666666666667,1,0.96875,1,0.875,0.970588235294118,0.941176470588235,17,FALSE,FALSE,0.0955882352941176,0.102083333333333,-0.0955882352941176,0,0,0.866666666666667,1,0.966666666666667,1,0.875,0.96875,0.9375,16,FALSE,FALSE,0.09375,0.1,-0.09375,0,0,TRUE,TRUE,FALSE,FALSE,FALSE
2,22,"UK Health","ukhealth.t1option","2:2214","2:2214::ukhealth.t1option","triple","2214",0.928571428571429,1,0.933333333333333,1,0.933333333333333,0.9375,0.9375,16,FALSE,FALSE,0.00416666666666665,0.00476190476190474,-0.00416666666666665,0,0,0.928571428571429,1,0.928571428571429,1,0.933333333333333,0.933333333333333,0.933333333333333,15,FALSE,TRUE,0,0,0,0,0,TRUE,TRUE,FALSE,FALSE,FALSE
2,22,"UK Health","ukhealth.t1hlthfu","2:2201","2:2201::ukhealth.t1hlthfu","triple","2201",0.345,0.25,0.398484848484848,0.2,0.336363636363636,0.381944444444444,0.916666666666667,12,FALSE,FALSE,-0.0455808080808081,-0.0534848484848485,0.0455808080808081,-0.05,0.05,0.345,0.25,0.438333333333333,0.2,0.336363636363636,0.416666666666667,0.909090909090909,11,FALSE,FALSE,-0.0803030303030303,-0.0933333333333333,0.0803030303030303,-0.05,0.05,FALSE,FALSE,TRUE,FALSE,TRUE
2,22,"UK Health","ukhealth.t1hlthfu","2:2204","2:2204::ukhealth.t1hlthfu","triple","2204",0.434615384615385,0.5,0.502564102564103,0.1,0.439285714285714,0.473809523809524,0.928571428571429,14,FALSE,FALSE,0.0345238095238095,0.0679487179487179,-0.0345238095238095,0.4,-0.4,0.434615384615385,0.5,0.502564102564103,0.1,0.439285714285714,0.473809523809524,0.928571428571429,14,FALSE,FALSE,0.0345238095238095,0.0679487179487179,-0.0345238095238095,0.4,-0.4,TRUE,TRUE,FALSE,TRUE,FALSE
2,22,"UK Health","ukhealth.t1hlthfu","2:2208","2:2208::ukhealth.t1hlthfu","triple","2208",0.475,0.583333333333333,0.372916666666667,0.5,0.496666666666667,0.398333333333333,0.8,15,FALSE,FALSE,-0.0983333333333333,-0.102083333333333,0.0983333333333333,0.0833333333333333,-0.0833333333333333,0.475,0.583333333333333,0.372916666666667,0.5,0.496666666666667,0.398333333333333,0.8,15,FALSE,FALSE,-0.0983333333333333,-0.102083333333333,0.0983333333333333,0.0833333333333333,-0.0833333333333333,FALSE,FALSE,TRUE,TRUE,FALSE
2,22,"UK Health","ukhealth.t1hlthfu","2:2209","2:2209::ukhealth.t1hlthfu","triple","2209",0.45,0.325,0.283333333333333,0.125,0.432142857142857,0.260714285714286,0.857142857142857,14,FALSE,FALSE,0.171428571428571,0.166666666666667,-0.171428571428571,-0.2,0.2,0.45,0.325,0.283333333333333,0.125,0.432142857142857,0.260714285714286,0.857142857142857,14,FALSE,FALSE,0.171428571428571,0.166666666666667,-0.171428571428571,-0.2,0.2,TRUE,TRUE,FALSE,FALSE,TRUE
2,22,"UK Health","ukhealth.t1hlthfu","2:2210","2:2210::ukhealth.t1hlthfu","triple","2210",0.181818181818182,0.9,0.295454545454545,0.5,0.241666666666667,0.3125,0.916666666666667,12,FALSE,FALSE,0.0708333333333333,0.113636363636364,-0.0708333333333333,0.4,-0.4,0.181818181818182,0.9,0.295454545454545,0.5,0.241666666666667,0.3125,0.916666666666667,12,FALSE,FALSE,0.0708333333333333,0.113636363636364,-0.0708333333333333,0.4,-0.4,TRUE,TRUE,FALSE,TRUE,FALSE
2,22,"UK Health","ukhealth.t1hlthfu","2:2211","2:2211::ukhealth.t1hlthfu","triple","2211",0.295454545454545,0.475,0.186458333333333,0.325,0.323076923076923,0.20625,0.857142857142857,14,FALSE,FALSE,-0.116826923076923,-0.108996212121212,0.116826923076923,0.15,-0.15,0.295454545454545,0.475,0.163636363636364,0.325,0.323076923076923,0.188461538461538,0.846153846153846,13,FALSE,FALSE,-0.134615384615385,-0.131818181818182,0.134615384615385,0.15,-0.15,FALSE,FALSE,TRUE,TRUE,FALSE
2,22,"UK Health","ukhealth.t1hlthfu","2:2212","2:2212::ukhealth.t1hlthfu","triple","2212",0.401041666666667,0.25,0.38828125,0,0.392156862745098,0.365441176470588,0.941176470588235,17,FALSE,FALSE,0.0267156862745098,0.0127604166666667,-0.0267156862745098,-0.25,0.25,0.401041666666667,0.25,0.38828125,0,0.392156862745098,0.365441176470588,0.941176470588235,17,FALSE,FALSE,0.0267156862745098,0.0127604166666667,-0.0267156862745098,-0.25,0.25,TRUE,TRUE,FALSE,FALSE,TRUE
2,22,"UK Health","ukhealth.t1hlthfu","2:2214","2:2214::ukhealth.t1hlthfu","triple","2214",0.354166666666667,0.3,0.386666666666667,0,0.35078125,0.3625,0.9375,16,FALSE,FALSE,-0.01171875,-0.0325,0.01171875,-0.3,0.3,0.354166666666667,0.3,0.386666666666667,0,0.35078125,0.3625,0.9375,16,FALSE,FALSE,-0.01171875,-0.0325,0.01171875,-0.3,0.3,FALSE,FALSE,TRUE,FALSE,TRUE
2,22,"UK Health","ukhealth.t1ctexpt","2:2201","2:2201::ukhealth.t1ctexpt","triple","2201",0.65530303030303,0.5625,0.5625,0.5,0.647569444444444,0.557291666666667,0.916666666666667,12,FALSE,FALSE,0.0902777777777778,0.0928030303030303,-0.0902777777777778,-0.0625,0.0625,0.65530303030303,0.5625,0.5625,0.5,0.647569444444444,0.557291666666667,0.916666666666667,12,FALSE,FALSE,0.0902777777777778,0.0928030303030303,-0.0902777777777778,-0.0625,0.0625,TRUE,TRUE,FALSE,FALSE,TRUE
2,22,"UK Health","ukhealth.t1ctexpt","2:2204","2:2204::ukhealth.t1ctexpt","triple","2204",0.657051282051282,0.9375,0.559294871794872,0.8125,0.677083333333333,0.577380952380952,0.928571428571429,14,FALSE,FALSE,-0.099702380952381,-0.0977564102564102,0.099702380952381,0.125,-0.125,0.657051282051282,0.9375,0.559294871794872,0.8125,0.677083333333333,0.577380952380952,0.928571428571429,14,FALSE,FALSE,-0.099702380952381,-0.0977564102564102,0.099702380952381,0.125,-0.125,FALSE,FALSE,TRUE,TRUE,FALSE
2,22,"UK Health","ukhealth.t1ctexpt","2:2208","2:2208::ukhealth.t1ctexpt","triple","2208",0.71875,0.458333333333333,0.651041666666667,0.541666666666667,0.666666666666667,0.629166666666667,0.8,15,FALSE,FALSE,0.0375,0.0677083333333334,-0.0375,0.0833333333333333,-0.0833333333333333,0.71875,0.458333333333333,0.651041666666667,0.541666666666667,0.666666666666667,0.629166666666667,0.8,15,FALSE,FALSE,0.0375,0.0677083333333334,-0.0375,0.0833333333333333,-0.0833333333333333,TRUE,TRUE,FALSE,TRUE,FALSE
2,22,"UK Health","ukhealth.t1ctexpt","2:2209","2:2209::ukhealth.t1ctexpt","triple","2209",0.678030303030303,0.6875,0.666666666666667,0.84375,0.67948717948718,0.691964285714286,0.857142857142857,14,FALSE,FALSE,0.0124771062271062,-0.0113636363636364,-0.0124771062271062,-0.15625,0.15625,0.678030303030303,0.6875,0.681818181818182,0.84375,0.67948717948718,0.706730769230769,0.846153846153846,13,FALSE,FALSE,0.0272435897435898,0.00378787878787878,-0.0272435897435898,-0.15625,0.15625,TRUE,FALSE,FALSE,FALSE,TRUE
2,22,"UK Health","ukhealth.t1ctexpt","2:2210","2:2210::ukhealth.t1ctexpt","triple","2210",0.806818181818182,0.6875,0.704545454545455,0.625,0.796875,0.697916666666667,0.916666666666667,12,FALSE,FALSE,0.0989583333333334,0.102272727272727,-0.0989583333333334,-0.0625,0.0625,0.806818181818182,0.6875,0.704545454545455,0.625,0.796875,0.697916666666667,0.916666666666667,12,FALSE,FALSE,0.0989583333333334,0.102272727272727,-0.0989583333333334,-0.0625,0.0625,TRUE,TRUE,FALSE,FALSE,TRUE
2,22,"UK Health","ukhealth.t1ctexpt","2:2211","2:2211::ukhealth.t1ctexpt","triple","2211",0.770833333333333,0.71875,0.677083333333333,0.59375,0.763392857142857,0.665178571428571,0.857142857142857,14,FALSE,FALSE,0.0982142857142857,0.09375,-0.0982142857142857,-0.125,0.125,0.770833333333333,0.71875,0.677083333333333,0.59375,0.763392857142857,0.665178571428571,0.857142857142857,14,FALSE,FALSE,0.0982142857142857,0.09375,-0.0982142857142857,-0.125,0.125,TRUE,TRUE,FALSE,FALSE,TRUE
2,22,"UK Health","ukhealth.t1ctexpt","2:2212","2:2212::ukhealth.t1ctexpt","triple","2212",0.6375,0.583333333333333,0.591666666666667,0.25,0.634114583333333,0.5703125,0.941176470588235,17,FALSE,FALSE,0.0638020833333334,0.0458333333333333,-0.0638020833333334,-0.333333333333333,0.333333333333333,0.642857142857143,0.583333333333333,0.598214285714286,0.25,0.638888888888889,0.575,0.933333333333333,15,FALSE,FALSE,0.0638888888888889,0.0446428571428572,-0.0638888888888889,-0.333333333333333,0.333333333333333,TRUE,TRUE,FALSE,FALSE,TRUE
2,22,"UK Health","ukhealth.t1ctexpt","2:2214","2:2214::ukhealth.t1ctexpt","triple","2214",0.654166666666667,0.9375,0.536111111111111,0.875,0.671875,0.557291666666667,0.9375,16,FALSE,FALSE,-0.114583333333333,-0.118055555555556,0.114583333333333,0.0625,-0.0625,0.654166666666667,0.9375,0.536111111111111,0.875,0.671875,0.557291666666667,0.9375,16,FALSE,FALSE,-0.114583333333333,-0.118055555555556,0.114583333333333,0.0625,-0.0625,FALSE,FALSE,TRUE,TRUE,FALSE
2,22,"UK Health","ukhealth.t1pritre","2:2201","2:2201::ukhealth.t1pritre","triple","2201",0.608333333333333,0.666666666666667,0.435606060606061,0.5,0.613636363636364,0.440972222222222,0.916666666666667,12,FALSE,FALSE,-0.172664141414141,-0.172727272727273,0.172664141414141,0.166666666666667,-0.166666666666667,0.608333333333333,0.666666666666667,0.4375,0.5,0.613636363636364,0.443181818181818,0.909090909090909,11,FALSE,FALSE,-0.170454545454545,-0.170833333333333,0.170454545454545,0.166666666666667,-0.166666666666667,FALSE,FALSE,TRUE,TRUE,FALSE
2,22,"UK Health","ukhealth.t1pritre","2:2204","2:2204::ukhealth.t1pritre","triple","2204",0.57051282051282,0.583333333333333,0.442307692307692,0.583333333333333,0.571428571428571,0.452380952380952,0.928571428571429,14,FALSE,FALSE,-0.119047619047619,-0.128205128205128,0.119047619047619,0,0,0.57051282051282,0.583333333333333,0.442307692307692,0.583333333333333,0.571428571428571,0.452380952380952,0.928571428571429,14,FALSE,FALSE,-0.119047619047619,-0.128205128205128,0.119047619047619,0,0,FALSE,FALSE,TRUE,FALSE,FALSE
2,22,"UK Health","ukhealth.t1pritre","2:2208","2:2208::ukhealth.t1pritre","triple","2208",0.520833333333333,0.472222222222222,0.5625,0.444444444444444,0.511111111111111,0.538888888888889,0.8,15,FALSE,FALSE,-0.0277777777777778,-0.0416666666666666,0.0277777777777778,-0.0277777777777778,0.0277777777777778,0.520833333333333,0.472222222222222,0.5625,0.444444444444444,0.511111111111111,0.538888888888889,0.8,15,FALSE,FALSE,-0.0277777777777778,-0.0416666666666666,0.0277777777777778,-0.0277777777777778,0.0277777777777778,FALSE,FALSE,TRUE,FALSE,TRUE
2,22,"UK Health","ukhealth.t1pritre","2:2209","2:2209::ukhealth.t1pritre","triple","2209",0.472222222222222,0.708333333333333,0.537878787878788,0.75,0.505952380952381,0.57051282051282,0.857142857142857,14,FALSE,FALSE,0.0645604395604396,0.0656565656565656,-0.0645604395604396,-0.0416666666666666,0.0416666666666666,0.477272727272727,0.708333333333333,0.537878787878788,0.75,0.512820512820513,0.57051282051282,0.846153846153846,13,FALSE,FALSE,0.0576923076923077,0.0606060606060606,-0.0576923076923077,-0.0416666666666666,0.0416666666666666,TRUE,TRUE,FALSE,FALSE,TRUE
2,22,"UK Health","ukhealth.t1pritre","2:2210","2:2210::ukhealth.t1pritre","triple","2210",0.606060606060606,0.25,0.503787878787879,0.333333333333333,0.576388888888889,0.489583333333333,0.916666666666667,12,FALSE,FALSE,0.0868055555555555,0.102272727272727,-0.0868055555555555,0.0833333333333333,-0.0833333333333333,0.606060606060606,0.25,0.503787878787879,0.333333333333333,0.576388888888889,0.489583333333333,0.916666666666667,12,FALSE,FALSE,0.0868055555555555,0.102272727272727,-0.0868055555555555,0.0833333333333333,-0.0833333333333333,TRUE,TRUE,FALSE,TRUE,FALSE
2,22,"UK Health","ukhealth.t1pritre","2:2211","2:2211::ukhealth.t1pritre","triple","2211",0.621212121212121,0.333333333333333,0.576388888888889,0.375,0.576923076923077,0.547619047619048,0.857142857142857,14,FALSE,FALSE,0.0293040293040292,0.0448232323232324,-0.0293040293040292,0.0416666666666666,-0.0416666666666666,0.621212121212121,0.333333333333333,0.583333333333333,0.375,0.576923076923077,0.551282051282051,0.846153846153846,13,FALSE,FALSE,0.0256410256410255,0.0378787878787878,-0.0256410256410255,0.0416666666666666,-0.0416666666666666,TRUE,TRUE,FALSE,TRUE,FALSE
2,22,"UK Health","ukhealth.t1pritre","2:2212","2:2212::ukhealth.t1pritre","triple","2212",0.522222222222222,0.333333333333333,0.40625,NA,0.510416666666667,0.40625,0.941176470588235,17,FALSE,FALSE,0.104166666666667,0.115972222222222,-0.104166666666667,NA,NA,NA,NA,NA,NA,NA,NA,NA,NA,NA,NA,NA,NA,NA,NA,NA,TRUE,TRUE,FALSE,NA,NA
2,22,"UK Health","ukhealth.t1pritre","2:2214","2:2214::ukhealth.t1pritre","triple","2214",0.472222222222222,0.666666666666667,0.392857142857143,0.916666666666667,0.484375,0.427777777777778,0.9375,16,FALSE,FALSE,-0.0565972222222222,-0.0793650793650794,0.0565972222222222,-0.25,0.25,0.446428571428571,0.666666666666667,0.392857142857143,0.916666666666667,0.461111111111111,0.427777777777778,0.933333333333333,15,FALSE,FALSE,-0.0333333333333333,-0.0535714285714285,0.0333333333333333,-0.25,0.25,FALSE,FALSE,TRUE,FALSE,TRUE
2,22,"UK Health","ukhealth.t1severi","2:2201","2:2201::ukhealth.t1severi","triple","2201",0.3125,0.25,0.465909090909091,0.25,0.306818181818182,0.447916666666667,0.916666666666667,12,FALSE,FALSE,-0.141098484848485,-0.153409090909091,0.141098484848485,0,0,0.3125,0.25,0.475,0.25,0.306818181818182,0.454545454545455,0.909090909090909,11,FALSE,FALSE,-0.147727272727273,-0.1625,0.147727272727273,0,0,FALSE,FALSE,TRUE,FALSE,FALSE
2,22,"UK Health","ukhealth.t1severi","2:2204","2:2204::ukhealth.t1severi","triple","2204",0.477272727272727,0.375,0.458333333333333,0.5,0.46875,0.4625,0.928571428571429,14,FALSE,FALSE,0.00624999999999998,0.018939393939394,-0.00624999999999998,0.125,-0.125,0.5,0.375,0.4375,0.5,0.486111111111111,0.444444444444444,0.888888888888889,9,FALSE,FALSE,0.0416666666666667,0.0625,-0.0416666666666667,0.125,-0.125,TRUE,TRUE,FALSE,TRUE,FALSE
2,22,"UK Health","ukhealth.t1severi","2:2208","2:2208::ukhealth.t1severi","triple","2208",0.5,0.375,0.40625,0.375,0.46875,0.4,0.8,15,FALSE,FALSE,0.06875,0.09375,-0.06875,0,0,0.5,0.375,0.388888888888889,0.375,0.46875,0.385416666666667,0.75,12,FALSE,FALSE,0.0833333333333334,0.111111111111111,-0.0833333333333334,0,0,TRUE,TRUE,FALSE,FALSE,FALSE
2,22,"UK Health","ukhealth.t1severi","2:2209","2:2209::ukhealth.t1severi","triple","2209",0.322916666666667,0.5625,0.238636363636364,0.1875,0.357142857142857,0.230769230769231,0.857142857142857,14,FALSE,FALSE,-0.126373626373626,-0.084280303030303,0.126373626373626,0.375,-0.375,0.352272727272727,0.5625,0.238636363636364,0.1875,0.384615384615385,0.230769230769231,0.846153846153846,13,FALSE,FALSE,-0.153846153846154,-0.113636363636364,0.153846153846154,0.375,-0.375,FALSE,FALSE,TRUE,TRUE,FALSE
2,22,"UK Health","ukhealth.t1severi","2:2210","2:2210::ukhealth.t1severi","triple","2210",0.421875,0.5,0.444444444444444,0.125,0.430555555555556,0.4125,0.916666666666667,12,FALSE,FALSE,-0.0180555555555556,0.0225694444444444,0.0180555555555556,0.375,-0.375,0.4375,0.5,0.416666666666667,0.125,0.446428571428571,0.375,0.857142857142857,7,FALSE,FALSE,-0.0714285714285715,-0.0208333333333333,0.0714285714285715,0.375,-0.375,FALSE,TRUE,TRUE,TRUE,FALSE
2,22,"UK Health","ukhealth.t1severi","2:2211","2:2211::ukhealth.t1severi","triple","2211",0.395833333333333,0.625,0.238636363636364,0,0.428571428571429,0.201923076923077,0.857142857142857,14,FALSE,FALSE,-0.226648351648352,-0.15719696969697,0.226648351648352,0.625,-0.625,0.375,0.625,0.238636363636364,0,0.413461538461538,0.201923076923077,0.846153846153846,13,FALSE,FALSE,-0.211538461538462,-0.136363636363636,0.211538461538462,0.625,-0.625,FALSE,FALSE,TRUE,TRUE,FALSE
2,22,"UK Health","ukhealth.t1severi","2:2212","2:2212::ukhealth.t1severi","triple","2212",0.390625,0.25,0.291666666666667,NA,0.382352941176471,0.291666666666667,0.941176470588235,17,FALSE,FALSE,0.0906862745098039,0.0989583333333333,-0.0906862745098039,NA,NA,NA,NA,NA,NA,NA,NA,NA,NA,NA,NA,NA,NA,NA,NA,NA,TRUE,TRUE,FALSE,NA,NA
2,22,"UK Health","ukhealth.t1severi","2:2214","2:2214::ukhealth.t1severi","triple","2214",0.365384615384615,0.125,0.391666666666667,0.125,0.348214285714286,0.375,0.9375,16,FALSE,FALSE,-0.0267857142857143,-0.0262820512820513,0.0267857142857143,0,0,0.365384615384615,0.125,0.375,0.125,0.348214285714286,0.357142857142857,0.928571428571429,14,FALSE,FALSE,-0.00892857142857145,-0.00961538461538464,0.00892857142857145,0,0,FALSE,FALSE,TRUE,FALSE,FALSE
2,22,"UK Health","ukhealth.t1preven","2:2201","2:2201::ukhealth.t1preven","triple","2201",0.659090909090909,0.75,0.545454545454545,0.75,0.666666666666667,0.5625,0.916666666666667,12,FALSE,FALSE,-0.104166666666667,-0.113636363636364,0.104166666666667,0,0,0.659090909090909,0.75,0.545454545454545,0.75,0.666666666666667,0.5625,0.916666666666667,12,FALSE,FALSE,-0.104166666666667,-0.113636363636364,0.104166666666667,0,0,FALSE,FALSE,TRUE,FALSE,FALSE
2,22,"UK Health","ukhealth.t1preven","2:2204","2:2204::ukhealth.t1preven","triple","2204",0.666666666666667,0.75,0.557692307692308,0.75,0.673076923076923,0.571428571428571,0.928571428571429,14,FALSE,FALSE,-0.101648351648352,-0.108974358974359,0.101648351648352,0,0,0.666666666666667,0.75,0.583333333333333,0.75,0.673076923076923,0.596153846153846,0.923076923076923,13,FALSE,FALSE,-0.076923076923077,-0.0833333333333333,0.076923076923077,0,0,FALSE,FALSE,TRUE,FALSE,FALSE
2,22,"UK Health","ukhealth.t1preven","2:2208","2:2208::ukhealth.t1preven","triple","2208",0.625,0.75,0.75,0.666666666666667,0.653846153846154,0.732142857142857,0.8,15,FALSE,FALSE,0.0782967032967032,0.125,-0.0782967032967032,0.0833333333333334,-0.0833333333333334,0.625,0.75,0.75,0.666666666666667,0.653846153846154,0.730769230769231,0.769230769230769,13,FALSE,FALSE,0.0769230769230769,0.125,-0.0769230769230769,0.0833333333333334,-0.0833333333333334,TRUE,TRUE,FALSE,TRUE,FALSE
2,22,"UK Health","ukhealth.t1preven","2:2209","2:2209::ukhealth.t1preven","triple","2209",0.625,0.375,0.583333333333333,0.125,0.589285714285714,0.517857142857143,0.857142857142857,14,FALSE,FALSE,0.0714285714285714,0.0416666666666666,-0.0714285714285714,-0.25,0.25,0.625,0.375,0.583333333333333,0.125,0.589285714285714,0.517857142857143,0.857142857142857,14,FALSE,FALSE,0.0714285714285714,0.0416666666666666,-0.0714285714285714,-0.25,0.25,TRUE,TRUE,FALSE,FALSE,TRUE
2,22,"UK Health","ukhealth.t1preven","2:2210","2:2210::ukhealth.t1preven","triple","2210",0.525,1,0.525,0.25,0.568181818181818,0.5,0.916666666666667,12,FALSE,FALSE,-0.0681818181818182,0,0.0681818181818182,0.75,-0.75,0.555555555555556,1,0.527777777777778,0.25,0.6,0.5,0.9,10,FALSE,FALSE,-0.1,-0.0277777777777778,0.1,0.75,-0.75,FALSE,FALSE,TRUE,TRUE,FALSE
2,22,"UK Health","ukhealth.t1preven","2:2211","2:2211::ukhealth.t1preven","triple","2211",0.568181818181818,1,0.25,0.5,0.634615384615385,0.291666666666667,0.857142857142857,14,FALSE,FALSE,-0.342948717948718,-0.318181818181818,0.342948717948718,0.5,-0.5,0.6,1,0.25,0.5,0.666666666666667,0.291666666666667,0.833333333333333,12,FALSE,FALSE,-0.375,-0.35,0.375,0.5,-0.5,FALSE,FALSE,TRUE,TRUE,FALSE
2,22,"UK Health","ukhealth.t1preven","2:2212","2:2212::ukhealth.t1preven","triple","2212",0.692307692307692,NA,0.766666666666667,0.75,0.692307692307692,0.765625,0.941176470588235,17,NA,FALSE,NA,NA,NA,NA,NA,NA,NA,NA,NA,NA,NA,NA,NA,NA,NA,NA,NA,NA,NA,NA,NA,NA,NA,NA,NA
2,22,"UK Health","ukhealth.t1preven","2:2214","2:2214::ukhealth.t1preven","triple","2214",0.678571428571429,0.25,0.660714285714286,1,0.65,0.683333333333333,0.9375,16,FALSE,FALSE,-0.0333333333333333,0.0178571428571429,0.0333333333333333,0.75,-0.75,0.673076923076923,0.25,0.634615384615385,1,0.642857142857143,0.660714285714286,0.928571428571429,14,FALSE,FALSE,-0.0178571428571428,0.0384615384615385,0.0178571428571428,0.75,-0.75,FALSE,TRUE,TRUE,TRUE,FALSE
2,22,"UK Health","ukhealth.t1dispub","2:2201","2:2201::ukhealth.t1dispub","triple","2201",0.454545454545455,0.5,0.375,0,0.458333333333333,0.340909090909091,0.916666666666667,12,FALSE,FALSE,-0.117424242424242,-0.0795454545454545,0.117424242424242,0.5,-0.5,0.45,0.5,0.375,0,0.454545454545455,0.340909090909091,0.909090909090909,11,FALSE,FALSE,-0.113636363636364,-0.075,0.113636363636364,0.5,-0.5,FALSE,FALSE,TRUE,TRUE,FALSE
2,22,"UK Health","ukhealth.t1dispub","2:2204","2:2204::ukhealth.t1dispub","triple","2204",0.365384615384615,0.5,0.395833333333333,0,0.375,0.365384615384615,0.928571428571429,14,FALSE,FALSE,-0.00961538461538464,0.030448717948718,0.00961538461538464,0.5,-0.5,0.395833333333333,0.5,0.395833333333333,0,0.403846153846154,0.365384615384615,0.923076923076923,13,FALSE,FALSE,-0.0384615384615385,0,0.0384615384615385,0.5,-0.5,FALSE,TRUE,TRUE,TRUE,FALSE
2,22,"UK Health","ukhealth.t1dispub","2:2208","2:2208::ukhealth.t1dispub","triple","2208",0.363636363636364,0.25,0.395833333333333,0.416666666666667,0.339285714285714,0.4,0.8,15,FALSE,FALSE,-0.0607142857142857,-0.0321969696969697,0.0607142857142857,0.166666666666667,-0.166666666666667,0.363636363636364,0.25,0.386363636363636,0.416666666666667,0.339285714285714,0.392857142857143,0.785714285714286,14,FALSE,FALSE,-0.0535714285714285,-0.0227272727272727,0.0535714285714285,0.166666666666667,-0.166666666666667,FALSE,FALSE,TRUE,TRUE,FALSE
2,22,"UK Health","ukhealth.t1dispub","2:2209","2:2209::ukhealth.t1dispub","triple","2209",0.229166666666667,0.25,0.395833333333333,0.25,0.232142857142857,0.375,0.857142857142857,14,FALSE,FALSE,0.142857142857143,0.166666666666667,-0.142857142857143,0,0,0.229166666666667,0.25,0.395833333333333,0.25,0.232142857142857,0.375,0.857142857142857,14,FALSE,FALSE,0.142857142857143,0.166666666666667,-0.142857142857143,0,0,TRUE,TRUE,FALSE,FALSE,FALSE
2,22,"UK Health","ukhealth.t1dispub","2:2210","2:2210::ukhealth.t1dispub","triple","2210",0.181818181818182,0.25,0.340909090909091,0.5,0.1875,0.354166666666667,0.916666666666667,12,FALSE,FALSE,0.166666666666667,0.159090909090909,-0.166666666666667,-0.25,0.25,0.181818181818182,0.25,0.340909090909091,0.5,0.1875,0.354166666666667,0.916666666666667,12,FALSE,FALSE,0.166666666666667,0.159090909090909,-0.166666666666667,-0.25,0.25,TRUE,TRUE,FALSE,FALSE,TRUE
2,22,"UK Health","ukhealth.t1dispub","2:2211","2:2211::ukhealth.t1dispub","triple","2211",0.395833333333333,0.25,0.458333333333333,0.375,0.375,0.446428571428571,0.857142857142857,14,FALSE,FALSE,-0.0714285714285715,-0.0625,0.0714285714285715,0.125,-0.125,0.395833333333333,0.25,0.458333333333333,0.375,0.375,0.446428571428571,0.857142857142857,14,FALSE,FALSE,-0.0714285714285715,-0.0625,0.0714285714285715,0.125,-0.125,FALSE,FALSE,TRUE,TRUE,FALSE
2,22,"UK Health","ukhealth.t1dispub","2:2212","2:2212::ukhealth.t1dispub","triple","2212",0.392857142857143,0.5,0.453125,0.5,0.4,0.455882352941176,0.941176470588235,17,FALSE,FALSE,0.0558823529411764,0.0602678571428572,-0.0558823529411764,0,0,0.392857142857143,0.5,0.446428571428571,0.5,0.4,0.45,0.933333333333333,15,FALSE,FALSE,0.05,0.0535714285714286,-0.05,0,0,TRUE,TRUE,FALSE,FALSE,FALSE
2,22,"UK Health","ukhealth.t1dispub","2:2214","2:2214::ukhealth.t1dispub","triple","2214",0.285714285714286,0,0.204545454545455,0.5,0.266666666666667,0.229166666666667,0.9375,16,FALSE,FALSE,0.0375,0.0811688311688312,-0.0375,0.5,-0.5,0.227272727272727,0,0.204545454545455,0.5,0.208333333333333,0.229166666666667,0.916666666666667,12,FALSE,FALSE,-0.0208333333333334,0.0227272727272727,0.0208333333333334,0.5,-0.5,TRUE,TRUE,FALSE,TRUE,FALSE
4,25,"UK General Election","ukbge.t1redist","4:2501","4:2501::ukbge.t1redist","triple","2501",0.735833331942558,0.500000009934107,0.846666666368643,0.55333333214124,0.688666667540868,0.787999999523163,0.8,15,FALSE,FALSE,-0.0993333319822947,-0.110833334426085,0.0993333319822947,0.053333322207133,-0.053333322207133,0.735833331942558,0.500000009934107,0.846666666368643,0.55333333214124,0.688666667540868,0.787999999523163,0.8,15,FALSE,FALSE,-0.0993333319822947,-0.110833334426085,0.0993333319822947,0.053333322207133,-0.053333322207133,FALSE,FALSE,TRUE,TRUE,FALSE
4,25,"UK General Election","ukbge.t1redist","4:2502","4:2502::ukbge.t1redist","triple","2502",0.84222222202354,0.5,0.78722222480509,0.443333327770233,0.793333333163034,0.738095239514396,0.857142857142857,21,FALSE,FALSE,0.0552380936486381,0.0549999972184498,-0.0552380936486381,-0.0566666722297668,0.0566666722297668,0.84222222202354,0.5,0.78722222480509,0.443333327770233,0.793333333163034,0.738095239514396,0.857142857142857,21,FALSE,FALSE,0.0552380936486381,0.0549999972184498,-0.0552380936486381,-0.0566666722297668,0.0566666722297668,TRUE,TRUE,FALSE,FALSE,TRUE
4,25,"UK General Election","ukbge.t1redist","4:2503","4:2503::ukbge.t1redist","triple","2503",0.749285712838173,0.25,0.730000000733596,0.58500000834465,0.686874998733401,0.71066666841507,0.875,16,FALSE,FALSE,-0.0237916696816682,0.0192857121045773,0.0237916696816682,0.33500000834465,-0.33500000834465,0.768461536902648,0.25,0.730000000733596,0.58500000834465,0.699333331982295,0.71066666841507,0.866666666666667,15,FALSE,FALSE,-0.0113333364327748,0.0384615361690521,0.0113333364327748,0.33500000834465,-0.33500000834465,FALSE,TRUE,TRUE,TRUE,FALSE
4,25,"UK General Election","ukbge.t1redist","4:2504","4:2504::ukbge.t1redist","triple","2504",0.680909091776068,0.55333333214124,0.741111112965478,0.6700000166893,0.653571428997176,0.723333338896433,0.8,15,FALSE,FALSE,-0.0697619098992575,-0.0602020211894103,0.0697619098992575,0.11666668454806,-0.11666668454806,0.610000001059638,0.55333333214124,0.741111112965478,0.6700000166893,0.595833333830039,0.723333338896433,0.75,12,FALSE,FALSE,-0.127500005066395,-0.13111111190584,0.127500005066395,0.11666668454806,-0.11666668454806,FALSE,FALSE,TRUE,TRUE,FALSE
4,25,"UK General Election","ukbge.t1redist","4:2505","4:2505::ukbge.t1redist","triple","2505",0.812352937810561,0.500000014901161,0.764705887612175,0.58500000834465,0.779473682767467,0.745789479268225,0.894736842105263,19,FALSE,FALSE,0.033684203499242,0.0476470501983868,-0.033684203499242,0.0849999934434891,-0.0849999934434891,0.812352937810561,0.500000014901161,0.764705887612175,0.58500000834465,0.779473682767467,0.745789479268225,0.894736842105263,19,FALSE,FALSE,0.033684203499242,0.0476470501983868,-0.033684203499242,0.0849999934434891,-0.0849999934434891,TRUE,TRUE,FALSE,TRUE,FALSE
4,25,"UK General Election","ukbge.t1redist","4:2506","4:2506::ukbge.t1redist","triple","2506",0.857142857142857,0,0.844999998807907,0.5,0.8,0.82199999888738,0.933333333333333,15,FALSE,FALSE,-0.0219999988873799,0.01214285833495,0.0219999988873799,0.5,-0.5,0.857142857142857,0,0.844999998807907,0.5,0.8,0.82199999888738,0.933333333333333,15,FALSE,FALSE,-0.0219999988873799,0.01214285833495,0.0219999988873799,0.5,-0.5,FALSE,TRUE,TRUE,TRUE,FALSE
4,25,"UK General Election","ukbge.t1redist","4:2507","4:2507::ukbge.t1redist","triple","2507",0.556000003218651,0.6700000166893,0.72266667286555,0.6700000166893,0.563125004060566,0.719375006854534,0.9375,16,FALSE,FALSE,0.156250002793968,0.166666669646899,-0.156250002793968,0,0,0.556000003218651,0.6700000166893,0.72266667286555,0.6700000166893,0.563125004060566,0.719375006854534,0.9375,16,FALSE,FALSE,0.156250002793968,0.166666669646899,-0.156250002793968,0,0,TRUE,TRUE,FALSE,FALSE,FALSE
4,25,"UK General Election","ukbge.t1redist","4:2508","4:2508::ukbge.t1redist","triple","2508",0.603076924498265,0.500000014901161,0.628461542037817,0.66499999165535,0.589333336551984,0.633333335320155,0.866666666666667,15,FALSE,FALSE,-0.0439999987681706,-0.0253846175395526,0.0439999987681706,0.164999976754189,-0.164999976754189,0.603076924498265,0.500000014901161,0.628461542037817,0.66499999165535,0.589333336551984,0.633333335320155,0.866666666666667,15,FALSE,FALSE,-0.0439999987681706,-0.0253846175395526,0.0439999987681706,0.164999976754189,-0.164999976754189,FALSE,FALSE,TRUE,TRUE,FALSE
4,25,"UK General Election","ukbge.t1redist","4:2509","4:2509::ukbge.t1redist","triple","2509",0.73666667068998,0.600000005960464,0.818181818181818,0.568000003695488,0.696470592828358,0.74000000115484,0.705882352941177,17,FALSE,FALSE,-0.0435294083264821,-0.0815151474918381,0.0435294083264821,-0.0320000022649765,0.0320000022649765,0.742727275599133,0.600000005960464,0.818181818181818,0.568000003695488,0.698125003837049,0.74000000115484,0.6875,16,FALSE,FALSE,-0.041874997317791,-0.0754545425826854,0.041874997317791,-0.0320000022649765,0.0320000022649765,FALSE,FALSE,TRUE,FALSE,TRUE
4,25,"UK General Election","ukbge.t1redist","4:2511","4:2511::ukbge.t1redist","triple","2511",0.633333335320155,1,0.730000003241003,0.6700000166893,0.656250001862645,0.726470592267373,0.941176470588235,17,FALSE,FALSE,0.0702205904047278,0.0966666679208478,-0.0702205904047278,0.329999983310699,-0.329999983310699,0.633333335320155,1,0.712000003457069,0.6700000166893,0.656250001862645,0.709375004284084,0.9375,16,FALSE,FALSE,0.0531250024214387,0.0786666681369146,-0.0531250024214387,0.329999983310699,-0.329999983310699,TRUE,TRUE,FALSE,TRUE,FALSE
4,25,"UK General Election","ukbge.t1redist","4:2512","4:2512::ukbge.t1redist","triple","2512",0.675294117015951,0.5,0.71647059128565,0.6700000166893,0.665555554959509,0.713888892696963,0.944444444444444,18,FALSE,FALSE,-0.0483333377374543,-0.0411764742696987,0.0483333377374543,0.170000016689301,-0.170000016689301,0.675294117015951,0.5,0.71647059128565,0.6700000166893,0.665555554959509,0.713888892696963,0.944444444444444,18,FALSE,FALSE,-0.0483333377374543,-0.0411764742696987,0.0483333377374543,0.170000016689301,-0.170000016689301,FALSE,FALSE,TRUE,TRUE,FALSE
4,25,"UK General Election","ukbge.t1redist","4:2513","4:2513::ukbge.t1redist","triple","2513",0.686875000596046,0.58500000834465,0.855333332220713,0.75,0.675555557012558,0.842941175488865,0.888888888888889,18,FALSE,FALSE,-0.167385618476307,-0.168458331624667,0.167385618476307,0.16499999165535,-0.16499999165535,0.710666666428248,0.58500000834465,0.855333332220713,0.75,0.695882353712531,0.842941175488865,0.88235294117647,17,FALSE,FALSE,-0.147058821776334,-0.144666665792465,0.147058821776334,0.16499999165535,-0.16499999165535,FALSE,FALSE,TRUE,TRUE,FALSE
4,25,"UK General Election","ukbge.t1redist","4:2514","4:2514::ukbge.t1redist","triple","2514",0.769999998621643,0.61333333949248,0.750625004060566,0.443333327770233,0.745263157706512,0.702105265698935,0.842105263157895,19,FALSE,FALSE,0.0431578920075768,0.0193749945610762,-0.0431578920075768,-0.170000011722247,0.170000011722247,0.769999998621643,0.61333333949248,0.750625004060566,0.443333327770233,0.745263157706512,0.702105265698935,0.842105263157895,19,FALSE,FALSE,0.0431578920075768,0.0193749945610762,-0.0431578920075768,-0.170000011722247,0.170000011722247,TRUE,TRUE,FALSE,FALSE,TRUE
4,25,"UK General Election","ukbge.t1redist","4:2515","4:2515::ukbge.t1redist","triple","2515",0.567000003159046,0.390000010530154,0.700000002980232,0.613333344459534,0.526153851013917,0.680000004860071,0.785714285714286,14,FALSE,FALSE,-0.153846153846154,-0.132999999821186,0.153846153846154,0.22333333392938,-0.22333333392938,0.567000003159046,0.390000010530154,0.700000002980232,0.613333344459534,0.526153851013917,0.680000004860071,0.769230769230769,13,FALSE,FALSE,-0.153846153846154,-0.132999999821186,0.153846153846154,0.22333333392938,-0.22333333392938,FALSE,FALSE,TRUE,TRUE,FALSE
4,25,"UK General Election","ukbge.t1tax","4:2501","4:2501::ukbge.t1tax","triple","2501",0.846666666368643,0.666666666666667,0.834166670838992,0.610000004371007,0.810666666428248,0.789333337545395,0.8,15,FALSE,FALSE,0.0213333288828532,0.0124999955296516,-0.0213333288828532,-0.0566666622956593,0.0566666622956593,0.846666666368643,0.666666666666667,0.834166670838992,0.610000004371007,0.810666666428248,0.789333337545395,0.8,15,FALSE,FALSE,0.0213333288828532,0.0124999955296516,-0.0213333288828532,-0.0566666622956593,0.0566666622956593,TRUE,TRUE,FALSE,FALSE,TRUE
4,25,"UK General Election","ukbge.t1tax","4:2502","4:2502::ukbge.t1tax","triple","2502",0.907222221295039,0.833333333333333,0.852222224076589,0.833333333333333,0.896666665871938,0.849523811113267,0.857142857142857,21,FALSE,FALSE,0.0471428547586714,0.0549999972184498,-0.0471428547586714,0,0,0.907222221295039,0.833333333333333,0.852222224076589,0.833333333333333,0.896666665871938,0.849523811113267,0.857142857142857,21,FALSE,FALSE,0.0471428547586714,0.0549999972184498,-0.0471428547586714,0,0,TRUE,TRUE,FALSE,FALSE,FALSE
4,25,"UK General Election","ukbge.t1tax","4:2503","4:2503::ukbge.t1tax","triple","2503",0.844999998807907,0.41499999165535,0.905000001192093,0.75,0.791249997913837,0.885625001043081,0.875,16,FALSE,FALSE,-0.0943750031292439,-0.0600000023841858,0.0943750031292439,0.33500000834465,-0.33500000834465,0.844999998807907,0.41499999165535,0.905000001192093,0.75,0.791249997913837,0.885625001043081,0.875,16,FALSE,FALSE,-0.0943750031292439,-0.0600000023841858,0.0943750031292439,0.33500000834465,-0.33500000834465,FALSE,FALSE,TRUE,TRUE,FALSE
4,25,"UK General Election","ukbge.t1tax","4:2504","4:2504::ukbge.t1tax","triple","2504",0.833333333333333,0.7800000111262,0.8599999944369,0.8900000055631,0.822666668891907,0.86599999666214,0.8,15,FALSE,FALSE,-0.0433333277702331,-0.0266666611035664,0.0433333277702331,0.1099999944369,-0.1099999944369,0.833333333333333,0.7800000111262,0.8599999944369,0.8900000055631,0.822666668891907,0.86599999666214,0.8,15,FALSE,FALSE,-0.0433333277702331,-0.0266666611035664,0.0433333277702331,0.1099999944369,-0.1099999944369,FALSE,FALSE,TRUE,TRUE,FALSE
4,25,"UK General Election","ukbge.t1tax","4:2505","4:2505::ukbge.t1tax","triple","2505",0.861764700973735,0.75,0.852941176470588,0.75,0.849999995608079,0.842105263157895,0.894736842105263,19,FALSE,FALSE,0.00789473245018413,0.00882352450314694,-0.00789473245018413,0,0,0.861764700973735,0.75,0.852941176470588,0.75,0.849999995608079,0.842105263157895,0.894736842105263,19,FALSE,FALSE,0.00789473245018413,0.00882352450314694,-0.00789473245018413,0,0,TRUE,TRUE,FALSE,FALSE,FALSE
4,25,"UK General Election","ukbge.t1tax","4:2506","4:2506::ukbge.t1tax","triple","2506",0.78642857500485,0.330000013113022,0.78642857500485,0.330000013113022,0.756000004212062,0.756000004212062,0.933333333333333,15,FALSE,TRUE,0,0,0,0,0,0.78642857500485,0.330000013113022,0.78642857500485,0.330000013113022,0.756000004212062,0.756000004212062,0.933333333333333,15,FALSE,TRUE,0,0,0,0,0,FALSE,FALSE,FALSE,FALSE,FALSE
4,25,"UK General Election","ukbge.t1tax","4:2507","4:2507::ukbge.t1tax","triple","2507",0.832666663328807,1,0.88799999554952,1,0.843124996870756,0.894999995827675,0.9375,16,FALSE,FALSE,0.0518749989569187,0.0553333322207132,-0.0518749989569187,0,0,0.832666663328807,1,0.88799999554952,1,0.843124996870756,0.894999995827675,0.9375,16,FALSE,FALSE,0.0518749989569187,0.0553333322207132,-0.0518749989569187,0,0,TRUE,TRUE,FALSE,FALSE,FALSE
4,25,"UK General Election","ukbge.t1tax","4:2508","4:2508::ukbge.t1tax","triple","2508",0.782307692445241,0.8299999833107,0.731538464243595,0.75,0.788666664560636,0.734000002344449,0.866666666666667,15,FALSE,FALSE,-0.0546666622161864,-0.0507692282016461,0.0546666622161864,0.0799999833106995,-0.0799999833106995,0.782307692445241,0.8299999833107,0.731538464243595,0.75,0.788666664560636,0.734000002344449,0.866666666666667,15,FALSE,FALSE,-0.0546666622161864,-0.0507692282016461,0.0546666622161864,0.0799999833106995,-0.0799999833106995,FALSE,FALSE,TRUE,TRUE,FALSE
4,25,"UK General Election","ukbge.t1tax","4:2509","4:2509::ukbge.t1tax","triple","2509",0.750833336263895,0.8,0.805833334724108,0.700000005960465,0.765294119715691,0.774705885087743,0.705882352941177,17,FALSE,FALSE,0.00941176537205191,0.0549999984602133,-0.00941176537205191,0.0999999940395355,-0.0999999940395355,0.750833336263895,0.8,0.805833334724108,0.700000005960465,0.765294119715691,0.774705885087743,0.705882352941177,17,FALSE,FALSE,0.00941176537205191,0.0549999984602133,-0.00941176537205191,0.0999999940395355,-0.0999999940395355,TRUE,TRUE,FALSE,TRUE,FALSE
4,25,"UK General Election","ukbge.t1tax","4:2511","4:2511::ukbge.t1tax","triple","2511",0.739374998025596,1,0.749374998733401,0.6700000166893,0.754705880494679,0.744705882142572,0.941176470588235,17,FALSE,FALSE,-0.00999999835210685,0.0100000007078052,0.00999999835210685,0.329999983310699,-0.329999983310699,0.739374998025596,1,0.749374998733401,0.6700000166893,0.754705880494679,0.744705882142572,0.941176470588235,17,FALSE,FALSE,-0.00999999835210685,0.0100000007078052,0.00999999835210685,0.329999983310699,-0.329999983310699,FALSE,TRUE,TRUE,TRUE,FALSE
4,25,"UK General Election","ukbge.t1tax","4:2512","4:2512::ukbge.t1tax","triple","2512",0.745294118628782,0.6700000166893,0.771875004284084,0,0.741111112965478,0.726470592267373,0.944444444444444,18,FALSE,FALSE,0.0146405206981048,-0.0265808856553015,-0.0146405206981048,-0.6700000166893,0.6700000166893,0.729375001043081,0.6700000166893,0.771875004284084,0,0.725882354904624,0.726470592267373,0.941176470588235,17,FALSE,FALSE,-0.000588237362749378,-0.0425000032410026,0.000588237362749378,-0.6700000166893,0.6700000166893,TRUE,FALSE,FALSE,FALSE,TRUE
4,25,"UK General Election","ukbge.t1tax","4:2513","4:2513::ukbge.t1tax","triple","2513",0.842499993741512,0.91499999165535,0.771250003948808,0.91499999165535,0.850555549065272,0.78722222480509,0.888888888888889,18,FALSE,FALSE,-0.0633333242601818,-0.0712499897927046,0.0633333242601818,0,0,0.842499993741512,0.91499999165535,0.771250003948808,0.91499999165535,0.850555549065272,0.78722222480509,0.888888888888889,18,FALSE,FALSE,-0.0633333242601818,-0.0712499897927046,0.0633333242601818,0,0,FALSE,FALSE,TRUE,FALSE,FALSE
4,25,"UK General Election","ukbge.t1tax","4:2514","4:2514::ukbge.t1tax","triple","2514",0.791249997913837,0.943333327770233,0.823125001043081,0.776666661103567,0.815263155259584,0.81578947368421,0.842105263157895,19,FALSE,FALSE,0.00052631842462636,0.0318750031292439,-0.00052631842462636,0.166666666666667,-0.166666666666667,0.791249997913837,0.943333327770233,0.823125001043081,0.776666661103567,0.815263155259584,0.81578947368421,0.842105263157895,19,FALSE,FALSE,0.00052631842462636,0.0318750031292439,-0.00052631842462636,0.166666666666667,-0.166666666666667,TRUE,TRUE,FALSE,TRUE,FALSE
4,25,"UK General Election","ukbge.t1tax","4:2515","4:2515::ukbge.t1tax","triple","2515",0.88400000333786,0.610000004371007,0.77363636683334,0.613333344459534,0.820769234345509,0.73928571918181,0.785714285714286,14,FALSE,FALSE,0.0814835151636993,0.11036363650452,-0.0814835151636993,0.00333334008852637,-0.00333334008852637,0.88400000333786,0.610000004371007,0.801000003516674,0.613333344459534,0.820769234345509,0.757692312965026,0.769230769230769,13,FALSE,FALSE,0.0630769213804832,0.0829999998211861,-0.0630769213804832,0.00333334008852637,-0.00333334008852637,TRUE,TRUE,FALSE,TRUE,FALSE
4,25,"UK General Election","ukbge.t1wage","4:2501","4:2501::ukbge.t1wage","triple","2501",0.757272725755518,0.776666671037674,0.76333333303531,0.723333338896433,0.761428571173123,0.755333334207535,0.8,15,FALSE,FALSE,-0.00609523696558811,0.00606060727979196,0.00609523696558811,0.0533333321412405,-0.0533333321412405,0.757272725755518,0.776666671037674,0.802727271210064,0.723333338896433,0.761428571173123,0.785714285714286,0.785714285714286,14,FALSE,FALSE,0.0242857145411628,0.0454545454545454,-0.0242857145411628,0.0533333321412405,-0.0533333321412405,FALSE,TRUE,TRUE,TRUE,FALSE
4,25,"UK General Election","ukbge.t1wage","4:2502","4:2502::ukbge.t1wage","triple","2502",0.897777775095569,0.943333327770233,0.759444443715943,0.666666661699613,0.904285711191949,0.746190474856468,0.857142857142857,21,FALSE,FALSE,-0.158095236335482,-0.138333331379626,0.158095236335482,0.27666666607062,-0.27666666607062,0.897777775095569,0.943333327770233,0.759444443715943,0.666666661699613,0.904285711191949,0.746190474856468,0.857142857142857,21,FALSE,FALSE,-0.158095236335482,-0.138333331379626,0.158095236335482,0.27666666607062,-0.27666666607062,FALSE,FALSE,TRUE,TRUE,FALSE
4,25,"UK General Election","ukbge.t1wage","4:2503","4:2503::ukbge.t1wage","triple","2503",0.714285713221346,0.500000014901161,0.59666666885217,0.5,0.687500000931323,0.582857144730432,0.875,16,FALSE,FALSE,0.104642856200891,0.117619044369175,-0.104642856200891,-1.49011611938477e-08,1.49011611938477e-08,0.694166664034128,0.500000014901161,0.59666666885217,0.5,0.666428571300847,0.582857144730432,0.857142857142857,14,FALSE,FALSE,0.0835714265704155,0.0974999951819578,-0.0835714265704155,-1.49011611938477e-08,1.49011611938477e-08,TRUE,TRUE,FALSE,FALSE,TRUE
4,25,"UK General Election","ukbge.t1wage","4:2504","4:2504::ukbge.t1wage","triple","2504",0.874166662494341,0.719999998807907,0.763333330551783,0.7199999888738,0.843333329757055,0.754666662216187,0.8,15,FALSE,FALSE,0.0886666675408682,0.110833331942558,-0.0886666675408682,-9.93410742555767e-09,9.93410742555767e-09,0.874166662494341,0.719999998807907,0.763333330551783,0.7199999888738,0.843333329757055,0.754666662216187,0.8,15,FALSE,FALSE,0.0886666675408682,0.110833331942558,-0.0886666675408682,-9.93410742555767e-09,9.93410742555767e-09,TRUE,TRUE,FALSE,FALSE,TRUE
4,25,"UK General Election","ukbge.t1wage","4:2505","4:2505::ukbge.t1wage","triple","2505",0.921176470377866,0.91499999165535,0.800624994561076,0.75,0.920526314722864,0.794999995165401,0.894736842105263,19,FALSE,FALSE,0.125526319557463,0.12055147581679,-0.125526319557463,-0.16499999165535,0.16499999165535,0.916249999776483,0.91499999165535,0.800624994561076,0.75,0.916111109985246,0.794999995165401,0.888888888888889,18,FALSE,FALSE,0.121111114819845,0.115625005215406,-0.121111114819845,-0.16499999165535,0.16499999165535,TRUE,TRUE,FALSE,FALSE,TRUE
4,25,"UK General Election","ukbge.t1wage","4:2506","4:2506::ukbge.t1wage","triple","2506",0.952142855950764,0,0.845714288098471,0,0.888666665554047,0.789333335558573,0.933333333333333,15,FALSE,FALSE,0.0993333299954732,0.106428567852293,-0.0993333299954732,0,0,0.952142855950764,0,0.845714288098471,0,0.888666665554047,0.789333335558573,0.933333333333333,15,FALSE,FALSE,0.0993333299954732,0.106428567852293,-0.0993333299954732,0,0,TRUE,TRUE,FALSE,FALSE,FALSE
4,25,"UK General Election","ukbge.t1wage","4:2507","4:2507::ukbge.t1wage","triple","2507",0.811333333452543,0.6700000166893,0.785714285714286,1,0.80250000115484,0.8,0.9375,16,FALSE,FALSE,0.00250000115483995,0.025619047738257,-0.00250000115483995,0.329999983310699,-0.329999983310699,0.821428570364203,0.6700000166893,0.785714285714286,1,0.811333333452543,0.8,0.933333333333333,15,FALSE,FALSE,0.0113333334525426,0.0357142846499171,-0.0113333334525426,0.329999983310699,-0.329999983310699,TRUE,TRUE,FALSE,TRUE,FALSE
4,25,"UK General Election","ukbge.t1wage","4:2508","4:2508::ukbge.t1wage","triple","2508",0.768461536902648,1,0.66499999165535,0.91499999165535,0.799333331982295,0.700714277369635,0.866666666666667,15,FALSE,FALSE,-0.0986190546126593,-0.103461545247298,0.0986190546126593,0.0850000083446503,-0.0850000083446503,0.790833331644535,1,0.66499999165535,0.91499999165535,0.820714284266744,0.700714277369635,0.857142857142857,14,FALSE,FALSE,-0.120000006897109,-0.125833339989185,0.120000006897109,0.0850000083446503,-0.0850000083446503,FALSE,FALSE,TRUE,TRUE,FALSE
4,25,"UK General Election","ukbge.t1wage","4:2509","4:2509::ukbge.t1wage","triple","2509",0.860833331942558,0.731999990344048,0.848999997973442,0.600000005960464,0.822941172648879,0.766000000635783,0.705882352941177,17,FALSE,FALSE,0.0569411720130958,0.0118333339691162,-0.0569411720130958,-0.131999984383583,0.131999984383583,0.88299999833107,0.731999990344048,0.848999997973442,0.600000005960464,0.832666662335396,0.766000000635783,0.666666666666667,15,FALSE,FALSE,0.0666666616996129,0.0340000003576278,-0.0666666616996129,-0.131999984383583,0.131999984383583,TRUE,TRUE,FALSE,FALSE,TRUE
4,25,"UK General Election","ukbge.t1wage","4:2511","4:2511::ukbge.t1wage","triple","2511",0.875,0.8299999833107,0.797142854758671,1,0.872352940194747,0.810666664441427,0.941176470588235,17,FALSE,FALSE,0.0616862757533205,0.0778571452413287,-0.0616862757533205,0.170000016689301,-0.170000016689301,0.857142857142857,0.8299999833107,0.797142854758671,1,0.855333332220713,0.810666664441427,0.933333333333333,15,FALSE,FALSE,0.0446666677792867,0.0600000023841858,-0.0446666677792867,0.170000016689301,-0.170000016689301,TRUE,TRUE,FALSE,TRUE,FALSE
4,25,"UK General Election","ukbge.t1wage","4:2512","4:2512::ukbge.t1wage","triple","2512",0.780624996870756,0.8299999833107,0.770625000819564,1,0.783529407837812,0.784117647830178,0.944444444444444,18,FALSE,FALSE,0.000588239992366124,-0.00999999605119228,-0.000588239992366124,-0.170000016689301,0.170000016689301,0.76599999666214,0.8299999833107,0.755333334207535,1,0.769999995827675,0.770625000819564,0.9375,16,FALSE,FALSE,0.000625004991889,-0.0106666624546051,-0.000625004991889,-0.170000016689301,0.170000016689301,TRUE,FALSE,FALSE,FALSE,TRUE
4,25,"UK General Election","ukbge.t1wage","4:2513","4:2513::ukbge.t1wage","triple","2513",0.801249999552965,0.58500000834465,0.800000000993411,0.8299999833107,0.777222222752041,0.803529410677798,0.888888888888889,18,FALSE,FALSE,-0.0263071879257564,0.00124999855955443,0.0263071879257564,0.244999974966049,-0.244999974966049,0.832666665315628,0.58500000834465,0.800000000993411,0.8299999833107,0.803529411554337,0.803529410677798,0.88235294117647,17,FALSE,FALSE,8.76538841509955e-10,0.0326666643222173,-8.76538841509955e-10,0.244999974966049,-0.244999974966049,FALSE,TRUE,TRUE,TRUE,FALSE
4,25,"UK General Election","ukbge.t1wage","4:2514","4:2514::ukbge.t1wage","triple","2514",0.823125001043081,0.6099999944369,0.766666666666667,0.556666672229767,0.789473684210526,0.73166666759385,0.842105263157895,19,FALSE,FALSE,0.0578070166166763,0.0564583343764146,-0.0578070166166763,-0.0533333222071329,0.0533333222071329,0.811333334445953,0.6099999944369,0.766666666666667,0.556666672229767,0.777777777777778,0.73166666759385,0.833333333333333,18,FALSE,FALSE,0.0461111101839278,0.0446666677792866,-0.0461111101839278,-0.0533333222071329,0.0533333222071329,TRUE,TRUE,FALSE,FALSE,TRUE
4,25,"UK General Election","ukbge.t1wage","4:2515","4:2515::ukbge.t1wage","triple","2515",0.465999999642372,0.280000006159147,0.516363642432473,0.220000008742015,0.423076924223166,0.452857149498803,0.785714285714286,14,FALSE,FALSE,-0.029780225275637,-0.0503636427901007,0.029780225275637,-0.059999997417132,0.059999997417132,0.465999999642372,0.280000006159147,0.56800000667572,0.220000008742015,0.423076924223166,0.487692314844865,0.769230769230769,13,FALSE,FALSE,-0.0646153906216989,-0.102000007033348,0.0646153906216989,-0.059999997417132,0.059999997417132,FALSE,FALSE,TRUE,FALSE,TRUE
4,25,"UK General Election","ukbge.t1eu","4:2501","4:2501::ukbge.t1eu","triple","2501",0.574444446298811,0.3900000055631,0.533000001311302,0.579999998211861,0.528333336114883,0.540833334128062,0.8,15,FALSE,FALSE,-0.0124999980131786,0.041444444987509,0.0124999980131786,0.18999999264876,-0.18999999264876,0.583750002086163,0.33500000834465,0.5625,0.579999998211861,0.53400000333786,0.565999999642372,0.8,10,FALSE,FALSE,-0.031999996304512,0.0212500020861626,0.031999996304512,0.24499998986721,-0.24499998986721,FALSE,TRUE,TRUE,TRUE,FALSE
4,25,"UK General Election","ukbge.t1eu","4:2502","4:2502::ukbge.t1eu","triple","2502",0.519411765477237,0.553333322207133,0.646249999292195,0.61333333949248,0.524499998986721,0.641052631955398,0.857142857142857,21,FALSE,FALSE,0.116552632968677,0.126838233814958,-0.116552632968677,-0.060000017285347,0.060000017285347,0.499333331982295,0.553333322207133,0.655999999245008,0.61333333949248,0.508333330353101,0.648888889286253,0.833333333333333,18,FALSE,FALSE,0.140555558933152,0.156666667262713,-0.140555558933152,-0.060000017285347,0.060000017285347,TRUE,TRUE,FALSE,FALSE,TRUE
4,25,"UK General Election","ukbge.t1eu","4:2503","4:2503::ukbge.t1eu","triple","2503",0.378181823275306,0.5,0.46800000667572,0.58500000089407,0.396923081232951,0.487500005712112,0.875,16,FALSE,FALSE,0.0905769244791605,0.0898181834004142,-0.0905769244791605,-0.0850000008940697,0.0850000008940697,0.314444449212816,0.5,0.427777787049611,0.58500000089407,0.348181822083213,0.45636364411224,0.818181818181818,11,FALSE,FALSE,0.108181822029027,0.113333337836795,-0.108181822029027,-0.0850000008940697,0.0850000008940697,TRUE,TRUE,FALSE,FALSE,TRUE
4,25,"UK General Election","ukbge.t1eu","4:2504","4:2504::ukbge.t1eu","triple","2504",0.444166665275892,0.556666672229767,0.68400000333786,0.7800000111262,0.466666666666667,0.706153851289016,0.8,15,FALSE,FALSE,0.239487184622349,0.239833338061968,-0.239487184622349,-0.223333338896433,0.223333338896433,0.53299999833107,0.556666672229767,0.68400000333786,0.7800000111262,0.538461538461538,0.706153851289016,0.769230769230769,13,FALSE,FALSE,0.167692312827477,0.15100000500679,-0.167692312827477,-0.223333338896433,0.223333338896433,TRUE,TRUE,FALSE,FALSE,TRUE
4,25,"UK General Election","ukbge.t1eu","4:2505","4:2505::ukbge.t1eu","triple","2505",0.539411763934528,0.83500000834465,0.733333334326744,0.91499999165535,0.570526315977699,0.754705882247756,0.894736842105263,19,FALSE,FALSE,0.184179566270058,0.193921570392216,-0.184179566270058,-0.0799999833106995,0.0799999833106995,0.577999999125799,0.83500000834465,0.733333334326744,0.91499999165535,0.608235294328016,0.754705882247756,0.88235294117647,17,FALSE,FALSE,0.14647058791974,0.155333335200945,-0.14647058791974,-0.0799999833106995,0.0799999833106995,TRUE,TRUE,FALSE,FALSE,TRUE
4,25,"UK General Election","ukbge.t1eu","4:2506","4:2506::ukbge.t1eu","triple","2506",0.499285713902542,1,0.631428572748389,0.8299999833107,0.532666666309039,0.644666666785876,0.933333333333333,15,FALSE,FALSE,0.112000000476837,0.132142858845847,-0.112000000476837,0.170000016689301,-0.170000016689301,0.499285713902542,1,0.631428572748389,0.8299999833107,0.532666666309039,0.644666666785876,0.933333333333333,15,FALSE,FALSE,0.112000000476837,0.132142858845847,-0.112000000476837,0.170000016689301,-0.170000016689301,TRUE,TRUE,FALSE,TRUE,FALSE
4,25,"UK General Election","ukbge.t1eu","4:2507","4:2507::ukbge.t1eu","triple","2507",0.345714288098471,0.5,0.535714286778654,0.8299999833107,0.35600000222524,0.555333333214124,0.9375,16,FALSE,FALSE,0.199333330988884,0.189999998680183,-0.199333330988884,-0.329999983310699,0.329999983310699,0.359230771660805,0.5,0.538461539607782,0.8299999833107,0.369285716542176,0.55928571415799,0.928571428571429,14,FALSE,FALSE,0.189999997615814,0.179230767946977,-0.189999997615814,-0.329999983310699,0.329999983310699,TRUE,TRUE,FALSE,FALSE,TRUE
4,25,"UK General Election","ukbge.t1eu","4:2508","4:2508::ukbge.t1eu","triple","2508",0.445833336561918,0.58500000089407,0.667272728952495,0.58500000089407,0.465714288609368,0.654615386174275,0.866666666666667,15,FALSE,FALSE,0.188901097564907,0.221439392390576,-0.188901097564907,0,0,0.401000000536442,0.58500000089407,0.651000003516674,0.58500000089407,0.431666667262713,0.640000003079573,0.833333333333333,12,FALSE,FALSE,0.20833333581686,0.250000002980232,-0.20833333581686,0,0,TRUE,TRUE,FALSE,FALSE,FALSE
4,25,"UK General Election","ukbge.t1eu","4:2509","4:2509::ukbge.t1eu","triple","2509",0.445000005265077,0.7,0.68299999833107,0.79799998998642,0.520000003716525,0.721333328882853,0.705882352941177,17,FALSE,FALSE,0.201333325166328,0.237999993065993,-0.201333325166328,-0.0979999899864197,0.0979999899864197,0.467000004649162,0.7,0.68299999833107,0.79799998998642,0.544666669766108,0.721333328882853,0.666666666666667,15,FALSE,FALSE,0.176666659116745,0.215999993681908,-0.176666659116745,-0.0979999899864197,0.0979999899864197,TRUE,TRUE,FALSE,FALSE,TRUE
4,25,"UK General Election","ukbge.t1eu","4:2511","4:2511::ukbge.t1eu","triple","2511",0.429999999701977,1,0.535714286778654,1,0.473846153571055,0.566666667660077,0.941176470588235,17,FALSE,FALSE,0.092820514089022,0.105714287076678,-0.092820514089022,0,0,0.429999999701977,1,0.555833335965872,1,0.473846153571055,0.590000002430035,0.923076923076923,13,FALSE,FALSE,0.11615384885898,0.125833336263895,-0.11615384885898,0,0,TRUE,TRUE,FALSE,FALSE,FALSE
4,25,"UK General Election","ukbge.t1eu","4:2512","4:2512::ukbge.t1eu","triple","2512",0.520624998025596,0.6700000166893,0.460000006482005,0.5,0.529411763829343,0.462352947277181,0.944444444444444,18,FALSE,FALSE,-0.0670588165521621,-0.060624991543591,0.0670588165521621,0.170000016689301,-0.170000016689301,0.499999999006589,0.6700000166893,0.479333340128263,0.5,0.510625000111759,0.480625006370246,0.9375,16,FALSE,FALSE,-0.0299999937415123,-0.0206666588783264,0.0299999937415123,0.170000016689301,-0.170000016689301,FALSE,FALSE,TRUE,TRUE,FALSE
4,25,"UK General Election","ukbge.t1eu","4:2513","4:2513::ukbge.t1eu","triple","2513",0.430833334724108,0.25,0.643571434276445,0.415000006556511,0.405000001192093,0.615000005811453,0.888888888888889,18,FALSE,FALSE,-0.21000000461936,-0.212738099552336,0.21000000461936,0.165000006556511,-0.165000006556511,0.470000001517209,0.25,0.621818187561902,0.415000006556511,0.436153847437639,0.590000005868765,0.846153846153846,13,FALSE,FALSE,-0.153846158431126,-0.151818186044693,0.153846158431126,0.165000006556511,-0.165000006556511,FALSE,FALSE,TRUE,TRUE,FALSE
4,25,"UK General Election","ukbge.t1eu","4:2514","4:2514::ukbge.t1eu","triple","2514",0.396250006742775,0.223333338896434,0.65500000332083,0.5,0.368947374977564,0.627647061558331,0.842105263157895,19,FALSE,FALSE,-0.258699686580767,-0.258749996578055,0.258699686580767,0.276666661103566,-0.276666661103566,0.429285721055099,0.223333338896434,0.65500000332083,0.5,0.392941183027099,0.627647061558331,0.823529411764706,17,FALSE,FALSE,-0.234705878531232,-0.225714282265731,0.234705878531232,0.276666661103566,-0.276666661103566,FALSE,FALSE,TRUE,TRUE,FALSE
4,25,"UK General Election","ukbge.t1eu","4:2515","4:2515::ukbge.t1eu","triple","2515",0.542500004172325,0.443333332737287,0.48111110760106,0.55333333214124,0.515454548326406,0.499166663736105,0.785714285714286,14,FALSE,FALSE,0.0162878845903006,0.0613888965712653,-0.0162878845903006,0.109999999403954,-0.109999999403954,0.477142861911229,0.443333332737287,0.475714281201363,0.55333333214124,0.467000003159046,0.498999996483326,0.7,10,FALSE,FALSE,-0.0319999933242798,0.00142858070986607,0.0319999933242798,0.109999999403954,-0.109999999403954,TRUE,TRUE,FALSE,TRUE,FALSE
5,26,"Australia Republic Referendum","aus.republican1","5:2603","5:2603::aus.republican1","triple","2603",0.600694444444444,0.666666666666667,0.784722222222222,1,0.605769230769231,0.801282051282051,0.923076923076923,13,FALSE,FALSE,0.195512820512821,0.184027777777778,-0.195512820512821,-0.333333333333333,0.333333333333333,0.600694444444444,0.666666666666667,0.784722222222222,1,0.605769230769231,0.801282051282051,0.923076923076923,13,FALSE,FALSE,0.195512820512821,0.184027777777778,-0.195512820512821,-0.333333333333333,0.333333333333333,TRUE,TRUE,FALSE,FALSE,TRUE
5,26,"Australia Republic Referendum","aus.republican1","5:2608","5:2608::aus.republican1","triple","2608",0.703703703703704,1,0.689814814814815,1,0.733333333333333,0.720833333333333,0.9,10,FALSE,FALSE,-0.0125000000000001,-0.013888888888889,0.0125000000000001,0,0,0.703703703703704,1,0.689814814814815,1,0.733333333333333,0.720833333333333,0.9,10,FALSE,FALSE,-0.0125000000000001,-0.013888888888889,0.0125000000000001,0,0,FALSE,FALSE,TRUE,FALSE,FALSE
5,26,"Australia Republic Referendum","aus.republican1","5:2609","5:2609::aus.republican1","triple","2609",0.729166666666667,0.583333333333333,0.829861111111111,0.666666666666667,0.717948717948718,0.817307692307692,0.923076923076923,13,FALSE,FALSE,-0.0993589743589743,-0.100694444444445,0.0993589743589743,0.0833333333333333,-0.0833333333333333,0.729166666666667,0.583333333333333,0.829861111111111,0.666666666666667,0.717948717948718,0.817307692307692,0.923076923076923,13,FALSE,FALSE,-0.0993589743589743,-0.100694444444445,0.0993589743589743,0.0833333333333333,-0.0833333333333333,FALSE,FALSE,TRUE,TRUE,FALSE
5,26,"Australia Republic Referendum","aus.republican1","5:2610","5:2610::aus.republican1","triple","2610",0.606060606060606,0.722222222222222,0.609848484848485,0.722222222222222,0.630952380952381,0.633928571428571,0.785714285714286,14,FALSE,FALSE,0.00297619047619047,0.00378787878787878,-0.00297619047619047,0,0,0.606060606060606,0.722222222222222,0.609848484848485,0.722222222222222,0.630952380952381,0.633928571428571,0.785714285714286,14,FALSE,FALSE,0.00297619047619047,0.00378787878787878,-0.00297619047619047,0,0,TRUE,TRUE,FALSE,FALSE,FALSE
5,26,"Australia Republic Referendum","aus.republican1","5:2611","5:2611::aus.republican1","triple","2611",0.75,0.916666666666667,0.865740740740741,0.916666666666667,0.78030303030303,0.875,0.818181818181818,11,FALSE,FALSE,0.0946969696969697,0.115740740740741,-0.0946969696969697,0,0,0.75,0.916666666666667,0.865740740740741,0.916666666666667,0.78030303030303,0.875,0.818181818181818,11,FALSE,FALSE,0.0946969696969697,0.115740740740741,-0.0946969696969697,0,0,TRUE,TRUE,FALSE,FALSE,FALSE
5,26,"Australia Republic Referendum","aus.republican1","5:2616","5:2616::aus.republican1","triple","2616",0.597222222222222,0.777777777777778,0.791666666666667,0.833333333333333,0.633333333333333,0.8,0.8,15,FALSE,FALSE,0.166666666666667,0.194444444444444,-0.166666666666667,-0.0555555555555556,0.0555555555555556,0.597222222222222,0.777777777777778,0.791666666666667,0.833333333333333,0.633333333333333,0.8,0.8,15,FALSE,FALSE,0.166666666666667,0.194444444444444,-0.166666666666667,-0.0555555555555556,0.0555555555555556,TRUE,TRUE,FALSE,FALSE,TRUE
5,26,"Australia Republic Referendum","aus.republican1","5:2617","5:2617::aus.republican1","triple","2617",0.791666666666667,0.614583333333333,0.838541666666667,0.666666666666667,0.732638888888889,0.78125,0.666666666666667,12,FALSE,FALSE,-0.0486111111111112,-0.046875,0.0486111111111112,0.0520833333333333,-0.0520833333333333,0.791666666666667,0.614583333333333,0.838541666666667,0.666666666666667,0.732638888888889,0.78125,0.666666666666667,12,FALSE,FALSE,-0.0486111111111112,-0.046875,0.0486111111111112,0.0520833333333333,-0.0520833333333333,FALSE,FALSE,TRUE,TRUE,FALSE
5,26,"Australia Republic Referendum","aus.republican1","5:2618","5:2618::aus.republican1","triple","2618",0.740740740740741,0.666666666666667,0.907407407407407,1,0.733333333333333,0.916666666666667,0.9,10,FALSE,FALSE,-0.183333333333333,-0.166666666666667,0.183333333333333,0.333333333333333,-0.333333333333333,0.740740740740741,0.666666666666667,0.907407407407407,1,0.733333333333333,0.916666666666667,0.9,10,FALSE,FALSE,-0.183333333333333,-0.166666666666667,0.183333333333333,0.333333333333333,-0.333333333333333,FALSE,FALSE,TRUE,TRUE,FALSE
5,26,"Australia Republic Referendum","aus.republican1","5:2619","5:2619::aus.republican1","triple","2619",0.597222222222222,0.666666666666667,0.635416666666667,0.958333333333333,0.607142857142857,0.681547619047619,0.857142857142857,14,FALSE,FALSE,0.074404761904762,0.0381944444444444,-0.074404761904762,-0.291666666666667,0.291666666666667,0.597222222222222,0.666666666666667,0.635416666666667,0.958333333333333,0.607142857142857,0.681547619047619,0.857142857142857,14,FALSE,FALSE,0.074404761904762,0.0381944444444444,-0.074404761904762,-0.291666666666667,0.291666666666667,TRUE,TRUE,FALSE,FALSE,TRUE
5,26,"Australia Republic Referendum","aus.republican1","5:2620","5:2620::aus.republican1","triple","2620",0.595238095238095,0.583333333333333,0.681547619047619,0.583333333333333,0.594444444444444,0.675,0.933333333333333,15,FALSE,FALSE,-0.0805555555555556,-0.0863095238095238,0.0805555555555556,0,0,0.595238095238095,0.583333333333333,0.681547619047619,0.583333333333333,0.594444444444444,0.675,0.933333333333333,15,FALSE,FALSE,-0.0805555555555556,-0.0863095238095238,0.0805555555555556,0,0,FALSE,FALSE,TRUE,FALSE,FALSE
5,26,"Australia Republic Referendum","aus.republican1","5:2623","5:2623::aus.republican1","triple","2623",0.638888888888889,0.666666666666667,0.760416666666667,1,0.641025641025641,0.778846153846154,0.923076923076923,13,FALSE,FALSE,0.137820512820513,0.121527777777778,-0.137820512820513,-0.333333333333333,0.333333333333333,0.638888888888889,0.666666666666667,0.760416666666667,1,0.641025641025641,0.778846153846154,0.923076923076923,13,FALSE,FALSE,0.137820512820513,0.121527777777778,-0.137820512820513,-0.333333333333333,0.333333333333333,TRUE,TRUE,FALSE,FALSE,TRUE
5,26,"Australia Republic Referendum","aus.popparl1","5:2603","5:2603::aus.popparl1","triple","2603",0.611111111111111,0.25,0.3,0.25,0.575,0.291666666666667,0.923076923076923,13,FALSE,FALSE,0.283333333333333,0.311111111111111,-0.283333333333333,0,0,0.625,0.25,0.3125,0.25,0.55,0.3,0.8,5,FALSE,FALSE,0.25,0.3125,-0.25,0,0,TRUE,TRUE,FALSE,FALSE,FALSE
5,26,"Australia Republic Referendum","aus.popparl1","5:2608","5:2608::aus.popparl1","triple","2608",0.541666666666667,0.75,0.25,0.25,0.571428571428571,0.25,0.9,10,FALSE,FALSE,-0.321428571428571,-0.291666666666667,0.321428571428571,0.5,-0.5,0.45,0.75,0.15,0.25,0.5,0.166666666666667,0.833333333333333,6,FALSE,FALSE,-0.333333333333333,-0.3,0.333333333333333,0.5,-0.5,FALSE,FALSE,TRUE,TRUE,FALSE
5,26,"Australia Republic Referendum","aus.popparl1","5:2609","5:2609::aus.popparl1","triple","2609",0.666666666666667,1,0.325,0.25,0.692307692307692,0.318181818181818,0.923076923076923,13,FALSE,FALSE,-0.374125874125874,-0.341666666666667,0.374125874125874,0.75,-0.75,0.7,1,0.325,0.25,0.727272727272727,0.318181818181818,0.909090909090909,11,FALSE,FALSE,-0.409090909090909,-0.375,0.409090909090909,0.75,-0.75,FALSE,FALSE,TRUE,TRUE,FALSE
5,26,"Australia Republic Referendum","aus.popparl1","5:2610","5:2610::aus.popparl1","triple","2610",0.583333333333333,0.166666666666667,0.5,0.125,0.479166666666667,0.4375,0.785714285714286,14,FALSE,FALSE,0.0416666666666667,0.0833333333333334,-0.0416666666666667,-0.0416666666666667,0.0416666666666667,0.583333333333333,0.25,0.444444444444444,0.125,0.522727272727273,0.386363636363636,0.818181818181818,11,FALSE,FALSE,0.136363636363636,0.138888888888889,-0.136363636363636,-0.125,0.125,TRUE,TRUE,FALSE,FALSE,TRUE
5,26,"Australia Republic Referendum","aus.popparl1","5:2611","5:2611::aus.popparl1","triple","2611",0.59375,0.5,0.125,0.125,0.575,0.125,0.818181818181818,11,FALSE,FALSE,0.45,0.46875,-0.45,-0.375,0.375,0.541666666666667,0.5,0.125,0.125,0.53125,0.125,0.75,8,FALSE,FALSE,0.40625,0.416666666666667,-0.40625,-0.375,0.375,TRUE,TRUE,FALSE,FALSE,TRUE
5,26,"Australia Republic Referendum","aus.popparl1","5:2616","5:2616::aus.popparl1","triple","2616",0.770833333333333,0.75,0.272727272727273,0.166666666666667,0.766666666666667,0.25,0.8,15,FALSE,FALSE,0.516666666666667,0.498106060606061,-0.516666666666667,-0.583333333333333,0.583333333333333,0.772727272727273,0.75,0.272727272727273,0.166666666666667,0.767857142857143,0.25,0.785714285714286,14,FALSE,FALSE,0.517857142857143,0.5,-0.517857142857143,-0.583333333333333,0.583333333333333,TRUE,TRUE,FALSE,FALSE,TRUE
5,26,"Australia Republic Referendum","aus.popparl1","5:2617","5:2617::aus.popparl1","triple","2617",0.59375,0.375,0.25,0.166666666666667,0.55,0.225,0.666666666666667,12,FALSE,FALSE,0.325,0.34375,-0.325,-0.208333333333333,0.208333333333333,0.535714285714286,0.75,0.25,0.25,0.5625,0.25,0.875,8,FALSE,FALSE,-0.3125,-0.285714285714286,0.3125,0.5,-0.5,TRUE,TRUE,FALSE,FALSE,TRUE
5,26,"Australia Republic Referendum","aus.popparl1","5:2618","5:2618::aus.popparl1","triple","2618",0.638888888888889,0.75,0.208333333333333,0.25,0.65,0.214285714285714,0.9,10,FALSE,FALSE,-0.435714285714286,-0.430555555555555,0.435714285714286,0.5,-0.5,0.666666666666667,0.75,0.208333333333333,0.25,0.678571428571429,0.214285714285714,0.857142857142857,7,FALSE,FALSE,-0.464285714285714,-0.458333333333333,0.464285714285714,0.5,-0.5,FALSE,FALSE,TRUE,TRUE,FALSE
5,26,"Australia Republic Referendum","aus.popparl1","5:2619","5:2619::aus.popparl1","triple","2619",0.729166666666667,0.5,0.45,0.5,0.696428571428571,0.458333333333333,0.857142857142857,14,FALSE,FALSE,0.238095238095238,0.279166666666667,-0.238095238095238,0,0,0.775,0.5,0.45,0.5,0.729166666666667,0.458333333333333,0.833333333333333,12,FALSE,FALSE,0.270833333333333,0.325,-0.270833333333333,0,0,TRUE,TRUE,FALSE,FALSE,FALSE
5,26,"Australia Republic Referendum","aus.popparl1","5:2620","5:2620::aus.popparl1","triple","2620",0.681818181818182,0,0.545454545454545,0,0.625,0.5,0.933333333333333,15,FALSE,FALSE,0.125,0.136363636363636,-0.125,0,0,0.638888888888889,0,0.583333333333333,0,0.575,0.525,0.9,10,FALSE,FALSE,0.0499999999999999,0.0555555555555555,-0.0499999999999999,0,0,TRUE,TRUE,FALSE,FALSE,FALSE
5,26,"Australia Republic Referendum","aus.popparl1","5:2623","5:2623::aus.popparl1","triple","2623",0.840909090909091,0.75,0.318181818181818,0.25,0.833333333333333,0.3125,0.923076923076923,13,FALSE,FALSE,0.520833333333333,0.522727272727273,-0.520833333333333,-0.5,0.5,0.825,0.75,0.325,0.25,0.818181818181818,0.318181818181818,0.909090909090909,11,FALSE,FALSE,0.5,0.5,-0.5,-0.5,0.5,TRUE,TRUE,FALSE,FALSE,TRUE
8,29,"Central Power & Light","cpl.t1res","8:29102","8:29102::cpl.t1res","triple","29102",0.722222222222222,0.566666666666667,0.755555555555556,0.65,0.683333333333333,0.729166666666667,0.75,12,FALSE,FALSE,-0.0458333333333333,-0.0333333333333333,0.0458333333333333,0.0833333333333334,-0.0833333333333334,0.722222222222222,0.566666666666667,0.755555555555556,0.65,0.683333333333333,0.729166666666667,0.75,12,FALSE,FALSE,-0.0458333333333333,-0.0333333333333333,0.0458333333333333,0.0833333333333334,-0.0833333333333334,FALSE,FALSE,TRUE,TRUE,FALSE
8,29,"Central Power & Light","cpl.t1res","8:29103","8:29103::cpl.t1res","triple","29103",0.695,0.6,0.868181818181818,0.75,0.686363636363636,0.858333333333333,0.916666666666667,12,FALSE,FALSE,-0.171969696969697,-0.173181818181818,0.171969696969697,0.15,-0.15,0.695,0.6,0.9,0.75,0.686363636363636,0.886363636363636,0.909090909090909,11,FALSE,FALSE,-0.2,-0.205,0.2,0.15,-0.15,FALSE,FALSE,TRUE,TRUE,FALSE
8,29,"Central Power & Light","cpl.t1res","8:29105","8:29105::cpl.t1res","triple","29105",0.5625,0.35,0.69375,0.85,0.538888888888889,0.711111111111111,0.888888888888889,9,FALSE,FALSE,-0.172222222222222,-0.13125,0.172222222222222,0.5,-0.5,0.5625,0.35,0.69375,0.85,0.538888888888889,0.711111111111111,0.888888888888889,9,FALSE,FALSE,-0.172222222222222,-0.13125,0.172222222222222,0.5,-0.5,FALSE,FALSE,TRUE,TRUE,FALSE
8,29,"Central Power & Light","cpl.t1res","8:29106","8:29106::cpl.t1res","triple","29106",0.685,0.5,0.73,0.475,0.654166666666667,0.6875,0.833333333333333,12,FALSE,FALSE,-0.0333333333333333,-0.0449999999999999,0.0333333333333333,-0.025,0.025,0.685,0.5,0.73,0.475,0.654166666666667,0.6875,0.833333333333333,12,FALSE,FALSE,-0.0333333333333333,-0.0449999999999999,0.0333333333333333,-0.025,0.025,FALSE,FALSE,TRUE,FALSE,TRUE
8,29,"Central Power & Light","cpl.t1res","8:29107","8:29107::cpl.t1res","triple","29107",0.74,0.65,0.8,0.85,0.731818181818182,0.804545454545455,0.909090909090909,11,FALSE,FALSE,-0.0727272727272728,-0.06,0.0727272727272728,0.2,-0.2,0.74,0.65,0.8,0.85,0.731818181818182,0.804545454545455,0.909090909090909,11,FALSE,FALSE,-0.0727272727272728,-0.06,0.0727272727272728,0.2,-0.2,FALSE,FALSE,TRUE,TRUE,FALSE
8,29,"Central Power & Light","cpl.t1res","8:29108","8:29108::cpl.t1res","triple","29108",0.629166666666667,0.7,0.704166666666667,0.916666666666667,0.643333333333333,0.746666666666667,0.8,15,FALSE,FALSE,0.103333333333333,0.0750000000000001,-0.103333333333333,-0.216666666666667,0.216666666666667,0.629166666666667,0.7,0.704166666666667,0.916666666666667,0.643333333333333,0.746666666666667,0.8,15,FALSE,FALSE,0.103333333333333,0.0750000000000001,-0.103333333333333,-0.216666666666667,0.216666666666667,TRUE,TRUE,FALSE,FALSE,TRUE
8,29,"Central Power & Light","cpl.t1res","8:29110","8:29110::cpl.t1res","triple","29110",0.627272727272727,0.5,0.7,0.1,0.616666666666667,0.65,0.916666666666667,12,FALSE,FALSE,-0.0333333333333333,-0.0727272727272728,0.0333333333333333,-0.4,0.4,0.627272727272727,0.5,0.7,0.1,0.616666666666667,0.65,0.916666666666667,12,FALSE,FALSE,-0.0333333333333333,-0.0727272727272728,0.0333333333333333,-0.4,0.4,FALSE,FALSE,TRUE,FALSE,TRUE
8,29,"Central Power & Light","cpl.t1res","8:29111","8:29111::cpl.t1res","triple","29111",0.554545454545455,0.35,0.690909090909091,0.2,0.5375,0.65,0.916666666666667,12,FALSE,FALSE,-0.1125,-0.136363636363636,0.1125,-0.15,0.15,0.554545454545455,0.35,0.690909090909091,0.2,0.5375,0.65,0.916666666666667,12,FALSE,FALSE,-0.1125,-0.136363636363636,0.1125,-0.15,0.15,FALSE,FALSE,TRUE,FALSE,TRUE
8,29,"Central Power & Light","cpl.t1res","8:29114","8:29114::cpl.t1res","triple","29114",0.75,0.55,0.820833333333333,0.4,0.734615384615385,0.788461538461538,0.923076923076923,13,FALSE,FALSE,-0.0538461538461538,-0.0708333333333333,0.0538461538461538,-0.15,0.15,0.75,0.55,0.820833333333333,0.4,0.734615384615385,0.788461538461538,0.923076923076923,13,FALSE,FALSE,-0.0538461538461538,-0.0708333333333333,0.0538461538461538,-0.15,0.15,FALSE,FALSE,TRUE,FALSE,TRUE
8,29,"Central Power & Light","cpl.t1res","8:29115","8:29115::cpl.t1res","triple","29115",0.707692307692308,0.925,0.775,0.85,0.736666666666667,0.785714285714286,0.866666666666667,15,FALSE,FALSE,0.049047619047619,0.0673076923076923,-0.049047619047619,0.075,-0.075,0.725,0.925,0.775,0.85,0.753571428571429,0.785714285714286,0.857142857142857,14,FALSE,FALSE,0.0321428571428571,0.05,-0.0321428571428571,0.075,-0.075,TRUE,TRUE,FALSE,TRUE,FALSE
8,29,"Central Power & Light","cpl.t1res","8:29116","8:29116::cpl.t1res","triple","29116",0.645,0.65,0.84,0.7,0.645454545454546,0.827272727272727,0.909090909090909,11,FALSE,FALSE,0.181818181818182,0.195,-0.181818181818182,-0.0499999999999999,0.0499999999999999,0.645,0.65,0.84,0.7,0.645454545454546,0.827272727272727,0.909090909090909,11,FALSE,FALSE,0.181818181818182,0.195,-0.181818181818182,-0.0499999999999999,0.0499999999999999,TRUE,TRUE,FALSE,FALSE,TRUE
8,29,"Central Power & Light","cpl.t1cons","8:29102","8:29102::cpl.t1cons","triple","29102",0.861842105263158,0.842105263157895,0.894444444444444,0.733333333333333,0.856459330143541,0.854166666666667,0.75,12,FALSE,FALSE,0.00229266347687407,-0.0326023391812866,-0.00229266347687407,-0.108771929824562,0.108771929824562,0.861842105263158,0.842105263157895,0.93125,0.733333333333333,0.856459330143541,0.877272727272727,0.727272727272727,11,FALSE,FALSE,-0.0208133971291866,-0.0694078947368422,0.0208133971291866,-0.108771929824562,0.108771929824562,TRUE,FALSE,FALSE,FALSE,TRUE
8,29,"Central Power & Light","cpl.t1cons","8:29103","8:29103::cpl.t1cons","triple","29103",0.813397129186603,0.894736842105263,0.913636363636364,1,0.820175438596491,0.920833333333333,0.916666666666667,12,FALSE,FALSE,0.100657894736842,0.100239234449761,-0.100657894736842,-0.105263157894737,0.105263157894737,0.813397129186603,0.894736842105263,0.913636363636364,1,0.820175438596491,0.920833333333333,0.916666666666667,12,FALSE,FALSE,0.100657894736842,0.100239234449761,-0.100657894736842,-0.105263157894737,0.105263157894737,TRUE,TRUE,FALSE,FALSE,TRUE
8,29,"Central Power & Light","cpl.t1cons","8:29105","8:29105::cpl.t1cons","triple","29105",0.835526315789474,1,0.98125,1,0.853801169590643,0.983333333333333,0.888888888888889,9,FALSE,FALSE,0.12953216374269,0.145723684210526,-0.12953216374269,0,0,0.835526315789474,1,0.98125,1,0.853801169590643,0.983333333333333,0.888888888888889,9,FALSE,FALSE,0.12953216374269,0.145723684210526,-0.12953216374269,0,0,TRUE,TRUE,FALSE,FALSE,FALSE
8,29,"Central Power & Light","cpl.t1cons","8:29106","8:29106::cpl.t1cons","triple","29106",0.868421052631579,1,0.895,1,0.890350877192982,0.9125,0.833333333333333,12,FALSE,FALSE,0.0221491228070175,0.026578947368421,-0.0221491228070175,0,0,0.868421052631579,1,0.895,1,0.890350877192982,0.9125,0.833333333333333,12,FALSE,FALSE,0.0221491228070175,0.026578947368421,-0.0221491228070175,0,0,TRUE,TRUE,FALSE,FALSE,FALSE
8,29,"Central Power & Light","cpl.t1cons","8:29107","8:29107::cpl.t1cons","triple","29107",0.81578947368421,0.789473684210526,0.83,1,0.813397129186603,0.845454545454545,0.909090909090909,11,FALSE,FALSE,-0.0320574162679426,-0.0142105263157896,0.0320574162679426,0.210526315789474,-0.210526315789474,0.81578947368421,0.789473684210526,0.83,1,0.813397129186603,0.845454545454545,0.909090909090909,11,FALSE,FALSE,-0.0320574162679426,-0.0142105263157896,0.0320574162679426,0.210526315789474,-0.210526315789474,FALSE,FALSE,TRUE,TRUE,FALSE
8,29,"Central Power & Light","cpl.t1cons","8:29108","8:29108::cpl.t1cons","triple","29108",0.807017543859649,0.824561403508772,0.816666666666667,0.85,0.810526315789474,0.823333333333333,0.8,15,FALSE,FALSE,0.0128070175438597,0.00964912280701757,-0.0128070175438597,-0.025438596491228,0.025438596491228,0.807017543859649,0.824561403508772,0.816666666666667,0.85,0.810526315789474,0.823333333333333,0.8,15,FALSE,FALSE,0.0128070175438597,0.00964912280701757,-0.0128070175438597,-0.025438596491228,0.025438596491228,TRUE,TRUE,FALSE,FALSE,TRUE
8,29,"Central Power & Light","cpl.t1cons","8:29110","8:29110::cpl.t1cons","triple","29110",0.842105263157895,0.894736842105263,0.854545454545454,0.5,0.846491228070175,0.825,0.916666666666667,12,FALSE,FALSE,-0.0214912280701754,0.0124401913875598,0.0214912280701754,0.394736842105263,-0.394736842105263,0.842105263157895,0.894736842105263,0.854545454545454,0.5,0.846491228070175,0.825,0.916666666666667,12,FALSE,FALSE,-0.0214912280701754,0.0124401913875598,0.0214912280701754,0.394736842105263,-0.394736842105263,FALSE,TRUE,TRUE,TRUE,FALSE
8,29,"Central Power & Light","cpl.t1cons","8:29111","8:29111::cpl.t1cons","triple","29111",0.669856459330144,0.578947368421053,0.777272727272727,1,0.662280701754386,0.795833333333333,0.916666666666667,12,FALSE,FALSE,-0.133552631578947,-0.107416267942584,0.133552631578947,0.421052631578947,-0.421052631578947,0.669856459330144,0.578947368421053,0.777272727272727,1,0.662280701754386,0.795833333333333,0.916666666666667,12,FALSE,FALSE,-0.133552631578947,-0.107416267942584,0.133552631578947,0.421052631578947,-0.421052631578947,FALSE,FALSE,TRUE,TRUE,FALSE
8,29,"Central Power & Light","cpl.t1cons","8:29114","8:29114::cpl.t1cons","triple","29114",0.833333333333333,0.684210526315789,0.829166666666667,0.55,0.821862348178138,0.807692307692308,0.923076923076923,13,FALSE,FALSE,0.0141700404858299,0.00416666666666665,-0.0141700404858299,-0.134210526315789,0.134210526315789,0.833333333333333,0.684210526315789,0.829166666666667,0.55,0.821862348178138,0.807692307692308,0.923076923076923,13,FALSE,FALSE,0.0141700404858299,0.00416666666666665,-0.0141700404858299,-0.134210526315789,0.134210526315789,TRUE,TRUE,FALSE,FALSE,TRUE
8,29,"Central Power & Light","cpl.t1cons","8:29115","8:29115::cpl.t1cons","triple","29115",0.801619433198381,0.947368421052632,0.869230769230769,0.95,0.821052631578947,0.88,0.866666666666667,15,FALSE,FALSE,0.0589473684210526,0.0676113360323887,-0.0589473684210526,-0.00263157894736832,0.00263157894736832,0.801619433198381,0.947368421052632,0.869230769230769,0.95,0.821052631578947,0.88,0.866666666666667,15,FALSE,FALSE,0.0589473684210526,0.0676113360323887,-0.0589473684210526,-0.00263157894736832,0.00263157894736832,TRUE,TRUE,FALSE,FALSE,TRUE
8,29,"Central Power & Light","cpl.t1cons","8:29116","8:29116::cpl.t1cons","triple","29116",0.805263157894737,0.736842105263158,0.865,0.7,0.799043062200957,0.85,0.909090909090909,11,FALSE,FALSE,-0.0509569377990431,-0.0597368421052631,0.0509569377990431,-0.0368421052631579,0.0368421052631579,0.805263157894737,0.736842105263158,0.865,0.7,0.799043062200957,0.85,0.909090909090909,11,FALSE,FALSE,-0.0509569377990431,-0.0597368421052631,0.0509569377990431,-0.0368421052631579,0.0368421052631579,FALSE,FALSE,TRUE,FALSE,TRUE
8,29,"Central Power & Light","cpl.t1poor","8:29102","8:29102::cpl.t1poor","triple","29102",0.703125,0.591666666666667,0.802777777777778,0.833333333333333,0.672727272727273,0.810416666666667,0.75,12,FALSE,FALSE,-0.137689393939394,-0.0996527777777778,0.137689393939394,0.241666666666667,-0.241666666666667,0.703125,0.591666666666667,0.809375,0.833333333333333,0.672727272727273,0.815909090909091,0.727272727272727,11,FALSE,FALSE,-0.143181818181818,-0.10625,0.143181818181818,0.241666666666667,-0.241666666666667,FALSE,FALSE,TRUE,TRUE,FALSE
8,29,"Central Power & Light","cpl.t1poor","8:29103","8:29103::cpl.t1poor","triple","29103",0.504545454545455,0.75,0.609090909090909,0.75,0.525,0.620833333333333,0.916666666666667,12,FALSE,FALSE,0.0958333333333333,0.104545454545455,-0.0958333333333333,0,0,0.504545454545455,0.75,0.609090909090909,0.75,0.525,0.620833333333333,0.916666666666667,12,FALSE,FALSE,0.0958333333333333,0.104545454545455,-0.0958333333333333,0,0,TRUE,TRUE,FALSE,FALSE,FALSE
8,29,"Central Power & Light","cpl.t1poor","8:29105","8:29105::cpl.t1poor","triple","29105",0.625,0.5,0.590625,0.625,0.611111111111111,0.594444444444444,0.888888888888889,9,FALSE,FALSE,0.0166666666666667,0.034375,-0.0166666666666667,0.125,-0.125,0.625,0.5,0.590625,0.625,0.611111111111111,0.594444444444444,0.888888888888889,9,FALSE,FALSE,0.0166666666666667,0.034375,-0.0166666666666667,0.125,-0.125,TRUE,TRUE,FALSE,TRUE,FALSE
8,29,"Central Power & Light","cpl.t1poor","8:29106","8:29106::cpl.t1poor","triple","29106",0.6,0.5,0.55,0.525,0.583333333333333,0.545833333333333,0.833333333333333,12,FALSE,FALSE,0.0375000000000001,0.05,-0.0375000000000001,0.0249999999999999,-0.0249999999999999,0.6,0.5,0.55,0.525,0.583333333333333,0.545833333333333,0.833333333333333,12,FALSE,FALSE,0.0375000000000001,0.05,-0.0375000000000001,0.0249999999999999,-0.0249999999999999,TRUE,TRUE,FALSE,TRUE,FALSE
8,29,"Central Power & Light","cpl.t1poor","8:29107","8:29107::cpl.t1poor","triple","29107",0.6925,0.275,0.67,1,0.654545454545455,0.7,0.909090909090909,11,FALSE,FALSE,-0.0454545454545454,0.0225,0.0454545454545454,0.725,-0.725,0.6925,0.275,0.67,1,0.654545454545455,0.7,0.909090909090909,11,FALSE,FALSE,-0.0454545454545454,0.0225,0.0454545454545454,0.725,-0.725,FALSE,TRUE,TRUE,TRUE,FALSE
8,29,"Central Power & Light","cpl.t1poor","8:29108","8:29108::cpl.t1poor","triple","29108",0.685416666666667,0.6,0.5625,0.775,0.668333333333333,0.605,0.8,15,FALSE,FALSE,0.0633333333333334,0.122916666666667,-0.0633333333333334,0.175,-0.175,0.685416666666667,0.6,0.5625,0.775,0.668333333333333,0.605,0.8,15,FALSE,FALSE,0.0633333333333334,0.122916666666667,-0.0633333333333334,0.175,-0.175,TRUE,TRUE,FALSE,TRUE,FALSE
8,29,"Central Power & Light","cpl.t1poor","8:29110","8:29110::cpl.t1poor","triple","29110",0.554545454545455,0.1,0.581818181818182,0,0.516666666666667,0.533333333333333,0.916666666666667,12,FALSE,FALSE,-0.0166666666666666,-0.0272727272727272,0.0166666666666666,-0.1,0.1,0.554545454545455,0.1,0.581818181818182,0,0.516666666666667,0.533333333333333,0.916666666666667,12,FALSE,FALSE,-0.0166666666666666,-0.0272727272727272,0.0166666666666666,-0.1,0.1,FALSE,FALSE,TRUE,FALSE,TRUE
8,29,"Central Power & Light","cpl.t1poor","8:29111","8:29111::cpl.t1poor","triple","29111",0.497727272727273,0.25,0.368181818181818,0.2,0.477083333333333,0.354166666666667,0.916666666666667,12,FALSE,FALSE,0.122916666666667,0.129545454545455,-0.122916666666667,-0.05,0.05,0.497727272727273,0.25,0.368181818181818,0.2,0.477083333333333,0.354166666666667,0.916666666666667,12,FALSE,FALSE,0.122916666666667,0.129545454545455,-0.122916666666667,-0.05,0.05,TRUE,TRUE,FALSE,FALSE,TRUE
8,29,"Central Power & Light","cpl.t1poor","8:29114","8:29114::cpl.t1poor","triple","29114",0.614583333333333,0.25,0.56875,0.05,0.586538461538462,0.528846153846154,0.923076923076923,13,FALSE,FALSE,0.0576923076923077,0.0458333333333334,-0.0576923076923077,-0.2,0.2,0.614583333333333,0.25,0.56875,0.05,0.586538461538462,0.528846153846154,0.923076923076923,13,FALSE,FALSE,0.0576923076923077,0.0458333333333334,-0.0576923076923077,-0.2,0.2,TRUE,TRUE,FALSE,FALSE,TRUE
8,29,"Central Power & Light","cpl.t1poor","8:29115","8:29115::cpl.t1poor","triple","29115",0.717307692307692,0.55,0.730769230769231,0.825,0.695,0.743333333333333,0.866666666666667,15,FALSE,FALSE,-0.0483333333333333,-0.0134615384615384,0.0483333333333333,0.275,-0.275,0.717307692307692,0.55,0.730769230769231,0.825,0.695,0.743333333333333,0.866666666666667,15,FALSE,FALSE,-0.0483333333333333,-0.0134615384615384,0.0483333333333333,0.275,-0.275,FALSE,FALSE,TRUE,TRUE,FALSE
8,29,"Central Power & Light","cpl.t1poor","8:29116","8:29116::cpl.t1poor","triple","29116",0.7075,0.325,0.7525,0.375,0.672727272727273,0.718181818181818,0.909090909090909,11,FALSE,FALSE,-0.0454545454545454,-0.0449999999999999,0.0454545454545454,0.05,-0.05,0.7075,0.325,0.7525,0.375,0.672727272727273,0.718181818181818,0.909090909090909,11,FALSE,FALSE,-0.0454545454545454,-0.0449999999999999,0.0454545454545454,0.05,-0.05,FALSE,FALSE,TRUE,TRUE,FALSE
8,29,"Central Power & Light","cpl.t1renew","8:29102","8:29102::cpl.t1renew","triple","29102",0.8375,0.75,0.788888888888889,0.583333333333333,0.813636363636364,0.7375,0.75,12,FALSE,FALSE,0.0761363636363636,0.0486111111111112,-0.0761363636363636,-0.166666666666667,0.166666666666667,0.8375,0.75,0.79375,0.583333333333333,0.813636363636364,0.736363636363636,0.727272727272727,11,FALSE,FALSE,0.0772727272727273,0.0437500000000001,-0.0772727272727273,-0.166666666666667,0.166666666666667,TRUE,TRUE,FALSE,FALSE,TRUE
8,29,"Central Power & Light","cpl.t1renew","8:29103","8:29103::cpl.t1renew","triple","29103",0.936363636363636,0.95,0.918181818181818,1,0.9375,0.925,0.916666666666667,12,FALSE,FALSE,-0.0125,-0.0181818181818182,0.0125,-0.05,0.05,0.936363636363636,0.95,0.918181818181818,1,0.9375,0.925,0.916666666666667,12,FALSE,FALSE,-0.0125,-0.0181818181818182,0.0125,-0.05,0.05,FALSE,FALSE,TRUE,FALSE,TRUE
8,29,"Central Power & Light","cpl.t1renew","8:29105","8:29105::cpl.t1renew","triple","29105",0.8125,1,0.88125,1,0.833333333333333,0.894444444444444,0.888888888888889,9,FALSE,FALSE,0.0611111111111111,0.06875,-0.0611111111111111,0,0,0.8125,1,0.88125,1,0.833333333333333,0.894444444444444,0.888888888888889,9,FALSE,FALSE,0.0611111111111111,0.06875,-0.0611111111111111,0,0,TRUE,TRUE,FALSE,FALSE,FALSE
8,29,"Central Power & Light","cpl.t1renew","8:29106","8:29106::cpl.t1renew","triple","29106",0.885,1,0.795,0.7,0.904166666666667,0.779166666666667,0.833333333333333,12,FALSE,FALSE,-0.125,-0.09,0.125,0.3,-0.3,0.885,1,0.795,0.7,0.904166666666667,0.779166666666667,0.833333333333333,12,FALSE,FALSE,-0.125,-0.09,0.125,0.3,-0.3,FALSE,FALSE,TRUE,TRUE,FALSE
8,29,"Central Power & Light","cpl.t1renew","8:29107","8:29107::cpl.t1renew","triple","29107",0.885,0.85,0.85,0.8,0.881818181818182,0.845454545454545,0.909090909090909,11,FALSE,FALSE,0.0363636363636364,0.035,-0.0363636363636364,-0.05,0.05,0.885,0.85,0.85,0.8,0.881818181818182,0.845454545454545,0.909090909090909,11,FALSE,FALSE,0.0363636363636364,0.035,-0.0363636363636364,-0.05,0.05,TRUE,TRUE,FALSE,FALSE,TRUE
8,29,"Central Power & Light","cpl.t1renew","8:29108","8:29108::cpl.t1renew","triple","29108",0.904166666666667,0.983333333333333,0.9375,0.983333333333333,0.92,0.946666666666667,0.8,15,FALSE,FALSE,0.0266666666666666,0.0333333333333333,-0.0266666666666666,0,0,0.904166666666667,0.983333333333333,0.9375,0.983333333333333,0.92,0.946666666666667,0.8,15,FALSE,FALSE,0.0266666666666666,0.0333333333333333,-0.0266666666666666,0,0,TRUE,TRUE,FALSE,FALSE,FALSE
8,29,"Central Power & Light","cpl.t1renew","8:29110","8:29110::cpl.t1renew","triple","29110",0.772727272727273,0.2,0.790909090909091,0.2,0.725,0.741666666666667,0.916666666666667,12,FALSE,FALSE,-0.0166666666666667,-0.0181818181818182,0.0166666666666667,0,0,0.772727272727273,0.2,0.790909090909091,0.2,0.725,0.741666666666667,0.916666666666667,12,FALSE,FALSE,-0.0166666666666667,-0.0181818181818182,0.0166666666666667,0,0,FALSE,FALSE,TRUE,FALSE,FALSE
8,29,"Central Power & Light","cpl.t1renew","8:29111","8:29111::cpl.t1renew","triple","29111",0.827272727272727,0.9,0.840909090909091,0.65,0.833333333333333,0.825,0.916666666666667,12,FALSE,FALSE,-0.00833333333333341,0.0136363636363637,0.00833333333333341,0.25,-0.25,0.827272727272727,0.9,0.840909090909091,0.65,0.833333333333333,0.825,0.916666666666667,12,FALSE,FALSE,-0.00833333333333341,0.0136363636363637,0.00833333333333341,0.25,-0.25,FALSE,TRUE,TRUE,TRUE,FALSE
8,29,"Central Power & Light","cpl.t1renew","8:29114","8:29114::cpl.t1renew","triple","29114",0.929166666666667,0.6,0.891666666666667,0.7,0.903846153846154,0.876923076923077,0.923076923076923,13,FALSE,FALSE,0.0269230769230769,0.0375000000000001,-0.0269230769230769,0.1,-0.1,0.929166666666667,0.6,0.891666666666667,0.7,0.903846153846154,0.876923076923077,0.923076923076923,13,FALSE,FALSE,0.0269230769230769,0.0375000000000001,-0.0269230769230769,0.1,-0.1,TRUE,TRUE,FALSE,TRUE,FALSE
8,29,"Central Power & Light","cpl.t1renew","8:29115","8:29115::cpl.t1renew","triple","29115",0.873076923076923,0.975,0.834615384615385,0.925,0.886666666666667,0.846666666666667,0.866666666666667,15,FALSE,FALSE,-0.0399999999999999,-0.0384615384615384,0.0399999999999999,0.0499999999999999,-0.0499999999999999,0.873076923076923,0.975,0.834615384615385,0.925,0.886666666666667,0.846666666666667,0.866666666666667,15,FALSE,FALSE,-0.0399999999999999,-0.0384615384615384,0.0399999999999999,0.0499999999999999,-0.0499999999999999,FALSE,FALSE,TRUE,TRUE,FALSE
8,29,"Central Power & Light","cpl.t1renew","8:29116","8:29116::cpl.t1renew","triple","29116",0.855,0.8,0.795,0.65,0.85,0.781818181818182,0.909090909090909,11,FALSE,FALSE,0.0681818181818181,0.0599999999999999,-0.0681818181818181,-0.15,0.15,0.855,0.8,0.795,0.65,0.85,0.781818181818182,0.909090909090909,11,FALSE,FALSE,0.0681818181818181,0.0599999999999999,-0.0681818181818181,-0.15,0.15,TRUE,TRUE,FALSE,FALSE,TRUE
8,29,"Central Power & Light","cpl.t1fossil","8:29102","8:29102::cpl.t1fossil","triple","29102",0.614285714285714,0.633333333333333,0.753086419753086,0.851851851851852,0.62,0.777777777777778,0.75,12,FALSE,FALSE,0.157777777777778,0.138800705467372,-0.157777777777778,-0.218518518518519,0.218518518518519,0.614285714285714,0.633333333333333,0.80952380952381,0.851851851851852,0.62,0.822222222222222,0.7,10,FALSE,FALSE,0.202222222222222,0.195238095238095,-0.202222222222222,-0.218518518518519,0.218518518518519,TRUE,TRUE,FALSE,FALSE,TRUE
8,29,"Central Power & Light","cpl.t1fossil","8:29103","8:29103::cpl.t1fossil","triple","29103",0.709090909090909,0.2,0.555555555555556,0.111111111111111,0.666666666666667,0.518518518518518,0.916666666666667,12,FALSE,FALSE,0.148148148148148,0.153535353535354,-0.148148148148148,-0.0888888888888889,0.0888888888888889,0.709090909090909,0.2,0.555555555555556,0.111111111111111,0.666666666666667,0.518518518518518,0.916666666666667,12,FALSE,FALSE,0.148148148148148,0.153535353535354,-0.148148148148148,-0.0888888888888889,0.0888888888888889,TRUE,TRUE,FALSE,FALSE,TRUE
8,29,"Central Power & Light","cpl.t1fossil","8:29105","8:29105::cpl.t1fossil","triple","29105",0.7125,0,0.694444444444444,0.444444444444444,0.633333333333333,0.666666666666667,0.888888888888889,9,FALSE,FALSE,-0.0333333333333333,0.0180555555555556,0.0333333333333333,0.444444444444444,-0.444444444444444,0.7125,0,0.694444444444444,0.444444444444444,0.633333333333333,0.666666666666667,0.888888888888889,9,FALSE,FALSE,-0.0333333333333333,0.0180555555555556,0.0333333333333333,0.444444444444444,-0.444444444444444,FALSE,TRUE,TRUE,TRUE,FALSE
8,29,"Central Power & Light","cpl.t1fossil","8:29106","8:29106::cpl.t1fossil","triple","29106",0.633333333333333,0.75,0.407407407407407,0.444444444444444,0.654545454545455,0.414141414141414,0.833333333333333,12,FALSE,FALSE,-0.24040404040404,-0.225925925925926,0.24040404040404,0.305555555555556,-0.305555555555556,0.6,0.75,0.402777777777778,0.444444444444444,0.63,0.411111111111111,0.8,10,FALSE,FALSE,-0.218888888888889,-0.197222222222222,0.218888888888889,0.305555555555556,-0.305555555555556,FALSE,FALSE,TRUE,TRUE,FALSE
8,29,"Central Power & Light","cpl.t1fossil","8:29107","8:29107::cpl.t1fossil","triple","29107",0.74,0.4,0.733333333333333,0.666666666666667,0.709090909090909,0.727272727272727,0.909090909090909,11,FALSE,FALSE,-0.0181818181818182,0.0066666666666666,0.0181818181818182,0.266666666666667,-0.266666666666667,0.74,0.4,0.733333333333333,0.666666666666667,0.709090909090909,0.727272727272727,0.909090909090909,11,FALSE,FALSE,-0.0181818181818182,0.0066666666666666,0.0181818181818182,0.266666666666667,-0.266666666666667,FALSE,TRUE,TRUE,TRUE,FALSE
8,29,"Central Power & Light","cpl.t1fossil","8:29108","8:29108::cpl.t1fossil","triple","29108",0.733333333333333,0.666666666666667,0.712962962962963,0.666666666666667,0.72,0.703703703703704,0.8,15,FALSE,FALSE,0.0162962962962963,0.0203703703703705,-0.0162962962962963,0,0,0.733333333333333,0.666666666666667,0.712962962962963,0.666666666666667,0.72,0.703703703703704,0.8,15,FALSE,FALSE,0.0162962962962963,0.0203703703703705,-0.0162962962962963,0,0,TRUE,TRUE,FALSE,FALSE,FALSE
8,29,"Central Power & Light","cpl.t1fossil","8:29110","8:29110::cpl.t1fossil","triple","29110",0.7,0.9,0.818181818181818,1,0.716666666666667,0.833333333333333,0.916666666666667,12,FALSE,FALSE,0.116666666666667,0.118181818181818,-0.116666666666667,-0.1,0.1,0.7,0.9,0.818181818181818,1,0.716666666666667,0.833333333333333,0.916666666666667,12,FALSE,FALSE,0.116666666666667,0.118181818181818,-0.116666666666667,-0.1,0.1,TRUE,TRUE,FALSE,FALSE,TRUE
8,29,"Central Power & Light","cpl.t1fossil","8:29111","8:29111::cpl.t1fossil","triple","29111",0.627272727272727,0.5,0.656565656565657,0.222222222222222,0.616666666666667,0.62037037037037,0.916666666666667,12,FALSE,FALSE,-0.00370370370370365,-0.0292929292929293,0.00370370370370365,-0.277777777777778,0.277777777777778,0.627272727272727,0.5,0.656565656565657,0.222222222222222,0.616666666666667,0.62037037037037,0.916666666666667,12,FALSE,FALSE,-0.00370370370370365,-0.0292929292929293,0.00370370370370365,-0.277777777777778,0.277777777777778,FALSE,FALSE,TRUE,FALSE,TRUE
8,29,"Central Power & Light","cpl.t1fossil","8:29114","8:29114::cpl.t1fossil","triple","29114",0.633333333333333,0.5,0.787037037037037,0.444444444444444,0.62,0.760683760683761,0.923076923076923,13,FALSE,FALSE,-0.140683760683761,-0.153703703703704,0.140683760683761,-0.0555555555555556,0.0555555555555556,0.633333333333333,0.5,0.777777777777778,0.444444444444444,0.62,0.744444444444444,0.9,10,FALSE,FALSE,-0.124444444444444,-0.144444444444444,0.124444444444444,-0.0555555555555556,0.0555555555555556,FALSE,FALSE,TRUE,FALSE,TRUE
8,29,"Central Power & Light","cpl.t1fossil","8:29115","8:29115::cpl.t1fossil","triple","29115",0.746153846153846,0.9,0.88034188034188,0.722222222222222,0.766666666666667,0.859259259259259,0.866666666666667,15,FALSE,FALSE,0.0925925925925926,0.134188034188034,-0.0925925925925926,0.177777777777778,-0.177777777777778,0.746153846153846,0.9,0.88034188034188,0.722222222222222,0.766666666666667,0.859259259259259,0.866666666666667,15,FALSE,FALSE,0.0925925925925926,0.134188034188034,-0.0925925925925926,0.177777777777778,-0.177777777777778,TRUE,TRUE,FALSE,TRUE,FALSE
8,29,"Central Power & Light","cpl.t1fossil","8:29116","8:29116::cpl.t1fossil","triple","29116",0.725,0.5,0.722222222222222,0.444444444444444,0.7,0.696969696969697,0.909090909090909,11,FALSE,FALSE,0.00303030303030305,0.00277777777777777,-0.00303030303030305,-0.0555555555555556,0.0555555555555556,0.725,0.5,0.763888888888889,0.444444444444444,0.7,0.728395061728395,0.888888888888889,9,FALSE,FALSE,-0.0283950617283951,-0.0388888888888889,0.0283950617283951,-0.0555555555555556,0.0555555555555556,TRUE,TRUE,FALSE,FALSE,TRUE
8,29,"Central Power & Light","cpl.t1buypwr","8:29102","8:29102::cpl.t1buypwr","triple","29102",0.5875,0.5,0.533333333333333,0.633333333333333,0.563636363636364,0.558333333333333,0.75,12,FALSE,FALSE,0.00530303030303025,0.0541666666666667,-0.00530303030303025,0.133333333333333,-0.133333333333333,0.5875,0.5,0.5625,0.633333333333333,0.563636363636364,0.581818181818182,0.727272727272727,11,FALSE,FALSE,-0.0181818181818182,0.025,0.0181818181818182,0.133333333333333,-0.133333333333333,TRUE,TRUE,FALSE,TRUE,FALSE
8,29,"Central Power & Light","cpl.t1buypwr","8:29103","8:29103::cpl.t1buypwr","triple","29103",0.46,0.2,0.445454545454545,0.9,0.436363636363636,0.483333333333333,0.916666666666667,12,FALSE,FALSE,-0.046969696969697,0.0145454545454546,0.046969696969697,0.7,-0.7,0.46,0.2,0.44,0.9,0.436363636363636,0.481818181818182,0.909090909090909,11,FALSE,FALSE,-0.0454545454545455,0.02,0.0454545454545455,0.7,-0.7,FALSE,TRUE,TRUE,TRUE,FALSE
8,29,"Central Power & Light","cpl.t1buypwr","8:29105","8:29105::cpl.t1buypwr","triple","29105",0.6125,0.8,0.8125,0.5,0.633333333333333,0.777777777777778,0.888888888888889,9,FALSE,FALSE,0.144444444444444,0.2,-0.144444444444444,0.3,-0.3,0.6125,0.8,0.8125,0.5,0.633333333333333,0.777777777777778,0.888888888888889,9,FALSE,FALSE,0.144444444444444,0.2,-0.144444444444444,0.3,-0.3,TRUE,TRUE,FALSE,TRUE,FALSE
8,29,"Central Power & Light","cpl.t1buypwr","8:29106","8:29106::cpl.t1buypwr","triple","29106",0.49,0.5,0.733333333333333,1,0.490909090909091,0.781818181818182,0.833333333333333,12,FALSE,FALSE,0.290909090909091,0.243333333333333,-0.290909090909091,-0.5,0.5,0.455555555555556,0.5,0.733333333333333,1,0.46,0.76,0.9,10,FALSE,FALSE,0.3,0.277777777777778,-0.3,-0.5,0.5,TRUE,TRUE,FALSE,FALSE,TRUE
8,29,"Central Power & Light","cpl.t1buypwr","8:29107","8:29107::cpl.t1buypwr","triple","29107",0.37,0.5,0.38,0.6,0.381818181818182,0.4,0.909090909090909,11,FALSE,FALSE,0.0181818181818182,0.01,-0.0181818181818182,-0.1,0.1,0.37,0.5,0.38,0.6,0.381818181818182,0.4,0.909090909090909,11,FALSE,FALSE,0.0181818181818182,0.01,-0.0181818181818182,-0.1,0.1,TRUE,TRUE,FALSE,FALSE,TRUE
8,29,"Central Power & Light","cpl.t1buypwr","8:29108","8:29108::cpl.t1buypwr","triple","29108",0.391666666666667,0.266666666666667,0.533333333333333,0.766666666666667,0.366666666666667,0.58,0.8,15,FALSE,FALSE,-0.213333333333333,-0.141666666666667,0.213333333333333,0.5,-0.5,0.391666666666667,0.266666666666667,0.533333333333333,0.766666666666667,0.366666666666667,0.58,0.8,15,FALSE,FALSE,-0.213333333333333,-0.141666666666667,0.213333333333333,0.5,-0.5,FALSE,FALSE,TRUE,TRUE,FALSE
8,29,"Central Power & Light","cpl.t1buypwr","8:29110","8:29110::cpl.t1buypwr","triple","29110",0.39,0.2,0.445454545454545,0,0.372727272727273,0.408333333333333,0.916666666666667,12,FALSE,FALSE,-0.0356060606060606,-0.0554545454545454,0.0356060606060606,-0.2,0.2,0.39,0.2,0.42,0,0.372727272727273,0.381818181818182,0.909090909090909,11,FALSE,FALSE,-0.00909090909090909,-0.03,0.00909090909090909,-0.2,0.2,FALSE,FALSE,TRUE,FALSE,TRUE
8,29,"Central Power & Light","cpl.t1buypwr","8:29111","8:29111::cpl.t1buypwr","triple","29111",0.481818181818182,0.3,0.454545454545455,0.8,0.466666666666667,0.483333333333333,0.916666666666667,12,FALSE,FALSE,-0.0166666666666667,0.0272727272727273,0.0166666666666667,0.5,-0.5,0.481818181818182,0.3,0.454545454545455,0.8,0.466666666666667,0.483333333333333,0.916666666666667,12,FALSE,FALSE,-0.0166666666666667,0.0272727272727273,0.0166666666666667,0.5,-0.5,FALSE,TRUE,TRUE,TRUE,FALSE
8,29,"Central Power & Light","cpl.t1buypwr","8:29114","8:29114::cpl.t1buypwr","triple","29114",0.416666666666667,0.3,0.283333333333333,0.2,0.407692307692308,0.276923076923077,0.923076923076923,13,FALSE,FALSE,0.130769230769231,0.133333333333333,-0.130769230769231,-0.1,0.1,0.416666666666667,0.3,0.283333333333333,0.2,0.407692307692308,0.276923076923077,0.923076923076923,13,FALSE,FALSE,0.130769230769231,0.133333333333333,-0.130769230769231,-0.1,0.1,TRUE,TRUE,FALSE,FALSE,TRUE
8,29,"Central Power & Light","cpl.t1buypwr","8:29115","8:29115::cpl.t1buypwr","triple","29115",0.418181818181818,0.25,0.538461538461538,0.55,0.392307692307692,0.54,0.866666666666667,15,FALSE,FALSE,-0.147692307692308,-0.12027972027972,0.147692307692308,0.3,-0.3,0.418181818181818,0.25,0.536363636363636,0.55,0.392307692307692,0.538461538461538,0.846153846153846,13,FALSE,FALSE,-0.146153846153846,-0.118181818181818,0.146153846153846,0.3,-0.3,FALSE,FALSE,TRUE,TRUE,FALSE
8,29,"Central Power & Light","cpl.t1buypwr","8:29116","8:29116::cpl.t1buypwr","triple","29116",0.466666666666667,0.5,0.52,0.5,0.47,0.518181818181818,0.909090909090909,11,FALSE,FALSE,0.0481818181818182,0.0533333333333333,-0.0481818181818182,0,0,0.466666666666667,0.5,0.488888888888889,0.5,0.47,0.49,0.9,10,FALSE,FALSE,0.02,0.0222222222222222,-0.02,0,0,TRUE,TRUE,FALSE,FALSE,FALSE
10,53,"Bulgarian National","bulgaria.bulgaria.t1tghpc","10:5304","10:5304::bulgaria.bulgaria.t1tghpc","triple","5304",0.742559522390366,0.25,0.605769230769231,0.4375,0.709722220897675,0.59375,0.933333333333333,15,FALSE,FALSE,0.115972220897675,0.136790291621135,-0.115972220897675,0.1875,-0.1875,0.756410254881932,0.25,0.605769230769231,0.4375,0.720238093818937,0.59375,0.928571428571429,14,FALSE,FALSE,0.126488093818937,0.150641024112701,-0.126488093818937,0.1875,-0.1875,TRUE,TRUE,FALSE,TRUE,FALSE
10,53,"Bulgarian National","bulgaria.bulgaria.t1tghpc","10:5305","10:5305::bulgaria.bulgaria.t1tghpc","triple","5305",0.869444445768992,0.625,0.857142857142857,0.5,0.85416666790843,0.833333333333333,0.9375,16,FALSE,FALSE,0.0208333345750967,0.0123015886261351,-0.0208333345750967,-0.125,0.125,0.860119049038206,0.625,0.857142857142857,0.5,0.844444445768992,0.833333333333333,0.933333333333333,15,FALSE,FALSE,0.0111111124356588,0.0029761918953487,-0.0111111124356588,-0.125,0.125,TRUE,TRUE,FALSE,FALSE,TRUE
10,53,"Bulgarian National","bulgaria.bulgaria.t1tghpc","10:5306","10:5306::bulgaria.bulgaria.t1tghpc","triple","5306",0.77213541790843,0.6875,0.5390625,0.25,0.767156863913817,0.522058823529412,0.941176470588235,17,FALSE,FALSE,0.245098040384405,0.23307291790843,-0.245098040384405,-0.4375,0.4375,0.77213541790843,0.6875,0.5390625,0.25,0.767156863913817,0.522058823529412,0.941176470588235,17,FALSE,FALSE,0.245098040384405,0.23307291790843,-0.245098040384405,-0.4375,0.4375,TRUE,TRUE,FALSE,FALSE,TRUE
10,53,"Bulgarian National","bulgaria.bulgaria.t1tghpc","10:5307","10:5307::bulgaria.bulgaria.t1tghpc","triple","5307",0.875,0.75,0.675595238804817,0.375,0.866666666666667,0.655555556217829,0.933333333333333,15,FALSE,FALSE,0.211111110448837,0.199404761195183,-0.211111110448837,-0.375,0.375,0.875,0.75,0.675595238804817,0.375,0.866666666666667,0.655555556217829,0.933333333333333,15,FALSE,FALSE,0.211111110448837,0.199404761195183,-0.211111110448837,-0.375,0.375,TRUE,TRUE,FALSE,FALSE,TRUE
10,53,"Bulgarian National","bulgaria.bulgaria.t1tghpc","10:5311","10:5311::bulgaria.bulgaria.t1tghpc","triple","5311",0.794642857142857,0.59375,0.529761907245432,0.34375,0.76953125,0.506510418839753,0.875,16,FALSE,FALSE,0.263020831160247,0.264880949897425,-0.263020831160247,-0.25,0.25,0.794642857142857,0.59375,0.529761907245432,0.34375,0.76953125,0.506510418839753,0.875,16,FALSE,FALSE,0.263020831160247,0.264880949897425,-0.263020831160247,-0.25,0.25,TRUE,TRUE,FALSE,FALSE,TRUE
10,53,"Bulgarian National","bulgaria.bulgaria.t1tghpc","10:5312","10:5312::bulgaria.bulgaria.t1tghpc","triple","5312",0.860119049038206,0.75,0.620535714285714,0.6875,0.852777779102325,0.625,0.933333333333333,15,FALSE,FALSE,0.227777779102325,0.239583334752491,-0.227777779102325,-0.0625,0.0625,0.860119049038206,0.75,0.620535714285714,0.6875,0.852777779102325,0.625,0.933333333333333,15,FALSE,FALSE,0.227777779102325,0.239583334752491,-0.227777779102325,-0.0625,0.0625,TRUE,TRUE,FALSE,FALSE,TRUE
10,53,"Bulgarian National","bulgaria.bulgaria.t1tghpc","10:5313","10:5313::bulgaria.bulgaria.t1tghpc","triple","5313",0.80514705882353,0.75,0.56372548902736,0.375,0.802083333333333,0.553240739636951,0.944444444444444,18,FALSE,FALSE,0.248842593696382,0.24142156979617,-0.248842593696382,-0.375,0.375,0.80514705882353,0.75,0.56372548902736,0.375,0.802083333333333,0.553240739636951,0.944444444444444,18,FALSE,FALSE,0.248842593696382,0.24142156979617,-0.248842593696382,-0.375,0.375,TRUE,TRUE,FALSE,FALSE,TRUE
10,53,"Bulgarian National","bulgaria.bulgaria.t1tghpc","10:5314","10:5314::bulgaria.bulgaria.t1tghpc","triple","5314",0.864583334752491,0.8125,0.7875,0.5625,0.861111112435659,0.7734375,0.9375,16,FALSE,FALSE,0.0876736124356587,0.0770833347524915,-0.0876736124356587,-0.25,0.25,0.864583334752491,0.8125,0.790178571428571,0.5625,0.861111112435659,0.775,0.933333333333333,15,FALSE,FALSE,0.0861111124356587,0.0744047633239201,-0.0861111124356587,-0.25,0.25,TRUE,TRUE,FALSE,FALSE,TRUE
10,53,"Bulgarian National","bulgaria.bulgaria.t1tghpc","10:5317","10:5317::bulgaria.bulgaria.t1tghpc","triple","5317",0.834722220897675,0.5625,0.606944443782171,0.625,0.81770833209157,0.608072916045785,0.9375,16,FALSE,FALSE,0.209635416045785,0.227777777115504,-0.209635416045785,0.0625,-0.0625,0.834722220897675,0.5625,0.606944443782171,0.625,0.81770833209157,0.608072916045785,0.9375,16,FALSE,FALSE,0.209635416045785,0.227777777115504,-0.209635416045785,0.0625,-0.0625,TRUE,TRUE,FALSE,TRUE,FALSE
10,53,"Bulgarian National","bulgaria.bulgaria.t1clibe","10:5304","10:5304::bulgaria.bulgaria.t1clibe","triple","5304",0.419940482825041,0.100000001490116,0.48044870994412,0.300000011920929,0.398611117402712,0.467559517228178,0.933333333333333,15,FALSE,FALSE,-0.0689483998254651,-0.060508227119079,0.0689483998254651,0.200000010430813,-0.200000010430813,0.428205135350044,0.100000001490116,0.48044870994412,0.300000011920929,0.404761911502906,0.467559517228178,0.928571428571429,14,FALSE,FALSE,-0.0627976057252714,-0.0522435745940759,0.0627976057252714,0.200000010430813,-0.200000010430813,FALSE,FALSE,TRUE,TRUE,FALSE
10,53,"Bulgarian National","bulgaria.bulgaria.t1clibe","10:5305","10:5305::bulgaria.bulgaria.t1clibe","triple","5305",0.478611115614573,0.200000002980232,0.603611112137636,0.25,0.461197921074927,0.581510417629033,0.9375,16,FALSE,FALSE,-0.120312496554106,-0.124999996523062,0.120312496554106,0.0499999970197678,-0.0499999970197678,0.478611115614573,0.200000002980232,0.603611112137636,0.25,0.461197921074927,0.581510417629033,0.9375,16,FALSE,FALSE,-0.120312496554106,-0.124999996523062,0.120312496554106,0.0499999970197678,-0.0499999970197678,FALSE,FALSE,TRUE,TRUE,FALSE
10,53,"Bulgarian National","bulgaria.bulgaria.t1clibe","10:5306","10:5306::bulgaria.bulgaria.t1clibe","triple","5306",0.402343753958121,0.550000011920929,0.340625000884756,0.349999994039536,0.411029416191227,0.341176471070332,0.941176470588235,17,FALSE,FALSE,-0.0698529451208956,-0.0617187530733645,0.0698529451208956,0.200000017881393,-0.200000017881393,0.402343753958121,0.550000011920929,0.340625000884756,0.349999994039536,0.411029416191227,0.341176471070332,0.941176470588235,17,FALSE,FALSE,-0.0698529451208956,-0.0617187530733645,0.0698529451208956,0.200000017881393,-0.200000017881393,FALSE,FALSE,TRUE,TRUE,FALSE
10,53,"Bulgarian National","bulgaria.bulgaria.t1clibe","10:5307","10:5307::bulgaria.bulgaria.t1clibe","triple","5307",0.487797621371491,0.150000005960464,0.346428577389036,0.300000011920929,0.465277780344089,0.343333339691162,0.933333333333333,15,FALSE,FALSE,0.121944440652927,0.141369043982455,-0.121944440652927,0.150000005960464,-0.150000005960464,0.487797621371491,0.150000005960464,0.346428577389036,0.300000011920929,0.465277780344089,0.343333339691162,0.933333333333333,15,FALSE,FALSE,0.121944440652927,0.141369043982455,-0.121944440652927,0.150000005960464,-0.150000005960464,TRUE,TRUE,FALSE,TRUE,FALSE
10,53,"Bulgarian National","bulgaria.bulgaria.t1clibe","10:5311","10:5311::bulgaria.bulgaria.t1clibe","triple","5311",0.441071429156831,0.100000001490116,0.377678572067193,0.150000005960464,0.398437500698492,0.349218751303852,0.875,16,FALSE,FALSE,0.0492187493946403,0.0633928570896387,-0.0492187493946403,0.0500000044703484,-0.0500000044703484,0.441071429156831,0.100000001490116,0.377678572067193,0.150000005960464,0.398437500698492,0.349218751303852,0.875,16,FALSE,FALSE,0.0492187493946403,0.0633928570896387,-0.0492187493946403,0.0500000044703484,-0.0500000044703484,TRUE,TRUE,FALSE,TRUE,FALSE
10,53,"Bulgarian National","bulgaria.bulgaria.t1clibe","10:5312","10:5312::bulgaria.bulgaria.t1clibe","triple","5312",0.47053571577583,0.400000005960464,0.417857142431395,0.200000002980232,0.465833335121473,0.403333333134651,0.933333333333333,15,FALSE,FALSE,0.0625000019868215,0.052678573344435,-0.0625000019868215,-0.200000002980232,0.200000002980232,0.47053571577583,0.400000005960464,0.417857142431395,0.200000002980232,0.465833335121473,0.403333333134651,0.933333333333333,15,FALSE,FALSE,0.0625000019868215,0.052678573344435,-0.0625000019868215,-0.200000002980232,0.200000002980232,TRUE,TRUE,FALSE,FALSE,TRUE
10,53,"Bulgarian National","bulgaria.bulgaria.t1clibe","10:5313","10:5313::bulgaria.bulgaria.t1clibe","triple","5313",0.555147057070452,0.349999994039536,0.496323527001283,0.300000011920929,0.543749998013178,0.485416665052374,0.944444444444444,18,FALSE,FALSE,0.0583333329608043,0.0588235300691689,-0.0583333329608043,-0.0499999821186066,0.0499999821186066,0.555147057070452,0.349999994039536,0.496323527001283,0.300000011920929,0.543749998013178,0.485416665052374,0.944444444444444,18,FALSE,FALSE,0.0583333329608043,0.0588235300691689,-0.0583333329608043,-0.0499999821186066,0.0499999821186066,TRUE,TRUE,FALSE,FALSE,TRUE
10,53,"Bulgarian National","bulgaria.bulgaria.t1clibe","10:5314","10:5314::bulgaria.bulgaria.t1clibe","triple","5314",0.485000005364418,0.300000011920929,0.505000005414089,0.200000002980232,0.4734375057742,0.485937505261973,0.9375,16,FALSE,FALSE,-0.0124999994877726,-0.0200000000496705,0.0124999994877726,-0.100000008940697,0.100000008940697,0.485000005364418,0.300000011920929,0.505000005414089,0.200000002980232,0.4734375057742,0.485937505261973,0.9375,16,FALSE,FALSE,-0.0124999994877726,-0.0200000000496705,0.0124999994877726,-0.100000008940697,0.100000008940697,FALSE,FALSE,TRUE,FALSE,TRUE
10,53,"Bulgarian National","bulgaria.bulgaria.t1clibe","10:5317","10:5317::bulgaria.bulgaria.t1clibe","triple","5317",0.476666671037674,0.25,0.516666672627131,0.200000002980232,0.462500004097819,0.4968750057742,0.9375,16,FALSE,FALSE,-0.0343750016763806,-0.0400000015894572,0.0343750016763806,-0.0499999970197678,0.0499999970197678,0.476666671037674,0.25,0.516666672627131,0.200000002980232,0.462500004097819,0.4968750057742,0.9375,16,FALSE,FALSE,-0.0343750016763806,-0.0400000015894572,0.0343750016763806,-0.0499999970197678,0.0499999970197678,FALSE,FALSE,TRUE,FALSE,TRUE
10,53,"Bulgarian National","bulgaria.bulgaria.t1q8_7","10:5304","10:5304::bulgaria.bulgaria.t1q8_7","triple","5304",0.732142857142857,0.75,0.5625,0.5,0.733333333333333,0.557692307692308,0.933333333333333,15,FALSE,FALSE,-0.175641025641026,-0.169642857142857,0.175641025641026,0.25,-0.25,0.708333333333333,0.75,0.5625,0.5,0.711538461538462,0.557692307692308,0.923076923076923,13,FALSE,FALSE,-0.153846153846154,-0.145833333333333,0.153846153846154,0.25,-0.25,FALSE,FALSE,TRUE,TRUE,FALSE
10,53,"Bulgarian National","bulgaria.bulgaria.t1q8_7","10:5305","10:5305::bulgaria.bulgaria.t1q8_7","triple","5305",0.730769230769231,0.75,0.727272727272727,0.5,0.732142857142857,0.708333333333333,0.9375,16,FALSE,FALSE,-0.0238095238095237,-0.00349650349650343,0.0238095238095237,0.25,-0.25,0.722222222222222,0.75,0.75,0.5,0.725,0.725,0.9,10,FALSE,TRUE,0,0.0277777777777778,0,0.25,-0.25,FALSE,FALSE,TRUE,TRUE,FALSE
10,53,"Bulgarian National","bulgaria.bulgaria.t1q8_7","10:5306","10:5306::bulgaria.bulgaria.t1q8_7","triple","5306",0.6875,1,0.6,0,0.705882352941177,0.5625,0.941176470588235,17,FALSE,FALSE,-0.143382352941177,-0.0875,0.143382352941177,1,-1,0.733333333333333,1,0.6,0,0.75,0.5625,0.9375,16,FALSE,FALSE,-0.1875,-0.133333333333333,0.1875,1,-1,FALSE,FALSE,TRUE,TRUE,FALSE
10,53,"Bulgarian National","bulgaria.bulgaria.t1q8_7","10:5307","10:5307::bulgaria.bulgaria.t1q8_7","triple","5307",0.75,0.5,0.596153846153846,0.75,0.732142857142857,0.607142857142857,0.933333333333333,15,FALSE,FALSE,0.125,0.153846153846154,-0.125,0.25,-0.25,0.729166666666667,0.5,0.604166666666667,0.75,0.711538461538462,0.615384615384615,0.923076923076923,13,FALSE,FALSE,0.0961538461538461,0.125,-0.0961538461538461,0.25,-0.25,TRUE,TRUE,FALSE,TRUE,FALSE
10,53,"Bulgarian National","bulgaria.bulgaria.t1q8_7","10:5311","10:5311::bulgaria.bulgaria.t1q8_7","triple","5311",0.660714285714286,0.625,0.791666666666667,0.625,0.65625,0.767857142857143,0.875,16,FALSE,FALSE,-0.111607142857143,-0.130952380952381,0.111607142857143,0,0,0.625,0.625,0.791666666666667,0.625,0.625,0.767857142857143,0.857142857142857,14,TRUE,FALSE,NA,NA,NA,NA,NA,FALSE,FALSE,TRUE,FALSE,FALSE
10,53,"Bulgarian National","bulgaria.bulgaria.t1q8_7","10:5312","10:5312::bulgaria.bulgaria.t1q8_7","triple","5312",0.660714285714286,1,0.615384615384615,1,0.683333333333333,0.642857142857143,0.933333333333333,15,FALSE,FALSE,-0.0404761904761904,-0.0453296703296703,0.0404761904761904,0,0,0.634615384615385,1,0.615384615384615,1,0.660714285714286,0.642857142857143,0.928571428571429,14,FALSE,FALSE,-0.0178571428571428,-0.0192307692307692,0.0178571428571428,0,0,FALSE,FALSE,TRUE,FALSE,FALSE
10,53,"Bulgarian National","bulgaria.bulgaria.t1q8_7","10:5313","10:5313::bulgaria.bulgaria.t1q8_7","triple","5313",0.671875,0.25,0.609375,0,0.647058823529412,0.573529411764706,0.944444444444444,18,FALSE,FALSE,0.073529411764706,0.0625,-0.073529411764706,-0.25,0.25,0.666666666666667,0.25,0.583333333333333,0,0.640625,0.546875,0.9375,16,FALSE,FALSE,0.09375,0.0833333333333334,-0.09375,-0.25,0.25,TRUE,TRUE,FALSE,FALSE,TRUE
10,53,"Bulgarian National","bulgaria.bulgaria.t1q8_7","10:5314","10:5314::bulgaria.bulgaria.t1q8_7","triple","5314",0.791666666666667,1,0.733333333333333,0.75,0.807692307692308,0.734375,0.9375,16,FALSE,FALSE,-0.0733173076923077,-0.0583333333333333,0.0733173076923077,0.25,-0.25,0.791666666666667,1,0.75,0.75,0.807692307692308,0.75,0.923076923076923,13,FALSE,FALSE,-0.0576923076923077,-0.0416666666666666,0.0576923076923077,0.25,-0.25,FALSE,FALSE,TRUE,TRUE,FALSE
10,53,"Bulgarian National","bulgaria.bulgaria.t1q8_7","10:5317","10:5317::bulgaria.bulgaria.t1q8_7","triple","5317",0.75,1,0.576923076923077,0,0.766666666666667,0.535714285714286,0.9375,16,FALSE,FALSE,-0.230952380952381,-0.173076923076923,0.230952380952381,1,-1,0.729166666666667,1,0.604166666666667,0,0.75,0.557692307692308,0.923076923076923,13,FALSE,FALSE,-0.192307692307692,-0.125,0.192307692307692,1,-1,FALSE,FALSE,TRUE,TRUE,FALSE
10,53,"Bulgarian National","bulgaria.bulgaria.t1q8_1","10:5304","10:5304::bulgaria.bulgaria.t1q8_1","triple","5304",0.923076923076923,0.75,0.892857142857143,0.75,0.910714285714286,0.883333333333333,0.933333333333333,15,FALSE,FALSE,0.0273809523809524,0.0302197802197802,-0.0273809523809524,0,0,0.923076923076923,0.75,0.903846153846154,0.75,0.910714285714286,0.892857142857143,0.928571428571429,14,FALSE,FALSE,0.0178571428571428,0.0192307692307693,-0.0178571428571428,0,0,TRUE,TRUE,FALSE,FALSE,FALSE
10,53,"Bulgarian National","bulgaria.bulgaria.t1q8_1","10:5305","10:5305::bulgaria.bulgaria.t1q8_1","triple","5305",0.875,1,0.9375,0.75,0.883333333333333,0.923076923076923,0.9375,16,FALSE,FALSE,0.0397435897435898,0.0625,-0.0397435897435898,0.25,-0.25,0.854166666666667,1,0.9375,0.75,0.865384615384615,0.923076923076923,0.923076923076923,13,FALSE,FALSE,0.0576923076923077,0.0833333333333334,-0.0576923076923077,0.25,-0.25,TRUE,TRUE,FALSE,TRUE,FALSE
10,53,"Bulgarian National","bulgaria.bulgaria.t1q8_1","10:5306","10:5306::bulgaria.bulgaria.t1q8_1","triple","5306",0.9375,0.5,0.921875,0.75,0.911764705882353,0.911764705882353,0.941176470588235,17,FALSE,TRUE,0,0.015625,0,0.25,-0.25,0.9375,0.5,0.921875,0.75,0.911764705882353,0.911764705882353,0.941176470588235,17,FALSE,TRUE,0,0.015625,0,0.25,-0.25,FALSE,TRUE,FALSE,TRUE,FALSE
10,53,"Bulgarian National","bulgaria.bulgaria.t1q8_1","10:5307","10:5307::bulgaria.bulgaria.t1q8_1","triple","5307",1,1,0.910714285714286,1,1,0.916666666666667,0.933333333333333,15,TRUE,FALSE,NA,NA,NA,NA,NA,1,1,0.903846153846154,1,1,0.910714285714286,0.928571428571429,14,TRUE,FALSE,NA,NA,NA,NA,NA,NA,NA,NA,NA,NA
10,53,"Bulgarian National","bulgaria.bulgaria.t1q8_1","10:5311","10:5311::bulgaria.bulgaria.t1q8_1","triple","5311",0.928571428571429,0.625,0.980769230769231,1,0.890625,0.983333333333333,0.875,16,FALSE,FALSE,-0.0927083333333333,-0.0521978021978021,0.0927083333333333,0.375,-0.375,0.923076923076923,0.625,0.980769230769231,1,0.883333333333333,0.983333333333333,0.866666666666667,15,FALSE,FALSE,-0.1,-0.0576923076923076,0.1,0.375,-0.375,FALSE,FALSE,TRUE,TRUE,FALSE
10,53,"Bulgarian National","bulgaria.bulgaria.t1q8_1","10:5312","10:5312::bulgaria.bulgaria.t1q8_1","triple","5312",0.910714285714286,1,0.839285714285714,1,0.916666666666667,0.85,0.933333333333333,15,FALSE,FALSE,-0.0666666666666667,-0.0714285714285714,0.0666666666666667,0,0,0.910714285714286,1,0.839285714285714,1,0.916666666666667,0.85,0.933333333333333,15,FALSE,FALSE,-0.0666666666666667,-0.0714285714285714,0.0666666666666667,0,0,FALSE,FALSE,TRUE,FALSE,FALSE
10,53,"Bulgarian National","bulgaria.bulgaria.t1q8_1","10:5313","10:5313::bulgaria.bulgaria.t1q8_1","triple","5313",0.88235294117647,0.75,0.88235294117647,1,0.875,0.888888888888889,0.944444444444444,18,FALSE,FALSE,-0.0138888888888888,0,0.0138888888888888,0.25,-0.25,0.88235294117647,0.75,0.88235294117647,1,0.875,0.888888888888889,0.944444444444444,18,FALSE,FALSE,-0.0138888888888888,0,0.0138888888888888,0.25,-0.25,FALSE,FALSE,TRUE,TRUE,FALSE
10,53,"Bulgarian National","bulgaria.bulgaria.t1q8_1","10:5314","10:5314::bulgaria.bulgaria.t1q8_1","triple","5314",0.933333333333333,0.75,0.95,0.5,0.921875,0.921875,0.9375,16,FALSE,TRUE,0,-0.0166666666666666,0,-0.25,0.25,0.933333333333333,0.75,0.95,0.5,0.921875,0.921875,0.9375,16,FALSE,TRUE,0,-0.0166666666666666,0,-0.25,0.25,FALSE,FALSE,FALSE,FALSE,TRUE
10,53,"Bulgarian National","bulgaria.bulgaria.t1q8_1","10:5317","10:5317::bulgaria.bulgaria.t1q8_1","triple","5317",0.983333333333333,1,0.933333333333333,1,0.984375,0.9375,0.9375,16,FALSE,FALSE,-0.046875,-0.0499999999999999,0.046875,0,0,0.983333333333333,1,0.933333333333333,1,0.984375,0.9375,0.9375,16,FALSE,FALSE,-0.046875,-0.0499999999999999,0.046875,0,0,FALSE,FALSE,TRUE,FALSE,FALSE
10,53,"Bulgarian National","bulgaria.bulgaria.t1q8_8","10:5304","10:5304::bulgaria.bulgaria.t1q8_8","triple","5304",0.673076923076923,0.75,0.625,0.75,0.678571428571429,0.636363636363636,0.933333333333333,15,FALSE,FALSE,-0.0422077922077922,-0.0480769230769231,0.0422077922077922,0,0,0.775,0.75,0.625,0.75,0.772727272727273,0.636363636363636,0.909090909090909,11,FALSE,FALSE,0.136363636363636,0.15,-0.136363636363636,0,0,FALSE,FALSE,TRUE,FALSE,FALSE
10,53,"Bulgarian National","bulgaria.bulgaria.t1q8_8","10:5305","10:5305::bulgaria.bulgaria.t1q8_8","triple","5305",0.568181818181818,0.75,0.722222222222222,0.5,0.583333333333333,0.7,0.9375,16,FALSE,FALSE,0.116666666666667,0.154040404040404,-0.116666666666667,0.25,-0.25,0.5,0.75,0.6875,0.5,0.527777777777778,0.666666666666667,0.888888888888889,9,FALSE,FALSE,0.138888888888889,0.1875,-0.138888888888889,0.25,-0.25,TRUE,TRUE,FALSE,TRUE,FALSE
10,53,"Bulgarian National","bulgaria.bulgaria.t1q8_8","10:5306","10:5306::bulgaria.bulgaria.t1q8_8","triple","5306",0.933333333333333,1,0.821428571428571,0.75,0.9375,0.816666666666667,0.941176470588235,17,FALSE,FALSE,-0.120833333333333,-0.111904761904762,0.120833333333333,0.25,-0.25,0.923076923076923,1,0.846153846153846,0.75,0.928571428571429,0.839285714285714,0.928571428571429,14,FALSE,FALSE,-0.0892857142857143,-0.076923076923077,0.0892857142857143,0.25,-0.25,FALSE,FALSE,TRUE,TRUE,FALSE
10,53,"Bulgarian National","bulgaria.bulgaria.t1q8_8","10:5307","10:5307::bulgaria.bulgaria.t1q8_8","triple","5307",0.846153846153846,1,0.865384615384615,1,0.857142857142857,0.875,0.933333333333333,15,FALSE,FALSE,0.0178571428571429,0.0192307692307693,-0.0178571428571429,0,0,0.833333333333333,1,0.916666666666667,1,0.846153846153846,0.923076923076923,0.923076923076923,13,FALSE,FALSE,0.076923076923077,0.0833333333333333,-0.076923076923077,0,0,TRUE,TRUE,FALSE,FALSE,FALSE
10,53,"Bulgarian National","bulgaria.bulgaria.t1q8_8","10:5311","10:5311::bulgaria.bulgaria.t1q8_8","triple","5311",0.846153846153846,0.875,0.854166666666667,0.875,0.85,0.857142857142857,0.875,16,FALSE,FALSE,0.00714285714285712,0.00801282051282048,-0.00714285714285712,0,0,0.840909090909091,0.875,0.863636363636364,0.875,0.846153846153846,0.865384615384615,0.846153846153846,13,FALSE,FALSE,0.0192307692307693,0.0227272727272727,-0.0192307692307693,0,0,TRUE,TRUE,FALSE,FALSE,FALSE
10,53,"Bulgarian National","bulgaria.bulgaria.t1q8_8","10:5312","10:5312::bulgaria.bulgaria.t1q8_8","triple","5312",0.903846153846154,0.75,0.673076923076923,0.75,0.892857142857143,0.678571428571429,0.933333333333333,15,FALSE,FALSE,0.214285714285714,0.230769230769231,-0.214285714285714,0,0,0.895833333333333,0.75,0.645833333333333,0.75,0.884615384615385,0.653846153846154,0.923076923076923,13,FALSE,FALSE,0.230769230769231,0.25,-0.230769230769231,0,0,TRUE,TRUE,FALSE,FALSE,FALSE
10,53,"Bulgarian National","bulgaria.bulgaria.t1q8_8","10:5313","10:5313::bulgaria.bulgaria.t1q8_8","triple","5313",0.7,0.75,0.7,1,0.703125,0.71875,0.944444444444444,18,FALSE,FALSE,0.015625,0,-0.015625,-0.25,0.25,0.678571428571429,0.75,0.678571428571429,1,0.683333333333333,0.7,0.933333333333333,15,FALSE,FALSE,0.0166666666666666,0,-0.0166666666666666,-0.25,0.25,TRUE,FALSE,FALSE,FALSE,TRUE
10,53,"Bulgarian National","bulgaria.bulgaria.t1q8_8","10:5314","10:5314::bulgaria.bulgaria.t1q8_8","triple","5314",0.8125,1,0.714285714285714,0.75,0.826923076923077,0.716666666666667,0.9375,16,FALSE,FALSE,-0.11025641025641,-0.0982142857142857,0.11025641025641,0.25,-0.25,0.8125,1,0.75,0.75,0.826923076923077,0.75,0.923076923076923,13,FALSE,FALSE,-0.0769230769230769,-0.0625,0.0769230769230769,0.25,-0.25,FALSE,FALSE,TRUE,TRUE,FALSE
10,53,"Bulgarian National","bulgaria.bulgaria.t1q8_8","10:5317","10:5317::bulgaria.bulgaria.t1q8_8","triple","5317",0.683333333333333,1,0.8,1,0.703125,0.8125,0.9375,16,FALSE,FALSE,0.109375,0.116666666666667,-0.109375,0,0,0.683333333333333,1,0.8,1,0.703125,0.8125,0.9375,16,FALSE,FALSE,0.109375,0.116666666666667,-0.109375,0,0,TRUE,TRUE,FALSE,FALSE,FALSE
10,53,"Bulgarian National","bulgaria.bulgaria.t1q8_11","10:5304","10:5304::bulgaria.bulgaria.t1q8_11","triple","5304",0.788461538461538,0.75,0.575,0.75,0.785714285714286,0.590909090909091,0.933333333333333,15,FALSE,FALSE,0.194805194805195,0.213461538461538,-0.194805194805195,0,0,0.85,0.75,0.575,0.75,0.840909090909091,0.590909090909091,0.909090909090909,11,FALSE,FALSE,0.25,0.275,-0.25,0,0,TRUE,TRUE,FALSE,FALSE,FALSE
10,53,"Bulgarian National","bulgaria.bulgaria.t1q8_11","10:5305","10:5305::bulgaria.bulgaria.t1q8_11","triple","5305",0.673076923076923,0.5,0.75,0.75,0.660714285714286,0.75,0.9375,16,FALSE,FALSE,-0.0892857142857143,-0.0769230769230769,0.0892857142857143,0.25,-0.25,0.675,0.5,0.7,0.75,0.659090909090909,0.704545454545455,0.909090909090909,11,FALSE,FALSE,-0.0454545454545455,-0.0249999999999999,0.0454545454545455,0.25,-0.25,FALSE,FALSE,TRUE,TRUE,FALSE
10,53,"Bulgarian National","bulgaria.bulgaria.t1q8_11","10:5306","10:5306::bulgaria.bulgaria.t1q8_11","triple","5306",0.71875,0.25,0.40625,NA,0.691176470588235,0.40625,0.941176470588235,17,FALSE,FALSE,0.284926470588235,0.3125,-0.284926470588235,NA,NA,NA,NA,NA,NA,NA,NA,NA,NA,NA,NA,NA,NA,NA,NA,NA,TRUE,TRUE,FALSE,NA,NA
10,53,"Bulgarian National","bulgaria.bulgaria.t1q8_11","10:5307","10:5307::bulgaria.bulgaria.t1q8_11","triple","5307",0.903846153846154,0.25,0.615384615384615,0.25,0.857142857142857,0.589285714285714,0.933333333333333,15,FALSE,FALSE,0.267857142857143,0.288461538461538,-0.267857142857143,0,0,0.895833333333333,0.25,0.583333333333333,0.25,0.846153846153846,0.557692307692308,0.923076923076923,13,FALSE,FALSE,0.288461538461538,0.3125,-0.288461538461538,0,0,TRUE,TRUE,FALSE,FALSE,FALSE
10,53,"Bulgarian National","bulgaria.bulgaria.t1q8_11","10:5311","10:5311::bulgaria.bulgaria.t1q8_11","triple","5311",0.571428571428571,0.5,0.576923076923077,0.375,0.5625,0.55,0.875,16,FALSE,FALSE,0.0125,-0.00549450549450547,-0.0125,-0.125,0.125,0.538461538461539,0.5,0.576923076923077,0.375,0.533333333333333,0.55,0.866666666666667,15,FALSE,FALSE,-0.0166666666666667,-0.0384615384615383,0.0166666666666667,-0.125,0.125,TRUE,FALSE,FALSE,FALSE,TRUE
10,53,"Bulgarian National","bulgaria.bulgaria.t1q8_11","10:5312","10:5312::bulgaria.bulgaria.t1q8_11","triple","5312",0.875,0.75,0.769230769230769,0.75,0.866666666666667,0.767857142857143,0.933333333333333,15,FALSE,FALSE,0.0988095238095238,0.105769230769231,-0.0988095238095238,0,0,0.865384615384615,0.75,0.769230769230769,0.75,0.857142857142857,0.767857142857143,0.928571428571429,14,FALSE,FALSE,0.0892857142857142,0.0961538461538461,-0.0892857142857142,0,0,TRUE,TRUE,FALSE,FALSE,FALSE
10,53,"Bulgarian National","bulgaria.bulgaria.t1q8_11","10:5313","10:5313::bulgaria.bulgaria.t1q8_11","triple","5313",0.8125,0.75,0.666666666666667,0.75,0.808823529411765,0.671875,0.944444444444444,18,FALSE,FALSE,0.136948529411765,0.145833333333333,-0.136948529411765,0,0,0.803571428571429,0.75,0.642857142857143,0.75,0.8,0.65,0.933333333333333,15,FALSE,FALSE,0.15,0.160714285714286,-0.15,0,0,TRUE,TRUE,FALSE,FALSE,FALSE
10,53,"Bulgarian National","bulgaria.bulgaria.t1q8_11","10:5314","10:5314::bulgaria.bulgaria.t1q8_11","triple","5314",0.769230769230769,1,0.785714285714286,0.75,0.785714285714286,0.783333333333333,0.9375,16,FALSE,FALSE,-0.00238095238095237,0.0164835164835164,0.00238095238095237,0.25,-0.25,0.75,1,0.770833333333333,0.75,0.769230769230769,0.769230769230769,0.923076923076923,13,FALSE,TRUE,0,0.0208333333333334,0,0.25,-0.25,FALSE,TRUE,TRUE,TRUE,FALSE
10,53,"Bulgarian National","bulgaria.bulgaria.t1q8_11","10:5317","10:5317::bulgaria.bulgaria.t1q8_11","triple","5317",0.85,NA,0.733333333333333,NA,0.85,0.733333333333333,0.9375,16,NA,FALSE,NA,NA,NA,NA,NA,NA,NA,NA,NA,NA,NA,NA,NA,NA,NA,NA,NA,NA,NA,NA,NA,NA,NA,NA,NA
10,53,"Bulgarian National","bulgaria.bulgaria.t1q10_3","10:5304","10:5304::bulgaria.bulgaria.t1q10_3","triple","5304",0.732142857142857,0.75,0.538461538461538,0.75,0.733333333333333,0.553571428571429,0.933333333333333,15,FALSE,FALSE,-0.179761904761905,-0.193681318681319,0.179761904761905,0,0,0.711538461538462,0.75,0.538461538461538,0.75,0.714285714285714,0.553571428571429,0.928571428571429,14,FALSE,FALSE,-0.160714285714286,-0.173076923076923,0.160714285714286,0,0,FALSE,FALSE,TRUE,FALSE,FALSE
10,53,"Bulgarian National","bulgaria.bulgaria.t1q10_3","10:5305","10:5305::bulgaria.bulgaria.t1q10_3","triple","5305",0.85,0.25,0.708333333333333,0.5,0.8125,0.692307692307692,0.9375,16,FALSE,FALSE,0.120192307692308,0.141666666666667,-0.120192307692308,0.25,-0.25,0.8125,0.25,0.708333333333333,0.5,0.769230769230769,0.692307692307692,0.923076923076923,13,FALSE,FALSE,0.076923076923077,0.104166666666667,-0.076923076923077,0.25,-0.25,TRUE,TRUE,FALSE,TRUE,FALSE
10,53,"Bulgarian National","bulgaria.bulgaria.t1q10_3","10:5306","10:5306::bulgaria.bulgaria.t1q10_3","triple","5306",0.6875,0.75,0.45,0,0.691176470588235,0.421875,0.941176470588235,17,FALSE,FALSE,-0.269301470588235,-0.2375,0.269301470588235,0.75,-0.75,0.683333333333333,0.75,0.45,0,0.6875,0.421875,0.9375,16,FALSE,FALSE,-0.265625,-0.233333333333333,0.265625,0.75,-0.75,FALSE,FALSE,TRUE,TRUE,FALSE
10,53,"Bulgarian National","bulgaria.bulgaria.t1q10_3","10:5307","10:5307::bulgaria.bulgaria.t1q10_3","triple","5307",0.982142857142857,1,0.704545454545455,0.25,0.983333333333333,0.666666666666667,0.933333333333333,15,FALSE,FALSE,-0.316666666666667,-0.277597402597403,0.316666666666667,0.75,-0.75,0.977272727272727,1,0.704545454545455,0.25,0.979166666666667,0.666666666666667,0.916666666666667,12,FALSE,FALSE,-0.3125,-0.272727272727273,0.3125,0.75,-0.75,FALSE,FALSE,TRUE,TRUE,FALSE
10,53,"Bulgarian National","bulgaria.bulgaria.t1q10_3","10:5311","10:5311::bulgaria.bulgaria.t1q10_3","triple","5311",0.75,0.625,0.5,0.375,0.734375,0.484375,0.875,16,FALSE,FALSE,0.25,0.25,-0.25,-0.25,0.25,0.75,0.625,0.5,0.375,0.734375,0.484375,0.875,16,FALSE,FALSE,0.25,0.25,-0.25,-0.25,0.25,TRUE,TRUE,FALSE,FALSE,TRUE
10,53,"Bulgarian National","bulgaria.bulgaria.t1q10_3","10:5312","10:5312::bulgaria.bulgaria.t1q10_3","triple","5312",0.803571428571429,0.5,0.75,0.5,0.783333333333333,0.732142857142857,0.933333333333333,15,FALSE,FALSE,0.0511904761904762,0.0535714285714286,-0.0511904761904762,0,0,0.788461538461538,0.5,0.75,0.5,0.767857142857143,0.732142857142857,0.928571428571429,14,FALSE,FALSE,0.0357142857142858,0.0384615384615384,-0.0357142857142858,0,0,TRUE,TRUE,FALSE,FALSE,FALSE
10,53,"Bulgarian National","bulgaria.bulgaria.t1q10_3","10:5313","10:5313::bulgaria.bulgaria.t1q10_3","triple","5313",0.65,0.25,0.515625,0,0.625,0.485294117647059,0.944444444444444,18,FALSE,FALSE,0.139705882352941,0.134375,-0.139705882352941,-0.25,0.25,0.660714285714286,0.25,0.5,0,0.633333333333333,0.466666666666667,0.933333333333333,15,FALSE,FALSE,0.166666666666667,0.160714285714286,-0.166666666666667,-0.25,0.25,TRUE,TRUE,FALSE,FALSE,TRUE
10,53,"Bulgarian National","bulgaria.bulgaria.t1q10_3","10:5314","10:5314::bulgaria.bulgaria.t1q10_3","triple","5314",0.8,0.5,0.816666666666667,0.5,0.78125,0.796875,0.9375,16,FALSE,FALSE,-0.015625,-0.0166666666666666,0.015625,0,0,0.8,0.5,0.816666666666667,0.5,0.78125,0.796875,0.9375,16,FALSE,FALSE,-0.015625,-0.0166666666666666,0.015625,0,0,FALSE,FALSE,TRUE,FALSE,FALSE
10,53,"Bulgarian National","bulgaria.bulgaria.t1q10_3","10:5317","10:5317::bulgaria.bulgaria.t1q10_3","triple","5317",0.910714285714286,1,0.666666666666667,0,0.916666666666667,0.625,0.9375,16,FALSE,FALSE,-0.291666666666667,-0.244047619047619,0.291666666666667,1,-1,0.910714285714286,1,0.678571428571429,0,0.916666666666667,0.633333333333333,0.933333333333333,15,FALSE,FALSE,-0.283333333333333,-0.232142857142857,0.283333333333333,1,-1,FALSE,FALSE,TRUE,TRUE,FALSE
10,53,"Bulgarian National","bulgaria.bulgaria.t1q16","10:5304","10:5304::bulgaria.bulgaria.t1q16","triple","5304",0.5,0.75,0.659090909090909,0,0.517857142857143,0.604166666666667,0.933333333333333,15,FALSE,FALSE,0.0863095238095237,0.159090909090909,-0.0863095238095237,0.75,-0.75,0.575,0.75,0.625,0,0.590909090909091,0.568181818181818,0.909090909090909,11,FALSE,FALSE,-0.0227272727272727,0.05,0.0227272727272727,0.75,-0.75,TRUE,TRUE,FALSE,TRUE,FALSE
10,53,"Bulgarian National","bulgaria.bulgaria.t1q16","10:5305","10:5305::bulgaria.bulgaria.t1q16","triple","5305",0.446428571428571,0.5,0.383333333333333,0.75,0.45,0.40625,0.9375,16,FALSE,FALSE,-0.04375,-0.0630952380952381,0.04375,-0.25,0.25,0.446428571428571,0.5,0.392857142857143,0.75,0.45,0.416666666666667,0.933333333333333,15,FALSE,FALSE,-0.0333333333333333,-0.0535714285714286,0.0333333333333333,-0.25,0.25,FALSE,FALSE,TRUE,FALSE,TRUE
10,53,"Bulgarian National","bulgaria.bulgaria.t1q16","10:5306","10:5306::bulgaria.bulgaria.t1q16","triple","5306",0.65625,1,0.53125,NA,0.676470588235294,0.53125,0.941176470588235,17,FALSE,FALSE,-0.145220588235294,-0.125,0.145220588235294,NA,NA,NA,NA,NA,NA,NA,NA,NA,NA,NA,NA,NA,NA,NA,NA,NA,FALSE,FALSE,TRUE,NA,NA
10,53,"Bulgarian National","bulgaria.bulgaria.t1q16","10:5307","10:5307::bulgaria.bulgaria.t1q16","triple","5307",0.673076923076923,1,0.576923076923077,1,0.696428571428571,0.607142857142857,0.933333333333333,15,FALSE,FALSE,-0.0892857142857143,-0.0961538461538463,0.0892857142857143,0,0,0.729166666666667,1,0.5625,1,0.75,0.596153846153846,0.923076923076923,13,FALSE,FALSE,-0.153846153846154,-0.166666666666667,0.153846153846154,0,0,FALSE,FALSE,TRUE,FALSE,FALSE
10,53,"Bulgarian National","bulgaria.bulgaria.t1q16","10:5311","10:5311::bulgaria.bulgaria.t1q16","triple","5311",0.625,0.75,0.660714285714286,0.5,0.634615384615385,0.640625,0.875,16,FALSE,FALSE,0.00600961538461542,0.0357142857142857,-0.00600961538461542,0.25,-0.25,0.625,0.75,0.708333333333333,0.75,0.634615384615385,0.711538461538462,0.923076923076923,13,FALSE,FALSE,0.076923076923077,0.0833333333333333,-0.076923076923077,0,0,TRUE,TRUE,FALSE,TRUE,FALSE
10,53,"Bulgarian National","bulgaria.bulgaria.t1q16","10:5312","10:5312::bulgaria.bulgaria.t1q16","triple","5312",0.535714285714286,0.75,0.729166666666667,1,0.55,0.75,0.933333333333333,15,FALSE,FALSE,0.2,0.193452380952381,-0.2,-0.25,0.25,0.5625,0.75,0.729166666666667,1,0.576923076923077,0.75,0.923076923076923,13,FALSE,FALSE,0.173076923076923,0.166666666666667,-0.173076923076923,-0.25,0.25,TRUE,TRUE,FALSE,FALSE,TRUE
10,53,"Bulgarian National","bulgaria.bulgaria.t1q16","10:5313","10:5313::bulgaria.bulgaria.t1q16","triple","5313",0.484375,0.75,0.484375,1,0.5,0.514705882352941,0.944444444444444,18,FALSE,FALSE,0.0147058823529411,0,-0.0147058823529411,-0.25,0.25,0.5,0.75,0.466666666666667,1,0.515625,0.5,0.9375,16,FALSE,FALSE,-0.015625,-0.0333333333333333,0.015625,-0.25,0.25,TRUE,FALSE,FALSE,FALSE,TRUE
10,53,"Bulgarian National","bulgaria.bulgaria.t1q16","10:5314","10:5314::bulgaria.bulgaria.t1q16","triple","5314",0.416666666666667,0.75,0.446428571428571,0.75,0.4375,0.466666666666667,0.9375,16,FALSE,FALSE,0.0291666666666666,0.0297619047619048,-0.0291666666666666,0,0,0.446428571428571,0.75,0.446428571428571,0.75,0.466666666666667,0.466666666666667,0.933333333333333,15,FALSE,TRUE,0,0,0,0,0,TRUE,TRUE,FALSE,FALSE,FALSE
10,53,"Bulgarian National","bulgaria.bulgaria.t1q16","10:5317","10:5317::bulgaria.bulgaria.t1q16","triple","5317",0.566666666666667,1,0.642857142857143,NA,0.59375,0.642857142857143,0.9375,16,FALSE,FALSE,0.0491071428571429,0.0761904761904763,-0.0491071428571429,NA,NA,NA,NA,NA,NA,NA,NA,NA,NA,NA,NA,NA,NA,NA,NA,NA,TRUE,TRUE,FALSE,NA,NA
10,53,"Bulgarian National","bulgaria.bulgaria.t1q21","10:5304","10:5304::bulgaria.bulgaria.t1q21","triple","5304",0.428571428571429,NA,0.7,1,0.428571428571429,0.727272727272727,0.933333333333333,15,NA,FALSE,NA,NA,NA,NA,NA,NA,NA,NA,NA,NA,NA,NA,NA,NA,NA,NA,NA,NA,NA,NA,NA,NA,NA,NA,NA
10,53,"Bulgarian National","bulgaria.bulgaria.t1q21","10:5305","10:5305::bulgaria.bulgaria.t1q21","triple","5305",0.4,1,0.692307692307692,1,0.454545454545455,0.714285714285714,0.9375,16,FALSE,FALSE,0.25974025974026,0.292307692307692,-0.25974025974026,0,0,0.375,1,0.5,1,0.444444444444444,0.555555555555556,0.888888888888889,9,FALSE,FALSE,0.111111111111111,0.125,-0.111111111111111,0,0,TRUE,TRUE,FALSE,FALSE,FALSE
10,53,"Bulgarian National","bulgaria.bulgaria.t1q21","10:5306","10:5306::bulgaria.bulgaria.t1q21","triple","5306",0.571428571428571,1,0.857142857142857,1,0.6,0.866666666666667,0.941176470588235,17,FALSE,FALSE,0.266666666666667,0.285714285714286,-0.266666666666667,0,0,0.5,1,0.833333333333333,1,0.538461538461538,0.846153846153846,0.923076923076923,13,FALSE,FALSE,0.307692307692308,0.333333333333333,-0.307692307692308,0,0,TRUE,TRUE,FALSE,FALSE,FALSE
10,53,"Bulgarian National","bulgaria.bulgaria.t1q21","10:5307","10:5307::bulgaria.bulgaria.t1q21","triple","5307",0.615384615384615,1,0.785714285714286,1,0.642857142857143,0.8,0.933333333333333,15,FALSE,FALSE,0.157142857142857,0.17032967032967,-0.157142857142857,0,0,0.615384615384615,1,0.769230769230769,1,0.642857142857143,0.785714285714286,0.928571428571429,14,FALSE,FALSE,0.142857142857143,0.153846153846154,-0.142857142857143,0,0,TRUE,TRUE,FALSE,FALSE,FALSE
10,53,"Bulgarian National","bulgaria.bulgaria.t1q21","10:5311","10:5311::bulgaria.bulgaria.t1q21","triple","5311",0.5,1,1,1,0.571428571428571,1,0.875,16,FALSE,FALSE,0.428571428571429,0.5,-0.428571428571429,0,0,0.5,1,1,1,0.583333333333333,1,0.833333333333333,12,FALSE,FALSE,0.416666666666667,0.5,-0.416666666666667,0,0,TRUE,TRUE,FALSE,FALSE,FALSE
10,53,"Bulgarian National","bulgaria.bulgaria.t1q21","10:5312","10:5312::bulgaria.bulgaria.t1q21","triple","5312",0.555555555555556,1,0.727272727272727,1,0.6,0.75,0.933333333333333,15,FALSE,FALSE,0.15,0.171717171717172,-0.15,0,0,0.625,1,0.75,1,0.666666666666667,0.777777777777778,0.888888888888889,9,FALSE,FALSE,0.111111111111111,0.125,-0.111111111111111,0,0,TRUE,TRUE,FALSE,FALSE,FALSE
10,53,"Bulgarian National","bulgaria.bulgaria.t1q21","10:5313","10:5313::bulgaria.bulgaria.t1q21","triple","5313",0.533333333333333,1,0.733333333333333,1,0.5625,0.75,0.944444444444444,18,FALSE,FALSE,0.1875,0.2,-0.1875,0,0,0.571428571428571,1,0.714285714285714,1,0.6,0.733333333333333,0.933333333333333,15,FALSE,FALSE,0.133333333333333,0.142857142857143,-0.133333333333333,0,0,TRUE,TRUE,FALSE,FALSE,FALSE
10,53,"Bulgarian National","bulgaria.bulgaria.t1q21","10:5314","10:5314::bulgaria.bulgaria.t1q21","triple","5314",0.727272727272727,NA,0.846153846153846,1,0.727272727272727,0.857142857142857,0.9375,16,NA,FALSE,NA,NA,NA,NA,NA,NA,NA,NA,NA,NA,NA,NA,NA,NA,NA,NA,NA,NA,NA,NA,NA,NA,NA,NA,NA
10,53,"Bulgarian National","bulgaria.bulgaria.t1q21","10:5317","10:5317::bulgaria.bulgaria.t1q21","triple","5317",0.461538461538462,0,0.933333333333333,1,0.428571428571429,0.9375,0.9375,16,FALSE,FALSE,-0.508928571428571,-0.471794871794872,0.508928571428571,1,-1,0.461538461538462,0,0.923076923076923,1,0.428571428571429,0.928571428571429,0.928571428571429,14,FALSE,FALSE,-0.5,-0.461538461538462,0.5,1,-1,FALSE,FALSE,TRUE,TRUE,FALSE
10,53,"Bulgarian National","bulgaria.bulgaria.t1q22","10:5304","10:5304::bulgaria.bulgaria.t1q22","triple","5304",0.333333333333333,0,0,0,0.307692307692308,0,0.933333333333333,15,FALSE,FALSE,0.307692307692308,0.333333333333333,-0.307692307692308,0,0,0.333333333333333,0,0,0,0.307692307692308,0,0.923076923076923,13,FALSE,FALSE,0.307692307692308,0.333333333333333,-0.307692307692308,0,0,TRUE,TRUE,FALSE,FALSE,FALSE
10,53,"Bulgarian National","bulgaria.bulgaria.t1q22","10:5305","10:5305::bulgaria.bulgaria.t1q22","triple","5305",0.5,1,0.0909090909090909,0,0.545454545454545,0.0833333333333333,0.9375,16,FALSE,FALSE,-0.462121212121212,-0.409090909090909,0.462121212121212,1,-1,0.625,1,0.125,0,0.666666666666667,0.111111111111111,0.888888888888889,9,FALSE,FALSE,-0.555555555555556,-0.5,0.555555555555556,1,-1,FALSE,FALSE,TRUE,TRUE,FALSE
10,53,"Bulgarian National","bulgaria.bulgaria.t1q22","10:5306","10:5306::bulgaria.bulgaria.t1q22","triple","5306",0.5,1,0.142857142857143,NA,0.533333333333333,0.142857142857143,0.941176470588235,17,FALSE,FALSE,-0.39047619047619,-0.357142857142857,0.39047619047619,NA,NA,NA,NA,NA,NA,NA,NA,NA,NA,NA,NA,NA,NA,NA,NA,NA,FALSE,FALSE,TRUE,NA,NA
10,53,"Bulgarian National","bulgaria.bulgaria.t1q22","10:5307","10:5307::bulgaria.bulgaria.t1q22","triple","5307",0.285714285714286,0,0.142857142857143,0,0.266666666666667,0.133333333333333,0.933333333333333,15,FALSE,FALSE,0.133333333333333,0.142857142857143,-0.133333333333333,0,0,0.285714285714286,0,0.142857142857143,0,0.266666666666667,0.133333333333333,0.933333333333333,15,FALSE,FALSE,0.133333333333333,0.142857142857143,-0.133333333333333,0,0,TRUE,TRUE,FALSE,FALSE,FALSE
10,53,"Bulgarian National","bulgaria.bulgaria.t1q22","10:5311","10:5311::bulgaria.bulgaria.t1q22","triple","5311",0.454545454545454,0,0.214285714285714,0.5,0.384615384615385,0.25,0.875,16,FALSE,FALSE,0.134615384615385,0.24025974025974,-0.134615384615385,0.5,-0.5,0.454545454545454,0,0.272727272727273,0.5,0.384615384615385,0.307692307692308,0.846153846153846,13,FALSE,FALSE,0.0769230769230769,0.181818181818182,-0.0769230769230769,0.5,-0.5,TRUE,TRUE,FALSE,TRUE,FALSE
10,53,"Bulgarian National","bulgaria.bulgaria.t1q22","10:5312","10:5312::bulgaria.bulgaria.t1q22","triple","5312",0.3,NA,0,0,0.3,0,0.933333333333333,15,NA,FALSE,NA,NA,NA,NA,NA,NA,NA,NA,NA,NA,NA,NA,NA,NA,NA,NA,NA,NA,NA,NA,NA,NA,NA,NA,NA
10,53,"Bulgarian National","bulgaria.bulgaria.t1q22","10:5313","10:5313::bulgaria.bulgaria.t1q22","triple","5313",0.5,0,0.1875,0,0.466666666666667,0.176470588235294,0.944444444444444,18,FALSE,FALSE,0.290196078431373,0.3125,-0.290196078431373,0,0,0.5,0,0.214285714285714,0,0.466666666666667,0.2,0.933333333333333,15,FALSE,FALSE,0.266666666666667,0.285714285714286,-0.266666666666667,0,0,TRUE,TRUE,FALSE,FALSE,FALSE
10,53,"Bulgarian National","bulgaria.bulgaria.t1q22","10:5314","10:5314::bulgaria.bulgaria.t1q22","triple","5314",0.384615384615385,0,0.214285714285714,0,0.357142857142857,0.2,0.9375,16,FALSE,FALSE,0.157142857142857,0.17032967032967,-0.157142857142857,0,0,0.416666666666667,0,0.25,0,0.384615384615385,0.230769230769231,0.923076923076923,13,FALSE,FALSE,0.153846153846154,0.166666666666667,-0.153846153846154,0,0,TRUE,TRUE,FALSE,FALSE,FALSE
10,53,"Bulgarian National","bulgaria.bulgaria.t1q22","10:5317","10:5317::bulgaria.bulgaria.t1q22","triple","5317",0.363636363636364,0,0.0666666666666667,1,0.333333333333333,0.125,0.9375,16,FALSE,FALSE,0.208333333333333,0.296969696969697,-0.208333333333333,1,-1,0.363636363636364,0,0,1,0.333333333333333,0.0833333333333333,0.916666666666667,12,FALSE,FALSE,0.25,0.363636363636364,-0.25,1,-1,TRUE,TRUE,FALSE,TRUE,FALSE
10,53,"Bulgarian National","bulgaria.bulgaria.t1q23","10:5304","10:5304::bulgaria.bulgaria.t1q23","triple","5304",0.615384615384615,0,0.727272727272727,0,0.571428571428571,0.666666666666667,0.933333333333333,15,FALSE,FALSE,-0.0952380952380952,-0.111888111888112,0.0952380952380952,0,0,0.545454545454545,0,0.727272727272727,0,0.5,0.666666666666667,0.916666666666667,12,FALSE,FALSE,-0.166666666666667,-0.181818181818182,0.166666666666667,0,0,FALSE,FALSE,TRUE,FALSE,FALSE
10,53,"Bulgarian National","bulgaria.bulgaria.t1q23","10:5305","10:5305::bulgaria.bulgaria.t1q23","triple","5305",0.2,0,0.272727272727273,0,0.166666666666667,0.25,0.9375,16,FALSE,FALSE,-0.0833333333333333,-0.0727272727272727,0.0833333333333333,0,0,0.25,0,0.5,0,0.2,0.4,0.8,5,FALSE,FALSE,-0.2,-0.25,0.2,0,0,FALSE,FALSE,TRUE,FALSE,FALSE
10,53,"Bulgarian National","bulgaria.bulgaria.t1q23","10:5306","10:5306::bulgaria.bulgaria.t1q23","triple","5306",0.5,1,0.466666666666667,NA,0.529411764705882,0.466666666666667,0.941176470588235,17,FALSE,FALSE,-0.0627450980392157,-0.0333333333333333,0.0627450980392157,NA,NA,NA,NA,NA,NA,NA,NA,NA,NA,NA,NA,NA,NA,NA,NA,NA,FALSE,FALSE,TRUE,NA,NA
10,53,"Bulgarian National","bulgaria.bulgaria.t1q23","10:5307","10:5307::bulgaria.bulgaria.t1q23","triple","5307",0.416666666666667,0,0.857142857142857,1,0.384615384615385,0.866666666666667,0.933333333333333,15,FALSE,FALSE,-0.482051282051282,-0.44047619047619,0.482051282051282,1,-1,0.416666666666667,0,0.833333333333333,1,0.384615384615385,0.846153846153846,0.923076923076923,13,FALSE,FALSE,-0.461538461538462,-0.416666666666667,0.461538461538462,1,-1,FALSE,FALSE,TRUE,TRUE,FALSE
10,53,"Bulgarian National","bulgaria.bulgaria.t1q23","10:5311","10:5311::bulgaria.bulgaria.t1q23","triple","5311",0.5,0,0.384615384615385,0.5,0.416666666666667,0.4,0.875,16,FALSE,FALSE,0.0166666666666666,0.115384615384615,-0.0166666666666666,0.5,-0.5,0.444444444444444,0,0.222222222222222,0.5,0.363636363636364,0.272727272727273,0.818181818181818,11,FALSE,FALSE,0.0909090909090909,0.222222222222222,-0.0909090909090909,0.5,-0.5,TRUE,TRUE,FALSE,TRUE,FALSE
10,53,"Bulgarian National","bulgaria.bulgaria.t1q23","10:5312","10:5312::bulgaria.bulgaria.t1q23","triple","5312",0.333333333333333,NA,0.5,1,0.333333333333333,0.538461538461538,0.933333333333333,15,NA,FALSE,NA,NA,NA,NA,NA,NA,NA,NA,NA,NA,NA,NA,NA,NA,NA,NA,NA,NA,NA,NA,NA,NA,NA,NA,NA
10,53,"Bulgarian National","bulgaria.bulgaria.t1q23","10:5313","10:5313::bulgaria.bulgaria.t1q23","triple","5313",0.363636363636364,1,0.466666666666667,1,0.416666666666667,0.5,0.944444444444444,18,FALSE,FALSE,0.0833333333333334,0.103030303030303,-0.0833333333333334,0,0,0.3,1,0.4,1,0.363636363636364,0.454545454545455,0.909090909090909,11,FALSE,FALSE,0.0909090909090909,0.1,-0.0909090909090909,0,0,TRUE,TRUE,FALSE,FALSE,FALSE
10,53,"Bulgarian National","bulgaria.bulgaria.t1q23","10:5314","10:5314::bulgaria.bulgaria.t1q23","triple","5314",0.571428571428571,0,0.785714285714286,0,0.5,0.733333333333333,0.9375,16,FALSE,FALSE,-0.233333333333333,-0.214285714285714,0.233333333333333,0,0,0.571428571428571,0,0.714285714285714,0,0.5,0.625,0.875,8,FALSE,FALSE,-0.125,-0.142857142857143,0.125,0,0,FALSE,FALSE,TRUE,FALSE,FALSE
10,53,"Bulgarian National","bulgaria.bulgaria.t1q23","10:5317","10:5317::bulgaria.bulgaria.t1q23","triple","5317",0.363636363636364,1,0.4,0,0.416666666666667,0.375,0.9375,16,FALSE,FALSE,-0.0416666666666666,0.0363636363636364,0.0416666666666666,1,-1,0.363636363636364,1,0.454545454545455,0,0.416666666666667,0.416666666666667,0.916666666666667,12,FALSE,TRUE,0,0.0909090909090909,0,1,-1,FALSE,TRUE,TRUE,TRUE,FALSE
10,53,"Bulgarian National","bulgaria.bulgaria.t1q19","10:5304","10:5304::bulgaria.bulgaria.t1q19","triple","5304",0.615384615384615,0.666666666666667,0.538461538461538,1,0.619047619047619,0.571428571428571,0.933333333333333,15,FALSE,FALSE,-0.0476190476190477,-0.076923076923077,0.0476190476190477,-0.333333333333333,0.333333333333333,0.666666666666667,0.666666666666667,0.583333333333333,1,0.666666666666667,0.615384615384615,0.923076923076923,13,TRUE,FALSE,NA,NA,NA,NA,NA,FALSE,FALSE,TRUE,FALSE,TRUE
10,53,"Bulgarian National","bulgaria.bulgaria.t1q19","10:5305","10:5305::bulgaria.bulgaria.t1q19","triple","5305",0.916666666666667,0.333333333333333,0.948717948717949,0,0.871794871794872,0.880952380952381,0.9375,16,FALSE,FALSE,-0.00915750915750912,-0.032051282051282,0.00915750915750912,-0.333333333333333,0.333333333333333,0.909090909090909,0.333333333333333,0.93939393939394,0,0.861111111111111,0.861111111111111,0.916666666666667,12,FALSE,TRUE,0,-0.0303030303030304,0,-0.333333333333333,0.333333333333333,FALSE,FALSE,TRUE,FALSE,TRUE
10,53,"Bulgarian National","bulgaria.bulgaria.t1q19","10:5306","10:5306::bulgaria.bulgaria.t1q19","triple","5306",0.619047619047619,0,0.145833333333333,0.333333333333333,0.577777777777778,0.156862745098039,0.941176470588235,17,FALSE,FALSE,0.420915032679739,0.473214285714286,-0.420915032679739,0.333333333333333,-0.333333333333333,0.619047619047619,0,0.142857142857143,0.333333333333333,0.577777777777778,0.155555555555556,0.933333333333333,15,FALSE,FALSE,0.422222222222222,0.476190476190476,-0.422222222222222,0.333333333333333,-0.333333333333333,TRUE,TRUE,FALSE,TRUE,FALSE
10,53,"Bulgarian National","bulgaria.bulgaria.t1q19","10:5307","10:5307::bulgaria.bulgaria.t1q19","triple","5307",0.769230769230769,NA,0.358974358974359,0.333333333333333,0.769230769230769,0.357142857142857,0.933333333333333,15,NA,FALSE,NA,NA,NA,NA,NA,NA,NA,NA,NA,NA,NA,NA,NA,NA,NA,NA,NA,NA,NA,NA,NA,NA,NA,NA,NA
10,53,"Bulgarian National","bulgaria.bulgaria.t1q19","10:5311","10:5311::bulgaria.bulgaria.t1q19","triple","5311",0.69047619047619,0.166666666666667,0.166666666666667,0,0.625,0.142857142857143,0.875,16,FALSE,FALSE,0.482142857142857,0.523809523809524,-0.482142857142857,-0.166666666666667,0.166666666666667,0.666666666666667,0.166666666666667,0.166666666666667,0,0.595238095238095,0.142857142857143,0.857142857142857,14,FALSE,FALSE,0.452380952380952,0.5,-0.452380952380952,-0.166666666666667,0.166666666666667,TRUE,TRUE,FALSE,FALSE,TRUE
10,53,"Bulgarian National","bulgaria.bulgaria.t1q19","10:5312","10:5312::bulgaria.bulgaria.t1q19","triple","5312",0.717948717948718,0.333333333333333,0.272727272727273,0,0.69047619047619,0.25,0.933333333333333,15,FALSE,FALSE,0.44047619047619,0.445221445221445,-0.44047619047619,-0.333333333333333,0.333333333333333,0.7,0.333333333333333,0.2,0,0.666666666666667,0.181818181818182,0.909090909090909,11,FALSE,FALSE,0.484848484848485,0.5,-0.484848484848485,-0.333333333333333,0.333333333333333,TRUE,TRUE,FALSE,FALSE,TRUE
10,53,"Bulgarian National","bulgaria.bulgaria.t1q19","10:5313","10:5313::bulgaria.bulgaria.t1q19","triple","5313",0.583333333333333,0.333333333333333,0.333333333333333,0,0.568627450980392,0.314814814814815,0.944444444444444,18,FALSE,FALSE,0.253812636165577,0.25,-0.253812636165577,-0.333333333333333,0.333333333333333,0.583333333333333,0.333333333333333,0.354166666666667,0,0.568627450980392,0.333333333333333,0.941176470588235,17,FALSE,FALSE,0.235294117647059,0.229166666666667,-0.235294117647059,-0.333333333333333,0.333333333333333,TRUE,TRUE,FALSE,FALSE,TRUE
10,53,"Bulgarian National","bulgaria.bulgaria.t1q19","10:5314","10:5314::bulgaria.bulgaria.t1q19","triple","5314",0.82051282051282,0.666666666666667,0.777777777777778,0.666666666666667,0.80952380952381,0.770833333333333,0.9375,16,FALSE,FALSE,0.0386904761904762,0.0427350427350427,-0.0386904761904762,0,0,0.82051282051282,0.666666666666667,0.794871794871795,0.666666666666667,0.80952380952381,0.785714285714286,0.928571428571429,14,FALSE,FALSE,0.0238095238095238,0.0256410256410257,-0.0238095238095238,0,0,TRUE,TRUE,FALSE,FALSE,FALSE
10,53,"Bulgarian National","bulgaria.bulgaria.t1q19","10:5317","10:5317::bulgaria.bulgaria.t1q19","triple","5317",0.58974358974359,0,0.466666666666667,1,0.547619047619048,0.5,0.9375,16,FALSE,FALSE,0.0476190476190477,0.123076923076923,-0.0476190476190477,1,-1,0.58974358974359,0,0.435897435897436,1,0.547619047619048,0.476190476190476,0.928571428571429,14,FALSE,FALSE,0.0714285714285715,0.153846153846154,-0.0714285714285715,1,-1,TRUE,TRUE,FALSE,TRUE,FALSE
16,95,"By the People 2004 US Presidential Primaries","btp04pr.t1trade","16:9501","16:9501::btp04pr.t1trade","triple","9501",0.555555555555556,0.277666668097178,0.742363637143915,0.722333331902822,0.486083333690961,0.738071428877967,0.785714285714286,14,FALSE,FALSE,-0.251988095187005,-0.18680808158836,0.251988095187005,0.444666663805644,-0.444666663805644,0.555555555555556,0.277666668097178,0.759222222699059,0.722333331902822,0.486083333690961,0.75,0.75,12,FALSE,FALSE,-0.263916666309039,-0.203666667143504,0.263916666309039,0.444666663805644,-0.444666663805644,FALSE,FALSE,TRUE,TRUE,FALSE
16,95,"By the People 2004 US Presidential Primaries","btp04pr.t1trade","16:9503","16:9503::btp04pr.t1trade","triple","9503",0.589692308352544,0.833499997854233,0.69064285499709,0.833499997854233,0.622200000286102,0.708499997854233,0.875,16,FALSE,FALSE,0.0862999975681304,0.100950546644546,-0.0862999975681304,0,0,0.589692308352544,0.833499997854233,0.666846151535328,0.833499997854233,0.622200000286102,0.689066664377848,0.866666666666667,15,FALSE,FALSE,0.066866664091746,0.077153843182784,-0.066866664091746,0,0,TRUE,TRUE,FALSE,FALSE,FALSE
16,95,"By the People 2004 US Presidential Primaries","btp04pr.t1trade","16:9504","16:9504::btp04pr.t1trade","triple","9504",0.651636362075806,0.166500002145767,0.615384615384615,0.166500002145767,0.576999999009646,0.555533333619436,0.866666666666667,15,FALSE,FALSE,0.0214666653902104,0.0362517466911902,-0.0214666653902104,0,0,0.651636362075806,0.166500002145767,0.621181818571958,0.166500002145767,0.576999999009646,0.551230769891005,0.846153846153846,13,FALSE,FALSE,0.0257692291186407,0.030454543503848,-0.0257692291186407,0,0,TRUE,TRUE,FALSE,FALSE,FALSE
16,95,"By the People 2004 US Presidential Primaries","btp04pr.t1trade","16:9505","16:9505::btp04pr.t1trade","triple","9505",0.666555556986067,0.75,0.772636364806782,0.666500002145767,0.681727273897691,0.756307693628164,0.846153846153846,13,FALSE,FALSE,0.0745804197304732,0.106080807820715,-0.0745804197304732,0.0834999978542328,-0.0834999978542328,0.666555556986067,0.75,0.722111112541623,0.666500002145767,0.681727273897691,0.712000001560558,0.818181818181818,11,FALSE,FALSE,0.0302727276628668,0.0555555555555556,-0.0302727276628668,0.0834999978542328,-0.0834999978542328,TRUE,TRUE,FALSE,TRUE,FALSE
16,95,"By the People 2004 US Presidential Primaries","btp04pr.t1trade","16:9506","16:9506::btp04pr.t1trade","triple","9506",0.621181818571958,0.5,0.772727272727273,0.541749998927116,0.588866666952769,0.711133333047231,0.733333333333333,15,FALSE,FALSE,-0.122266666094462,-0.151545454155315,0.122266666094462,0.0417499989271164,-0.0417499989271164,0.621181818571958,0.5,0.772727272727273,0.541749998927116,0.588866666952769,0.711133333047231,0.733333333333333,15,FALSE,FALSE,-0.122266666094462,-0.151545454155315,0.122266666094462,0.0417499989271164,-0.0417499989271164,FALSE,FALSE,TRUE,TRUE,FALSE
16,95,"By the People 2004 US Presidential Primaries","btp04pr.t1trade","16:9507","16:9507::btp04pr.t1trade","triple","9507",0.833166668812434,0.416999995708466,0.8125,0.416999995708466,0.729125000536442,0.733399999141693,0.818181818181818,11,FALSE,FALSE,-0.00427499860525127,0.0206666688124338,0.00427499860525127,0,0,0.833166668812434,0.416999995708466,0.861000001430511,0.416999995708466,0.729125000536442,0.75,0.75,8,FALSE,FALSE,-0.0208749994635582,-0.0278333326180776,0.0208749994635582,0,0,FALSE,TRUE,TRUE,FALSE,FALSE
16,95,"By the People 2004 US Presidential Primaries","btp04pr.t1trade","16:9508","16:9508::btp04pr.t1trade","triple","9508",0.571428571428571,0.166999995708466,0.729125000536442,0.166999995708466,0.520874999463558,0.666666666666667,0.9,10,FALSE,FALSE,-0.145791667203108,-0.15769642910787,0.145791667203108,0,0,0.571428571428571,0.166999995708466,0.714285714285714,0.166999995708466,0.520874999463558,0.645874999463558,0.875,8,FALSE,FALSE,-0.125,-0.142857142857143,0.125,0,0,FALSE,FALSE,TRUE,FALSE,FALSE
16,95,"By the People 2004 US Presidential Primaries","btp04pr.t1trade","16:9511","16:9511::btp04pr.t1trade","triple","9511",0.648222221268548,0.666500002145767,0.560636363246224,0.666500002145767,0.651545454155315,0.576923076923077,0.857142857142857,14,FALSE,FALSE,-0.0746223772322382,-0.0875858580223238,0.0746223772322382,0,0,0.648222221268548,0.666500002145767,0.555555555555556,0.666500002145767,0.651545454155315,0.575727273117412,0.818181818181818,11,FALSE,FALSE,-0.0758181810379028,-0.0926666657129923,0.0758181810379028,0,0,FALSE,FALSE,TRUE,FALSE,FALSE
16,95,"By the People 2004 US Presidential Primaries","btp04pr.t1trade","16:9512","16:9512::btp04pr.t1trade","triple","9512",0.619142855916704,0.333000004291534,0.583333333333333,0.5,0.555555555555556,0.5625,0.777777777777778,9,FALSE,FALSE,-0.00694444444444442,0.0358095225833711,0.00694444444444442,0.166999995708466,-0.166999995708466,0.583499997854233,0.333000004291534,0.583333333333333,0.5,0.520874999463558,0.5625,0.75,8,FALSE,FALSE,-0.0416250005364418,0.000166664520899418,0.0416250005364418,0.166999995708466,-0.166999995708466,FALSE,TRUE,TRUE,TRUE,FALSE
16,95,"By the People 2004 US Presidential Primaries","btp04pr.t1trade","16:9513","16:9513::btp04pr.t1trade","triple","9513",0.692384614394261,0.416749998927116,0.678571428571429,0.624750003218651,0.627529410754933,0.666611111826367,0.80952380952381,21,FALSE,FALSE,-0.0390817010714338,0.0138131858228326,0.0390817010714338,0.208000004291534,-0.208000004291534,0.65009999871254,0.416749998927116,0.716699999570847,0.624750003218651,0.583428570202419,0.690428572041648,0.714285714285714,14,FALSE,FALSE,-0.107000001839229,-0.0666000008583069,0.107000001839229,0.208000004291534,-0.208000004291534,FALSE,TRUE,TRUE,TRUE,FALSE
16,95,"By the People 2004 US Presidential Primaries","btp04pr.t1trade","16:9515","16:9515::btp04pr.t1trade","triple","9515",0.666714285101209,0.444666663805644,0.690571427345276,0.266799998283386,0.564230767580179,0.513999998569489,0.538461538461538,13,FALSE,FALSE,0.0502307690106906,-0.0238571422440665,-0.0502307690106906,-0.177866665522257,0.177866665522257,0.666714285101209,0.400199997425079,0.690571427345276,0.266799998283386,0.555666665236155,0.513999998569489,0.583333333333333,12,FALSE,FALSE,0.0416666666666666,-0.0238571422440665,-0.0416666666666666,-0.133399999141693,0.133399999141693,TRUE,FALSE,FALSE,FALSE,TRUE
16,95,"By the People 2004 US Presidential Primaries","btp04pr.t1trade","16:9516","16:9516::btp04pr.t1trade","triple","9516",0.6875,0.833000004291534,0.5,0.666999995708466,0.703666667143504,0.520874999463558,0.909090909090909,11,FALSE,FALSE,-0.182791667679946,-0.1875,0.182791667679946,0.166000008583069,-0.166000008583069,0.642857142857143,0.833000004291534,0.5,0.666999995708466,0.666625000536442,0.520874999463558,0.875,8,FALSE,FALSE,-0.145750001072884,-0.142857142857143,0.145750001072884,0.166000008583069,-0.166000008583069,FALSE,FALSE,TRUE,TRUE,FALSE
16,95,"By the People 2004 US Presidential Primaries","btp04pr.t1mindex","16:9501","16:9501::btp04pr.t1mindex","triple","9501",0.722212120890617,0.657222221295039,0.801803025332364,0.75916666785876,0.708285713834422,0.792666663016592,0.785714285714286,14,FALSE,FALSE,-0.0843809491821698,-0.0795909044417468,0.0843809491821698,0.101944446563721,-0.101944446563721,0.722212120890617,0.657222221295039,0.801803025332364,0.75916666785876,0.708285713834422,0.792666663016592,0.785714285714286,14,FALSE,FALSE,-0.0843809491821698,-0.0795909044417468,0.0843809491821698,0.101944446563721,-0.101944446563721,FALSE,FALSE,TRUE,TRUE,FALSE
16,95,"By the People 2004 US Presidential Primaries","btp04pr.t1mindex","16:9503","16:9503::btp04pr.t1mindex","triple","9503",0.551595244024481,0.708333343267441,0.65072619116732,0.694333344697952,0.571187506429851,0.65617708535865,0.875,16,FALSE,FALSE,0.0849895789287984,0.0991309471428394,-0.0849895789287984,0.0139999985694885,-0.0139999985694885,0.551595244024481,0.708333343267441,0.65072619116732,0.694333344697952,0.571187506429851,0.65617708535865,0.875,16,FALSE,FALSE,0.0849895789287984,0.0991309471428394,-0.0849895789287984,0.0139999985694885,-0.0139999985694885,TRUE,TRUE,FALSE,TRUE,FALSE
16,95,"By the People 2004 US Presidential Primaries","btp04pr.t1mindex","16:9504","16:9504::btp04pr.t1mindex","triple","9504",0.646371798446545,0.0694999992847443,0.685897436852638,0.180666660889983,0.569455558558305,0.618533333390951,0.866666666666667,15,FALSE,FALSE,-0.0490777748326461,-0.0395256384060932,0.0490777748326461,0.111166661605239,-0.111166661605239,0.646371798446545,0.0694999992847443,0.685897436852638,0.180666660889983,0.569455558558305,0.618533333390951,0.866666666666667,15,FALSE,FALSE,-0.0490777748326461,-0.0395256384060932,0.0490777748326461,0.111166661605239,-0.111166661605239,FALSE,FALSE,TRUE,TRUE,FALSE
16,95,"By the People 2004 US Presidential Primaries","btp04pr.t1mindex","16:9505","16:9505::btp04pr.t1mindex","triple","9505",0.685606058348309,0.652666658163071,0.76515152237632,0.652833342552185,0.680538458319811,0.747871802403377,0.846153846153846,13,FALSE,FALSE,-0.067333344083566,-0.0795454640280117,0.067333344083566,0.00016668438911438,-0.00016668438911438,0.685606058348309,0.652666658163071,0.76515152237632,0.652833342552185,0.680538458319811,0.747871802403377,0.846153846153846,13,FALSE,FALSE,-0.067333344083566,-0.0795454640280117,0.067333344083566,0.00016668438911438,-0.00016668438911438,FALSE,FALSE,TRUE,TRUE,FALSE
16,95,"By the People 2004 US Presidential Primaries","btp04pr.t1mindex","16:9506","16:9506::btp04pr.t1mindex","triple","9506",0.604757571762258,0.381916660815477,0.717121210965243,0.430583324283361,0.545333328843117,0.640711107850075,0.733333333333333,15,FALSE,FALSE,-0.095377779006958,-0.112363639202985,0.095377779006958,0.0486666634678841,-0.0486666634678841,0.604757571762258,0.381916660815477,0.717121210965243,0.430583324283361,0.545333328843117,0.640711107850075,0.733333333333333,15,FALSE,FALSE,-0.095377779006958,-0.112363639202985,0.095377779006958,0.0486666634678841,-0.0486666634678841,FALSE,FALSE,TRUE,TRUE,FALSE
16,95,"By the People 2004 US Presidential Primaries","btp04pr.t1mindex","16:9507","16:9507::btp04pr.t1mindex","triple","9507",0.623444446259075,0.652833327651024,0.626518516076936,0.708333343267441,0.628787879239429,0.641393939202482,0.818181818181818,11,FALSE,FALSE,0.0126060599630529,0.00307406981786096,-0.0126060599630529,-0.0555000156164169,0.0555000156164169,0.623444446259075,0.652833327651024,0.626518516076936,0.708333343267441,0.628787879239429,0.641393939202482,0.818181818181818,11,FALSE,FALSE,0.0126060599630529,0.00307406981786096,-0.0126060599630529,-0.0555000156164169,0.0555000156164169,TRUE,TRUE,FALSE,FALSE,TRUE
16,95,"By the People 2004 US Presidential Primaries","btp04pr.t1mindex","16:9508","16:9508::btp04pr.t1mindex","triple","9508",0.54474074476295,0.388999998569489,0.574111108978589,0.611000001430511,0.529166670143604,0.577799998223782,0.9,10,FALSE,FALSE,-0.0486333280801773,-0.029370364215639,0.0486333280801773,0.222000002861023,-0.222000002861023,0.54474074476295,0.388999998569489,0.574111108978589,0.611000001430511,0.529166670143604,0.577799998223782,0.9,10,FALSE,FALSE,-0.0486333280801773,-0.029370364215639,0.0486333280801773,0.222000002861023,-0.222000002861023,FALSE,FALSE,TRUE,TRUE,FALSE
16,95,"By the People 2004 US Presidential Primaries","btp04pr.t1mindex","16:9511","16:9511::btp04pr.t1mindex","triple","9511",0.763888890544573,0.763833314180374,0.685166669388612,0.777666658163071,0.763880951063974,0.698380953499249,0.857142857142857,14,FALSE,FALSE,0.0654999975647246,0.0787222211559613,-0.0654999975647246,0.0138333439826965,-0.0138333439826965,0.763888890544573,0.763833314180374,0.685166669388612,0.777666658163071,0.763880951063974,0.698380953499249,0.857142857142857,14,FALSE,FALSE,0.0654999975647246,0.0787222211559613,-0.0654999975647246,0.0138333439826965,-0.0138333439826965,TRUE,TRUE,FALSE,TRUE,FALSE
16,95,"By the People 2004 US Presidential Primaries","btp04pr.t1mindex","16:9512","16:9512::btp04pr.t1mindex","triple","9512",0.615095246583223,0.68066668510437,0.5516190550157,0.652666673064232,0.6296666773657,0.574074081248707,0.777777777777778,9,FALSE,FALSE,-0.0555925961169931,-0.0634761915675232,0.0555925961169931,0.0280000120401382,-0.0280000120401382,0.615095246583223,0.68066668510437,0.5516190550157,0.652666673064232,0.6296666773657,0.574074081248707,0.777777777777778,9,FALSE,FALSE,-0.0555925961169931,-0.0634761915675232,0.0555925961169931,0.0280000120401382,-0.0280000120401382,FALSE,FALSE,TRUE,TRUE,FALSE
16,95,"By the People 2004 US Presidential Primaries","btp04pr.t1mindex","16:9513","16:9513::btp04pr.t1mindex","triple","9513",0.642137253547416,0.638916663825512,0.647058820023256,0.694416664540768,0.641523807886101,0.656079361836115,0.80952380952381,21,FALSE,FALSE,-0.0145555539500145,-0.00492156647584019,0.0145555539500145,0.0555000007152557,-0.0555000007152557,0.642137253547416,0.638916663825512,0.647058820023256,0.694416664540768,0.641523807886101,0.656079361836115,0.80952380952381,21,FALSE,FALSE,-0.0145555539500145,-0.00492156647584019,0.0145555539500145,0.0555000007152557,-0.0555000007152557,FALSE,FALSE,TRUE,TRUE,FALSE
16,95,"By the People 2004 US Presidential Primaries","btp04pr.t1mindex","16:9515","16:9515::btp04pr.t1mindex","triple","9515",0.678523816168308,0.634333332379659,0.702380955219269,0.569444447755814,0.658128208265855,0.64102564408229,0.538461538461538,13,FALSE,FALSE,0.0171025641835653,-0.0238571390509605,-0.0171025641835653,-0.0648888846238455,0.0648888846238455,0.678523816168308,0.634333332379659,0.702380955219269,0.569444447755814,0.658128208265855,0.64102564408229,0.538461538461538,13,FALSE,FALSE,0.0171025641835653,-0.0238571390509605,-0.0171025641835653,-0.0648888846238455,0.0648888846238455,TRUE,FALSE,FALSE,FALSE,TRUE
16,95,"By the People 2004 US Presidential Primaries","btp04pr.t1mindex","16:9516","16:9516::btp04pr.t1mindex","triple","9516",0.670833333581686,0.916666686534882,0.713899996131659,0.916666686534882,0.693181820213795,0.732333331622861,0.909090909090909,11,FALSE,FALSE,0.0391515114090659,0.0430666625499725,-0.0391515114090659,0,0,0.670833333581686,0.916666686534882,0.713899996131659,0.916666686534882,0.693181820213795,0.732333331622861,0.909090909090909,11,FALSE,FALSE,0.0391515114090659,0.0430666625499725,-0.0391515114090659,0,0,TRUE,TRUE,FALSE,FALSE,FALSE
16,95,"By the People 2004 US Presidential Primaries","btp04pr.t1services","16:9501","16:9501::btp04pr.t1services","triple","9501",0.666636364026503,0.277999997138977,0.651454546234824,0.333333333333333,0.583357142550605,0.583285714898791,0.785714285714286,14,FALSE,FALSE,7.14276518140045e-05,0.0151818177916787,-7.14276518140045e-05,0.0553333361943563,-0.0553333361943563,0.666636364026503,0.277999997138977,0.651454546234824,0.333333333333333,0.583357142550605,0.583285714898791,0.785714285714286,14,FALSE,FALSE,7.14276518140045e-05,0.0151818177916787,-7.14276518140045e-05,0.0553333361943563,-0.0553333361943563,TRUE,TRUE,FALSE,TRUE,FALSE
16,95,"By the People 2004 US Presidential Primaries","btp04pr.t1services","16:9503","16:9503::btp04pr.t1services","triple","9503",0.535642858062472,0.583499997854233,0.576923076923077,0.5,0.541625000536442,0.566666666666667,0.875,16,FALSE,FALSE,0.0250416661302248,0.0412802188606052,-0.0250416661302248,0.0834999978542328,-0.0834999978542328,0.53838461637497,0.583499997854233,0.576923076923077,0.5,0.544400000572205,0.566666666666667,0.866666666666667,15,FALSE,FALSE,0.022266666094462,0.0385384605481074,-0.022266666094462,0.0834999978542328,-0.0834999978542328,TRUE,TRUE,FALSE,TRUE,FALSE
16,95,"By the People 2004 US Presidential Primaries","btp04pr.t1services","16:9504","16:9504::btp04pr.t1services","triple","9504",0.551307691977574,0.166999995708466,0.589769230439113,0.0834999978542328,0.50006666580836,0.522266666094462,0.866666666666667,15,FALSE,FALSE,-0.0222000002861023,-0.0384615384615385,0.0222000002861023,-0.0834999978542328,0.0834999978542328,0.551307691977574,0.166999995708466,0.589769230439113,0.0834999978542328,0.50006666580836,0.522266666094462,0.866666666666667,15,FALSE,FALSE,-0.0222000002861023,-0.0384615384615385,0.0222000002861023,-0.0834999978542328,0.0834999978542328,FALSE,FALSE,TRUE,FALSE,TRUE
16,95,"By the People 2004 US Presidential Primaries","btp04pr.t1services","16:9505","16:9505::btp04pr.t1services","triple","9505",0.483300000429153,0.5,0.483300000429153,0.583000004291534,0.486083333690961,0.49991666773955,0.846153846153846,13,FALSE,FALSE,0.013833334048589,0,-0.013833334048589,-0.0830000042915344,0.0830000042915344,0.481444444921282,0.5,0.481444444921282,0.583000004291534,0.484818182208321,0.499909092079509,0.818181818181818,11,FALSE,FALSE,0.0150909098711881,0,-0.0150909098711881,-0.0830000042915344,0.0830000042915344,TRUE,FALSE,FALSE,FALSE,TRUE
16,95,"By the People 2004 US Presidential Primaries","btp04pr.t1services","16:9506","16:9506::btp04pr.t1services","triple","9506",0.681909089738672,0.333250001072884,0.716799998283386,0.333499997854233,0.588933332761129,0.607285712446485,0.733333333333333,15,FALSE,FALSE,-0.0183523796853565,-0.0348909085447138,0.0183523796853565,0.000249996781349182,-0.000249996781349182,0.70009999871254,0.333250001072884,0.716799998283386,0.333499997854233,0.595285713672638,0.607285712446485,0.714285714285714,14,FALSE,FALSE,-0.0119999987738473,-0.0166999995708466,0.0119999987738473,0.000249996781349182,-0.000249996781349182,FALSE,FALSE,TRUE,TRUE,FALSE
16,95,"By the People 2004 US Presidential Primaries","btp04pr.t1services","16:9507","16:9507::btp04pr.t1services","triple","9507",0.5625,0.583499997854233,0.604249998927116,0.666999995708466,0.566699999570847,0.616799998283386,0.818181818181818,11,FALSE,FALSE,0.0500999987125397,0.0417499989271164,-0.0500999987125397,-0.0834999978542328,0.0834999978542328,0.5625,0.583499997854233,0.604249998927116,0.666999995708466,0.566699999570847,0.616799998283386,0.8,10,FALSE,FALSE,0.0500999987125397,0.0417499989271164,-0.0500999987125397,-0.0834999978542328,0.0834999978542328,TRUE,TRUE,FALSE,FALSE,TRUE
16,95,"By the People 2004 US Presidential Primaries","btp04pr.t1services","16:9508","16:9508::btp04pr.t1services","triple","9508",0.5625,0.833000004291534,0.555555555555556,0.833000004291534,0.592555556032393,0.583300000429153,0.9,10,FALSE,FALSE,-0.00925555560323932,-0.00694444444444442,0.00925555560323932,0,0,0.5625,0.833000004291534,0.541625000536442,0.833000004291534,0.592555556032393,0.574000000953674,0.888888888888889,9,FALSE,FALSE,-0.0185555550787184,-0.0208749994635582,0.0185555550787184,0,0,FALSE,FALSE,TRUE,FALSE,FALSE
16,95,"By the People 2004 US Presidential Primaries","btp04pr.t1services","16:9511","16:9511::btp04pr.t1services","triple","9511",0.616799998283386,0.5,0.590909090909091,0.5,0.597333331902822,0.576923076923077,0.857142857142857,14,FALSE,FALSE,0.020410254979745,0.0258909073742953,-0.020410254979745,0,0,0.616799998283386,0.5,0.6,0.5,0.597333331902822,0.583333333333333,0.833333333333333,12,FALSE,FALSE,0.0139999985694885,0.0167999982833863,-0.0139999985694885,0,0,TRUE,TRUE,FALSE,FALSE,FALSE
16,95,"By the People 2004 US Presidential Primaries","btp04pr.t1services","16:9512","16:9512::btp04pr.t1services","triple","9512",0.333200001716614,0.416999995708466,0.404714286327362,0.416999995708466,0.357142857142857,0.407444443967607,0.777777777777778,9,FALSE,FALSE,0.0503015868247501,0.0715142846107483,-0.0503015868247501,0,0,0.333200001716614,0.416999995708466,0.366600000858307,0.416999995708466,0.357142857142857,0.380999999386924,0.714285714285714,7,FALSE,FALSE,0.0238571422440665,0.0333999991416931,-0.0238571422440665,0,0,TRUE,TRUE,FALSE,FALSE,FALSE
16,95,"By the People 2004 US Presidential Primaries","btp04pr.t1services","16:9513","16:9513::btp04pr.t1services","triple","9513",0.578411764958326,0.458250001072884,0.4706470580662,0.541500002145767,0.555523809932527,0.484142856938498,0.80952380952381,21,FALSE,FALSE,0.0713809529940287,0.107764706892126,-0.0713809529940287,0.0832500010728836,-0.0832500010728836,0.578411764958326,0.458250001072884,0.4706470580662,0.541500002145767,0.555523809932527,0.484142856938498,0.80952380952381,21,FALSE,FALSE,0.0713809529940287,0.107764706892126,-0.0713809529940287,0.0832500010728836,-0.0832500010728836,TRUE,TRUE,FALSE,TRUE,FALSE
16,95,"By the People 2004 US Presidential Primaries","btp04pr.t1services","16:9515","16:9515::btp04pr.t1services","triple","9515",0.59514285836901,0.555500000715256,0.722166667381922,0.389166663090388,0.576846154836508,0.555666665236155,0.538461538461538,13,FALSE,FALSE,0.0211794896003528,-0.127023809012913,-0.0211794896003528,-0.166333337624868,0.166333337624868,0.611000001430511,0.555500000715256,0.722166667381922,0.389166663090388,0.583250001072884,0.555666665236155,0.5,12,FALSE,FALSE,0.0275833358367285,-0.111166665951411,-0.0275833358367285,-0.166333337624868,0.166333337624868,TRUE,FALSE,FALSE,FALSE,TRUE
16,95,"By the People 2004 US Presidential Primaries","btp04pr.t1services","16:9516","16:9516::btp04pr.t1services","triple","9516",0.69990000128746,0.666999995708466,0.70009999871254,1,0.69690909168937,0.727363635193218,0.909090909090909,11,FALSE,FALSE,-0.030454543503848,-0.000199997425079368,0.030454543503848,0.333000004291534,-0.333000004291534,0.69990000128746,0.666999995708466,0.70009999871254,1,0.69690909168937,0.727363635193218,0.909090909090909,11,FALSE,FALSE,-0.030454543503848,-0.000199997425079368,0.030454543503848,0.333000004291534,-0.333000004291534,FALSE,FALSE,TRUE,TRUE,FALSE
14,93,"By the People: National","btp03.olt1usseca","14:9301","14:9301::btp03.olt1usseca","triple","9301",0.791363629427823,0.853333334128062,0.800454543395476,0.869999984900157,0.804642851863589,0.815357138003622,0.785714285714286,14,FALSE,FALSE,0.0107142861400331,0.00909091396765283,-0.0107142861400331,-0.0166666507720947,0.0166666507720947,0.791363629427823,0.853333334128062,0.800454543395476,0.869999984900157,0.804642851863589,0.815357138003622,0.785714285714286,14,FALSE,FALSE,0.0107142861400331,0.00909091396765283,-0.0107142861400331,-0.0166666507720947,0.0166666507720947,TRUE,TRUE,FALSE,FALSE,TRUE
14,93,"By the People: National","btp03.olt1usseca","14:9302","14:9302::btp03.olt1usseca","triple","9302",0.779285728931427,0.879999975363413,0.741964280605316,0.929999987284342,0.809500002861023,0.798374992609024,0.7,10,FALSE,FALSE,-0.011125010251999,-0.0373214483261108,0.011125010251999,-0.050000011920929,0.050000011920929,0.779285728931427,0.879999975363413,0.741964280605316,0.929999987284342,0.809500002861023,0.798374992609024,0.7,10,FALSE,FALSE,-0.011125010251999,-0.0373214483261108,0.011125010251999,-0.050000011920929,0.050000011920929,FALSE,FALSE,TRUE,FALSE,TRUE
14,93,"By the People: National","btp03.olt1usseca","14:9303","14:9303::btp03.olt1usseca","triple","9303",0.878750006357829,0.78400000333786,0.859166661898295,0.698000001907349,0.850882358410779,0.811764703077428,0.705882352941177,17,FALSE,FALSE,0.0391176553333508,0.0195833444595337,-0.0391176553333508,-0.0860000014305115,0.0860000014305115,0.878750006357829,0.78400000333786,0.859166661898295,0.698000001907349,0.850882358410779,0.811764703077428,0.705882352941177,17,FALSE,FALSE,0.0391176553333508,0.0195833444595337,-0.0391176553333508,-0.0860000014305115,0.0860000014305115,TRUE,TRUE,FALSE,FALSE,TRUE
14,93,"By the People: National","btp03.olt1usseca","14:9304","14:9304::btp03.olt1usseca","triple","9304",0.812222215864393,0.670000001788139,0.804444438881344,0.570000007748604,0.786363631486893,0.761818178675391,0.818181818181818,11,FALSE,FALSE,0.0245454528115012,0.00777777698304916,-0.0245454528115012,-0.0999999940395355,0.0999999940395355,0.812222215864393,0.670000001788139,0.804444438881344,0.570000007748604,0.786363631486893,0.761818178675391,0.818181818181818,11,FALSE,FALSE,0.0245454528115012,0.00777777698304916,-0.0245454528115012,-0.0999999940395355,0.0999999940395355,TRUE,TRUE,FALSE,FALSE,TRUE
14,93,"By the People: National","btp03.olt1usseca","14:9305","14:9305::btp03.olt1usseca","triple","9305",0.821000003814697,0.814999997615814,0.815500003099441,0.777500003576279,0.82000000278155,0.809166669845581,0.833333333333333,12,FALSE,FALSE,0.010833332935969,0.0055000007152558,-0.010833332935969,-0.0374999940395355,0.0374999940395355,0.821000003814697,0.814999997615814,0.815500003099441,0.777500003576279,0.82000000278155,0.809166669845581,0.833333333333333,12,FALSE,FALSE,0.010833332935969,0.0055000007152558,-0.010833332935969,-0.0374999940395355,0.0374999940395355,TRUE,TRUE,FALSE,FALSE,TRUE
14,93,"By the People: National","btp03.olt1usseca","14:9306","14:9306::btp03.olt1usseca","triple","9306",0.793809524604252,0.726666649182638,0.828214283500399,0.716666658719381,0.781960781882791,0.808529408539043,0.823529411764706,17,FALSE,FALSE,-0.0265686266562518,-0.0344047588961466,0.0265686266562518,-0.00999999046325684,0.00999999046325684,0.793809524604252,0.726666649182638,0.828214283500399,0.716666658719381,0.781960781882791,0.808529408539043,0.823529411764706,17,FALSE,FALSE,-0.0265686266562518,-0.0344047588961466,0.0265686266562518,-0.00999999046325684,0.00999999046325684,FALSE,FALSE,TRUE,FALSE,TRUE
14,93,"By the People: National","btp03.olt1usseca","14:9307","14:9307::btp03.olt1usseca","triple","9307",0.743214285799435,0.779999986290932,0.756538455302899,0.814999997615814,0.751388885908657,0.770294112317702,0.777777777777778,18,FALSE,FALSE,0.0189052264090458,0.0133241695034635,-0.0189052264090458,-0.0350000113248825,0.0350000113248825,0.761538461996959,0.779999986290932,0.756538455302899,0.814999997615814,0.765882350066129,0.770294112317702,0.764705882352941,17,FALSE,FALSE,0.00441176225157347,-0.0050000066940602,-0.00441176225157347,-0.0350000113248825,0.0350000113248825,TRUE,TRUE,FALSE,FALSE,TRUE
14,93,"By the People: National","btp03.olt1usseca","14:9308","14:9308::btp03.olt1usseca","triple","9308",0.806666672229767,0.784999996423721,0.821666657924652,0.58500000834465,0.803571432828903,0.78785713655608,0.857142857142857,14,FALSE,FALSE,0.0157142962728228,-0.0149999856948853,-0.0157142962728228,-0.199999988079071,0.199999988079071,0.806666672229767,0.784999996423721,0.821666657924652,0.58500000834465,0.803571432828903,0.78785713655608,0.857142857142857,14,FALSE,FALSE,0.0157142962728228,-0.0149999856948853,-0.0157142962728228,-0.199999988079071,0.199999988079071,TRUE,FALSE,FALSE,FALSE,TRUE
14,93,"By the People: National","btp03.olt1usseca","14:9309","14:9309::btp03.olt1usseca","triple","9309",0.810499995946884,0.772499978542328,0.816500002145767,0.712500005960464,0.804166659712791,0.799166669448217,0.833333333333333,12,FALSE,FALSE,0.00499999026457465,-0.00600000619888308,-0.00499999026457465,-0.0599999725818634,0.0599999725818634,0.810499995946884,0.772499978542328,0.816500002145767,0.712500005960464,0.804166659712791,0.799166669448217,0.833333333333333,12,FALSE,FALSE,0.00499999026457465,-0.00600000619888308,-0.00499999026457465,-0.0599999725818634,0.0599999725818634,TRUE,FALSE,FALSE,FALSE,TRUE
14,93,"By the People: National","btp03.olt1usseca","14:9310","14:9310::btp03.olt1usseca","triple","9310",0.726538467865724,0.685000002384186,0.746923075272487,0.728999984264374,0.715000005231963,0.741944438881344,0.722222222222222,18,FALSE,FALSE,-0.026944433649381,-0.020384607406763,0.026944433649381,0.0439999818801879,-0.0439999818801879,0.726538467865724,0.685000002384186,0.746923075272487,0.728999984264374,0.715000005231963,0.741944438881344,0.722222222222222,18,FALSE,FALSE,-0.026944433649381,-0.020384607406763,0.026944433649381,0.0439999818801879,-0.0439999818801879,FALSE,FALSE,TRUE,TRUE,FALSE
14,93,"By the People: National","btp03.olt1usseca","14:9312","14:9312::btp03.olt1usseca","triple","9312",0.79840909215537,0.715000033378601,0.821590911258351,0.8299999833107,0.794782611338989,0.821956523086714,0.956521739130435,23,FALSE,FALSE,-0.0271739117477251,-0.0231818191029809,0.0271739117477251,0.114999949932098,-0.114999949932098,0.79840909215537,0.715000033378601,0.821590911258351,0.8299999833107,0.794782611338989,0.821956523086714,0.956521739130435,23,FALSE,FALSE,-0.0271739117477251,-0.0231818191029809,0.0271739117477251,0.114999949932098,-0.114999949932098,FALSE,FALSE,TRUE,TRUE,FALSE
14,93,"By the People: National","btp03.olt1usseca","14:9313","14:9313::btp03.olt1usseca","triple","9313",0.76906249858439,0.869000005722046,0.752812497317791,0.793999993801117,0.792857143140975,0.762619044099535,0.761904761904762,21,FALSE,FALSE,-0.0302380990414393,-0.0162500012665987,0.0302380990414393,0.075000011920929,-0.075000011920929,0.76906249858439,0.869000005722046,0.752812497317791,0.793999993801117,0.792857143140975,0.762619044099535,0.761904761904762,21,FALSE,FALSE,-0.0302380990414393,-0.0162500012665987,0.0302380990414393,0.075000011920929,-0.075000011920929,FALSE,FALSE,TRUE,TRUE,FALSE
14,93,"By the People: National","btp03.olt1usseca","14:9314","14:9314::btp03.olt1usseca","triple","9314",0.814473685465361,0.844999969005585,0.810000000815642,0.75,0.815999999642372,0.80700000077486,0.95,20,FALSE,FALSE,-0.00899999886751179,-0.00447368464971842,0.00899999886751179,0.0949999690055847,-0.0949999690055847,0.814473685465361,0.844999969005585,0.810000000815642,0.75,0.815999999642372,0.80700000077486,0.95,20,FALSE,FALSE,-0.00899999886751179,-0.00447368464971842,0.00899999886751179,0.0949999690055847,-0.0949999690055847,FALSE,FALSE,TRUE,TRUE,FALSE
14,93,"By the People: National","btp03.olt1usseca","14:9315","14:9315::btp03.olt1usseca","triple","9315",0.827812500298023,0.889999985694885,0.800624998286366,0.889999985694885,0.831470587674309,0.805882350486868,0.941176470588235,17,FALSE,FALSE,-0.0255882371874417,-0.0271875020116568,0.0255882371874417,0,0,0.827812500298023,0.889999985694885,0.800624998286366,0.889999985694885,0.831470587674309,0.805882350486868,0.941176470588235,17,FALSE,FALSE,-0.0255882371874417,-0.0271875020116568,0.0255882371874417,0,0,FALSE,FALSE,TRUE,FALSE,FALSE
14,93,"By the People: National","btp03.olt1humrh2","14:9301","14:9301::btp03.olt1humrh2","triple","9301",0.609090919521722,0.700000007947286,0.663636370138688,0.633333335320155,0.628571438470057,0.657142862677574,0.785714285714286,14,FALSE,FALSE,0.0285714242075171,0.0545454506169666,-0.0285714242075171,0.0666666726271312,-0.0666666726271312,0.609090919521722,0.700000007947286,0.663636370138688,0.633333335320155,0.628571438470057,0.657142862677574,0.785714285714286,14,FALSE,FALSE,0.0285714242075171,0.0545454506169666,-0.0285714242075171,0.0666666726271312,-0.0666666726271312,TRUE,TRUE,FALSE,TRUE,FALSE
14,93,"By the People: National","btp03.olt1humrh2","14:9302","14:9302::btp03.olt1humrh2","triple","9302",0.614285715988704,0.533333346247673,0.616666664679845,0.633333335320155,0.590000005066395,0.622222221559948,0.7,10,FALSE,FALSE,-0.0322222164935536,-0.00238094869114103,0.0322222164935536,0.0999999890724818,-0.0999999890724818,0.600000003973643,0.533333346247673,0.616666664679845,0.633333335320155,0.577777784731653,0.622222221559948,0.666666666666667,9,FALSE,FALSE,-0.0444444368282955,-0.0166666607062023,0.0444444368282955,0.0999999890724818,-0.0999999890724818,FALSE,FALSE,TRUE,TRUE,FALSE
14,93,"By the People: National","btp03.olt1humrh2","14:9303","14:9303::btp03.olt1humrh2","triple","9303",0.558333336686095,0.580000001192093,0.633333337803682,0.400000011920929,0.564705885070212,0.564705889014637,0.705882352941177,17,FALSE,FALSE,3.9444250088394e-09,0.0750000011175871,-3.9444250088394e-09,0.179999989271164,-0.179999989271164,0.558333336686095,0.580000001192093,0.633333337803682,0.400000011920929,0.564705885070212,0.564705889014637,0.705882352941177,17,FALSE,FALSE,3.9444250088394e-09,0.0750000011175871,-3.9444250088394e-09,0.179999989271164,-0.179999989271164,TRUE,TRUE,FALSE,TRUE,FALSE
14,93,"By the People: National","btp03.olt1humrh2","14:9304","14:9304::btp03.olt1humrh2","triple","9304",0.666666663355298,0.350000001490116,0.666666668322351,0.450000002980232,0.609090906652537,0.627272729169239,0.818181818181818,11,FALSE,FALSE,-0.0181818225167014,-4.96705365726768e-09,0.0181818225167014,0.100000001490116,-0.100000001490116,0.666666663355298,0.350000001490116,0.666666668322351,0.450000002980232,0.609090906652537,0.627272729169239,0.818181818181818,11,FALSE,FALSE,-0.0181818225167014,-4.96705365726768e-09,0.0181818225167014,0.100000001490116,-0.100000001490116,FALSE,FALSE,TRUE,TRUE,FALSE
14,93,"By the People: National","btp03.olt1humrh2","14:9305","14:9305::btp03.olt1humrh2","triple","9305",0.520000007748604,0.75,0.670000004768372,0.700000017881393,0.558333339790503,0.675000006953875,0.833333333333333,12,FALSE,FALSE,0.116666667163372,0.149999997019768,-0.116666667163372,0.0499999821186066,-0.0499999821186066,0.520000007748604,0.75,0.670000004768372,0.700000017881393,0.558333339790503,0.675000006953875,0.833333333333333,12,FALSE,FALSE,0.116666667163372,0.149999997019768,-0.116666667163372,0.0499999821186066,-0.0499999821186066,TRUE,TRUE,FALSE,TRUE,FALSE
14,93,"By the People: National","btp03.olt1humrh2","14:9306","14:9306::btp03.olt1humrh2","triple","9306",0.521428573876619,0.533333331346512,0.649999995316778,0.533333341280619,0.52352941343013,0.629411762251573,0.823529411764706,17,FALSE,FALSE,0.105882348821444,0.128571421440159,-0.105882348821444,-9.93410742555767e-09,9.93410742555767e-09,0.521428573876619,0.533333331346512,0.649999995316778,0.533333341280619,0.52352941343013,0.629411762251573,0.823529411764706,17,FALSE,FALSE,0.105882348821444,0.128571421440159,-0.105882348821444,-9.93410742555767e-09,9.93410742555767e-09,TRUE,TRUE,FALSE,FALSE,TRUE
14,93,"By the People: National","btp03.olt1humrh2","14:9307","14:9307::btp03.olt1humrh2","triple","9307",0.585714295506477,0.400000013411045,0.630769233290966,0.525000013411045,0.544444455040826,0.605882358025102,0.777777777777778,18,FALSE,FALSE,-0.0614379029842763,-0.0450549377844884,0.0614379029842763,0.125,-0.125,0.584615393326833,0.400000013411045,0.630769233290966,0.525000013411045,0.541176480405471,0.605882358025102,0.764705882352941,17,FALSE,FALSE,-0.0647058776196311,-0.0461538399641331,0.0647058776196311,0.125,-0.125,FALSE,FALSE,TRUE,TRUE,FALSE
14,93,"By the People: National","btp03.olt1humrh2","14:9308","14:9308::btp03.olt1humrh2","triple","9308",0.658333336313566,0.450000002980232,0.750000004967054,0.350000001490116,0.628571431551661,0.692857147327491,0.857142857142857,14,FALSE,FALSE,-0.0642857157758304,-0.0916666686534882,0.0642857157758304,-0.100000001490116,0.100000001490116,0.658333336313566,0.450000002980232,0.750000004967054,0.350000001490116,0.628571431551661,0.692857147327491,0.857142857142857,14,FALSE,FALSE,-0.0642857157758304,-0.0916666686534882,0.0642857157758304,-0.100000001490116,0.100000001490116,FALSE,FALSE,TRUE,FALSE,TRUE
14,93,"By the People: National","btp03.olt1humrh2","14:9309","14:9309::btp03.olt1humrh2","triple","9309",0.490000006556511,0.649999991059303,0.630000007152557,0.550000011920929,0.51666667064031,0.616666674613953,0.833333333333333,12,FALSE,FALSE,0.100000003973643,0.140000000596046,-0.100000003973643,0.0999999791383743,-0.0999999791383743,0.490000006556511,0.649999991059303,0.630000007152557,0.550000011920929,0.51666667064031,0.616666674613953,0.833333333333333,12,FALSE,FALSE,0.100000003973643,0.140000000596046,-0.100000003973643,0.0999999791383743,-0.0999999791383743,TRUE,TRUE,FALSE,TRUE,FALSE
14,93,"By the People: National","btp03.olt1humrh2","14:9310","14:9310::btp03.olt1humrh2","triple","9310",0.615384611945886,0.580000007152557,0.661538463372451,0.520000004768372,0.60555555505885,0.622222224871318,0.722222222222222,18,FALSE,FALSE,-0.0166666698124673,-0.0461538514265647,0.0166666698124673,-0.0600000023841858,0.0600000023841858,0.615384611945886,0.580000007152557,0.661538463372451,0.520000004768372,0.60555555505885,0.622222224871318,0.722222222222222,18,FALSE,FALSE,-0.0166666698124673,-0.0461538514265647,0.0166666698124673,-0.0600000023841858,0.0600000023841858,FALSE,FALSE,TRUE,FALSE,TRUE
14,93,"By the People: National","btp03.olt1humrh2","14:9312","14:9312::btp03.olt1humrh2","triple","9312",0.604545456441966,0.5,0.581818187778646,0.899999976158142,0.600000001814054,0.595652178577755,0.956521739130435,23,FALSE,FALSE,0.00434782323629967,0.0227272686633198,-0.00434782323629967,0.399999976158142,-0.399999976158142,0.604545456441966,0.5,0.581818187778646,0.899999976158142,0.600000001814054,0.595652178577755,0.956521739130435,23,FALSE,FALSE,0.00434782323629967,0.0227272686633198,-0.00434782323629967,0.399999976158142,-0.399999976158142,TRUE,TRUE,FALSE,TRUE,FALSE
14,93,"By the People: National","btp03.olt1humrh2","14:9313","14:9313::btp03.olt1humrh2","triple","9313",0.593750006053597,0.6,0.612499997019768,0.660000002384186,0.59523809985036,0.623809522106534,0.761904761904762,21,FALSE,FALSE,0.0285714222561745,0.018749990966171,-0.0285714222561745,-0.0600000023841858,0.0600000023841858,0.593750006053597,0.6,0.612499997019768,0.660000002384186,0.59523809985036,0.623809522106534,0.761904761904762,21,FALSE,FALSE,0.0285714222561745,0.018749990966171,-0.0285714222561745,-0.0600000023841858,0.0600000023841858,TRUE,TRUE,FALSE,FALSE,TRUE
14,93,"By the People: National","btp03.olt1humrh2","14:9314","14:9314::btp03.olt1humrh2","triple","9314",0.578947373126682,0.699999988079071,0.642105263314749,0.699999988079071,0.585000003874302,0.644999999552965,0.95,20,FALSE,FALSE,0.0599999956786632,0.0631578901880666,-0.0599999956786632,0,0,0.578947373126682,0.699999988079071,0.642105263314749,0.699999988079071,0.585000003874302,0.644999999552965,0.95,20,FALSE,FALSE,0.0599999956786632,0.0631578901880666,-0.0599999956786632,0,0,TRUE,TRUE,FALSE,FALSE,FALSE
14,93,"By the People: National","btp03.olt1humrh2","14:9315","14:9315::btp03.olt1humrh2","triple","9315",0.512500002980232,0.5,0.53125000372529,1,0.511764708687277,0.55882353291792,0.941176470588235,17,FALSE,FALSE,-0.0470588242306429,-0.0187500007450581,0.0470588242306429,0.5,-0.5,0.512500002980232,0.5,0.53125000372529,1,0.511764708687277,0.55882353291792,0.941176470588235,17,FALSE,FALSE,-0.0470588242306429,-0.0187500007450581,0.0470588242306429,0.5,-0.5,FALSE,FALSE,TRUE,TRUE,FALSE
14,93,"By the People: National","btp03.olt1envir","14:9301","14:9301::btp03.olt1envir","triple","9301",0.62045454877344,0.850000003973643,0.690909092568538,0.816666682561239,0.669642860602055,0.717857147566974,0.785714285714286,14,FALSE,FALSE,0.0482142869649189,0.070454543795098,-0.0482142869649189,0.0333333214124043,-0.0333333214124043,0.62045454877344,0.850000003973643,0.690909092568538,0.816666682561239,0.669642860602055,0.717857147566974,0.785714285714286,14,FALSE,FALSE,0.0482142869649189,0.070454543795098,-0.0482142869649189,0.0333333214124043,-0.0333333214124043,TRUE,TRUE,FALSE,TRUE,FALSE
14,93,"By the People: National","btp03.olt1envir","14:9302","14:9302::btp03.olt1envir","triple","9302",0.764285717691694,0.649999996026357,0.646428570151329,0.783333321412404,0.730000001192093,0.687499995529652,0.7,10,FALSE,FALSE,0.0425000056624412,0.117857147540365,-0.0425000056624412,0.133333325386047,-0.133333325386047,0.764285717691694,0.649999996026357,0.646428570151329,0.783333321412404,0.730000001192093,0.687499995529652,0.7,10,FALSE,FALSE,0.0425000056624412,0.117857147540365,-0.0425000056624412,0.133333325386047,-0.133333325386047,TRUE,TRUE,FALSE,TRUE,FALSE
14,93,"By the People: National","btp03.olt1envir","14:9303","14:9303::btp03.olt1envir","triple","9303",0.738194445768992,0.555000001192093,0.747222219904264,0.600000001490116,0.684313726775787,0.703921567429515,0.705882352941177,17,FALSE,FALSE,-0.019607840653728,-0.00902777413527178,0.019607840653728,0.0450000002980232,-0.0450000002980232,0.738194445768992,0.555000001192093,0.747222219904264,0.600000001490116,0.684313726775787,0.703921567429515,0.705882352941177,17,FALSE,FALSE,-0.019607840653728,-0.00902777413527178,0.019607840653728,0.0450000002980232,-0.0450000002980232,FALSE,FALSE,TRUE,TRUE,FALSE
14,93,"By the People: National","btp03.olt1envir","14:9304","14:9304::btp03.olt1envir","triple","9304",0.739814814594057,0.412500001490116,0.783333334657881,0.387500017881393,0.68030303039334,0.71136364069852,0.818181818181818,11,FALSE,FALSE,-0.0310606103051793,-0.0435185200638242,0.0310606103051793,-0.0249999836087227,0.0249999836087227,0.739814814594057,0.412500001490116,0.783333334657881,0.387500017881393,0.68030303039334,0.71136364069852,0.818181818181818,11,FALSE,FALSE,-0.0310606103051793,-0.0435185200638242,0.0310606103051793,-0.0249999836087227,0.0249999836087227,FALSE,FALSE,TRUE,FALSE,TRUE
14,93,"By the People: National","btp03.olt1envir","14:9305","14:9305::btp03.olt1envir","triple","9305",0.625000005960464,0.875,0.613333328440785,0.862500011920929,0.66666667163372,0.654861109020809,0.833333333333333,12,FALSE,FALSE,-0.0118055626129111,-0.0116666775196791,0.0118055626129111,0.012499988079071,-0.012499988079071,0.625000005960464,0.875,0.613333328440785,0.862500011920929,0.66666667163372,0.654861109020809,0.833333333333333,12,FALSE,FALSE,-0.0118055626129111,-0.0116666775196791,0.0118055626129111,0.012499988079071,-0.012499988079071,FALSE,FALSE,TRUE,TRUE,FALSE
14,93,"By the People: National","btp03.olt1envir","14:9306","14:9306::btp03.olt1envir","triple","9306",0.639880956948868,0.808333337306976,0.625000006918396,0.783333341280619,0.669607847600299,0.652941183570553,0.823529411764706,17,FALSE,FALSE,-0.0166666640297455,-0.0148809500304715,0.0166666640297455,0.0249999960263571,-0.0249999960263571,0.639880956948868,0.808333337306976,0.625000006918396,0.783333341280619,0.669607847600299,0.652941183570553,0.823529411764706,17,FALSE,FALSE,-0.0166666640297455,-0.0148809500304715,0.0166666640297455,0.0249999960263571,-0.0249999960263571,FALSE,FALSE,TRUE,TRUE,FALSE
14,93,"By the People: National","btp03.olt1envir","14:9307","14:9307::btp03.olt1envir","triple","9307",0.644642862890448,0.679166659712791,0.688461536684862,0.768749997019768,0.652314817739858,0.707352939116604,0.777777777777778,18,FALSE,FALSE,0.0550381213767467,0.0438186737944136,-0.0550381213767467,-0.0895833373069763,0.0895833373069763,0.62692308311279,0.679166659712791,0.688461536684862,0.768749997019768,0.639215689371614,0.707352939116604,0.764705882352941,17,FALSE,FALSE,0.0681372497449904,0.0615384535720715,-0.0681372497449904,-0.0895833373069763,0.0895833373069763,TRUE,TRUE,FALSE,FALSE,TRUE
14,93,"By the People: National","btp03.olt1envir","14:9308","14:9308::btp03.olt1envir","triple","9308",0.80833333482345,0.508333340287209,0.768750003228585,0.5625,0.765476192746844,0.739285717053073,0.857142857142857,14,FALSE,FALSE,0.0261904756937709,0.0395833315948646,-0.0261904756937709,0.0541666597127914,-0.0541666597127914,0.80833333482345,0.508333340287209,0.768750003228585,0.5625,0.765476192746844,0.739285717053073,0.857142857142857,14,FALSE,FALSE,0.0261904756937709,0.0395833315948646,-0.0261904756937709,0.0541666597127914,-0.0541666597127914,TRUE,TRUE,FALSE,TRUE,FALSE
14,93,"By the People: National","btp03.olt1envir","14:9309","14:9309::btp03.olt1envir","triple","9309",0.610000005364418,0.875,0.659166669845581,0.775000005960464,0.654166671137015,0.678472225864728,0.833333333333333,12,FALSE,FALSE,0.0243055547277133,0.049166664481163,-0.0243055547277133,0.0999999940395355,-0.0999999940395355,0.610000005364418,0.875,0.659166669845581,0.775000005960464,0.654166671137015,0.678472225864728,0.833333333333333,12,FALSE,FALSE,0.0243055547277133,0.049166664481163,-0.0243055547277133,0.0999999940395355,-0.0999999940395355,TRUE,TRUE,FALSE,TRUE,FALSE
14,93,"By the People: National","btp03.olt1envir","14:9310","14:9310::btp03.olt1envir","triple","9310",0.743589742825581,0.729999995231628,0.792307688639714,0.889999997615814,0.739814812938372,0.819444441133075,0.722222222222222,18,FALSE,FALSE,-0.079629628194703,-0.0487179458141327,0.079629628194703,0.160000002384186,-0.160000002384186,0.743589742825581,0.729999995231628,0.792307688639714,0.889999997615814,0.739814812938372,0.819444441133075,0.722222222222222,18,FALSE,FALSE,-0.079629628194703,-0.0487179458141327,0.079629628194703,0.160000002384186,-0.160000002384186,FALSE,FALSE,TRUE,TRUE,FALSE
14,93,"By the People: National","btp03.olt1envir","14:9312","14:9312::btp03.olt1envir","triple","9312",0.635606061328541,0.75,0.695454545996406,0.774999976158142,0.640579710835996,0.69891304295996,0.956521739130435,23,FALSE,FALSE,0.0583333321239637,0.0598484846678647,-0.0583333321239637,-0.0249999761581421,0.0249999761581421,0.635606061328541,0.75,0.695454545996406,0.774999976158142,0.640579710835996,0.69891304295996,0.956521739130435,23,FALSE,FALSE,0.0583333321239637,0.0598484846678647,-0.0583333321239637,-0.0249999761581421,0.0249999761581421,TRUE,TRUE,FALSE,FALSE,TRUE
14,93,"By the People: National","btp03.olt1envir","14:9313","14:9313::btp03.olt1envir","triple","9313",0.623958329670131,0.9,0.657812500372529,0.875000011920929,0.689682536891529,0.709523812645958,0.761904761904762,21,FALSE,FALSE,0.019841275754429,0.0338541707023978,-0.019841275754429,0.0249999880790711,-0.0249999880790711,0.623958329670131,0.9,0.657812500372529,0.875000011920929,0.689682536891529,0.709523812645958,0.761904761904762,21,FALSE,FALSE,0.019841275754429,0.0338541707023978,-0.019841275754429,0.0249999880790711,-0.0249999880790711,TRUE,TRUE,FALSE,TRUE,FALSE
14,93,"By the People: National","btp03.olt1envir","14:9314","14:9314::btp03.olt1envir","triple","9314",0.646929820901469,0.899999976158142,0.679385964807711,0.850000023841858,0.659583328664303,0.687916667759419,0.95,20,FALSE,FALSE,0.0283333390951157,0.032456143906242,-0.0283333390951157,0.0499999523162842,-0.0499999523162842,0.646929820901469,0.899999976158142,0.679385964807711,0.850000023841858,0.659583328664303,0.687916667759419,0.95,20,FALSE,FALSE,0.0283333390951157,0.032456143906242,-0.0283333390951157,0.0499999523162842,-0.0499999523162842,TRUE,TRUE,FALSE,TRUE,FALSE
14,93,"By the People: National","btp03.olt1envir","14:9315","14:9315::btp03.olt1envir","triple","9315",0.703125001862645,0.600000023841858,0.753124998882413,0.600000023841858,0.697058826684952,0.744117647409439,0.941176470588235,17,FALSE,FALSE,-0.0470588207244873,-0.0499999970197678,0.0470588207244873,0,0,0.703125001862645,0.600000023841858,0.753124998882413,0.600000023841858,0.697058826684952,0.744117647409439,0.941176470588235,17,FALSE,FALSE,-0.0470588207244873,-0.0499999970197678,0.0470588207244873,0,0,FALSE,FALSE,TRUE,FALSE,FALSE
14,93,"By the People: National","btp03.olt1inter","14:9301","14:9301::btp03.olt1inter","triple","9301",0.954545454545455,1,0.863636363636364,0.916666666666667,0.964285714285714,0.875,0.785714285714286,14,FALSE,FALSE,-0.0892857142857143,-0.0909090909090909,0.0892857142857143,0.0833333333333334,-0.0833333333333334,0.954545454545455,1,0.863636363636364,0.916666666666667,0.964285714285714,0.875,0.785714285714286,14,FALSE,FALSE,-0.0892857142857143,-0.0909090909090909,0.0892857142857143,0.0833333333333334,-0.0833333333333334,FALSE,FALSE,TRUE,TRUE,FALSE
14,93,"By the People: National","btp03.olt1inter","14:9302","14:9302::btp03.olt1inter","triple","9302",0.642857142857143,1,0.571428571428571,0.916666666666667,0.75,0.675,0.7,10,FALSE,FALSE,-0.075,-0.0714285714285715,0.075,0.0833333333333334,-0.0833333333333334,0.642857142857143,1,0.571428571428571,0.916666666666667,0.75,0.675,0.7,10,FALSE,FALSE,-0.075,-0.0714285714285715,0.075,0.0833333333333334,-0.0833333333333334,FALSE,FALSE,TRUE,TRUE,FALSE
14,93,"By the People: National","btp03.olt1inter","14:9303","14:9303::btp03.olt1inter","triple","9303",0.625,0.85,0.479166666666667,0.65,0.691176470588235,0.529411764705882,0.705882352941177,17,FALSE,FALSE,-0.161764705882353,-0.145833333333333,0.161764705882353,0.2,-0.2,0.625,0.85,0.479166666666667,0.65,0.691176470588235,0.529411764705882,0.705882352941177,17,FALSE,FALSE,-0.161764705882353,-0.145833333333333,0.161764705882353,0.2,-0.2,FALSE,FALSE,TRUE,TRUE,FALSE
14,93,"By the People: National","btp03.olt1inter","14:9304","14:9304::btp03.olt1inter","triple","9304",0.583333333333333,0.75,0.777777777777778,0.375,0.613636363636364,0.704545454545455,0.818181818181818,11,FALSE,FALSE,0.0909090909090909,0.194444444444444,-0.0909090909090909,0.375,-0.375,0.583333333333333,0.75,0.777777777777778,0.375,0.613636363636364,0.704545454545455,0.818181818181818,11,FALSE,FALSE,0.0909090909090909,0.194444444444444,-0.0909090909090909,0.375,-0.375,TRUE,TRUE,FALSE,TRUE,FALSE
14,93,"By the People: National","btp03.olt1inter","14:9305","14:9305::btp03.olt1inter","triple","9305",0.527777777777778,1,0.75,0.875,0.613636363636364,0.770833333333333,0.833333333333333,12,FALSE,FALSE,0.15719696969697,0.222222222222222,-0.15719696969697,0.125,-0.125,0.527777777777778,1,0.75,0.875,0.613636363636364,0.772727272727273,0.818181818181818,11,FALSE,FALSE,0.159090909090909,0.222222222222222,-0.159090909090909,0.125,-0.125,TRUE,TRUE,FALSE,TRUE,FALSE
14,93,"By the People: National","btp03.olt1inter","14:9306","14:9306::btp03.olt1inter","triple","9306",0.517857142857143,0.416666666666667,0.589285714285714,0.25,0.5,0.529411764705882,0.823529411764706,17,FALSE,FALSE,-0.0294117647058824,-0.0714285714285714,0.0294117647058824,-0.166666666666667,0.166666666666667,0.517857142857143,0.416666666666667,0.589285714285714,0.25,0.5,0.529411764705882,0.823529411764706,17,FALSE,FALSE,-0.0294117647058824,-0.0714285714285714,0.0294117647058824,-0.166666666666667,0.166666666666667,FALSE,FALSE,TRUE,FALSE,TRUE
14,93,"By the People: National","btp03.olt1inter","14:9307","14:9307::btp03.olt1inter","triple","9307",0.589285714285714,0.625,0.692307692307692,0.6875,0.597222222222222,0.691176470588235,0.777777777777778,18,FALSE,FALSE,0.0939542483660131,0.103021978021978,-0.0939542483660131,-0.0625,0.0625,0.615384615384615,0.625,0.692307692307692,0.6875,0.61764705882353,0.691176470588235,0.764705882352941,17,FALSE,FALSE,0.0735294117647058,0.0769230769230769,-0.0735294117647058,-0.0625,0.0625,TRUE,TRUE,FALSE,FALSE,TRUE
14,93,"By the People: National","btp03.olt1inter","14:9308","14:9308::btp03.olt1inter","triple","9308",0.854166666666667,0.25,0.854166666666667,0.5,0.767857142857143,0.803571428571429,0.857142857142857,14,FALSE,FALSE,-0.0357142857142857,0,0.0357142857142857,0.25,-0.25,0.854166666666667,0.25,0.854166666666667,0.5,0.767857142857143,0.803571428571429,0.857142857142857,14,FALSE,FALSE,-0.0357142857142857,0,0.0357142857142857,0.25,-0.25,FALSE,FALSE,TRUE,TRUE,FALSE
14,93,"By the People: National","btp03.olt1inter","14:9309","14:9309::btp03.olt1inter","triple","9309",0.527777777777778,0.75,0.75,0.625,0.568181818181818,0.729166666666667,0.833333333333333,12,FALSE,FALSE,0.160984848484848,0.222222222222222,-0.160984848484848,0.125,-0.125,0.527777777777778,0.75,0.722222222222222,0.625,0.568181818181818,0.704545454545455,0.818181818181818,11,FALSE,FALSE,0.136363636363636,0.194444444444444,-0.136363636363636,0.125,-0.125,TRUE,TRUE,FALSE,TRUE,FALSE
14,93,"By the People: National","btp03.olt1inter","14:9310","14:9310::btp03.olt1inter","triple","9310",0.673076923076923,0.85,0.826923076923077,0.85,0.722222222222222,0.833333333333333,0.722222222222222,18,FALSE,FALSE,0.111111111111111,0.153846153846154,-0.111111111111111,0,0,0.673076923076923,0.85,0.826923076923077,0.85,0.722222222222222,0.833333333333333,0.722222222222222,18,FALSE,FALSE,0.111111111111111,0.153846153846154,-0.111111111111111,0,0,TRUE,TRUE,FALSE,FALSE,FALSE
14,93,"By the People: National","btp03.olt1inter","14:9312","14:9312::btp03.olt1inter","triple","9312",0.619047619047619,0.75,0.670454545454545,1,0.625,0.684782608695652,0.956521739130435,23,FALSE,FALSE,0.0597826086956522,0.0514069264069263,-0.0597826086956522,-0.25,0.25,0.619047619047619,0.75,0.666666666666667,1,0.625,0.681818181818182,0.954545454545455,22,FALSE,FALSE,0.0568181818181818,0.0476190476190476,-0.0568181818181818,-0.25,0.25,TRUE,TRUE,FALSE,FALSE,TRUE
14,93,"By the People: National","btp03.olt1inter","14:9313","14:9313::btp03.olt1inter","triple","9313",0.59375,0.85,0.733333333333333,0.85,0.654761904761905,0.7625,0.761904761904762,21,FALSE,FALSE,0.107738095238095,0.139583333333333,-0.107738095238095,0,0,0.616666666666667,0.85,0.733333333333333,0.85,0.675,0.7625,0.75,20,FALSE,FALSE,0.0874999999999999,0.116666666666667,-0.0874999999999999,0,0,TRUE,TRUE,FALSE,FALSE,FALSE
14,93,"By the People: National","btp03.olt1inter","14:9314","14:9314::btp03.olt1inter","triple","9314",0.697368421052632,0.5,0.61764705882353,0.75,0.6875,0.625,0.95,20,FALSE,FALSE,0.0625,0.0797213622291021,-0.0625,0.25,-0.25,0.661764705882353,0.5,0.61764705882353,0.75,0.652777777777778,0.625,0.944444444444444,18,FALSE,FALSE,0.0277777777777778,0.0441176470588235,-0.0277777777777778,0.25,-0.25,TRUE,TRUE,FALSE,TRUE,FALSE
14,93,"By the People: National","btp03.olt1inter","14:9315","14:9315::btp03.olt1inter","triple","9315",0.578125,1,0.546875,1,0.602941176470588,0.573529411764706,0.941176470588235,17,FALSE,FALSE,-0.0294117647058824,-0.03125,0.0294117647058824,0,0,0.578125,1,0.546875,1,0.602941176470588,0.573529411764706,0.941176470588235,17,FALSE,FALSE,-0.0294117647058824,-0.03125,0.0294117647058824,0,0,FALSE,FALSE,TRUE,FALSE,FALSE
14,93,"By the People: National","btp03.olt1multi","14:9301","14:9301::btp03.olt1multi","triple","9301",0.745580808682875,0.849305550257365,0.713226020336151,0.853472232818604,0.767807539020266,0.74327878015382,0.785714285714286,14,FALSE,FALSE,-0.0245287588664463,-0.0323547883467241,0.0245287588664463,-0.00416668256123864,0.00416668256123864,0.745580808682875,0.849305550257365,0.713226020336151,0.853472232818604,0.767807539020266,0.74327878015382,0.785714285714286,14,FALSE,FALSE,-0.0245287588664463,-0.0323547883467241,0.0245287588664463,-0.00416668256123864,0.00416668256123864,FALSE,FALSE,TRUE,FALSE,TRUE
14,93,"By the People: National","btp03.olt1multi","14:9302","14:9302::btp03.olt1multi","triple","9302",0.793154759066446,0.690277775128682,0.693452366760799,0.763194441795349,0.762291663885117,0.714374989271164,0.7,10,FALSE,FALSE,0.0479166746139527,0.0997023923056466,-0.0479166746139527,0.0729166666666666,-0.0729166666666666,0.793154759066446,0.690277775128682,0.693452366760799,0.763194441795349,0.762291663885117,0.714374989271164,0.7,10,FALSE,FALSE,0.0479166746139527,0.0997023923056466,-0.0479166746139527,0.0729166666666666,-0.0729166666666666,TRUE,TRUE,FALSE,TRUE,FALSE
14,93,"By the People: National","btp03.olt1multi","14:9303","14:9303::btp03.olt1multi","triple","9303",0.76882854104042,0.678888893127441,0.724805727601051,0.67631943821907,0.742375703418956,0.71054505425341,0.705882352941177,17,FALSE,FALSE,0.0318306491655462,0.0440228134393692,-0.0318306491655462,-0.0025694549083709,0.0025694549083709,0.76882854104042,0.678888893127441,0.724805727601051,0.67631943821907,0.742375703418956,0.71054505425341,0.705882352941177,17,FALSE,FALSE,0.0318306491655462,0.0440228134393692,-0.0318306491655462,-0.0025694549083709,0.0025694549083709,TRUE,TRUE,FALSE,FALSE,TRUE
14,93,"By the People: National","btp03.olt1multi","14:9304","14:9304::btp03.olt1multi","triple","9304",0.763822754224141,0.610416665673256,0.786342594358656,0.65885417163372,0.73593073812398,0.76316288113594,0.818181818181818,11,FALSE,FALSE,-0.0272321430119601,-0.0225198401345147,0.0272321430119601,0.0484375059604645,-0.0484375059604645,0.763822754224141,0.610416665673256,0.786342594358656,0.65885417163372,0.73593073812398,0.76316288113594,0.818181818181818,11,FALSE,FALSE,-0.0272321430119601,-0.0225198401345147,0.0272321430119601,0.0484375059604645,-0.0484375059604645,FALSE,FALSE,TRUE,TRUE,FALSE
14,93,"By the People: National","btp03.olt1multi","14:9305","14:9305::btp03.olt1multi","triple","9305",0.696552580595016,0.856398820877075,0.706622031331062,0.794791668653488,0.723193620642026,0.7213169708848,0.833333333333333,12,FALSE,FALSE,-0.00187664975722635,0.0100694507360458,0.00187664975722635,0.061607152223587,-0.061607152223587,0.696552580595016,0.856398820877075,0.706622031331062,0.794791668653488,0.723193620642026,0.7213169708848,0.833333333333333,12,FALSE,FALSE,-0.00187664975722635,0.0100694507360458,0.00187664975722635,0.061607152223587,-0.061607152223587,FALSE,TRUE,TRUE,TRUE,FALSE
14,93,"By the People: National","btp03.olt1multi","14:9306","14:9306::btp03.olt1multi","triple","9306",0.72230655167784,0.767708341280619,0.645943180790969,0.726041674613953,0.730318632195978,0.660078209112672,0.823529411764706,17,FALSE,FALSE,-0.0702404230833054,-0.0763633708868707,0.0702404230833054,0.0416666666666666,-0.0416666666666666,0.72230655167784,0.767708341280619,0.645943180790969,0.726041674613953,0.730318632195978,0.660078209112672,0.823529411764706,17,FALSE,FALSE,-0.0702404230833054,-0.0763633708868707,0.0702404230833054,0.0416666666666666,-0.0416666666666666,FALSE,FALSE,TRUE,TRUE,FALSE
14,93,"By the People: National","btp03.olt1multi","14:9307","14:9307::btp03.olt1multi","triple","9307",0.718037841575486,0.744010418653488,0.709638276925454,0.790885433554649,0.723809525370598,0.728755254955853,0.777777777777778,18,FALSE,FALSE,0.00494572958525485,-0.00839956465003255,-0.00494572958525485,-0.0468750149011612,0.0468750149011612,0.701877289093458,0.744010418653488,0.709638276925454,0.790885433554649,0.711790966636994,0.728755254955853,0.764705882352941,17,FALSE,FALSE,0.0169642883188584,0.00776098783199608,-0.0169642883188584,-0.0468750149011612,0.0468750149011612,TRUE,FALSE,FALSE,FALSE,TRUE
14,93,"By the People: National","btp03.olt1multi","14:9308","14:9308::btp03.olt1multi","triple","9308",0.740038034816583,0.771279782056808,0.768084486325582,0.81979164481163,0.744501141565187,0.77547122325216,0.857142857142857,14,FALSE,FALSE,0.0309700816869736,0.0280464515089989,-0.0309700816869736,-0.0485118627548218,0.0485118627548218,0.740038034816583,0.771279782056808,0.768084486325582,0.81979164481163,0.744501141565187,0.77547122325216,0.857142857142857,14,FALSE,FALSE,0.0309700816869736,0.0280464515089989,-0.0309700816869736,-0.0485118627548218,0.0485118627548218,TRUE,TRUE,FALSE,FALSE,TRUE
14,93,"By the People: National","btp03.olt1multi","14:9309","14:9309::btp03.olt1multi","triple","9309",0.694181549549103,0.691145837306976,0.738898810744286,0.766666650772095,0.693675597508748,0.743526784082254,0.833333333333333,12,FALSE,FALSE,-0.0498511865735054,-0.0447172611951827,0.0498511865735054,0.0755208134651184,-0.0755208134651184,0.694181549549103,0.691145837306976,0.738898810744286,0.766666650772095,0.693675597508748,0.743526784082254,0.833333333333333,12,FALSE,FALSE,-0.0498511865735054,-0.0447172611951827,0.0498511865735054,0.0755208134651184,-0.0755208134651184,FALSE,FALSE,TRUE,TRUE,FALSE
14,93,"By the People: National","btp03.olt1multi","14:9310","14:9310::btp03.olt1multi","triple","9310",0.731559079426986,0.713749992847443,0.754132335002606,0.82020833492279,0.726612110932668,0.772486779424879,0.722222222222222,18,FALSE,FALSE,-0.0458746684922112,-0.0225732555756202,0.0458746684922112,0.106458342075348,-0.106458342075348,0.731559079426986,0.713749992847443,0.754132335002606,0.82020833492279,0.726612110932668,0.772486779424879,0.722222222222222,18,FALSE,FALSE,-0.0458746684922112,-0.0225732555756202,0.0458746684922112,0.106458342075348,-0.106458342075348,FALSE,FALSE,TRUE,TRUE,FALSE
14,93,"By the People: National","btp03.olt1multi","14:9312","14:9312::btp03.olt1multi","triple","9312",0.720055918801915,0.881250023841858,0.758770748972893,0.912500023841858,0.727064358151477,0.765454630488935,0.956521739130435,23,FALSE,FALSE,0.0383902723374574,0.0387148301709782,-0.0383902723374574,-0.03125,0.03125,0.720055918801915,0.881250023841858,0.758770748972893,0.912500023841858,0.727064358151477,0.765454630488935,0.956521739130435,23,FALSE,FALSE,0.0383902723374574,0.0387148301709782,-0.0383902723374574,-0.03125,0.03125,TRUE,TRUE,FALSE,FALSE,TRUE
14,93,"By the People: National","btp03.olt1multi","14:9313","14:9313::btp03.olt1multi","triple","9313",0.708893226459622,0.782321429252624,0.746459573507309,0.781488084793091,0.726376131886528,0.754799695242019,0.761904761904762,21,FALSE,FALSE,0.0284235633554913,0.0375663470476866,-0.0284235633554913,0.000833344459533647,-0.000833344459533647,0.708893226459622,0.782321429252624,0.746459573507309,0.781488084793091,0.726376131886528,0.754799695242019,0.761904761904762,21,FALSE,FALSE,0.0284235633554913,0.0375663470476866,-0.0284235633554913,0.000833344459533647,-0.000833344459533647,TRUE,TRUE,FALSE,TRUE,FALSE
14,93,"By the People: National","btp03.olt1multi","14:9314","14:9314::btp03.olt1multi","triple","9314",0.731296995752736,0.76354169845581,0.757458755844518,0.714583337306976,0.73290923088789,0.755314984917641,0.95,20,FALSE,FALSE,0.0224057540297509,0.0261617600917816,-0.0224057540297509,0.0489583611488342,-0.0489583611488342,0.731296995752736,0.76354169845581,0.757458755844518,0.714583337306976,0.73290923088789,0.755314984917641,0.95,20,FALSE,FALSE,0.0224057540297509,0.0261617600917816,-0.0224057540297509,0.0489583611488342,-0.0489583611488342,TRUE,TRUE,FALSE,TRUE,FALSE
14,93,"By the People: National","btp03.olt1multi","14:9315","14:9315::btp03.olt1multi","triple","9315",0.744490947574377,0.760416686534882,0.792773444205523,0.760416686534882,0.745427755748524,0.790870105519014,0.941176470588235,17,FALSE,FALSE,0.0454423497704899,0.0482824966311455,-0.0454423497704899,0,0,0.744490947574377,0.760416686534882,0.792773444205523,0.760416686534882,0.745427755748524,0.790870105519014,0.941176470588235,17,FALSE,FALSE,0.0454423497704899,0.0482824966311455,-0.0454423497704899,0,0,TRUE,TRUE,FALSE,FALSE,FALSE
14,93,"By the People: National","btp03.olt1demo","14:9301","14:9301::btp03.olt1demo","triple","9301",0.565151512622833,0.848148147265116,0.67474747245962,0.850000003973643,0.625793648617608,0.712301586355482,0.785714285714286,14,FALSE,FALSE,0.0865079377378736,0.109595959836786,-0.0865079377378736,-0.00185185670852661,0.00185185670852661,0.565151512622833,0.848148147265116,0.67474747245962,0.850000003973643,0.625793648617608,0.712301586355482,0.785714285714286,14,FALSE,FALSE,0.0865079377378736,0.109595959836786,-0.0865079377378736,-0.00185185670852661,0.00185185670852661,TRUE,TRUE,FALSE,FALSE,TRUE
14,93,"By the People: National","btp03.olt1demo","14:9302","14:9302::btp03.olt1demo","triple","9302",0.62380952494485,0.490740731358528,0.629365073783057,0.548148145278295,0.583888886868954,0.604999995231628,0.7,10,FALSE,FALSE,-0.0211111083626747,-0.00555554883820664,0.0211111083626747,0.0574074139197668,-0.0574074139197668,0.62380952494485,0.490740731358528,0.629365073783057,0.548148145278295,0.583888886868954,0.604999995231628,0.7,10,FALSE,FALSE,-0.0211111083626747,-0.00555554883820664,0.0211111083626747,0.0574074139197668,-0.0574074139197668,FALSE,FALSE,TRUE,TRUE,FALSE
14,93,"By the People: National","btp03.olt1demo","14:9303","14:9303::btp03.olt1demo","triple","9303",0.527083331098159,0.621111115813255,0.57129629701376,0.634444445371628,0.554738561896717,0.589869281824897,0.705882352941177,17,FALSE,FALSE,0.0351307199281804,0.0442129659156004,-0.0351307199281804,-0.0133333295583725,0.0133333295583725,0.527083331098159,0.621111115813255,0.57129629701376,0.634444445371628,0.554738561896717,0.589869281824897,0.705882352941177,17,FALSE,FALSE,0.0351307199281804,0.0442129659156004,-0.0351307199281804,-0.0133333295583725,0.0133333295583725,TRUE,TRUE,FALSE,FALSE,TRUE
14,93,"By the People: National","btp03.olt1demo","14:9304","14:9304::btp03.olt1demo","triple","9304",0.682098766167959,0.58611111342907,0.645679023530748,0.305555559694767,0.664646465669979,0.583838393742388,0.818181818181818,11,FALSE,FALSE,0.0808080719275908,0.0364197426372105,-0.0808080719275908,-0.280555553734303,0.280555553734303,0.682098766167959,0.58611111342907,0.645679023530748,0.305555559694767,0.664646465669979,0.583838393742388,0.818181818181818,11,FALSE,FALSE,0.0808080719275908,0.0364197426372105,-0.0808080719275908,-0.280555553734303,0.280555553734303,TRUE,TRUE,FALSE,FALSE,TRUE
14,93,"By the People: National","btp03.olt1demo","14:9305","14:9305::btp03.olt1demo","triple","9305",0.528333339095116,0.730555534362793,0.623888894915581,0.616666659712791,0.562037038306395,0.622685189048449,0.833333333333333,12,FALSE,FALSE,0.060648150742054,0.095555555820465,-0.060648150742054,0.113888874650002,-0.113888874650002,0.528333339095116,0.730555534362793,0.623888894915581,0.616666659712791,0.562037038306395,0.622685189048449,0.833333333333333,12,FALSE,FALSE,0.060648150742054,0.095555555820465,-0.060648150742054,0.113888874650002,-0.113888874650002,TRUE,TRUE,FALSE,TRUE,FALSE
14,93,"By the People: National","btp03.olt1demo","14:9306","14:9306::btp03.olt1demo","triple","9306",0.538492063326495,0.520370364189148,0.602380950536047,0.572222222884496,0.535294116419904,0.59705882212695,0.823529411764706,17,FALSE,FALSE,-0.0617647057070452,-0.0638888872095517,0.0617647057070452,0.0518518586953481,-0.0518518586953481,0.538492063326495,0.520370364189148,0.602380950536047,0.572222222884496,0.535294116419904,0.59705882212695,0.823529411764706,17,FALSE,FALSE,-0.0617647057070452,-0.0638888872095517,0.0617647057070452,0.0518518586953481,-0.0518518586953481,FALSE,FALSE,TRUE,TRUE,FALSE
14,93,"By the People: National","btp03.olt1demo","14:9307","14:9307::btp03.olt1demo","triple","9307",0.598015877817358,0.526388898491859,0.591880345573792,0.576388888061047,0.582098771300581,0.588235296747264,0.777777777777778,18,FALSE,FALSE,-0.00613652544668297,0.00613553224356622,0.00613652544668297,0.0499999895691872,-0.0499999895691872,0.629487184377817,0.526388898491859,0.591880345573792,0.576388888061047,0.605228764169356,0.588235296747264,0.764705882352941,17,FALSE,FALSE,0.0169934674220927,0.0376068388040249,-0.0169934674220927,0.0499999895691872,-0.0499999895691872,FALSE,TRUE,TRUE,TRUE,FALSE
14,93,"By the People: National","btp03.olt1demo","14:9308","14:9308::btp03.olt1demo","triple","9308",0.641898137827714,0.366666659712791,0.717592589557171,0.405555561184883,0.602579355239868,0.673015871218273,0.857142857142857,14,FALSE,FALSE,-0.0704365159784045,-0.0756944517294565,0.0704365159784045,0.0388889014720917,-0.0388889014720917,0.641898137827714,0.366666659712791,0.717592589557171,0.405555561184883,0.602579355239868,0.673015871218273,0.857142857142857,14,FALSE,FALSE,-0.0704365159784045,-0.0756944517294565,0.0704365159784045,0.0388889014720917,-0.0388889014720917,FALSE,FALSE,TRUE,TRUE,FALSE
14,93,"By the People: National","btp03.olt1demo","14:9309","14:9309::btp03.olt1demo","triple","9309",0.56522222161293,0.633333340287209,0.592222222685814,0.561111122369766,0.57657407472531,0.587037039299806,0.833333333333333,12,FALSE,FALSE,0.010462964574496,0.0270000010728836,-0.010462964574496,0.0722222179174423,-0.0722222179174423,0.56522222161293,0.633333340287209,0.592222222685814,0.561111122369766,0.57657407472531,0.587037039299806,0.833333333333333,12,FALSE,FALSE,0.010462964574496,0.0270000010728836,-0.010462964574496,0.0722222179174423,-0.0722222179174423,TRUE,TRUE,FALSE,TRUE,FALSE
14,93,"By the People: National","btp03.olt1demo","14:9310","14:9310::btp03.olt1demo","triple","9310",0.619871794031217,0.582222229242325,0.750427344670663,0.51777777671814,0.609413581589858,0.685802464683851,0.722222222222222,18,FALSE,FALSE,-0.0763888830939929,-0.130555550639446,0.0763888830939929,-0.0644444525241852,0.0644444525241852,0.619871794031217,0.582222229242325,0.750427344670663,0.51777777671814,0.609413581589858,0.685802464683851,0.722222222222222,18,FALSE,FALSE,-0.0763888830939929,-0.130555550639446,0.0763888830939929,-0.0644444525241852,0.0644444525241852,FALSE,FALSE,TRUE,FALSE,TRUE
14,93,"By the People: National","btp03.olt1demo","14:9312","14:9312::btp03.olt1demo","triple","9312",0.567424243824048,0.338888883590698,0.54684343798594,0.438888877630234,0.557487923813903,0.542149761448736,0.956521739130435,23,FALSE,FALSE,0.0153381623651671,0.0205808058381081,-0.0153381623651671,0.0999999940395355,-0.0999999940395355,0.567424243824048,0.338888883590698,0.54684343798594,0.438888877630234,0.557487923813903,0.542149761448736,0.956521739130435,23,FALSE,FALSE,0.0153381623651671,0.0205808058381081,-0.0153381623651671,0.0999999940395355,-0.0999999940395355,TRUE,TRUE,FALSE,TRUE,FALSE
14,93,"By the People: National","btp03.olt1demo","14:9313","14:9313::btp03.olt1demo","triple","9313",0.627430556342006,0.763333332538605,0.604236111044884,0.700000005960465,0.659788360198339,0.627037038405736,0.761904761904762,21,FALSE,FALSE,-0.0327513217926025,-0.023194445297122,0.0327513217926025,0.0633333265781402,-0.0633333265781402,0.627430556342006,0.763333332538605,0.604236111044884,0.700000005960465,0.659788360198339,0.627037038405736,0.761904761904762,21,FALSE,FALSE,-0.0327513217926025,-0.023194445297122,0.0327513217926025,0.0633333265781402,-0.0633333265781402,FALSE,FALSE,TRUE,TRUE,FALSE
14,93,"By the People: National","btp03.olt1demo","14:9314","14:9314::btp03.olt1demo","triple","9314",0.57397661083623,0.805555582046509,0.674561406436719,0.294444441795349,0.585555559396744,0.655555558204651,0.95,20,FALSE,FALSE,0.0699999988079071,0.10058479560049,-0.0699999988079071,0.51111114025116,-0.51111114025116,0.57397661083623,0.805555582046509,0.674561406436719,0.294444441795349,0.585555559396744,0.655555558204651,0.95,20,FALSE,FALSE,0.0699999988079071,0.10058479560049,-0.0699999988079071,0.51111114025116,-0.51111114025116,TRUE,TRUE,FALSE,TRUE,FALSE
14,93,"By the People: National","btp03.olt1demo","14:9315","14:9315::btp03.olt1demo","triple","9315",0.590972224250436,0.605555534362793,0.593402782455087,0.555555582046509,0.591830066021751,0.5911764765487,0.941176470588235,17,FALSE,FALSE,-0.000653589473051164,0.00243055820465088,0.000653589473051164,0.0499999523162842,-0.0499999523162842,0.590972224250436,0.605555534362793,0.593402782455087,0.555555582046509,0.591830066021751,0.5911764765487,0.941176470588235,17,FALSE,FALSE,-0.000653589473051164,0.00243055820465088,0.000653589473051164,0.0499999523162842,-0.0499999523162842,FALSE,TRUE,TRUE,TRUE,FALSE
14,93,"By the People: National","btp03.olt1forai1","14:9301","14:9301::btp03.olt1forai1","triple","9301",0.4,0.666666666666667,0.5,0.666666666666667,0.461538461538462,0.535714285714286,0.785714285714286,14,FALSE,FALSE,0.0741758241758242,0.1,-0.0741758241758242,0,0,0.4,0.666666666666667,0.45,0.666666666666667,0.461538461538462,0.5,0.769230769230769,13,FALSE,FALSE,0.0384615384615385,0.05,-0.0384615384615385,0,0,TRUE,TRUE,FALSE,FALSE,FALSE
14,93,"By the People: National","btp03.olt1forai1","14:9302","14:9302::btp03.olt1forai1","triple","9302",0.357142857142857,0.333333333333333,0.571428571428571,0.333333333333333,0.35,0.5,0.7,10,FALSE,FALSE,-0.15,-0.214285714285714,0.15,0,0,0.357142857142857,0.333333333333333,0.571428571428571,0.333333333333333,0.35,0.5,0.7,10,FALSE,FALSE,-0.15,-0.214285714285714,0.15,0,0,FALSE,FALSE,TRUE,FALSE,FALSE
14,93,"By the People: National","btp03.olt1forai1","14:9303","14:9303::btp03.olt1forai1","triple","9303",0.0909090909090909,0.4,0.181818181818182,0.6,0.1875,0.3125,0.705882352941177,17,FALSE,FALSE,0.125,0.0909090909090909,-0.125,-0.2,0.2,0.1,0.4,0.15,0.6,0.2,0.3,0.666666666666667,15,FALSE,FALSE,0.1,0.05,-0.1,-0.2,0.2,TRUE,TRUE,FALSE,FALSE,TRUE
14,93,"By the People: National","btp03.olt1forai1","14:9304","14:9304::btp03.olt1forai1","triple","9304",0.625,0,0.555555555555556,0,0.5,0.454545454545455,0.818181818181818,11,FALSE,FALSE,0.0454545454545455,0.0694444444444444,-0.0454545454545455,0,0,0.625,0,0.5625,0,0.5,0.45,0.8,10,FALSE,FALSE,0.05,0.0625,-0.05,0,0,TRUE,TRUE,FALSE,FALSE,FALSE
14,93,"By the People: National","btp03.olt1forai1","14:9305","14:9305::btp03.olt1forai1","triple","9305",0.25,0.5,0.25,0.5,0.291666666666667,0.3,0.833333333333333,12,FALSE,FALSE,0.0083333333333333,0,-0.0083333333333333,0,0,0.1875,0.5,0.25,0.5,0.25,0.3,0.8,10,FALSE,FALSE,0.05,0.0625,-0.05,0,0,TRUE,FALSE,FALSE,FALSE,FALSE
14,93,"By the People: National","btp03.olt1forai1","14:9306","14:9306::btp03.olt1forai1","triple","9306",0.111111111111111,0.166666666666667,0.25,0,0.125,0.21875,0.823529411764706,17,FALSE,FALSE,0.09375,0.138888888888889,-0.09375,0.166666666666667,-0.166666666666667,0.111111111111111,0,0.222222222222222,0,0.0909090909090909,0.181818181818182,0.818181818181818,11,FALSE,FALSE,-0.0909090909090909,-0.111111111111111,0.0909090909090909,0,0,TRUE,TRUE,FALSE,TRUE,FALSE
14,93,"By the People: National","btp03.olt1forai1","14:9307","14:9307::btp03.olt1forai1","triple","9307",0.333333333333333,0.166666666666667,0.375,0,0.3,0.321428571428571,0.777777777777778,18,FALSE,FALSE,-0.0214285714285715,-0.0416666666666667,0.0214285714285715,-0.166666666666667,0.166666666666667,0.363636363636364,0,0.409090909090909,0,0.307692307692308,0.346153846153846,0.846153846153846,13,FALSE,FALSE,-0.0384615384615384,-0.0454545454545454,0.0384615384615384,0,0,FALSE,FALSE,TRUE,FALSE,TRUE
14,93,"By the People: National","btp03.olt1forai1","14:9308","14:9308::btp03.olt1forai1","triple","9308",0.409090909090909,0.25,0.4,0.5,0.384615384615385,0.416666666666667,0.857142857142857,14,FALSE,FALSE,-0.032051282051282,0.00909090909090904,0.032051282051282,0.25,-0.25,0.4,0.25,0.4,0.5,0.375,0.416666666666667,0.833333333333333,12,FALSE,FALSE,-0.0416666666666666,0,0.0416666666666666,0.25,-0.25,FALSE,TRUE,TRUE,TRUE,FALSE
14,93,"By the People: National","btp03.olt1forai1","14:9309","14:9309::btp03.olt1forai1","triple","9309",0.214285714285714,0.5,0.5,0.5,0.277777777777778,0.5,0.833333333333333,12,FALSE,FALSE,0.222222222222222,0.285714285714286,-0.222222222222222,0,0,0.214285714285714,0.5,0.5,0.5,0.277777777777778,0.5,0.777777777777778,9,FALSE,FALSE,0.222222222222222,0.285714285714286,-0.222222222222222,0,0,TRUE,TRUE,FALSE,FALSE,FALSE
14,93,"By the People: National","btp03.olt1forai1","14:9310","14:9310::btp03.olt1forai1","triple","9310",0.272727272727273,0.625,0.636363636363636,0.7,0.366666666666667,0.65625,0.722222222222222,18,FALSE,FALSE,0.289583333333333,0.363636363636364,-0.289583333333333,-0.075,0.075,0.25,0.625,0.6,0.75,0.357142857142857,0.642857142857143,0.714285714285714,14,FALSE,FALSE,0.285714285714286,0.35,-0.285714285714286,-0.125,0.125,TRUE,TRUE,FALSE,FALSE,TRUE
14,93,"By the People: National","btp03.olt1forai1","14:9312","14:9312::btp03.olt1forai1","triple","9312",0.205882352941176,0.5,0.375,1,0.222222222222222,0.404761904761905,0.956521739130435,23,FALSE,FALSE,0.182539682539683,0.169117647058824,-0.182539682539683,-0.5,0.5,0.205882352941176,0.5,0.382352941176471,1,0.222222222222222,0.416666666666667,0.944444444444444,18,FALSE,FALSE,0.194444444444444,0.176470588235294,-0.194444444444444,-0.5,0.5,TRUE,TRUE,FALSE,FALSE,TRUE
14,93,"By the People: National","btp03.olt1forai1","14:9313","14:9313::btp03.olt1forai1","triple","9313",0.269230769230769,0.6,0.423076923076923,0.5,0.361111111111111,0.444444444444444,0.761904761904762,21,FALSE,FALSE,0.0833333333333333,0.153846153846154,-0.0833333333333333,0.1,-0.1,0.291666666666667,0.6,0.416666666666667,0.5,0.382352941176471,0.441176470588235,0.705882352941177,17,FALSE,FALSE,0.0588235294117647,0.125,-0.0588235294117647,0.1,-0.1,TRUE,TRUE,FALSE,TRUE,FALSE
14,93,"By the People: National","btp03.olt1forai1","14:9314","14:9314::btp03.olt1forai1","triple","9314",0.272727272727273,0,0.472222222222222,0.5,0.25,0.473684210526316,0.95,20,FALSE,FALSE,-0.223684210526316,-0.19949494949495,0.223684210526316,0.5,-0.5,0.3,0,0.45,0.5,0.272727272727273,0.454545454545455,0.909090909090909,11,FALSE,FALSE,-0.181818181818182,-0.15,0.181818181818182,0.5,-0.5,FALSE,FALSE,TRUE,TRUE,FALSE
14,93,"By the People: National","btp03.olt1forai1","14:9315","14:9315::btp03.olt1forai1","triple","9315",0.321428571428571,0,0.25,0,0.3,0.233333333333333,0.941176470588235,17,FALSE,FALSE,0.0666666666666667,0.0714285714285715,-0.0666666666666667,0,0,0.307692307692308,0,0.269230769230769,0,0.285714285714286,0.25,0.928571428571429,14,FALSE,FALSE,0.0357142857142857,0.0384615384615385,-0.0357142857142857,0,0,TRUE,TRUE,FALSE,FALSE,FALSE
14,93,"By the People: National","btp03.olt1global","14:9301","14:9301::btp03.olt1global","triple","9301",0.515909091992812,0.685185194015503,0.589141416278752,0.70462961991628,0.552182542426246,0.613888888486794,0.785714285714286,14,FALSE,FALSE,0.0617063460605485,0.0732323242859406,-0.0617063460605485,-0.0194444259007772,0.0194444259007772,0.515909091992812,0.685185194015503,0.589141416278752,0.70462961991628,0.552182542426246,0.613888888486794,0.785714285714286,14,FALSE,FALSE,0.0617063460605485,0.0732323242859406,-0.0617063460605485,-0.0194444259007772,0.0194444259007772,TRUE,TRUE,FALSE,FALSE,TRUE
14,93,"By the People: National","btp03.olt1global","14:9302","14:9302::btp03.olt1global","triple","9302",0.560714289546013,0.375000009934107,0.55277777995382,0.520370384057363,0.505000005662441,0.543055561184883,0.7,10,FALSE,FALSE,-0.0380555555224418,0.0079365095921925,0.0380555555224418,0.145370374123255,-0.145370374123255,0.560714289546013,0.375000009934107,0.55277777995382,0.520370384057363,0.505000005662441,0.543055561184883,0.7,10,FALSE,FALSE,-0.0380555555224418,0.0079365095921925,0.0380555555224418,0.145370374123255,-0.145370374123255,FALSE,TRUE,TRUE,TRUE,FALSE
14,93,"By the People: National","btp03.olt1global","14:9303","14:9303::btp03.olt1global","triple","9303",0.496296301484108,0.437777781486511,0.535416672627131,0.52388890683651,0.47908497207305,0.532026153276948,0.705882352941177,17,FALSE,FALSE,-0.0529411812038982,-0.0391203711430231,0.0529411812038982,0.0861111253499984,-0.0861111253499984,0.496296301484108,0.437777781486511,0.535416672627131,0.52388890683651,0.47908497207305,0.532026153276948,0.705882352941177,17,FALSE,FALSE,-0.0529411812038982,-0.0391203711430231,0.0529411812038982,0.0861111253499984,-0.0861111253499984,FALSE,FALSE,TRUE,TRUE,FALSE
14,93,"By the People: National","btp03.olt1global","14:9304","14:9304::btp03.olt1global","triple","9304",0.622530861033334,0.300000011920929,0.599999997350905,0.222222223877907,0.563888888467442,0.531313129446723,0.818181818181818,11,FALSE,FALSE,0.0325757590207186,0.022530863682429,-0.0325757590207186,-0.0777777880430222,0.0777777880430222,0.622530861033334,0.300000011920929,0.599999997350905,0.222222223877907,0.563888888467442,0.531313129446723,0.818181818181818,11,FALSE,FALSE,0.0325757590207186,0.022530863682429,-0.0325757590207186,-0.0777777880430222,0.0777777880430222,TRUE,TRUE,FALSE,FALSE,TRUE
14,93,"By the People: National","btp03.olt1global","14:9305","14:9305::btp03.olt1global","triple","9305",0.405000002682209,0.60694445669651,0.5125,0.62777778506279,0.438657411684593,0.531712964177132,0.833333333333333,12,FALSE,FALSE,0.0930555524925391,0.107499997317791,-0.0930555524925391,-0.0208333283662796,0.0208333283662796,0.405000002682209,0.60694445669651,0.5125,0.62777778506279,0.438657411684593,0.531712964177132,0.833333333333333,12,FALSE,FALSE,0.0930555524925391,0.107499997317791,-0.0930555524925391,-0.0208333283662796,0.0208333283662796,TRUE,TRUE,FALSE,FALSE,TRUE
14,93,"By the People: National","btp03.olt1global","14:9306","14:9306::btp03.olt1global","triple","9306",0.415952375956944,0.356481482585271,0.487896828779152,0.405555566151937,0.405457512420766,0.473366017727291,0.823529411764706,17,FALSE,FALSE,-0.0679085053065244,-0.0719444528222084,0.0679085053065244,0.0490740835666656,-0.0490740835666656,0.415952375956944,0.356481482585271,0.487896828779152,0.405555566151937,0.405457512420766,0.473366017727291,0.823529411764706,17,FALSE,FALSE,-0.0679085053065244,-0.0719444528222084,0.0679085053065244,0.0490740835666656,-0.0490740835666656,FALSE,FALSE,TRUE,TRUE,FALSE
14,93,"By the People: National","btp03.olt1global","14:9307","14:9307::btp03.olt1global","triple","9307",0.468849207673754,0.362500008195639,0.500000001146243,0.426388882100582,0.445216052234173,0.482679737841382,0.777777777777778,18,FALSE,FALSE,-0.0374636856072089,-0.0311507934724892,0.0374636856072089,0.0638888739049435,-0.0638888739049435,0.487179487943649,0.362500008195639,0.500000001146243,0.426388882100582,0.457843139767647,0.482679737841382,0.764705882352941,17,FALSE,FALSE,-0.024836598073735,-0.0128205132025939,0.024836598073735,0.0638888739049435,-0.0638888739049435,FALSE,FALSE,TRUE,TRUE,FALSE
14,93,"By the People: National","btp03.olt1global","14:9308","14:9308::btp03.olt1global","triple","9308",0.529166671137015,0.612500011920929,0.589120368162791,0.556944459676743,0.541071434106146,0.584523809807641,0.857142857142857,14,FALSE,FALSE,0.0434523757014956,0.0599536970257759,-0.0434523757014956,0.0555555522441864,-0.0555555522441864,0.529166671137015,0.612500011920929,0.589120368162791,0.556944459676743,0.541071434106146,0.584523809807641,0.857142857142857,14,FALSE,FALSE,0.0434523757014956,0.0599536970257759,-0.0434523757014956,0.0555555522441864,-0.0555555522441864,TRUE,TRUE,FALSE,TRUE,FALSE
14,93,"By the People: National","btp03.olt1global","14:9309","14:9309::btp03.olt1global","triple","9309",0.407777782529593,0.629166662693024,0.47555555999279,0.5,0.444675929223498,0.479629633327325,0.833333333333333,12,FALSE,FALSE,0.0349537041038274,0.0677777774631977,-0.0349537041038274,0.129166662693024,-0.129166662693024,0.407777782529593,0.629166662693024,0.47555555999279,0.5,0.444675929223498,0.479629633327325,0.833333333333333,12,FALSE,FALSE,0.0349537041038274,0.0677777774631977,-0.0349537041038274,0.129166662693024,-0.129166662693024,TRUE,TRUE,FALSE,TRUE,FALSE
14,93,"By the People: National","btp03.olt1global","14:9310","14:9310::btp03.olt1global","triple","9310",0.503418814677459,0.526111102104187,0.589529920082826,0.592222225666046,0.50972222785155,0.590277782744832,0.722222222222222,18,FALSE,FALSE,0.0805555548932818,0.0861111054053674,-0.0805555548932818,-0.0661111235618591,0.0661111235618591,0.503418814677459,0.526111102104187,0.589529920082826,0.592222225666046,0.50972222785155,0.590277782744832,0.722222222222222,18,FALSE,FALSE,0.0805555548932818,0.0861111054053674,-0.0805555548932818,-0.0661111235618591,0.0661111235618591,TRUE,TRUE,FALSE,FALSE,TRUE
14,93,"By the People: National","btp03.olt1global","14:9312","14:9312::btp03.olt1global","triple","9312",0.51888889379122,0.358333349227905,0.506691923872991,0.713888883590698,0.511908217940641,0.515700487338978,0.956521739130435,23,FALSE,FALSE,-0.00379226939833688,0.0121969699182294,0.00379226939833688,0.355555534362793,-0.355555534362793,0.51888889379122,0.358333349227905,0.506691923872991,0.713888883590698,0.511908217940641,0.515700487338978,0.956521739130435,23,FALSE,FALSE,-0.00379226939833688,0.0121969699182294,0.00379226939833688,0.355555534362793,-0.355555534362793,FALSE,TRUE,TRUE,TRUE,FALSE
14,93,"By the People: National","btp03.olt1global","14:9313","14:9313::btp03.olt1global","triple","9313",0.503732642158866,0.656666672229767,0.531250001862645,0.641111123561859,0.540145506461461,0.55740741179103,0.761904761904762,21,FALSE,FALSE,0.0172619053295681,0.0275173597037792,-0.0172619053295681,0.0155555486679076,-0.0155555486679076,0.503732642158866,0.656666672229767,0.531250001862645,0.641111123561859,0.540145506461461,0.55740741179103,0.761904761904762,21,FALSE,FALSE,0.0172619053295681,0.0275173597037792,-0.0172619053295681,0.0155555486679076,-0.0155555486679076,TRUE,TRUE,FALSE,TRUE,FALSE
14,93,"By the People: National","btp03.olt1global","14:9314","14:9314::btp03.olt1global","triple","9314",0.454385971552447,0.661111116409302,0.527850879650367,0.544444441795349,0.46472222879529,0.528680557757616,0.95,20,FALSE,FALSE,0.063958328962326,0.0734649080979197,-0.063958328962326,0.116666674613953,-0.116666674613953,0.454385971552447,0.661111116409302,0.527850879650367,0.544444441795349,0.46472222879529,0.528680557757616,0.95,20,FALSE,FALSE,0.063958328962326,0.0734649080979197,-0.063958328962326,0.116666674613953,-0.116666674613953,TRUE,TRUE,FALSE,TRUE,FALSE
14,93,"By the People: National","btp03.olt1global","14:9315","14:9315::btp03.olt1global","triple","9315",0.448784723877907,0.663888871669769,0.406770840287209,0.763888895511627,0.461437909042134,0.427777784712174,0.941176470588235,17,FALSE,FALSE,-0.0336601243299596,-0.0420138835906982,0.0336601243299596,-0.100000023841858,0.100000023841858,0.448784723877907,0.663888871669769,0.406770840287209,0.763888895511627,0.461437909042134,0.427777784712174,0.941176470588235,17,FALSE,FALSE,-0.0336601243299596,-0.0420138835906982,0.0336601243299596,-0.100000023841858,0.100000023841858,FALSE,FALSE,TRUE,FALSE,TRUE
14,93,"By the People: National","btp03.olt1trade","14:9301","14:9301::btp03.olt1trade","triple","9301",0.357142857142857,0.666666666666667,0.681818181818182,0.5,0.45,0.642857142857143,0.785714285714286,14,FALSE,FALSE,0.192857142857143,0.324675324675325,-0.192857142857143,0.166666666666667,-0.166666666666667,0.357142857142857,0.666666666666667,0.5,0.5,0.45,0.5,0.7,10,FALSE,FALSE,0.0499999999999999,0.142857142857143,-0.0499999999999999,0.166666666666667,-0.166666666666667,TRUE,TRUE,FALSE,TRUE,FALSE
14,93,"By the People: National","btp03.olt1trade","14:9302","14:9302::btp03.olt1trade","triple","9302",0.5,0.75,0.666666666666667,0.75,0.583333333333333,0.6875,0.7,10,FALSE,FALSE,0.104166666666667,0.166666666666667,-0.104166666666667,0,0,0.5,0.75,0.5,0.75,0.583333333333333,0.583333333333333,0.666666666666667,6,FALSE,TRUE,0,0,0,0,0,TRUE,TRUE,FALSE,FALSE,FALSE
14,93,"By the People: National","btp03.olt1trade","14:9303","14:9303::btp03.olt1trade","triple","9303",0.214285714285714,0.8,0.166666666666667,0.9,0.458333333333333,0.428571428571429,0.705882352941177,17,FALSE,FALSE,-0.0297619047619048,-0.0476190476190476,0.0297619047619048,-0.1,0.1,0.25,0.8,0.25,0.9,0.5,0.545454545454545,0.545454545454545,11,FALSE,FALSE,0.0454545454545454,0,-0.0454545454545454,-0.1,0.1,FALSE,FALSE,TRUE,FALSE,TRUE
14,93,"By the People: National","btp03.olt1trade","14:9304","14:9304::btp03.olt1trade","triple","9304",0.5,0.5,0.5625,0.5,0.5,0.55,0.818181818181818,11,TRUE,FALSE,NA,NA,NA,NA,NA,0.4,0.5,0.4,0.5,0.428571428571429,0.428571428571429,0.714285714285714,7,FALSE,TRUE,0,0,0,0,0,NA,NA,NA,NA,NA
14,93,"By the People: National","btp03.olt1trade","14:9305","14:9305::btp03.olt1trade","triple","9305",0.3,1,0.857142857142857,0.25,0.416666666666667,0.722222222222222,0.833333333333333,12,FALSE,FALSE,0.305555555555556,0.557142857142857,-0.305555555555556,0.75,-0.75,0.3,1,0.8,0.5,0.416666666666667,0.75,0.833333333333333,6,FALSE,FALSE,0.333333333333333,0.5,-0.333333333333333,0.5,-0.5,TRUE,TRUE,FALSE,TRUE,FALSE
14,93,"By the People: National","btp03.olt1trade","14:9306","14:9306::btp03.olt1trade","triple","9306",0.333333333333333,0,0.5,0.5,0.3,0.5,0.823529411764706,17,FALSE,FALSE,-0.2,-0.166666666666667,0.2,0.5,-0.5,NA,NA,NA,NA,NA,NA,NA,NA,NA,NA,NA,NA,NA,NA,NA,FALSE,FALSE,TRUE,TRUE,FALSE
14,93,"By the People: National","btp03.olt1trade","14:9307","14:9307::btp03.olt1trade","triple","9307",0.25,0.333333333333333,0.222222222222222,0.375,0.269230769230769,0.269230769230769,0.777777777777778,18,FALSE,TRUE,0,-0.0277777777777778,0,-0.0416666666666666,0.0416666666666666,0.1875,0.333333333333333,0.25,0.333333333333333,0.227272727272727,0.272727272727273,0.727272727272727,11,FALSE,FALSE,0.0454545454545454,0.0625,-0.0454545454545454,0,0,FALSE,FALSE,FALSE,FALSE,TRUE
14,93,"By the People: National","btp03.olt1trade","14:9308","14:9308::btp03.olt1trade","triple","9308",0.65,0.75,0.75,0.5,0.666666666666667,0.6875,0.857142857142857,14,FALSE,FALSE,0.0208333333333334,0.1,-0.0208333333333334,0.25,-0.25,0.833333333333333,0.75,0.75,0.5,0.8125,0.6875,0.75,8,FALSE,FALSE,0.125,0.0833333333333334,-0.125,-0.25,0.25,TRUE,TRUE,FALSE,TRUE,FALSE
14,93,"By the People: National","btp03.olt1trade","14:9309","14:9309::btp03.olt1trade","triple","9309",0.214285714285714,1,0.571428571428571,0.75,0.3125,0.611111111111111,0.833333333333333,12,FALSE,FALSE,0.298611111111111,0.357142857142857,-0.298611111111111,0.25,-0.25,0.214285714285714,1,0.571428571428571,1,0.3125,0.625,0.875,8,FALSE,FALSE,0.3125,0.357142857142857,-0.3125,0,0,TRUE,TRUE,FALSE,TRUE,FALSE
14,93,"By the People: National","btp03.olt1trade","14:9310","14:9310::btp03.olt1trade","triple","9310",0.333333333333333,0.5,0.444444444444444,0.8,0.384615384615385,0.571428571428571,0.722222222222222,18,FALSE,FALSE,0.186813186813187,0.111111111111111,-0.186813186813187,-0.3,0.3,0.3125,0.5,0.375,0.75,0.375,0.5,0.666666666666667,12,FALSE,FALSE,0.125,0.0625,-0.125,-0.25,0.25,TRUE,TRUE,FALSE,FALSE,TRUE
14,93,"By the People: National","btp03.olt1trade","14:9312","14:9312::btp03.olt1trade","triple","9312",0.5,1,0.607142857142857,1,0.55,0.633333333333333,0.956521739130435,23,FALSE,FALSE,0.0833333333333333,0.107142857142857,-0.0833333333333333,0,0,0.642857142857143,1,0.785714285714286,1,0.6875,0.8125,0.875,8,FALSE,FALSE,0.125,0.142857142857143,-0.125,0,0,TRUE,TRUE,FALSE,FALSE,FALSE
14,93,"By the People: National","btp03.olt1trade","14:9313","14:9313::btp03.olt1trade","triple","9313",0.5625,0.5,0.666666666666667,0.5,0.538461538461538,0.607142857142857,0.761904761904762,21,FALSE,FALSE,-0.0686813186813187,-0.104166666666667,0.0686813186813187,0,0,0.5,0.5,0.714285714285714,0.5,0.5,0.625,0.583333333333333,12,TRUE,FALSE,NA,NA,NA,NA,NA,FALSE,FALSE,TRUE,FALSE,FALSE
14,93,"By the People: National","btp03.olt1trade","14:9314","14:9314::btp03.olt1trade","triple","9314",0.333333333333333,0.5,0.416666666666667,0.5,0.35,0.423076923076923,0.95,20,FALSE,FALSE,0.073076923076923,0.0833333333333333,-0.073076923076923,0,0,0.357142857142857,0.5,0.5,0.5,0.375,0.5,0.875,8,FALSE,FALSE,0.125,0.142857142857143,-0.125,0,0,TRUE,TRUE,FALSE,FALSE,FALSE
14,93,"By the People: National","btp03.olt1trade","14:9315","14:9315::btp03.olt1trade","triple","9315",0.5,0,0.363636363636364,0,0.4375,0.333333333333333,0.941176470588235,17,FALSE,FALSE,0.104166666666667,0.136363636363636,-0.104166666666667,0,0,0.4,0,0.2,0,0.333333333333333,0.166666666666667,0.833333333333333,6,FALSE,FALSE,0.166666666666667,0.2,-0.166666666666667,0,0,TRUE,TRUE,FALSE,FALSE,FALSE
