"poll_id","source_poll_id","poll_name","issue_id","pair_id","group_id","group_key","t1mean","t2mean","t1sd","t2sd","n_t1","n_t2","n_complete","t1mean_cc","t2mean_cc","t1sd_cc","t2sd_cc","polarex","homoex","polarfreq","homofreq","polar_abs","polarex_cc","homoex_cc","polarfreq_cc","homofreq_cc","polar_abs_cc"
12,91,"New Haven","nh.t1manvol","12:9101::nh.t1manvol","9101","12:9101",0.416666666666667,0.2375,0.211640418320005,0.204442840422452,6,5,5,0.3875,0.2375,0.222731621015068,0.204442840422452,0.179166666666667,0.00719757789755335,TRUE,TRUE,0.179166666666667,0.15,0.0182887805926167,TRUE,TRUE,0.15
12,91,"New Haven","nh.t1manvol","12:9102::nh.t1manvol","9102","12:9102",0.4375,0.241071428571429,0.0968245836551854,0.223689969334685,6,7,6,0.4375,0.197916666666667,0.0968245836551854,0.210715546808171,0.196428571428571,-0.1268653856795,TRUE,FALSE,0.196428571428571,0.239583333333333,-0.113890963152986,TRUE,FALSE,0.239583333333333
12,91,"New Haven","nh.t1manvol","12:9103::nh.t1manvol","9103","12:9103",0.428571428571429,0.196428571428571,0.14173667737846,0.146257885420305,7,7,7,0.428571428571429,0.196428571428571,0.14173667737846,0.146257885420305,0.232142857142857,-0.00452120804184475,TRUE,FALSE,0.232142857142857,0.232142857142857,-0.00452120804184475,TRUE,FALSE,0.232142857142857
12,91,"New Haven","nh.t1manvol","12:9104::nh.t1manvol","9104","12:9104",0.4375,0.3125,0.132582521472478,0.180749701370305,9,12,9,0.4375,0.333333333333333,0.132582521472478,0.190086329071819,0.125,-0.0481671798978276,TRUE,FALSE,0.125,0.104166666666667,-0.0575038075993417,TRUE,FALSE,0.104166666666667
12,91,"New Haven","nh.t1manvol","12:9105::nh.t1manvol","9105","12:9105",0.340277777777778,0.194444444444444,0.159684476216207,0.130520459230642,9,9,9,0.340277777777778,0.194444444444444,0.159684476216207,0.130520459230642,0.145833333333333,0.0291640169855648,TRUE,TRUE,0.145833333333333,0.145833333333333,0.0291640169855648,TRUE,TRUE,0.145833333333333
12,91,"New Haven","nh.t1manvol","12:9106::nh.t1manvol","9106","12:9106",0.421875,0.354166666666667,0.09375,0.236621181075011,4,3,3,0.395833333333333,0.354166666666667,0.0954703269782467,0.236621181075011,0.0677083333333333,-0.142871181075011,TRUE,FALSE,0.0677083333333333,0.0416666666666666,-0.141150854096765,TRUE,FALSE,0.0416666666666666
12,91,"New Haven","nh.t1manvol","12:9107::nh.t1manvol","9107","12:9107",0.453125,0.284722222222222,0.144659390589461,0.177083333333333,8,9,7,0.428571428571429,0.294642857142857,0.137066415948446,0.189963969014678,0.168402777777778,-0.0324239427438721,TRUE,FALSE,0.168402777777778,0.133928571428571,-0.0528975530662321,TRUE,FALSE,0.133928571428571
12,91,"New Haven","nh.t1manvol","12:9108::nh.t1manvol","9108","12:9108",0.4453125,0.3984375,0.107930512533362,0.0879928720733349,8,8,8,0.4453125,0.3984375,0.107930512533362,0.0879928720733349,0.046875,0.0199376404600274,TRUE,TRUE,0.046875,0.046875,0.0199376404600274,TRUE,TRUE,0.046875
12,91,"New Haven","nh.t1manvol","12:9109::nh.t1manvol","9109","12:9109",0.4375,0.298611111111111,0.149869735103522,0.145833333333333,9,9,9,0.4375,0.298611111111111,0.149869735103522,0.145833333333333,0.138888888888889,0.00403640177018913,TRUE,TRUE,0.138888888888889,0.138888888888889,0.00403640177018913,TRUE,TRUE,0.138888888888889
12,91,"New Haven","nh.t1manvol","12:9110::nh.t1manvol","9110","12:9110",0.40625,0.25,0.135496771179242,0.209165006633519,6,6,4,0.359375,0.28125,0.106739070478746,0.257694101601104,0.15625,-0.0736682354542764,TRUE,FALSE,0.15625,0.078125,-0.150955031122358,TRUE,FALSE,0.078125
12,91,"New Haven","nh.t1manvol","12:9111::nh.t1manvol","9111","12:9111",0.361111111111111,0.175,0.158661939705498,0.166145016978141,9,10,8,0.359375,0.21875,0.169525335232567,0.156695792632002,0.186111111111111,-0.00748307727264264,TRUE,FALSE,0.186111111111111,0.140625,0.012829542600565,TRUE,TRUE,0.140625
12,91,"New Haven","nh.t1manvol","12:9112::nh.t1manvol","9112","12:9112",0.4375,0.3203125,0.183995018048497,0.193180326101954,7,8,7,0.4375,0.294642857142857,0.183995018048497,0.193360784175962,0.1171875,-0.00918530805345683,TRUE,FALSE,0.1171875,0.142857142857143,-0.00936576612746495,TRUE,FALSE,0.142857142857143
12,91,"New Haven","nh.t1manvol","12:9113::nh.t1manvol","9113","12:9113",0.40625,0.302083333333333,0.148779758927976,0.121299388566747,4,6,4,0.40625,0.3125,0.148779758927976,0.13501543121683,0.104166666666667,0.0274803703612291,TRUE,TRUE,0.104166666666667,0.09375,0.0137643277111456,TRUE,TRUE,0.09375
12,91,"New Haven","nh.t1manvol","12:9114::nh.t1manvol","9114","12:9114",0.4375,0.447916666666667,0.0684653196881458,0.199282567392802,6,6,6,0.4375,0.447916666666667,0.0684653196881458,0.199282567392802,-0.0104166666666667,-0.130817247704656,FALSE,FALSE,-0.0104166666666667,-0.0104166666666667,-0.130817247704656,FALSE,FALSE,-0.0104166666666667
12,91,"New Haven","nh.t1manvol","12:9115::nh.t1manvol","9115","12:9115",0.3828125,0.360576923076923,0.184310672797705,0.177059764645755,8,13,8,0.3828125,0.3125,0.184310672797705,0.188982236504614,0.0222355769230769,0.00725090815195023,TRUE,TRUE,0.0222355769230769,0.0703125,-0.0046715637069081,TRUE,FALSE,0.0703125
12,91,"New Haven","nh.t1manvol","12:9116::nh.t1manvol","9116","12:9116",0.416666666666667,0.479166666666667,0.183995018048497,0.0940965815886351,6,6,6,0.416666666666667,0.479166666666667,0.183995018048497,0.0940965815886351,-0.0625,0.0898984364598617,FALSE,TRUE,-0.0625,-0.0625,0.0898984364598617,FALSE,TRUE,-0.0625
12,91,"New Haven","nh.t1endexp","12:9101::nh.t1endexp","9101","12:9101",0.645833333333333,0.65,0.242598777133494,0.379143772202578,6,5,5,0.65,0.65,0.270993542358485,0.379143772202578,0.00416666666666665,-0.136544995069084,TRUE,FALSE,0.00416666666666665,0,-0.108150229844093,FALSE,FALSE,0
12,91,"New Haven","nh.t1endexp","12:9102::nh.t1endexp","9102","12:9102",0.892857142857143,1,0.233056808933951,0,7,6,6,0.875,1,0.25,0,0.107142857142857,0.233056808933951,TRUE,TRUE,0.107142857142857,0.125,0.25,TRUE,TRUE,0.125
12,91,"New Haven","nh.t1endexp","12:9103::nh.t1endexp","9103","12:9103",0.857142857142857,0.946428571428571,0.168148177283637,0.0668153104781061,7,7,7,0.857142857142857,0.946428571428571,0.168148177283637,0.0668153104781061,0.0892857142857143,0.101332866805531,TRUE,TRUE,0.0892857142857143,0.0892857142857143,0.101332866805531,TRUE,TRUE,0.0892857142857143
12,91,"New Haven","nh.t1endexp","12:9104::nh.t1endexp","9104","12:9104",0.772727272727273,0.666666666666667,0.289494072792204,0.324759526419165,11,9,8,0.796875,0.71875,0.210627252001526,0.304358224090345,-0.106060606060606,-0.03526545362696,FALSE,FALSE,-0.106060606060606,-0.078125,-0.093730972088819,FALSE,FALSE,-0.078125
12,91,"New Haven","nh.t1endexp","12:9105::nh.t1endexp","9105","12:9105",0.828125,0.819444444444444,0.249441340083911,0.234779743116347,8,9,8,0.828125,0.828125,0.249441340083911,0.249441340083911,-0.00868055555555558,0.0146615969675638,FALSE,TRUE,-0.00868055555555558,0,0,FALSE,FALSE,0
12,91,"New Haven","nh.t1endexp","12:9106::nh.t1endexp","9106","12:9106",0.791666666666667,0.75,0.260208249933267,0.353553390593274,3,2,2,0.6875,0.75,0.265165042944955,0.353553390593274,-0.0416666666666666,-0.0933451406600072,FALSE,FALSE,-0.0416666666666666,0.0625,-0.0883883476483185,TRUE,FALSE,0.0625
12,91,"New Haven","nh.t1endexp","12:9107::nh.t1endexp","9107","12:9107",0.7125,0.4,0.343844683929629,0.268741924943285,10,10,10,0.7125,0.4,0.343844683929629,0.268741924943285,-0.3125,0.0751027589863443,FALSE,TRUE,-0.1125,-0.3125,0.0751027589863443,FALSE,TRUE,-0.1125
12,91,"New Haven","nh.t1endexp","12:9108::nh.t1endexp","9108","12:9108",0.640625,0.5,0.403320481396973,0.377964473009227,8,8,8,0.640625,0.5,0.403320481396973,0.377964473009227,-0.140625,0.0253560083877454,FALSE,TRUE,-0.140625,-0.140625,0.0253560083877454,FALSE,TRUE,-0.140625
12,91,"New Haven","nh.t1endexp","12:9109::nh.t1endexp","9109","12:9109",0.708333333333333,0.736111111111111,0.347985272676876,0.321401012927948,9,9,9,0.708333333333333,0.736111111111111,0.347985272676876,0.321401012927948,0.0277777777777778,0.0265842597489282,TRUE,TRUE,0.0277777777777778,0.0277777777777778,0.0265842597489282,TRUE,TRUE,0.0277777777777778
12,91,"New Haven","nh.t1endexp","12:9110::nh.t1endexp","9110","12:9110",0.625,0.696428571428571,0.344601218802256,0.159052252570088,6,7,5,0.75,0.725,0.176776695296637,0.162980060130066,0.0714285714285714,0.185548966232168,TRUE,TRUE,0.0714285714285714,-0.025,0.0137966351665707,FALSE,TRUE,-0.025
12,91,"New Haven","nh.t1endexp","12:9111::nh.t1endexp","9111","12:9111",0.8375,0.829545454545455,0.156458194629322,0.269679944985297,10,11,10,0.8375,0.825,0.156458194629322,0.283823106098773,-0.00795454545454544,-0.113221750355975,FALSE,FALSE,-0.00795454545454544,-0.0125000000000001,-0.127364911469452,FALSE,FALSE,-0.0125000000000001
12,91,"New Haven","nh.t1endexp","12:9112::nh.t1endexp","9112","12:9112",0.859375,0.84375,0.235636486078512,0.197642353760524,8,8,8,0.859375,0.84375,0.235636486078512,0.197642353760524,-0.015625,0.0379941323179878,FALSE,TRUE,-0.015625,-0.015625,0.0379941323179878,FALSE,TRUE,-0.015625
12,91,"New Haven","nh.t1endexp","12:9113::nh.t1endexp","9113","12:9113",0.875,0.958333333333333,0.158113883008419,0.102062072615966,6,6,6,0.875,0.958333333333333,0.158113883008419,0.102062072615966,0.0833333333333334,0.0560518103924532,TRUE,TRUE,0.0833333333333334,0.0833333333333334,0.0560518103924532,TRUE,TRUE,0.0833333333333334
12,91,"New Haven","nh.t1endexp","12:9114::nh.t1endexp","9114","12:9114",0.979166666666667,0.645833333333333,0.0510310363079829,0.457005652773209,6,6,6,0.979166666666667,0.645833333333333,0.0510310363079829,0.457005652773209,-0.333333333333333,-0.405974616465226,FALSE,FALSE,-0.333333333333333,-0.333333333333333,-0.405974616465226,FALSE,FALSE,-0.333333333333333
12,91,"New Haven","nh.t1endexp","12:9115::nh.t1endexp","9115","12:9115",0.84375,0.682692307692308,0.177778270990477,0.242681335848538,12,13,12,0.84375,0.6875,0.177778270990477,0.252824948423716,-0.161057692307692,-0.0649030648580603,FALSE,FALSE,-0.161057692307692,-0.15625,-0.0750466774332383,FALSE,FALSE,-0.15625
12,91,"New Haven","nh.t1endexp","12:9116::nh.t1endexp","9116","12:9116",0.875,0.875,0.176776695296637,0.0790569415042095,4,6,4,0.875,0.90625,0.176776695296637,0.0625,0,0.0977197537924274,FALSE,TRUE,0,0.03125,0.114276695296637,TRUE,TRUE,0.03125
13,92,"National Issues Convention 2","nic2.t1envir","13:9201::nic2.t1envir","9201","13:9201",0.83388888835907,0.899999992052714,0.168220930167337,0.100888915654103,15,15,15,0.83388888835907,0.899999992052714,0.168220930167337,0.100888915654103,0.0661111036936443,0.0673320145132345,TRUE,TRUE,0.0661111036936443,0.0661111036936443,0.0673320145132345,TRUE,TRUE,0.0661111036936443
13,92,"National Issues Convention 2","nic2.t1envir","13:9202::nic2.t1envir","9202","13:9202",0.84277777671814,0.766666664679845,0.16056900849005,0.221534146497542,15,15,15,0.84277777671814,0.766666664679845,0.16056900849005,0.221534146497542,-0.0761111120382946,-0.060965138007492,FALSE,FALSE,-0.0761111120382946,-0.0761111120382946,-0.060965138007492,FALSE,FALSE,-0.0761111120382946
13,92,"National Issues Convention 2","nic2.t1envir","13:9203::nic2.t1envir","9203","13:9203",0.771875003585592,0.781250001862645,0.30026030464903,0.275907593073406,16,16,16,0.771875003585592,0.781250001862645,0.30026030464903,0.275907593073406,0.00937499827705324,0.0243527115756238,TRUE,TRUE,0.00937499827705324,0.00937499827705324,0.0243527115756238,TRUE,TRUE,0.00937499827705324
13,92,"National Issues Convention 2","nic2.t1envir","13:9204::nic2.t1envir","9204","13:9204",0.763888891537984,0.725000001986821,0.152676736529896,0.215679988158079,15,15,15,0.763888891537984,0.725000001986821,0.152676736529896,0.215679988158079,-0.0388888895511628,-0.063003251628183,FALSE,FALSE,-0.0388888895511628,-0.0388888895511628,-0.063003251628183,FALSE,FALSE,-0.0388888895511628
13,92,"National Issues Convention 2","nic2.t1envir","13:9205::nic2.t1envir","9205","13:9205",0.793452384748629,0.812500003193106,0.223611060944021,0.208647199839578,14,14,14,0.793452384748629,0.812500003193106,0.223611060944021,0.208647199839578,0.0190476184444769,0.0149638611044432,TRUE,TRUE,0.0190476184444769,0.0190476184444769,0.0149638611044432,TRUE,TRUE,0.0190476184444769
13,92,"National Issues Convention 2","nic2.t1envir","13:9206::nic2.t1envir","9206","13:9206",0.744230773013372,0.759615391492844,0.279164273497701,0.257701877289263,13,13,13,0.744230773013372,0.759615391492844,0.279164273497701,0.257701877289263,0.0153846184794719,0.0214623962084385,TRUE,TRUE,0.0153846184794719,0.0153846184794719,0.0214623962084385,TRUE,TRUE,0.0153846184794719
13,92,"National Issues Convention 2","nic2.t1envir","13:9207::nic2.t1envir","9207","13:9207",0.783333331346512,0.732812499627471,0.179118212905024,0.203248363315873,16,16,16,0.783333331346512,0.732812499627471,0.179118212905024,0.203248363315873,-0.0505208317190409,-0.0241301504108486,FALSE,FALSE,-0.0505208317190409,-0.0505208317190409,-0.0241301504108486,FALSE,FALSE,-0.0505208317190409
13,92,"National Issues Convention 2","nic2.t1envir","13:9208::nic2.t1envir","9208","13:9208",0.698076926744901,0.755769242460911,0.285452730424393,0.242417054400082,13,13,13,0.698076926744901,0.755769242460911,0.285452730424393,0.242417054400082,0.0576923157160099,0.0430356760243111,TRUE,TRUE,0.0576923157160099,0.0576923157160099,0.0430356760243111,TRUE,TRUE,0.0576923157160099
13,92,"National Issues Convention 2","nic2.t1envir","13:9209::nic2.t1envir","9209","13:9209",0.742261907884053,0.689285714711462,0.178265153103786,0.189309038605496,14,14,14,0.742261907884053,0.689285714711462,0.178265153103786,0.189309038605496,-0.0529761931725911,-0.0110438855017105,FALSE,FALSE,-0.0529761931725911,-0.0529761931725911,-0.0110438855017105,FALSE,FALSE,-0.0529761931725911
13,92,"National Issues Convention 2","nic2.t1envir","13:9210::nic2.t1envir","9210","13:9210",0.854761907032558,0.851785719394684,0.141070168607942,0.18278409839913,14,14,14,0.854761907032558,0.851785719394684,0.141070168607942,0.18278409839913,-0.00297618763787411,-0.0417139297911878,FALSE,FALSE,-0.00297618763787411,-0.00297618763787411,-0.0417139297911878,FALSE,FALSE,-0.00297618763787411
13,92,"National Issues Convention 2","nic2.t1envir","13:9211::nic2.t1envir","9211","13:9211",0.766071423888206,0.756547618125166,0.24833772357014,0.272907316169712,14,14,14,0.766071423888206,0.756547618125166,0.24833772357014,0.272907316169712,-0.00952380576304024,-0.0245695925995721,FALSE,FALSE,-0.00952380576304024,-0.00952380576304024,-0.0245695925995721,FALSE,FALSE,-0.00952380576304024
13,92,"National Issues Convention 2","nic2.t1envir","13:9212::nic2.t1envir","9212","13:9212",0.710119047335216,0.680357140089784,0.166896589615052,0.221267886368763,14,14,14,0.710119047335216,0.680357140089784,0.166896589615052,0.221267886368763,-0.0297619072454317,-0.0543712967537112,FALSE,FALSE,-0.0297619072454317,-0.0297619072454317,-0.0543712967537112,FALSE,FALSE,-0.0297619072454317
13,92,"National Issues Convention 2","nic2.t1envir","13:9213::nic2.t1envir","9213","13:9213",0.686111118396123,0.720000004768372,0.199768389339377,0.173256621506723,15,15,15,0.686111118396123,0.720000004768372,0.199768389339377,0.173256621506723,0.0338888863722483,0.0265117678326544,TRUE,TRUE,0.0338888863722483,0.0338888863722483,0.0265117678326544,TRUE,TRUE,0.0338888863722483
13,92,"National Issues Convention 2","nic2.t1envir","13:9214::nic2.t1envir","9214","13:9214",0.82888889114062,0.832222225268682,0.231173390542318,0.218850410811034,15,15,15,0.82888889114062,0.832222225268682,0.231173390542318,0.218850410811034,0.00333333412806192,0.0123229797312835,TRUE,TRUE,0.00333333412806192,0.00333333412806192,0.0123229797312835,TRUE,TRUE,0.00333333412806192
13,92,"National Issues Convention 2","nic2.t1envir","13:9215::nic2.t1envir","9215","13:9215",0.807142862251827,0.778571424739701,0.140886124757398,0.246291171197353,14,14,14,0.807142862251827,0.778571424739701,0.140886124757398,0.246291171197353,-0.0285714375121253,-0.105405046439955,FALSE,FALSE,-0.0285714375121253,-0.0285714375121253,-0.105405046439955,FALSE,FALSE,-0.0285714375121253
13,92,"National Issues Convention 2","nic2.t1envir","13:9216::nic2.t1envir","9216","13:9216",0.838690483144351,0.851785715137209,0.196758106206364,0.144603000626546,14,14,14,0.838690483144351,0.851785715137209,0.196758106206364,0.144603000626546,0.0130952319928578,0.0521551055798183,TRUE,TRUE,0.0130952319928578,0.0130952319928578,0.0521551055798183,TRUE,TRUE,0.0130952319928578
13,92,"National Issues Convention 2","nic2.t1envir","13:9217::nic2.t1envir","9217","13:9217",0.748076929495885,0.790384622720572,0.11567803922926,0.133673449638235,13,13,13,0.748076929495885,0.790384622720572,0.11567803922926,0.133673449638235,0.0423076932246869,-0.0179954104089751,TRUE,FALSE,0.0423076932246869,0.0423076932246869,-0.0179954104089751,TRUE,FALSE,0.0423076932246869
13,92,"National Issues Convention 2","nic2.t1envir","13:9218::nic2.t1envir","9218","13:9218",0.758333332263506,0.763461537659168,0.250346981347328,0.279250367682801,13,13,13,0.758333332263506,0.763461537659168,0.250346981347328,0.279250367682801,0.00512820539566183,-0.0289033863354729,TRUE,FALSE,0.00512820539566183,0.00512820539566183,-0.0289033863354729,TRUE,FALSE,0.00512820539566183
13,92,"National Issues Convention 2","nic2.t1envir","13:9219::nic2.t1envir","9219","13:9219",0.780208330601454,0.798437500372529,0.245097764409568,0.203811343387298,16,16,16,0.780208330601454,0.798437500372529,0.245097764409568,0.203811343387298,0.0182291697710752,0.0412864210222709,TRUE,TRUE,0.0182291697710752,0.0182291697710752,0.0412864210222709,TRUE,TRUE,0.0182291697710752
13,92,"National Issues Convention 2","nic2.t1envir","13:9220::nic2.t1envir","9220","13:9220",0.881547621318272,0.807738097650664,0.158895049799519,0.191247150982663,14,14,14,0.881547621318272,0.807738097650664,0.158895049799519,0.191247150982663,-0.073809523667608,-0.0323521011831436,FALSE,FALSE,-0.073809523667608,-0.073809523667608,-0.0323521011831436,FALSE,FALSE,-0.073809523667608
13,92,"National Issues Convention 2","nic2.t1envir","13:9221::nic2.t1envir","9221","13:9221",0.708333343267441,0.736666672428449,0.214110377709478,0.215445275673434,15,15,15,0.708333343267441,0.736666672428449,0.214110377709478,0.215445275673434,0.0283333291610082,-0.00133489796395592,TRUE,FALSE,0.0283333291610082,0.0283333291610082,-0.00133489796395592,TRUE,FALSE,0.0283333291610082
13,92,"National Issues Convention 2","nic2.t1envir","13:9222::nic2.t1envir","9222","13:9222",0.775000000993411,0.76666667064031,0.20378365388602,0.123091489511969,12,12,12,0.775000000993411,0.76666667064031,0.20378365388602,0.123091489511969,-0.00833333035310102,0.0806921643740507,FALSE,TRUE,-0.00833333035310102,-0.00833333035310102,0.0806921643740507,FALSE,TRUE,-0.00833333035310102
13,92,"National Issues Convention 2","nic2.t1envir","13:9223::nic2.t1envir","9223","13:9223",0.754761898091861,0.739880951387542,0.216536306928117,0.19715331211427,14,14,14,0.754761898091861,0.739880951387542,0.216536306928117,0.19715331211427,-0.0148809467043196,0.0193829948138471,FALSE,TRUE,-0.0148809467043196,-0.0148809467043196,0.0193829948138471,FALSE,TRUE,-0.0148809467043196
13,92,"National Issues Convention 2","nic2.t1envir","13:9224::nic2.t1envir","9224","13:9224",0.786111108958721,0.677083334575097,0.223926540720875,0.274370839310228,12,12,12,0.786111108958721,0.677083334575097,0.223926540720875,0.274370839310228,-0.109027774383624,-0.0504442985893529,FALSE,FALSE,-0.109027774383624,-0.109027774383624,-0.0504442985893529,FALSE,FALSE,-0.109027774383624
13,92,"National Issues Convention 2","nic2.t1usseca","13:9201::nic2.t1usseca","9201","13:9201",0.80116666952769,0.789333333571752,0.133232024653037,0.180127602011159,15,15,15,0.80116666952769,0.789333333571752,0.133232024653037,0.180127602011159,-0.0118333359559377,-0.0468955773581222,FALSE,FALSE,-0.0118333359559377,-0.0118333359559377,-0.0468955773581222,FALSE,FALSE,-0.0118333359559377
13,92,"National Issues Convention 2","nic2.t1usseca","13:9202::nic2.t1usseca","9202","13:9202",0.781000008185705,0.799333337942759,0.214052735501163,0.168341349260936,15,15,15,0.781000008185705,0.799333337942759,0.214052735501163,0.168341349260936,0.0183333297570546,0.0457113862402268,TRUE,TRUE,0.0183333297570546,0.0183333297570546,0.0457113862402268,TRUE,TRUE,0.0183333297570546
13,92,"National Issues Convention 2","nic2.t1usseca","13:9203::nic2.t1usseca","9203","13:9203",0.732500003650784,0.772812495008111,0.169676162826909,0.178428021166819,16,16,16,0.732500003650784,0.772812495008111,0.169676162826909,0.178428021166819,0.0403124913573265,-0.00875185833991002,TRUE,FALSE,0.0403124913573265,0.0403124913573265,-0.00875185833991002,TRUE,FALSE,0.0403124913573265
13,92,"National Issues Convention 2","nic2.t1usseca","13:9204::nic2.t1usseca","9204","13:9204",0.79099999666214,0.810333331425985,0.161446586317737,0.130390438243504,15,15,15,0.79099999666214,0.810333331425985,0.161446586317737,0.130390438243504,0.0193333347638448,0.0310561480742332,TRUE,TRUE,0.0193333347638448,0.0193333347638448,0.0310561480742332,TRUE,TRUE,0.0193333347638448
13,92,"National Issues Convention 2","nic2.t1usseca","13:9205::nic2.t1usseca","9205","13:9205",0.729642853140831,0.790714280945914,0.158629511072368,0.114805141407699,14,14,14,0.729642853140831,0.790714280945914,0.158629511072368,0.114805141407699,0.0610714278050831,0.0438243696646684,TRUE,TRUE,0.0610714278050831,0.0610714278050831,0.0438243696646684,TRUE,TRUE,0.0610714278050831
13,92,"National Issues Convention 2","nic2.t1usseca","13:9206::nic2.t1usseca","9206","13:9206",0.822692302557138,0.821923072521503,0.130041906094471,0.11892818363861,13,13,13,0.822692302557138,0.821923072521503,0.130041906094471,0.11892818363861,-0.000769230035635116,0.0111137224558613,FALSE,TRUE,-0.000769230035635116,-0.000769230035635116,0.0111137224558613,FALSE,TRUE,-0.000769230035635116
13,92,"National Issues Convention 2","nic2.t1usseca","13:9207::nic2.t1usseca","9207","13:9207",0.767734374850988,0.797812497243285,0.22322364112902,0.153024711087515,16,16,16,0.767734374850988,0.797812497243285,0.22322364112902,0.153024711087515,0.0300781223922968,0.070198930041505,TRUE,TRUE,0.0300781223922968,0.0300781223922968,0.070198930041505,TRUE,TRUE,0.0300781223922968
13,92,"National Issues Convention 2","nic2.t1usseca","13:9208::nic2.t1usseca","9208","13:9208",0.743846156276189,0.78307692362712,0.264631456488928,0.190323611797114,13,13,13,0.743846156276189,0.78307692362712,0.264631456488928,0.190323611797114,0.0392307673509305,0.0743078446918146,TRUE,TRUE,0.0392307673509305,0.0392307673509305,0.0743078446918146,TRUE,TRUE,0.0392307673509305
13,92,"National Issues Convention 2","nic2.t1usseca","13:9209::nic2.t1usseca","9209","13:9209",0.831785717180797,0.833571434020996,0.11411207429225,0.111776369693374,14,14,14,0.831785717180797,0.833571434020996,0.11411207429225,0.111776369693374,0.00178571684019901,0.00233570459887611,TRUE,TRUE,0.00178571684019901,0.00178571684019901,0.00233570459887611,TRUE,TRUE,0.00178571684019901
13,92,"National Issues Convention 2","nic2.t1usseca","13:9210::nic2.t1usseca","9210","13:9210",0.784285711390632,0.776428571769169,0.144739242838871,0.149053803275307,14,14,14,0.784285711390632,0.776428571769169,0.144739242838871,0.149053803275307,-0.00785713962146217,-0.00431456043643591,FALSE,FALSE,-0.00785713962146217,-0.00785713962146217,-0.00431456043643591,FALSE,FALSE,-0.00785713962146217
13,92,"National Issues Convention 2","nic2.t1usseca","13:9211::nic2.t1usseca","9211","13:9211",0.814642859356744,0.870714277029037,0.178815160885254,0.106912207861046,14,14,14,0.814642859356744,0.870714277029037,0.178815160885254,0.106912207861046,0.0560714176722935,0.0719029530242077,TRUE,TRUE,0.0560714176722935,0.0560714176722935,0.0719029530242077,TRUE,TRUE,0.0560714176722935
13,92,"National Issues Convention 2","nic2.t1usseca","13:9212::nic2.t1usseca","9212","13:9212",0.815357144389834,0.859642859016146,0.149607997817135,0.111052029621561,14,14,14,0.815357144389834,0.859642859016146,0.149607997817135,0.111052029621561,0.0442857146263123,0.0385559681955733,TRUE,TRUE,0.0442857146263123,0.0442857146263123,0.0385559681955733,TRUE,TRUE,0.0442857146263123
13,92,"National Issues Convention 2","nic2.t1usseca","13:9213::nic2.t1usseca","9213","13:9213",0.771666661898295,0.784333328406016,0.210387963288652,0.151361282014608,15,15,15,0.771666661898295,0.784333328406016,0.210387963288652,0.151361282014608,0.0126666665077209,0.0590266812740442,TRUE,TRUE,0.0126666665077209,0.0126666665077209,0.0590266812740442,TRUE,TRUE,0.0126666665077209
13,92,"National Issues Convention 2","nic2.t1usseca","13:9214::nic2.t1usseca","9214","13:9214",0.819000001748403,0.866333333651225,0.161535041051482,0.160462127977663,15,15,15,0.819000001748403,0.866333333651225,0.161535041051482,0.160462127977663,0.0473333319028219,0.00107291307381924,TRUE,TRUE,0.0473333319028219,0.0473333319028219,0.00107291307381924,TRUE,TRUE,0.0473333319028219
13,92,"National Issues Convention 2","nic2.t1usseca","13:9215::nic2.t1usseca","9215","13:9215",0.870357138769967,0.843928571258272,0.0790682371757309,0.124037511410079,14,14,14,0.870357138769967,0.843928571258272,0.0790682371757309,0.124037511410079,-0.0264285675116948,-0.0449692742343477,FALSE,FALSE,-0.0264285675116948,-0.0264285675116948,-0.0449692742343477,FALSE,FALSE,-0.0264285675116948
13,92,"National Issues Convention 2","nic2.t1usseca","13:9216::nic2.t1usseca","9216","13:9216",0.783928566745349,0.792857140302658,0.182611171687215,0.157659742506341,14,14,14,0.783928566745349,0.792857140302658,0.182611171687215,0.157659742506341,0.0089285735573087,0.0249514291808736,TRUE,TRUE,0.0089285735573087,0.0089285735573087,0.0249514291808736,TRUE,TRUE,0.0089285735573087
13,92,"National Issues Convention 2","nic2.t1usseca","13:9217::nic2.t1usseca","9217","13:9217",0.825384607681861,0.849999996332022,0.112610335254934,0.106926761328798,13,13,13,0.825384607681861,0.849999996332022,0.112610335254934,0.106926761328798,0.0246153886501606,0.00568357392613604,TRUE,TRUE,0.0246153886501606,0.0246153886501606,0.00568357392613604,TRUE,TRUE,0.0246153886501606
13,92,"National Issues Convention 2","nic2.t1usseca","13:9218::nic2.t1usseca","9218","13:9218",0.824615386816172,0.808076927295098,0.159562698489093,0.125458140469304,13,13,13,0.824615386816172,0.808076927295098,0.159562698489093,0.125458140469304,-0.0165384595210736,0.0341045580197891,FALSE,TRUE,-0.0165384595210736,-0.0165384595210736,0.0341045580197891,FALSE,TRUE,-0.0165384595210736
13,92,"National Issues Convention 2","nic2.t1usseca","13:9219::nic2.t1usseca","9219","13:9219",0.829687502235174,0.874166673049331,0.163803425355417,0.153763893844036,16,16,16,0.829687502235174,0.874166673049331,0.163803425355417,0.153763893844036,0.0444791708141565,0.0100395315113816,TRUE,TRUE,0.0444791708141565,0.0444791708141565,0.0100395315113816,TRUE,TRUE,0.0444791708141565
13,92,"National Issues Convention 2","nic2.t1usseca","13:9220::nic2.t1usseca","9220","13:9220",0.796428569725582,0.837142859186445,0.224048654596022,0.138296155392795,14,14,14,0.796428569725582,0.837142859186445,0.224048654596022,0.138296155392795,0.0407142894608633,0.0857524992032273,TRUE,TRUE,0.0407142894608633,0.0407142894608633,0.0857524992032273,TRUE,TRUE,0.0407142894608633
13,92,"National Issues Convention 2","nic2.t1usseca","13:9221::nic2.t1usseca","9221","13:9221",0.777500001589457,0.844333334763845,0.161474784175016,0.0789635191711187,15,15,15,0.777500001589457,0.844333334763845,0.161474784175016,0.0789635191711187,0.0668333331743876,0.0825112650038977,TRUE,TRUE,0.0668333331743876,0.0668333331743876,0.0825112650038977,TRUE,TRUE,0.0668333331743876
13,92,"National Issues Convention 2","nic2.t1usseca","13:9222::nic2.t1usseca","9222","13:9222",0.841666663686434,0.861250008145968,0.141891979532625,0.113179757635716,12,12,12,0.841666663686434,0.861250008145968,0.141891979532625,0.113179757635716,0.0195833444595337,0.0287122218969091,TRUE,TRUE,0.0195833444595337,0.0195833444595337,0.0287122218969091,TRUE,TRUE,0.0195833444595337
13,92,"National Issues Convention 2","nic2.t1usseca","13:9223::nic2.t1usseca","9223","13:9223",0.858928561210632,0.808392856802259,0.0601977023472999,0.100496868284314,14,14,14,0.858928561210632,0.808392856802259,0.0601977023472999,0.100496868284314,-0.0505357044083732,-0.0402991659370146,FALSE,FALSE,-0.0505357044083732,-0.0505357044083732,-0.0402991659370146,FALSE,FALSE,-0.0505357044083732
13,92,"National Issues Convention 2","nic2.t1usseca","13:9224::nic2.t1usseca","9224","13:9224",0.842916672428449,0.843749995032946,0.146107961782173,0.146102788589008,12,12,12,0.842916672428449,0.843749995032946,0.146107961782173,0.146102788589008,0.0008333226044972,5.17319316550857e-06,TRUE,TRUE,0.0008333226044972,0.0008333226044972,5.17319316550857e-06,TRUE,TRUE,0.0008333226044972
13,92,"National Issues Convention 2","nic2.t1humrh2","13:9201::nic2.t1humrh2","9201","13:9201",0.746666661898295,0.77333333492279,0.164171802017653,0.122279925546724,15,15,15,0.746666661898295,0.77333333492279,0.164171802017653,0.122279925546724,0.0266666730244954,0.0418918764709286,TRUE,TRUE,0.0266666730244954,0.0266666730244954,0.0418918764709286,TRUE,TRUE,0.0266666730244954
13,92,"National Issues Convention 2","nic2.t1humrh2","13:9202::nic2.t1humrh2","9202","13:9202",0.733333337306976,0.733333335320155,0.246885357295153,0.175932886023955,15,15,15,0.733333337306976,0.733333335320155,0.246885357295153,0.175932886023955,-1.98682148511153e-09,0.0709524712711986,FALSE,TRUE,-1.98682148511153e-09,-1.98682148511153e-09,0.0709524712711986,FALSE,TRUE,-1.98682148511153e-09
13,92,"National Issues Convention 2","nic2.t1humrh2","13:9203::nic2.t1humrh2","9203","13:9203",0.75000000372529,0.725000001490116,0.21602468718777,0.177012232325446,16,16,16,0.75000000372529,0.725000001490116,0.21602468718777,0.177012232325446,-0.0250000022351742,0.0390124548623236,FALSE,TRUE,-0.0250000022351742,-0.0250000022351742,0.0390124548623236,FALSE,TRUE,-0.0250000022351742
13,92,"National Issues Convention 2","nic2.t1humrh2","13:9204::nic2.t1humrh2","9204","13:9204",0.660000002384186,0.66000000834465,0.23844735731395,0.184390888083746,15,15,15,0.660000002384186,0.66000000834465,0.23844735731395,0.184390888083746,5.9604644553346e-09,0.0540564692302047,TRUE,TRUE,5.9604644553346e-09,5.9604644553346e-09,0.0540564692302047,TRUE,TRUE,5.9604644553346e-09
13,92,"National Issues Convention 2","nic2.t1humrh2","13:9205::nic2.t1humrh2","9205","13:9205",0.671428573983056,0.79285714668887,0.219890081537687,0.205554725789287,14,14,14,0.671428573983056,0.79285714668887,0.219890081537687,0.205554725789287,0.121428572705814,0.0143353557484,TRUE,TRUE,0.121428572705814,0.121428572705814,0.0143353557484,TRUE,TRUE,0.121428572705814
13,92,"National Issues Convention 2","nic2.t1humrh2","13:9206::nic2.t1humrh2","9206","13:9206",0.676923080132558,0.699999997249016,0.227866354240271,0.163299309493835,13,13,13,0.676923080132558,0.699999997249016,0.227866354240271,0.163299309493835,0.0230769171164587,0.0645670447464365,TRUE,TRUE,0.0230769171164587,0.0230769171164587,0.0645670447464365,TRUE,TRUE,0.0230769171164587
13,92,"National Issues Convention 2","nic2.t1humrh2","13:9207::nic2.t1humrh2","9207","13:9207",0.731250000186265,0.731250004842877,0.282179017155078,0.195682563424932,16,16,16,0.731250000186265,0.731250004842877,0.282179017155078,0.195682563424932,4.65661287307739e-09,0.0864964537301462,TRUE,TRUE,4.65661287307739e-09,4.65661287307739e-09,0.0864964537301462,TRUE,TRUE,4.65661287307739e-09
13,92,"National Issues Convention 2","nic2.t1humrh2","13:9208::nic2.t1humrh2","9208","13:9208",0.661538461653086,0.738461535710555,0.236426385494463,0.126085025057764,13,13,13,0.661538461653086,0.738461535710555,0.236426385494463,0.126085025057764,0.076923074057469,0.110341360436699,TRUE,TRUE,0.076923074057469,0.076923074057469,0.110341360436699,TRUE,TRUE,0.076923074057469
13,92,"National Issues Convention 2","nic2.t1humrh2","13:9209::nic2.t1humrh2","9209","13:9209",0.642857146050249,0.642857142857143,0.198898062498586,0.213808985381126,14,14,14,0.642857146050249,0.642857142857143,0.198898062498586,0.213808985381126,-3.19310589080857e-09,-0.0149109228825403,FALSE,FALSE,-3.19310589080857e-09,-3.19310589080857e-09,-0.0149109228825403,FALSE,FALSE,-3.19310589080857e-09
13,92,"National Issues Convention 2","nic2.t1humrh2","13:9210::nic2.t1humrh2","9210","13:9210",0.742857147540365,0.764285717691694,0.174154147920999,0.154954795148108,14,14,14,0.742857147540365,0.764285717691694,0.174154147920999,0.154954795148108,0.021428570151329,0.019199352772891,TRUE,TRUE,0.021428570151329,0.021428570151329,0.019199352772891,TRUE,TRUE,0.021428570151329
13,92,"National Issues Convention 2","nic2.t1humrh2","13:9211::nic2.t1humrh2","9211","13:9211",0.700000002980232,0.728571434106146,0.166410061347272,0.148989263590071,14,14,14,0.700000002980232,0.728571434106146,0.166410061347272,0.148989263590071,0.0285714311259133,0.0174207977572014,TRUE,TRUE,0.0285714311259133,0.0285714311259133,0.0174207977572014,TRUE,TRUE,0.0285714311259133
13,92,"National Issues Convention 2","nic2.t1humrh2","13:9212::nic2.t1humrh2","9212","13:9212",0.649999999574253,0.650000011282308,0.231217507460843,0.199036140062445,14,14,14,0.649999999574253,0.650000011282308,0.231217507460843,0.199036140062445,1.17080551920168e-08,0.0321813673983978,TRUE,TRUE,1.17080551920168e-08,1.17080551920168e-08,0.0321813673983978,TRUE,TRUE,1.17080551920168e-08
13,92,"National Issues Convention 2","nic2.t1humrh2","13:9213::nic2.t1humrh2","9213","13:9213",0.606666664282481,0.693333335717519,0.298727457575904,0.221896580747364,15,15,15,0.606666664282481,0.693333335717519,0.298727457575904,0.221896580747364,0.0866666714350383,0.0768308768285394,TRUE,TRUE,0.0866666714350383,0.0866666714350383,0.0768308768285394,TRUE,TRUE,0.0866666714350383
13,92,"National Issues Convention 2","nic2.t1humrh2","13:9214::nic2.t1humrh2","9214","13:9214",0.726666673024495,0.819999996821086,0.221896580619452,0.17402791227747,15,15,15,0.726666673024495,0.819999996821086,0.221896580619452,0.17402791227747,0.0933333237965902,0.0478686683419829,TRUE,TRUE,0.0933333237965902,0.0933333237965902,0.0478686683419829,TRUE,TRUE,0.0933333237965902
13,92,"National Issues Convention 2","nic2.t1humrh2","13:9215::nic2.t1humrh2","9215","13:9215",0.621428573770182,0.707142863954817,0.196815302406575,0.168542549823501,14,14,14,0.621428573770182,0.707142863954817,0.196815302406575,0.168542549823501,0.0857142901846341,0.0282727525830741,TRUE,TRUE,0.0857142901846341,0.0857142901846341,0.0282727525830741,TRUE,TRUE,0.0857142901846341
13,92,"National Issues Convention 2","nic2.t1humrh2","13:9216::nic2.t1humrh2","9216","13:9216",0.721428573131561,0.792857153075082,0.229308559957602,0.149173543038821,14,14,14,0.721428573131561,0.792857153075082,0.229308559957602,0.149173543038821,0.0714285799435207,0.0801350169187805,TRUE,TRUE,0.0714285799435207,0.0714285799435207,0.0801350169187805,TRUE,TRUE,0.0714285799435207
13,92,"National Issues Convention 2","nic2.t1humrh2","13:9217::nic2.t1humrh2","9217","13:9217",0.738461547172987,0.784615381405904,0.175776657392276,0.195133085311331,13,13,13,0.738461547172987,0.784615381405904,0.175776657392276,0.195133085311331,0.0461538342329172,-0.0193564279190545,TRUE,FALSE,0.0461538342329172,0.0461538342329172,-0.0193564279190545,TRUE,FALSE,0.0461538342329172
13,92,"National Issues Convention 2","nic2.t1humrh2","13:9218::nic2.t1humrh2","9218","13:9218",0.807692305399821,0.730769230769231,0.175411603970316,0.193151984018016,13,13,13,0.807692305399821,0.730769230769231,0.175411603970316,0.193151984018016,-0.0769230746305907,-0.0177403800477004,FALSE,FALSE,-0.0769230746305907,-0.0769230746305907,-0.0177403800477004,FALSE,FALSE,-0.0769230746305907
13,92,"National Issues Convention 2","nic2.t1humrh2","13:9219::nic2.t1humrh2","9219","13:9219",0.737499998882413,0.737500000745058,0.196214165488551,0.185741752626677,16,16,16,0.737499998882413,0.737500000745058,0.196214165488551,0.185741752626677,1.86264514923096e-09,0.0104724128618738,TRUE,TRUE,1.86264514923096e-09,1.86264514923096e-09,0.0104724128618738,TRUE,TRUE,1.86264514923096e-09
13,92,"National Issues Convention 2","nic2.t1humrh2","13:9220::nic2.t1humrh2","9220","13:9220",0.700000000851495,0.771428568022592,0.21483446221183,0.209132164095994,14,14,14,0.700000000851495,0.771428568022592,0.21483446221183,0.209132164095994,0.0714285671710968,0.00570229811583567,TRUE,TRUE,0.0714285671710968,0.0714285671710968,0.00570229811583567,TRUE,TRUE,0.0714285671710968
13,92,"National Issues Convention 2","nic2.t1humrh2","13:9221::nic2.t1humrh2","9221","13:9221",0.70000000645717,0.666666674613953,0.259119387570928,0.205866341918073,15,15,15,0.70000000645717,0.666666674613953,0.259119387570928,0.205866341918073,-0.0333333318432172,0.0532530456528551,FALSE,TRUE,-0.0333333318432172,-0.0333333318432172,0.0532530456528551,FALSE,TRUE,-0.0333333318432172
13,92,"National Issues Convention 2","nic2.t1humrh2","13:9222::nic2.t1humrh2","9222","13:9222",0.675000001986822,0.749999997516473,0.289592189561915,0.197714207767177,12,12,12,0.675000001986822,0.749999997516473,0.289592189561915,0.197714207767177,0.0749999955296516,0.0918779817947385,TRUE,TRUE,0.0749999955296516,0.0749999955296516,0.0918779817947385,TRUE,TRUE,0.0749999955296516
13,92,"National Issues Convention 2","nic2.t1humrh2","13:9223::nic2.t1humrh2","9223","13:9223",0.714285714285714,0.664285713008472,0.21070263970396,0.190574603444799,14,14,14,0.714285714285714,0.664285713008472,0.21070263970396,0.190574603444799,-0.0500000012772424,0.0201280362591604,FALSE,TRUE,-0.0500000012772424,-0.0500000012772424,0.0201280362591604,FALSE,TRUE,-0.0500000012772424
13,92,"National Issues Convention 2","nic2.t1humrh2","13:9224::nic2.t1humrh2","9224","13:9224",0.708333333333333,0.700000005463759,0.124011239189437,0.180906803451888,12,12,12,0.708333333333333,0.700000005463759,0.124011239189437,0.180906803451888,-0.0083333278695743,-0.0568955642624509,FALSE,FALSE,-0.0083333278695743,-0.0083333278695743,-0.0568955642624509,FALSE,FALSE,-0.0083333278695743
13,92,"National Issues Convention 2","nic2.t1multi","13:9201::nic2.t1multi","9201","13:9201",0.735036377112071,0.796944455305735,0.131984036560363,0.071619484709483,15,15,15,0.735036377112071,0.796944455305735,0.131984036560363,0.071619484709483,0.0619080781936646,0.0603645518508801,TRUE,TRUE,0.0619080781936646,0.0619080781936646,0.0603645518508801,TRUE,TRUE,0.0619080781936646
13,92,"National Issues Convention 2","nic2.t1multi","13:9202::nic2.t1multi","9202","13:9202",0.755892852942149,0.809583338101705,0.104412279376649,0.074630867172338,15,15,15,0.755892852942149,0.809583338101705,0.104412279376649,0.074630867172338,0.0536904851595561,0.0297814122043105,TRUE,TRUE,0.0536904851595561,0.0536904851595561,0.0297814122043105,TRUE,TRUE,0.0536904851595561
13,92,"National Issues Convention 2","nic2.t1multi","13:9203::nic2.t1multi","9203","13:9203",0.697981776669621,0.785177957266569,0.129126109588118,0.104618669580761,16,16,16,0.697981776669621,0.785177957266569,0.129126109588118,0.104618669580761,0.0871961805969477,0.0245074400073569,TRUE,TRUE,0.0871961805969477,0.0871961805969477,0.0245074400073569,TRUE,TRUE,0.0871961805969477
13,92,"National Issues Convention 2","nic2.t1multi","13:9204::nic2.t1multi","9204","13:9204",0.677460318803787,0.742109799385071,0.12157307634369,0.110092537110849,15,15,15,0.677460318803787,0.742109799385071,0.12157307634369,0.110092537110849,0.0646494805812836,0.0114805392328415,TRUE,TRUE,0.0646494805812836,0.0646494805812836,0.0114805392328415,TRUE,TRUE,0.0646494805812836
13,92,"National Issues Convention 2","nic2.t1multi","13:9205::nic2.t1multi","9205","13:9205",0.771785719054086,0.812202385493687,0.140494221136764,0.10181186801701,14,14,14,0.771785719054086,0.812202385493687,0.140494221136764,0.10181186801701,0.0404166664396013,0.0386823531197535,TRUE,TRUE,0.0404166664396013,0.0404166664396013,0.0386823531197535,TRUE,TRUE,0.0404166664396013
13,92,"National Issues Convention 2","nic2.t1multi","13:9206::nic2.t1multi","9206","13:9206",0.779658890687502,0.783848450734065,0.114112030533869,0.0950668205074428,13,13,13,0.779658890687502,0.783848450734065,0.114112030533869,0.0950668205074428,0.00418956004656279,0.0190452100264263,TRUE,TRUE,0.00418956004656279,0.00418956004656279,0.0190452100264263,TRUE,TRUE,0.00418956004656279
13,92,"National Issues Convention 2","nic2.t1multi","13:9207::nic2.t1multi","9207","13:9207",0.74481026828289,0.799153655767441,0.123709218404655,0.112986497762684,16,16,16,0.74481026828289,0.799153655767441,0.123709218404655,0.112986497762684,0.0543433874845505,0.0107227206419711,TRUE,TRUE,0.0543433874845505,0.0543433874845505,0.0107227206419711,TRUE,TRUE,0.0543433874845505
13,92,"National Issues Convention 2","nic2.t1multi","13:9208::nic2.t1multi","9208","13:9208",0.729792432143138,0.791266033282647,0.139500327371107,0.136753907789831,13,13,13,0.729792432143138,0.791266033282647,0.139500327371107,0.136753907789831,0.0614736011395087,0.00274641958127619,TRUE,TRUE,0.0614736011395087,0.0614736011395087,0.00274641958127619,TRUE,TRUE,0.0614736011395087
13,92,"National Issues Convention 2","nic2.t1multi","13:9209::nic2.t1multi","9209","13:9209",0.747172619615282,0.79965986098562,0.124075728783573,0.0524315110457406,14,14,14,0.747172619615282,0.79965986098562,0.124075728783573,0.0524315110457406,0.0524872413703373,0.0716442177378328,TRUE,TRUE,0.0524872413703373,0.0524872413703373,0.0716442177378328,TRUE,TRUE,0.0524872413703373
13,92,"National Issues Convention 2","nic2.t1multi","13:9210::nic2.t1multi","9210","13:9210",0.76275156225477,0.81659226332392,0.0853996110960967,0.0651008996417773,14,14,14,0.76275156225477,0.81659226332392,0.0853996110960967,0.0651008996417773,0.0538407010691506,0.0202987114543194,TRUE,TRUE,0.0538407010691506,0.0538407010691506,0.0202987114543194,TRUE,TRUE,0.0538407010691506
13,92,"National Issues Convention 2","nic2.t1multi","13:9211::nic2.t1multi","9211","13:9211",0.661728318248476,0.736532743488039,0.162365024418119,0.128701518577519,14,14,14,0.661728318248476,0.736532743488039,0.162365024418119,0.128701518577519,0.074804425239563,0.0336635058406001,TRUE,TRUE,0.074804425239563,0.074804425239563,0.0336635058406001,TRUE,TRUE,0.074804425239563
13,92,"National Issues Convention 2","nic2.t1multi","13:9212::nic2.t1multi","9212","13:9212",0.774902927024024,0.80243056161063,0.102106928753371,0.0638678321064832,14,14,14,0.774902927024024,0.80243056161063,0.102106928753371,0.0638678321064832,0.0275276345866067,0.038239096646888,TRUE,TRUE,0.0275276345866067,0.0275276345866067,0.038239096646888,TRUE,TRUE,0.0275276345866067
13,92,"National Issues Convention 2","nic2.t1multi","13:9213::nic2.t1multi","9213","13:9213",0.737837302684784,0.77699404557546,0.131726011409187,0.112490884216966,15,15,15,0.737837302684784,0.77699404557546,0.131726011409187,0.112490884216966,0.0391567428906758,0.0192351271922217,TRUE,TRUE,0.0391567428906758,0.0391567428906758,0.0192351271922217,TRUE,TRUE,0.0391567428906758
13,92,"National Issues Convention 2","nic2.t1multi","13:9214::nic2.t1multi","9214","13:9214",0.762294987837474,0.813191147645315,0.133200808583121,0.0926898818701901,15,15,15,0.762294987837474,0.813191147645315,0.133200808583121,0.0926898818701901,0.050896159807841,0.0405109267129305,TRUE,TRUE,0.050896159807841,0.050896159807841,0.0405109267129305,TRUE,TRUE,0.050896159807841
13,92,"National Issues Convention 2","nic2.t1multi","13:9215::nic2.t1multi","9215","13:9215",0.754283592104912,0.760204085281917,0.122681952810092,0.0861189611631394,14,14,14,0.754283592104912,0.760204085281917,0.122681952810092,0.0861189611631394,0.00592049317700527,0.0365629916469525,TRUE,TRUE,0.00592049317700527,0.00592049317700527,0.0365629916469525,TRUE,TRUE,0.00592049317700527
13,92,"National Issues Convention 2","nic2.t1multi","13:9216::nic2.t1multi","9216","13:9216",0.750042515141623,0.824457917894636,0.103762949779486,0.0580829120688443,14,14,14,0.750042515141623,0.824457917894636,0.103762949779486,0.0580829120688443,0.0744154027530125,0.045680037710642,TRUE,TRUE,0.0744154027530125,0.0744154027530125,0.045680037710642,TRUE,TRUE,0.0744154027530125
13,92,"National Issues Convention 2","nic2.t1multi","13:9217::nic2.t1multi","9217","13:9217",0.715934056502122,0.787099361419678,0.114525806633008,0.088163562141474,13,13,13,0.715934056502122,0.787099361419678,0.114525806633008,0.088163562141474,0.0711653049175556,0.0263622444915345,TRUE,TRUE,0.0711653049175556,0.0711653049175556,0.0263622444915345,TRUE,TRUE,0.0711653049175556
13,92,"National Issues Convention 2","nic2.t1multi","13:9218::nic2.t1multi","9218","13:9218",0.816868901252747,0.79423077748372,0.118416030596537,0.14886215367334,13,13,13,0.816868901252747,0.79423077748372,0.118416030596537,0.14886215367334,-0.0226381237690265,-0.0304461230768033,FALSE,FALSE,-0.0226381237690265,-0.0226381237690265,-0.0304461230768033,FALSE,FALSE,-0.0226381237690265
13,92,"National Issues Convention 2","nic2.t1multi","13:9219::nic2.t1multi","9219","13:9219",0.73812004365027,0.787503112107515,0.137823164733396,0.0962632201589156,16,16,16,0.73812004365027,0.787503112107515,0.137823164733396,0.0962632201589156,0.0493830684572458,0.0415599445744808,TRUE,TRUE,0.0493830684572458,0.0493830684572458,0.0415599445744808,TRUE,TRUE,0.0493830684572458
13,92,"National Issues Convention 2","nic2.t1multi","13:9220::nic2.t1multi","9220","13:9220",0.722782037087849,0.795957339661462,0.149608734738962,0.0764151811340168,14,14,14,0.722782037087849,0.795957339661462,0.149608734738962,0.0764151811340168,0.0731753025736128,0.073193553604945,TRUE,TRUE,0.0731753025736128,0.0731753025736128,0.073193553604945,TRUE,TRUE,0.0731753025736128
13,92,"National Issues Convention 2","nic2.t1multi","13:9221::nic2.t1multi","9221","13:9221",0.69623016367356,0.777384273211161,0.20512011158313,0.0819570392430991,15,15,15,0.69623016367356,0.777384273211161,0.20512011158313,0.0819570392430991,0.0811541095376015,0.123163072340031,TRUE,TRUE,0.0811541095376015,0.0811541095376015,0.123163072340031,TRUE,TRUE,0.0811541095376015
13,92,"National Issues Convention 2","nic2.t1multi","13:9222::nic2.t1multi","9222","13:9222",0.650520836313566,0.701839461922646,0.152518049421398,0.109004108929868,12,12,12,0.650520836313566,0.701839461922646,0.152518049421398,0.109004108929868,0.05131862560908,0.0435139404915299,TRUE,TRUE,0.05131862560908,0.05131862560908,0.0435139404915299,TRUE,TRUE,0.05131862560908
13,92,"National Issues Convention 2","nic2.t1multi","13:9223::nic2.t1multi","9223","13:9223",0.714455783367157,0.808450264590127,0.126946792330054,0.0764040539532971,14,14,14,0.714455783367157,0.808450264590127,0.126946792330054,0.0764040539532971,0.0939944812229702,0.0505427383767573,TRUE,TRUE,0.0939944812229702,0.0939944812229702,0.0505427383767573,TRUE,TRUE,0.0939944812229702
13,92,"National Issues Convention 2","nic2.t1multi","13:9224::nic2.t1multi","9224","13:9224",0.683366407950719,0.738350696861744,0.145861905660113,0.122741122877116,12,12,12,0.683366407950719,0.738350696861744,0.145861905660113,0.122741122877116,0.0549842889110247,0.0231207827829973,TRUE,TRUE,0.0549842889110247,0.0549842889110247,0.0231207827829973,TRUE,TRUE,0.0549842889110247
13,92,"National Issues Convention 2","nic2.t1inter","13:9201::nic2.t1inter","9201","13:9201",0.75,0.983333333333333,0.25,0.0645497224367903,15,15,15,0.75,0.983333333333333,0.25,0.0645497224367903,0.233333333333333,0.18545027756321,TRUE,TRUE,0.233333333333333,0.233333333333333,0.18545027756321,TRUE,TRUE,0.233333333333333
13,92,"National Issues Convention 2","nic2.t1inter","13:9202::nic2.t1inter","9202","13:9202",0.683333333333333,0.767857142857143,0.346753652090494,0.317203612634112,15,14,14,0.660714285714286,0.767857142857143,0.348170256444354,0.317203612634112,0.0845238095238096,0.0295500394563817,TRUE,TRUE,0.0845238095238096,0.107142857142857,0.0309666438102422,TRUE,TRUE,0.107142857142857
13,92,"National Issues Convention 2","nic2.t1inter","13:9203::nic2.t1inter","9203","13:9203",0.828125,0.875,0.298869397340488,0.258198889747161,16,16,16,0.828125,0.875,0.298869397340488,0.258198889747161,0.046875,0.0406705075933272,TRUE,TRUE,0.046875,0.046875,0.0406705075933272,TRUE,TRUE,0.046875
13,92,"National Issues Convention 2","nic2.t1inter","13:9204::nic2.t1inter","9204","13:9204",0.783333333333333,0.910714285714286,0.265024706844655,0.210474346535274,15,14,14,0.767857142857143,0.910714285714286,0.267902926490134,0.210474346535274,0.127380952380952,0.054550360309381,TRUE,TRUE,0.127380952380952,0.142857142857143,0.0574285799548599,TRUE,TRUE,0.142857142857143
13,92,"National Issues Convention 2","nic2.t1inter","13:9205::nic2.t1inter","9205","13:9205",0.75,0.946428571428571,0.277350098112615,0.10645382840658,14,14,14,0.75,0.946428571428571,0.277350098112615,0.10645382840658,0.196428571428571,0.170896269706035,TRUE,TRUE,0.196428571428571,0.196428571428571,0.170896269706035,TRUE,TRUE,0.196428571428571
13,92,"National Issues Convention 2","nic2.t1inter","13:9206::nic2.t1inter","9206","13:9206",0.730769230769231,0.729166666666667,0.401319937590562,0.249051229973905,13,12,12,0.708333333333333,0.729166666666667,0.410561330449674,0.249051229973905,-0.0016025641025641,0.152268707616656,FALSE,TRUE,-0.0016025641025641,0.0208333333333333,0.161510100475768,TRUE,TRUE,0.0208333333333333
13,92,"National Issues Convention 2","nic2.t1inter","13:9207::nic2.t1inter","9207","13:9207",0.71875,0.890625,0.314576434802948,0.223023728184544,16,16,16,0.71875,0.890625,0.314576434802948,0.223023728184544,0.171875,0.091552706618404,TRUE,TRUE,0.171875,0.171875,0.091552706618404,TRUE,TRUE,0.171875
13,92,"National Issues Convention 2","nic2.t1inter","13:9208::nic2.t1inter","9208","13:9208",0.769230769230769,0.884615384615385,0.31393899456374,0.281650356074554,13,13,13,0.769230769230769,0.884615384615385,0.31393899456374,0.281650356074554,0.115384615384615,0.0322886384891864,TRUE,TRUE,0.115384615384615,0.115384615384615,0.0322886384891864,TRUE,TRUE,0.115384615384615
13,92,"National Issues Convention 2","nic2.t1inter","13:9209::nic2.t1inter","9209","13:9209",0.839285714285714,0.821428571428571,0.232195682916016,0.267261241912424,14,14,14,0.839285714285714,0.821428571428571,0.232195682916016,0.267261241912424,-0.0178571428571429,-0.0350655589964081,FALSE,FALSE,-0.0178571428571429,-0.0178571428571429,-0.0350655589964081,FALSE,FALSE,-0.0178571428571429
13,92,"National Issues Convention 2","nic2.t1inter","13:9210::nic2.t1inter","9210","13:9210",0.625,0.839285714285714,0.290059675557661,0.270454440517445,14,14,14,0.625,0.839285714285714,0.290059675557661,0.270454440517445,0.214285714285714,0.0196052350402154,TRUE,TRUE,0.214285714285714,0.214285714285714,0.0196052350402154,TRUE,TRUE,0.214285714285714
13,92,"National Issues Convention 2","nic2.t1inter","13:9211::nic2.t1inter","9211","13:9211",0.642857142857143,0.767857142857143,0.272352389700961,0.317203612634112,14,14,14,0.642857142857143,0.767857142857143,0.272352389700961,0.317203612634112,0.125,-0.044851222933151,TRUE,FALSE,0.125,0.125,-0.044851222933151,TRUE,FALSE,0.125
13,92,"National Issues Convention 2","nic2.t1inter","13:9212::nic2.t1inter","9212","13:9212",0.625,0.785714285714286,0.306186217847897,0.307863963107441,14,14,14,0.625,0.785714285714286,0.306186217847897,0.307863963107441,0.160714285714286,-0.00167774525954378,TRUE,FALSE,0.160714285714286,0.160714285714286,-0.00167774525954378,TRUE,FALSE,0.160714285714286
13,92,"National Issues Convention 2","nic2.t1inter","13:9213::nic2.t1inter","9213","13:9213",0.583333333333333,0.783333333333333,0.349319065502886,0.247607600468006,15,15,15,0.583333333333333,0.783333333333333,0.349319065502886,0.247607600468006,0.2,0.10171146503488,TRUE,TRUE,0.2,0.2,0.10171146503488,TRUE,TRUE,0.2
13,92,"National Issues Convention 2","nic2.t1inter","13:9214::nic2.t1inter","9214","13:9214",0.766666666666667,0.875,0.258198889747161,0.272982107049584,15,14,14,0.785714285714286,0.875,0.256776295506548,0.272982107049584,0.108333333333333,-0.0147832173024233,TRUE,FALSE,0.108333333333333,0.0892857142857143,-0.0162058115430367,TRUE,FALSE,0.0892857142857143
13,92,"National Issues Convention 2","nic2.t1inter","13:9215::nic2.t1inter","9215","13:9215",0.892857142857143,0.857142857142857,0.234403615469248,0.21290765681316,14,14,14,0.892857142857143,0.857142857142857,0.234403615469248,0.21290765681316,-0.0357142857142858,0.0214959586560877,FALSE,TRUE,-0.0357142857142858,-0.0357142857142858,0.0214959586560877,FALSE,TRUE,-0.0357142857142858
13,92,"National Issues Convention 2","nic2.t1inter","13:9216::nic2.t1inter","9216","13:9216",0.785714285714286,0.892857142857143,0.256776295506548,0.272352389700961,14,14,14,0.785714285714286,0.892857142857143,0.256776295506548,0.272352389700961,0.107142857142857,-0.0155760941944133,TRUE,FALSE,0.107142857142857,0.107142857142857,-0.0155760941944133,TRUE,FALSE,0.107142857142857
13,92,"National Issues Convention 2","nic2.t1inter","13:9217::nic2.t1inter","9217","13:9217",0.730769230769231,0.923076923076923,0.31393899456374,0.157606292989029,13,13,13,0.730769230769231,0.923076923076923,0.31393899456374,0.157606292989029,0.192307692307692,0.156332701574712,TRUE,TRUE,0.192307692307692,0.192307692307692,0.156332701574712,TRUE,TRUE,0.192307692307692
13,92,"National Issues Convention 2","nic2.t1inter","13:9218::nic2.t1inter","9218","13:9218",0.826923076923077,0.826923076923077,0.236832733357836,0.295532982236744,13,13,13,0.826923076923077,0.826923076923077,0.236832733357836,0.295532982236744,0,-0.0587002488789085,FALSE,FALSE,0,0,-0.0587002488789085,FALSE,FALSE,0
13,92,"National Issues Convention 2","nic2.t1inter","13:9219::nic2.t1inter","9219","13:9219",0.78125,0.828125,0.221265300789196,0.338116720477806,16,16,16,0.78125,0.828125,0.221265300789196,0.338116720477806,0.046875,-0.11685141968861,TRUE,FALSE,0.046875,0.046875,-0.11685141968861,TRUE,FALSE,0.046875
13,92,"National Issues Convention 2","nic2.t1inter","13:9220::nic2.t1inter","9220","13:9220",0.807692307692308,0.714285714285714,0.308792104987424,0.351605423203872,13,14,13,0.807692307692308,0.711538461538462,0.308792104987424,0.365806099681378,-0.0934065934065934,-0.0428133182164479,FALSE,FALSE,-0.0934065934065934,-0.0961538461538461,-0.0570139946939547,FALSE,FALSE,-0.0961538461538461
13,92,"National Issues Convention 2","nic2.t1inter","13:9221::nic2.t1inter","9221","13:9221",0.783333333333333,0.933333333333333,0.265024706844655,0.148404209926166,15,15,15,0.783333333333333,0.933333333333333,0.265024706844655,0.148404209926166,0.15,0.116620496918489,TRUE,TRUE,0.15,0.15,0.116620496918489,TRUE,TRUE,0.15
13,92,"National Issues Convention 2","nic2.t1inter","13:9222::nic2.t1inter","9222","13:9222",0.625,0.770833333333333,0.291937104060571,0.22508415934463,12,12,12,0.625,0.770833333333333,0.291937104060571,0.22508415934463,0.145833333333333,0.0668529447159411,TRUE,TRUE,0.145833333333333,0.145833333333333,0.0668529447159411,TRUE,TRUE,0.145833333333333
13,92,"National Issues Convention 2","nic2.t1inter","13:9223::nic2.t1inter","9223","13:9223",0.696428571428571,0.821428571428571,0.327850977940075,0.228468383365844,14,14,14,0.696428571428571,0.821428571428571,0.327850977940075,0.228468383365844,0.125,0.0993825945742314,TRUE,TRUE,0.125,0.125,0.0993825945742314,TRUE,TRUE,0.125
13,92,"National Issues Convention 2","nic2.t1inter","13:9224::nic2.t1inter","9224","13:9224",0.886363636363636,0.895833333333333,0.233549683248457,0.16713948085538,11,12,11,0.886363636363636,0.909090909090909,0.233549683248457,0.168549965615811,0.00946969696969702,0.0664102023930766,TRUE,TRUE,0.00946969696969702,0.0227272727272727,0.0649997176326464,TRUE,TRUE,0.0227272727272727
13,92,"National Issues Convention 2","nic2.t1global","13:9201::nic2.t1global","9201","13:9201",0.613703707853953,0.761851851145426,0.162370102814139,0.115682104083197,15,15,15,0.613703707853953,0.761851851145426,0.162370102814139,0.115682104083197,0.148148143291473,0.0466879987309421,TRUE,TRUE,0.148148143291473,0.148148143291473,0.0466879987309421,TRUE,TRUE,0.148148143291473
13,92,"National Issues Convention 2","nic2.t1global","13:9202::nic2.t1global","9202","13:9202",0.638629633188248,0.686574069658915,0.153966201940909,0.127148283050883,15,15,15,0.638629633188248,0.686574069658915,0.153966201940909,0.127148283050883,0.0479444364706675,0.0268179188900253,TRUE,TRUE,0.0479444364706675,0.0479444364706675,0.0268179188900253,TRUE,TRUE,0.0479444364706675
13,92,"National Issues Convention 2","nic2.t1global","13:9203::nic2.t1global","9203","13:9203",0.659097224473953,0.711250009015203,0.222516642593783,0.167804911399218,16,16,16,0.659097224473953,0.711250009015203,0.222516642593783,0.167804911399218,0.0521527845412493,0.0547117311945652,TRUE,TRUE,0.0521527845412493,0.0521527845412493,0.0547117311945652,TRUE,TRUE,0.0521527845412493
13,92,"National Issues Convention 2","nic2.t1global","13:9204::nic2.t1global","9204","13:9204",0.586851857105891,0.660740741093953,0.187974753009946,0.166689371077202,15,15,15,0.586851857105891,0.660740741093953,0.187974753009946,0.166689371077202,0.0738888839880625,0.0212853819327443,TRUE,TRUE,0.0738888839880625,0.0738888839880625,0.0212853819327443,TRUE,TRUE,0.0738888839880625
13,92,"National Issues Convention 2","nic2.t1global","13:9205::nic2.t1global","9205","13:9205",0.629166669079236,0.757440481867109,0.18759217807704,0.172037951674561,14,14,14,0.629166669079236,0.757440481867109,0.18759217807704,0.172037951674561,0.128273812787873,0.0155542264024791,TRUE,TRUE,0.128273812787873,0.128273812787873,0.0155542264024791,TRUE,TRUE,0.128273812787873
13,92,"National Issues Convention 2","nic2.t1global","13:9206::nic2.t1global","9206","13:9206",0.541495726658748,0.672542737080501,0.161039637658269,0.19050925031945,13,13,13,0.541495726658748,0.672542737080501,0.161039637658269,0.19050925031945,0.131047010421753,-0.0294696126611814,TRUE,FALSE,0.131047010421753,0.131047010421753,-0.0294696126611814,TRUE,FALSE,0.131047010421753
13,92,"National Issues Convention 2","nic2.t1global","13:9207::nic2.t1global","9207","13:9207",0.542881949804723,0.639496525749564,0.173065351373891,0.141016086360682,16,16,16,0.542881949804723,0.639496525749564,0.173065351373891,0.141016086360682,0.0966145759448409,0.0320492650132088,TRUE,TRUE,0.0966145759448409,0.0966145759448409,0.0320492650132088,TRUE,TRUE,0.0966145759448409
13,92,"National Issues Convention 2","nic2.t1global","13:9208::nic2.t1global","9208","13:9208",0.559188038110733,0.650213674857066,0.20880004191791,0.195168825822668,13,13,13,0.559188038110733,0.650213674857066,0.20880004191791,0.195168825822668,0.0910256367463332,0.0136312160952413,TRUE,TRUE,0.0910256367463332,0.0910256367463332,0.0136312160952413,TRUE,TRUE,0.0910256367463332
13,92,"National Issues Convention 2","nic2.t1global","13:9209::nic2.t1global","9209","13:9209",0.546924596386296,0.630198408450399,0.122530416612721,0.204916258331626,14,14,14,0.546924596386296,0.630198408450399,0.122530416612721,0.204916258331626,0.0832738120641027,-0.0823858417189044,TRUE,FALSE,0.0832738120641027,0.0832738120641027,-0.0823858417189044,TRUE,FALSE,0.0832738120641027
13,92,"National Issues Convention 2","nic2.t1global","13:9210::nic2.t1global","9210","13:9210",0.570436509592192,0.65968253995691,0.145344039984703,0.17629613502616,14,14,14,0.570436509592192,0.65968253995691,0.145344039984703,0.17629613502616,0.0892460303647178,-0.0309520950414562,TRUE,FALSE,0.0892460303647178,0.0892460303647178,-0.0309520950414562,TRUE,FALSE,0.0892460303647178
13,92,"National Issues Convention 2","nic2.t1global","13:9211::nic2.t1global","9211","13:9211",0.524007941995348,0.666964294654982,0.163174259431157,0.17481520938922,14,14,14,0.524007941995348,0.666964294654982,0.163174259431157,0.17481520938922,0.142956352659634,-0.0116409499580626,TRUE,FALSE,0.142956352659634,0.142956352659634,-0.0116409499580626,TRUE,FALSE,0.142956352659634
13,92,"National Issues Convention 2","nic2.t1global","13:9212::nic2.t1global","9212","13:9212",0.527182542851993,0.627658739686012,0.136453772952532,0.17116079931794,14,14,14,0.527182542851993,0.627658739686012,0.136453772952532,0.17116079931794,0.100476196834019,-0.0347070263654084,TRUE,FALSE,0.100476196834019,0.100476196834019,-0.0347070263654084,TRUE,FALSE,0.100476196834019
13,92,"National Issues Convention 2","nic2.t1global","13:9213::nic2.t1global","9213","13:9213",0.506666670367122,0.658037030696869,0.221045493526177,0.197146737760944,15,15,15,0.506666670367122,0.658037030696869,0.221045493526177,0.197146737760944,0.151370360329747,0.0238987557652327,TRUE,TRUE,0.151370360329747,0.151370360329747,0.0238987557652327,TRUE,TRUE,0.151370360329747
13,92,"National Issues Convention 2","nic2.t1global","13:9214::nic2.t1global","9214","13:9214",0.635555553436279,0.783685187498728,0.220359748629354,0.199292138000637,15,15,15,0.635555553436279,0.783685187498728,0.220359748629354,0.199292138000637,0.148129634062449,0.0210676106287162,TRUE,TRUE,0.148129634062449,0.148129634062449,0.0210676106287162,TRUE,TRUE,0.148129634062449
13,92,"National Issues Convention 2","nic2.t1global","13:9215::nic2.t1global","9215","13:9215",0.589087301066944,0.652976193598339,0.150676950680912,0.123978319485639,14,14,14,0.589087301066944,0.652976193598339,0.150676950680912,0.123978319485639,0.063888892531395,0.026698631195273,TRUE,TRUE,0.063888892531395,0.063888892531395,0.026698631195273,TRUE,TRUE,0.063888892531395
13,92,"National Issues Convention 2","nic2.t1global","13:9216::nic2.t1global","9216","13:9216",0.688888890402658,0.737103176968438,0.189629018190413,0.145380789197469,14,14,14,0.688888890402658,0.737103176968438,0.189629018190413,0.145380789197469,0.0482142865657806,0.0442482289929444,TRUE,TRUE,0.0482142865657806,0.0482142865657806,0.0442482289929444,TRUE,TRUE,0.0482142865657806
13,92,"National Issues Convention 2","nic2.t1global","13:9217::nic2.t1global","9217","13:9217",0.62213675563152,0.695170932091199,0.0963590904295987,0.103666915175776,13,13,13,0.62213675563152,0.695170932091199,0.0963590904295987,0.103666915175776,0.0730341764596792,-0.00730782474617744,TRUE,FALSE,0.0730341764596792,0.0730341764596792,-0.00730782474617744,TRUE,FALSE,0.0730341764596792
13,92,"National Issues Convention 2","nic2.t1global","13:9218::nic2.t1global","9218","13:9218",0.655982909294275,0.676987178050555,0.209106114014313,0.191617406730152,13,13,13,0.655982909294275,0.676987178050555,0.209106114014313,0.191617406730152,0.0210042687562796,0.0174887072841612,TRUE,TRUE,0.0210042687562796,0.0210042687562796,0.0174887072841612,TRUE,TRUE,0.0210042687562796
13,92,"National Issues Convention 2","nic2.t1global","13:9219::nic2.t1global","9219","13:9219",0.649652780964971,0.715711800381541,0.180707551806346,0.186804070562033,16,16,16,0.649652780964971,0.715711800381541,0.180707551806346,0.186804070562033,0.0660590194165707,-0.00609651875568726,TRUE,FALSE,0.0660590194165707,0.0660590194165707,-0.00609651875568726,TRUE,FALSE,0.0660590194165707
13,92,"National Issues Convention 2","nic2.t1global","13:9220::nic2.t1global","9220","13:9220",0.608531741159303,0.749007931777409,0.211188317765191,0.142598360032615,14,14,14,0.608531741159303,0.749007931777409,0.211188317765191,0.142598360032615,0.140476190618106,0.0685899577325757,TRUE,TRUE,0.140476190618106,0.140476190618106,0.0685899577325757,TRUE,TRUE,0.140476190618106
13,92,"National Issues Convention 2","nic2.t1global","13:9221::nic2.t1global","9221","13:9221",0.577111118038495,0.670259273052216,0.224084581951907,0.172457576747179,15,15,15,0.577111118038495,0.670259273052216,0.224084581951907,0.172457576747179,0.0931481550137202,0.0516270052047273,TRUE,TRUE,0.0931481550137202,0.0931481550137202,0.0516270052047273,TRUE,TRUE,0.0931481550137202
13,92,"National Issues Convention 2","nic2.t1global","13:9222::nic2.t1global","9222","13:9222",0.513750012343129,0.68923611442248,0.261984264436939,0.170286991266912,12,12,12,0.513750012343129,0.68923611442248,0.261984264436939,0.170286991266912,0.175486102079352,0.0916972731700273,TRUE,TRUE,0.175486102079352,0.175486102079352,0.0916972731700273,TRUE,TRUE,0.175486102079352
13,92,"National Issues Convention 2","nic2.t1global","13:9223::nic2.t1global","9223","13:9223",0.548055560461112,0.61829365257706,0.191521348960666,0.150474743483443,14,14,14,0.548055560461112,0.61829365257706,0.191521348960666,0.150474743483443,0.0702380921159471,0.0410466054772231,TRUE,TRUE,0.0702380921159471,0.0702380921159471,0.0410466054772231,TRUE,TRUE,0.0702380921159471
13,92,"National Issues Convention 2","nic2.t1global","13:9224::nic2.t1global","9224","13:9224",0.577777783075968,0.59305556366841,0.173504522990158,0.167105902452916,12,12,12,0.577777783075968,0.59305556366841,0.173504522990158,0.167105902452916,0.0152777805924416,0.00639862053724188,TRUE,TRUE,0.0152777805924416,0.0152777805924416,0.00639862053724188,TRUE,TRUE,0.0152777805924416
13,92,"National Issues Convention 2","nic2.t1demo","13:9201::nic2.t1demo","9201","13:9201",0.646925928195318,0.672777779897054,0.195869479888368,0.183339940606463,15,15,15,0.646925928195318,0.672777779897054,0.195869479888368,0.183339940606463,0.0258518517017364,0.0125295392819045,TRUE,TRUE,0.0258518517017364,0.0258518517017364,0.0125295392819045,TRUE,TRUE,0.0258518517017364
13,92,"National Issues Convention 2","nic2.t1demo","13:9202::nic2.t1demo","9202","13:9202",0.578888890147209,0.64648148616155,0.228716607016007,0.180785767841435,15,15,15,0.578888890147209,0.64648148616155,0.228716607016007,0.180785767841435,0.0675925960143408,0.0479308391745721,TRUE,TRUE,0.0675925960143408,0.0675925960143408,0.0479308391745721,TRUE,TRUE,0.0675925960143408
13,92,"National Issues Convention 2","nic2.t1demo","13:9203::nic2.t1demo","9203","13:9203",0.681666672229767,0.733680561184883,0.190049584982286,0.155657611816104,16,16,16,0.681666672229767,0.733680561184883,0.190049584982286,0.155657611816104,0.0520138889551163,0.0343919731661816,TRUE,TRUE,0.0520138889551163,0.0520138889551163,0.0343919731661816,TRUE,TRUE,0.0520138889551163
13,92,"National Issues Convention 2","nic2.t1demo","13:9204::nic2.t1demo","9204","13:9204",0.697407406568527,0.670666660865148,0.169666994153941,0.14315714322113,15,15,15,0.697407406568527,0.670666660865148,0.169666994153941,0.14315714322113,-0.0267407457033793,0.0265098509328112,FALSE,TRUE,-0.0267407457033793,-0.0267407457033793,0.0265098509328112,FALSE,TRUE,-0.0267407457033793
13,92,"National Issues Convention 2","nic2.t1demo","13:9205::nic2.t1demo","9205","13:9205",0.617857141154153,0.675396821328572,0.194232832471254,0.169477209969316,14,14,14,0.617857141154153,0.675396821328572,0.194232832471254,0.169477209969316,0.0575396801744188,0.0247556225019383,TRUE,TRUE,0.0575396801744188,0.0575396801744188,0.0247556225019383,TRUE,TRUE,0.0575396801744188
13,92,"National Issues Convention 2","nic2.t1demo","13:9206::nic2.t1demo","9206","13:9206",0.622649571070304,0.676282048225403,0.19940060941776,0.114433069448385,13,13,13,0.622649571070304,0.676282048225403,0.19940060941776,0.114433069448385,0.0536324771550986,0.0849675399693752,TRUE,TRUE,0.0536324771550986,0.0536324771550986,0.0849675399693752,TRUE,TRUE,0.0536324771550986
13,92,"National Issues Convention 2","nic2.t1demo","13:9207::nic2.t1demo","9207","13:9207",0.582291669212282,0.697916670702398,0.261006429736974,0.212472462206548,16,16,16,0.582291669212282,0.697916670702398,0.261006429736974,0.212472462206548,0.115625001490116,0.0485339675304263,TRUE,TRUE,0.115625001490116,0.115625001490116,0.0485339675304263,TRUE,TRUE,0.115625001490116
13,92,"National Issues Convention 2","nic2.t1demo","13:9208::nic2.t1demo","9208","13:9208",0.640085478241627,0.749786324225939,0.191437310607868,0.156003255533068,13,13,13,0.640085478241627,0.749786324225939,0.191437310607868,0.156003255533068,0.109700845984312,0.0354340550747995,TRUE,TRUE,0.109700845984312,0.109700845984312,0.0354340550747995,TRUE,TRUE,0.109700845984312
13,92,"National Issues Convention 2","nic2.t1demo","13:9209::nic2.t1demo","9209","13:9209",0.69285714839186,0.661904762898173,0.162752161671792,0.133099104882795,14,14,14,0.69285714839186,0.661904762898173,0.162752161671792,0.133099104882795,-0.0309523854936872,0.0296530567889977,FALSE,TRUE,-0.0309523854936872,-0.0309523854936872,0.0296530567889977,FALSE,TRUE,-0.0309523854936872
13,92,"National Issues Convention 2","nic2.t1demo","13:9210::nic2.t1demo","9210","13:9210",0.6039682499,0.632738092648132,0.173635336918823,0.222708280310428,14,14,14,0.6039682499,0.632738092648132,0.173635336918823,0.222708280310428,0.0287698427481311,-0.0490729433916053,TRUE,FALSE,0.0287698427481311,0.0287698427481311,-0.0490729433916053,TRUE,FALSE,0.0287698427481311
13,92,"National Issues Convention 2","nic2.t1demo","13:9211::nic2.t1demo","9211","13:9211",0.602222221238273,0.675396823457309,0.198996889883395,0.149670639521956,14,14,14,0.602222221238273,0.675396823457309,0.198996889883395,0.149670639521956,0.0731746022190367,0.0493262503614392,TRUE,TRUE,0.0731746022190367,0.0731746022190367,0.0493262503614392,TRUE,TRUE,0.0731746022190367
13,92,"National Issues Convention 2","nic2.t1demo","13:9212::nic2.t1demo","9212","13:9212",0.668809524604252,0.69742063326495,0.19485230242991,0.13399260494392,14,14,14,0.668809524604252,0.69742063326495,0.19485230242991,0.13399260494392,0.0286111086606979,0.0608596974859896,TRUE,TRUE,0.0286111086606979,0.0286111086606979,0.0608596974859896,TRUE,TRUE,0.0286111086606979
13,92,"National Issues Convention 2","nic2.t1demo","13:9213::nic2.t1demo","9213","13:9213",0.553703704476357,0.657222217321396,0.228750016266726,0.152809513760366,15,15,15,0.553703704476357,0.657222217321396,0.228750016266726,0.152809513760366,0.103518512845039,0.0759405025063594,TRUE,TRUE,0.103518512845039,0.103518512845039,0.0759405025063594,TRUE,TRUE,0.103518512845039
13,92,"National Issues Convention 2","nic2.t1demo","13:9214::nic2.t1demo","9214","13:9214",0.65444445113341,0.765925927956899,0.23492653173686,0.170307150945722,15,15,15,0.65444445113341,0.765925927956899,0.23492653173686,0.170307150945722,0.111481476823489,0.0646193807911375,TRUE,TRUE,0.111481476823489,0.111481476823489,0.0646193807911375,TRUE,TRUE,0.111481476823489
13,92,"National Issues Convention 2","nic2.t1demo","13:9215::nic2.t1demo","9215","13:9215",0.663809525115149,0.622420640928405,0.169646704873905,0.171733738623751,14,14,14,0.663809525115149,0.622420640928405,0.169646704873905,0.171733738623751,-0.0413888841867447,-0.00208703374984615,FALSE,FALSE,-0.0413888841867447,-0.0413888841867447,-0.00208703374984615,FALSE,FALSE,-0.0413888841867447
13,92,"National Issues Convention 2","nic2.t1demo","13:9216::nic2.t1demo","9216","13:9216",0.683134921959468,0.667261911290033,0.137222753677967,0.170744896146299,14,14,14,0.683134921959468,0.667261911290033,0.137222753677967,0.170744896146299,-0.0158730106694358,-0.0335221424683318,FALSE,FALSE,-0.0158730106694358,-0.0158730106694358,-0.0335221424683318,FALSE,FALSE,-0.0158730106694358
13,92,"National Issues Convention 2","nic2.t1demo","13:9217::nic2.t1demo","9217","13:9217",0.671581199535957,0.72136751963542,0.109626382924073,0.162839474275118,13,13,13,0.671581199535957,0.72136751963542,0.109626382924073,0.162839474275118,0.0497863200994638,-0.0532130913510451,TRUE,FALSE,0.0497863200994638,0.0497863200994638,-0.0532130913510451,TRUE,FALSE,0.0497863200994638
13,92,"National Issues Convention 2","nic2.t1demo","13:9218::nic2.t1demo","9218","13:9218",0.65341879771306,0.718589748327549,0.192336967785725,0.157017702393604,13,13,13,0.65341879771306,0.718589748327549,0.192336967785725,0.157017702393604,0.0651709506144891,0.0353192653921206,TRUE,TRUE,0.0651709506144891,0.0651709506144891,0.0353192653921206,TRUE,TRUE,0.0651709506144891
13,92,"National Issues Convention 2","nic2.t1demo","13:9219::nic2.t1demo","9219","13:9219",0.669791679829359,0.782083328813314,0.158905317264914,0.137927411453166,16,16,16,0.669791679829359,0.782083328813314,0.158905317264914,0.137927411453166,0.112291648983955,0.0209779058117473,TRUE,TRUE,0.112291648983955,0.112291648983955,0.0209779058117473,TRUE,TRUE,0.112291648983955
13,92,"National Issues Convention 2","nic2.t1demo","13:9220::nic2.t1demo","9220","13:9220",0.633928573557309,0.740674606391362,0.2757106415544,0.197922515852779,14,14,14,0.633928573557309,0.740674606391362,0.2757106415544,0.197922515852779,0.106746032834053,0.0777881257016206,TRUE,TRUE,0.106746032834053,0.106746032834053,0.0777881257016206,TRUE,TRUE,0.106746032834053
13,92,"National Issues Convention 2","nic2.t1demo","13:9221::nic2.t1demo","9221","13:9221",0.585851846138636,0.672592594226201,0.156265082981559,0.142112847650002,15,15,15,0.585851846138636,0.672592594226201,0.156265082981559,0.142112847650002,0.086740748087565,0.0141522353315571,TRUE,TRUE,0.086740748087565,0.086740748087565,0.0141522353315571,TRUE,TRUE,0.086740748087565
13,92,"National Issues Convention 2","nic2.t1demo","13:9222::nic2.t1demo","9222","13:9222",0.50916667530934,0.632361109058062,0.20039922345022,0.172700884798031,12,12,12,0.50916667530934,0.632361109058062,0.20039922345022,0.172700884798031,0.123194433748722,0.0276983386521893,TRUE,TRUE,0.123194433748722,0.123194433748722,0.0276983386521893,TRUE,TRUE,0.123194433748722
13,92,"National Issues Convention 2","nic2.t1demo","13:9223::nic2.t1demo","9223","13:9223",0.57222222004618,0.617321435894285,0.168056878681678,0.22458005968587,14,14,14,0.57222222004618,0.617321435894285,0.168056878681678,0.22458005968587,0.0450992158481053,-0.0565231810041922,TRUE,FALSE,0.0450992158481053,0.0450992158481053,-0.0565231810041922,TRUE,FALSE,0.0450992158481053
13,92,"National Issues Convention 2","nic2.t1demo","13:9224::nic2.t1demo","9224","13:9224",0.689814818402131,0.672685188551744,0.202202149233819,0.17490510972224,12,12,12,0.689814818402131,0.672685188551744,0.202202149233819,0.17490510972224,-0.0171296298503876,0.0272970395115794,FALSE,TRUE,-0.0171296298503876,-0.0171296298503876,0.0272970395115794,FALSE,TRUE,-0.0171296298503876
13,92,"National Issues Convention 2","nic2.t1forai1","13:9201::nic2.t1forai1","9201","13:9201",0.464285714285714,0.833333333333333,0.307863963107441,0.308606699924184,14,15,14,0.464285714285714,0.857142857142857,0.307863963107441,0.305624922751063,-0.369047619047619,-0.000742736816742806,FALSE,FALSE,0.297619047619048,-0.392857142857143,0.00223904035637768,FALSE,TRUE,0.321428571428571
13,92,"National Issues Convention 2","nic2.t1forai1","13:9202::nic2.t1forai1","9202","13:9202",0.607142857142857,0.733333333333333,0.21290765681316,0.258198889747161,14,15,14,0.607142857142857,0.75,0.21290765681316,0.259437260831385,0.126190476190476,-0.0452912329340011,TRUE,FALSE,0.126190476190476,0.142857142857143,-0.0465296040182254,TRUE,FALSE,0.142857142857143
13,92,"National Issues Convention 2","nic2.t1forai1","13:9203::nic2.t1forai1","9203","13:9203",0.5,0.8125,0.422577127364258,0.25,15,16,15,0.5,0.8,0.422577127364258,0.253546276418555,NA,0.172577127364258,NA,TRUE,0.3125,NA,0.169030850945703,NA,TRUE,0.3
13,92,"National Issues Convention 2","nic2.t1forai1","13:9204::nic2.t1forai1","9204","13:9204",0.428571428571429,0.733333333333333,0.385164443259822,0.319970236711092,14,15,14,0.428571428571429,0.75,0.385164443259822,0.325221817793995,-0.304761904761905,0.0651942065487294,FALSE,TRUE,0.161904761904762,-0.321428571428571,0.0599426254658261,FALSE,TRUE,0.178571428571429
13,92,"National Issues Convention 2","nic2.t1forai1","13:9205::nic2.t1forai1","9205","13:9205",0.545454545454545,0.928571428571429,0.150755672288882,0.181568259800641,11,14,11,0.545454545454545,0.909090909090909,0.150755672288882,0.202259958738973,0.383116883116883,-0.0308125875117589,TRUE,FALSE,0.383116883116883,0.363636363636364,-0.0515042864500909,TRUE,FALSE,0.363636363636364
13,92,"National Issues Convention 2","nic2.t1forai1","13:9206::nic2.t1forai1","9206","13:9206",0.333333333333333,0.730769230769231,0.325669473639465,0.330112645886762,12,13,12,0.333333333333333,0.708333333333333,0.325669473639465,0.334278961710761,-0.397435897435897,-0.00444317224729757,FALSE,FALSE,0.064102564102564,-0.375,-0.00860948807129597,FALSE,FALSE,0.0416666666666667
13,92,"National Issues Convention 2","nic2.t1forai1","13:9207::nic2.t1forai1","9207","13:9207",0.4375,0.59375,0.35939764421413,0.375,16,16,16,0.4375,0.59375,0.35939764421413,0.375,-0.15625,-0.0156023557858695,FALSE,FALSE,0.03125,-0.15625,-0.0156023557858695,FALSE,FALSE,0.03125
13,92,"National Issues Convention 2","nic2.t1forai1","13:9208::nic2.t1forai1","9208","13:9208",0.461538461538462,0.769230769230769,0.320256307610174,0.330112645886762,13,13,13,0.461538461538462,0.769230769230769,0.320256307610174,0.330112645886762,-0.307692307692308,-0.00985633827658805,FALSE,FALSE,0.230769230769231,-0.307692307692308,-0.00985633827658805,FALSE,FALSE,0.230769230769231
13,92,"National Issues Convention 2","nic2.t1forai1","13:9209::nic2.t1forai1","9209","13:9209",0.5,0.678571428571429,0.288675134594813,0.248622579049423,13,14,13,0.5,0.653846153846154,0.288675134594813,0.240192230707631,NA,0.0400525555453894,NA,TRUE,0.178571428571429,NA,0.0484829038871822,NA,TRUE,0.153846153846154
13,92,"National Issues Convention 2","nic2.t1forai1","13:9210::nic2.t1forai1","9210","13:9210",0.423076923076923,0.75,0.277350098112615,0.325221817793995,13,14,13,0.423076923076923,0.730769230769231,0.277350098112615,0.330112645886762,-0.326923076923077,-0.0478717196813809,FALSE,FALSE,0.173076923076923,-0.307692307692308,-0.0527625477741478,FALSE,FALSE,0.153846153846154
13,92,"National Issues Convention 2","nic2.t1forai1","13:9211::nic2.t1forai1","9211","13:9211",0.392857142857143,0.642857142857143,0.28946711176092,0.363136519601281,14,14,14,0.392857142857143,0.642857142857143,0.28946711176092,0.363136519601281,-0.25,-0.0736694078403616,FALSE,FALSE,0.0357142857142858,-0.25,-0.0736694078403616,FALSE,FALSE,0.0357142857142858
13,92,"National Issues Convention 2","nic2.t1forai1","13:9212::nic2.t1forai1","9212","13:9212",0.423076923076923,0.785714285714286,0.344368615860597,0.256776295506548,13,14,13,0.423076923076923,0.769230769230769,0.344368615860597,0.259437260831385,-0.362637362637363,0.0875923203540495,FALSE,TRUE,0.208791208791209,-0.346153846153846,0.0849313550292119,FALSE,TRUE,0.192307692307692
13,92,"National Issues Convention 2","nic2.t1forai1","13:9213::nic2.t1forai1","9213","13:9213",0.433333333333333,0.566666666666667,0.371611676478603,0.319970236711092,15,15,15,0.433333333333333,0.566666666666667,0.371611676478603,0.319970236711092,-0.133333333333333,0.0516414397675111,FALSE,TRUE,0,-0.133333333333333,0.0516414397675111,FALSE,TRUE,0
13,92,"National Issues Convention 2","nic2.t1forai1","13:9214::nic2.t1forai1","9214","13:9214",0.538461538461538,0.821428571428571,0.379777262656375,0.248622579049423,13,14,12,0.541666666666667,0.833333333333333,0.39648073054938,0.246182981958666,0.282967032967033,0.131154683606952,TRUE,TRUE,0.282967032967033,0.291666666666667,0.150297748590714,TRUE,TRUE,0.291666666666667
13,92,"National Issues Convention 2","nic2.t1forai1","13:9215::nic2.t1forai1","9215","13:9215",0.5,0.75,0.369274472937998,0.325221817793995,12,14,12,0.5,0.791666666666667,0.369274472937998,0.257464325272219,NA,0.0440526551440028,NA,TRUE,0.25,NA,0.11181014766578,NA,TRUE,0.291666666666667
13,92,"National Issues Convention 2","nic2.t1forai1","13:9216::nic2.t1forai1","9216","13:9216",0.571428571428571,0.857142857142857,0.267261241912424,0.234403615469248,14,14,14,0.571428571428571,0.857142857142857,0.267261241912424,0.234403615469248,0.285714285714286,0.0328576264431767,TRUE,TRUE,0.285714285714286,0.285714285714286,0.0328576264431767,TRUE,TRUE,0.285714285714286
13,92,"National Issues Convention 2","nic2.t1forai1","13:9217::nic2.t1forai1","9217","13:9217",0.583333333333333,0.807692307692308,0.358870281282637,0.325221817793995,12,13,12,0.583333333333333,0.791666666666667,0.358870281282637,0.334278961710761,0.224358974358974,0.0336484634886413,TRUE,TRUE,0.224358974358974,0.208333333333333,0.024591319571876,TRUE,TRUE,0.208333333333333
13,92,"National Issues Convention 2","nic2.t1forai1","13:9218::nic2.t1forai1","9218","13:9218",0.7,0.692307692307692,0.258198889747161,0.325221817793995,10,13,10,0.7,0.6,0.258198889747161,0.316227766016838,-0.00769230769230766,-0.0670229280468343,FALSE,FALSE,-0.00769230769230766,-0.1,-0.0580288762696768,FALSE,FALSE,-0.1
13,92,"National Issues Convention 2","nic2.t1forai1","13:9219::nic2.t1forai1","9219","13:9219",0.5,0.71875,0.392232270276368,0.314576434802948,14,16,14,0.5,0.678571428571429,0.392232270276368,0.316661846888325,NA,0.0776558354734202,NA,TRUE,0.21875,NA,0.0755704233880427,NA,TRUE,0.178571428571429
13,92,"National Issues Convention 2","nic2.t1forai1","13:9220::nic2.t1forai1","9220","13:9220",0.538461538461538,0.75,0.320256307610174,0.325221817793995,13,14,13,0.538461538461538,0.730769230769231,0.320256307610174,0.330112645886762,0.211538461538462,-0.00496551018382119,TRUE,FALSE,0.211538461538462,0.192307692307692,-0.00985633827658805,TRUE,FALSE,0.192307692307692
13,92,"National Issues Convention 2","nic2.t1forai1","13:9221::nic2.t1forai1","9221","13:9221",0.428571428571429,0.633333333333333,0.267261241912424,0.39940431835899,14,15,14,0.428571428571429,0.607142857142857,0.267261241912424,0.400891862868637,-0.204761904761905,-0.132143076446566,FALSE,FALSE,0.0619047619047619,-0.178571428571429,-0.133630620956212,FALSE,FALSE,0.0357142857142856
13,92,"National Issues Convention 2","nic2.t1forai1","13:9222::nic2.t1forai1","9222","13:9222",0.375,0.625,0.376889180722205,0.226133508433323,12,12,12,0.375,0.625,0.376889180722205,0.226133508433323,-0.25,0.150755672288882,FALSE,TRUE,0,-0.25,0.150755672288882,FALSE,TRUE,0
13,92,"National Issues Convention 2","nic2.t1forai1","13:9223::nic2.t1forai1","9223","13:9223",0.346153846153846,0.653846153846154,0.375533808099405,0.427425207132555,13,13,12,0.375,0.666666666666667,0.376889180722205,0.443812682299297,-0.307692307692308,-0.0518913990331498,FALSE,FALSE,0,-0.291666666666667,-0.0669235015770927,FALSE,FALSE,0.0416666666666666
13,92,"National Issues Convention 2","nic2.t1forai1","13:9224::nic2.t1forai1","9224","13:9224",0.454545454545455,0.666666666666667,0.415604707296817,0.325669473639465,11,12,11,0.454545454545455,0.727272727272727,0.415604707296817,0.261116483933547,-0.212121212121212,0.0899352336573519,FALSE,TRUE,0.121212121212121,-0.272727272727273,0.15448822336327,FALSE,TRUE,0.181818181818182
13,92,"National Issues Convention 2","nic2.t1trade_b","13:9201::nic2.t1trade_b","9201","13:9201",0.545454545454545,0.571428571428571,0.415604707296817,0.385164443259822,11,14,11,0.545454545454545,0.636363636363636,0.415604707296817,0.393122696553448,0.025974025974026,0.0304402640369951,TRUE,TRUE,0.025974025974026,0.0909090909090909,0.0224820107433684,TRUE,TRUE,0.0909090909090909
13,92,"National Issues Convention 2","nic2.t1trade_b","13:9202::nic2.t1trade_b","9202","13:9202",0.607142857142857,0.6,0.44629118765199,0.430945803685667,14,15,14,0.607142857142857,0.607142857142857,0.44629118765199,0.44629118765199,-0.00714285714285712,0.0153453839663232,FALSE,TRUE,-0.00714285714285712,0,0,FALSE,FALSE,0
13,92,"National Issues Convention 2","nic2.t1trade_b","13:9203::nic2.t1trade_b","9203","13:9203",0.633333333333333,0.75,0.480575052361627,0.408248290463863,15,16,15,0.633333333333333,0.8,0.480575052361627,0.368394198806504,0.116666666666667,0.0723267618977644,TRUE,TRUE,0.116666666666667,0.166666666666667,0.112180853555124,TRUE,TRUE,0.166666666666667
13,92,"National Issues Convention 2","nic2.t1trade_b","13:9204::nic2.t1trade_b","9204","13:9204",0.571428571428571,0.533333333333333,0.331496772065898,0.441857550844268,14,15,14,0.571428571428571,0.5,0.331496772065898,0.438529009653515,-0.0380952380952381,-0.110360778778371,FALSE,FALSE,-0.0380952380952381,-0.0714285714285714,-0.107032237587617,FALSE,FALSE,-0.0714285714285714
13,92,"National Issues Convention 2","nic2.t1trade_b","13:9205::nic2.t1trade_b","9205","13:9205",0.65,0.714285714285714,0.411636301174282,0.323103086329432,10,14,10,0.65,0.75,0.411636301174282,0.353553390593274,0.0642857142857143,0.0885332148448503,TRUE,TRUE,0.0642857142857143,0.1,0.0580829105810085,TRUE,TRUE,0.1
13,92,"National Issues Convention 2","nic2.t1trade_b","13:9206::nic2.t1trade_b","9206","13:9206",0.75,0.541666666666667,0.337099931231621,0.39648073054938,12,12,11,0.727272727272727,0.545454545454545,0.343775825476164,0.415604707296817,-0.208333333333333,-0.0593807993177585,FALSE,FALSE,-0.208333333333333,-0.181818181818182,-0.0718288818206524,FALSE,FALSE,-0.181818181818182
13,92,"National Issues Convention 2","nic2.t1trade_b","13:9207::nic2.t1trade_b","9207","13:9207",0.708333333333333,0.53125,0.334278961710761,0.426956281914983,12,16,12,0.708333333333333,0.5,0.334278961710761,0.426401432711221,-0.177083333333333,-0.0926773202042225,FALSE,FALSE,-0.177083333333333,-0.208333333333333,-0.0921224710004601,FALSE,FALSE,-0.208333333333333
13,92,"National Issues Convention 2","nic2.t1trade_b","13:9208::nic2.t1trade_b","9208","13:9208",0.666666666666667,0.708333333333333,0.353553390593274,0.39648073054938,9,12,8,0.625,0.75,0.353553390593274,0.377964473009227,0.0416666666666667,-0.0429273399561058,TRUE,FALSE,0.0416666666666667,0.125,-0.0244110824159534,TRUE,FALSE,0.125
13,92,"National Issues Convention 2","nic2.t1trade_b","13:9209::nic2.t1trade_b","9209","13:9209",0.708333333333333,0.576923076923077,0.334278961710761,0.277350098112615,12,13,12,0.708333333333333,0.583333333333333,0.334278961710761,0.288675134594813,-0.131410256410256,0.0569288635981462,FALSE,TRUE,-0.131410256410256,-0.125,0.0456038271159479,FALSE,TRUE,-0.125
13,92,"National Issues Convention 2","nic2.t1trade_b","13:9210::nic2.t1trade_b","9210","13:9210",0.807692307692308,0.464285714285714,0.325221817793995,0.458437384126595,13,14,13,0.807692307692308,0.423076923076923,0.325221817793995,0.449358517136459,-0.343406593406593,-0.1332155663326,FALSE,FALSE,-0.271978021978022,-0.384615384615385,-0.124136699342463,FALSE,FALSE,-0.230769230769231
13,92,"National Issues Convention 2","nic2.t1trade_b","13:9211::nic2.t1trade_b","9211","13:9211",0.5,0.428571428571429,0.447213595499958,0.385164443259822,11,14,11,0.5,0.409090909090909,0.447213595499958,0.436931448752651,NA,0.0620491522401364,NA,TRUE,0.0714285714285715,NA,0.0102821467473064,NA,TRUE,0.0909090909090909
13,92,"National Issues Convention 2","nic2.t1trade_b","13:9212::nic2.t1trade_b","9212","13:9212",0.727272727272727,0.5,0.410099766132362,0.438529009653515,11,14,11,0.727272727272727,0.5,0.410099766132362,0.447213595499958,-0.227272727272727,-0.0284292435211524,FALSE,FALSE,-0.227272727272727,-0.227272727272727,-0.0371138293675958,FALSE,FALSE,-0.227272727272727
13,92,"National Issues Convention 2","nic2.t1trade_b","13:9213::nic2.t1trade_b","9213","13:9213",0.666666666666667,0.571428571428571,0.325669473639465,0.331496772065898,12,14,12,0.666666666666667,0.541666666666667,0.325669473639465,0.334278961710761,-0.0952380952380952,-0.00582729842643309,FALSE,FALSE,-0.0952380952380952,-0.125,-0.00860948807129597,FALSE,FALSE,-0.125
13,92,"National Issues Convention 2","nic2.t1trade_b","13:9214::nic2.t1trade_b","9214","13:9214",0.625,0.384615384615385,0.433012701892219,0.416025147168922,12,13,11,0.590909090909091,0.409090909090909,0.436931448752651,0.436931448752651,-0.240384615384615,0.0169875547232974,FALSE,TRUE,-0.00961538461538464,-0.181818181818182,0,FALSE,FALSE,0
13,92,"National Issues Convention 2","nic2.t1trade_b","13:9215::nic2.t1trade_b","9215","13:9215",0.636363636363636,0.615384615384615,0.393122696553448,0.416025147168922,11,13,11,0.636363636363636,0.681818181818182,0.393122696553448,0.404519917477945,-0.020979020979021,-0.0229024506154736,FALSE,FALSE,-0.020979020979021,0.0454545454545454,-0.011397220924497,TRUE,FALSE,0.0454545454545454
13,92,"National Issues Convention 2","nic2.t1trade_b","13:9216::nic2.t1trade_b","9216","13:9216",0.363636363636364,0.541666666666667,0.393122696553448,0.334278961710761,11,12,10,0.3,0.55,0.349602949390051,0.283823106098773,-0.178030303030303,0.0588437348426875,FALSE,TRUE,-0.0946969696969697,-0.25,0.0657798432912771,FALSE,TRUE,-0.15
13,92,"National Issues Convention 2","nic2.t1trade_b","13:9217::nic2.t1trade_b","9217","13:9217",0.55,0.769230769230769,0.497214463005877,0.388125012903092,10,13,10,0.55,0.8,0.497214463005877,0.349602949390051,0.219230769230769,0.109089450102784,TRUE,TRUE,0.219230769230769,0.25,0.147611513615826,TRUE,TRUE,0.25
13,92,"National Issues Convention 2","nic2.t1trade_b","13:9218::nic2.t1trade_b","9218","13:9218",0.681818181818182,0.692307692307692,0.404519917477945,0.383973823894152,11,13,11,0.681818181818182,0.636363636363636,0.404519917477945,0.393122696553448,0.0104895104895105,0.020546093583793,TRUE,TRUE,0.0104895104895105,-0.0454545454545454,0.011397220924497,FALSE,TRUE,-0.0454545454545454
13,92,"National Issues Convention 2","nic2.t1trade_b","13:9219::nic2.t1trade_b","9219","13:9219",0.807692307692308,0.625,0.325221817793995,0.341565025531987,13,16,13,0.807692307692308,0.615384615384615,0.325221817793995,0.362505526040992,-0.182692307692308,-0.0163432077379911,FALSE,FALSE,-0.182692307692308,-0.192307692307692,-0.0372837082469966,FALSE,FALSE,-0.192307692307692
13,92,"National Issues Convention 2","nic2.t1trade_b","13:9220::nic2.t1trade_b","9220","13:9220",0.666666666666667,0.785714285714286,0.389249472080762,0.256776295506548,12,14,12,0.666666666666667,0.791666666666667,0.389249472080762,0.257464325272219,0.119047619047619,0.132473176574214,TRUE,TRUE,0.119047619047619,0.125,0.131785146808543,TRUE,TRUE,0.125
13,92,"National Issues Convention 2","nic2.t1trade_b","13:9221::nic2.t1trade_b","9221","13:9221",0.6,0.433333333333333,0.394405318873308,0.416904693916396,10,15,10,0.6,0.5,0.394405318873308,0.408248290463863,-0.166666666666667,-0.0224993750430882,FALSE,FALSE,-0.0333333333333333,-0.1,-0.0138429715905553,FALSE,FALSE,-0.1
13,92,"National Issues Convention 2","nic2.t1trade_b","13:9222::nic2.t1trade_b","9222","13:9222",0.5,0.583333333333333,0.387298334620742,0.358870281282637,11,12,11,0.5,0.545454545454545,0.387298334620742,0.350324524872685,NA,0.028428053338105,NA,TRUE,0.0833333333333334,NA,0.0369738097480564,NA,TRUE,0.0454545454545454
13,92,"National Issues Convention 2","nic2.t1trade_b","13:9223::nic2.t1trade_b","9223","13:9223",0.45,0.538461538461538,0.497214463005877,0.431158249251288,10,13,10,0.45,0.45,0.497214463005877,0.437797517885457,-0.0884615384615384,0.0660562137545885,FALSE,TRUE,-0.0115384615384616,0,0.0594169451204201,FALSE,TRUE,0
13,92,"National Issues Convention 2","nic2.t1trade_b","13:9224::nic2.t1trade_b","9224","13:9224",0.3,0.416666666666667,0.349602949390051,0.468718433280546,10,12,10,0.3,0.45,0.349602949390051,0.497214463005877,-0.116666666666667,-0.119115483890496,FALSE,FALSE,-0.116666666666667,-0.15,-0.147611513615826,FALSE,FALSE,-0.15
20,1001,"National Issues Convention","nic1.t1att1","20:9544501::nic1.t1att1","9544501","20:9544501",0.6,0.692307692307692,0.387298334620742,0.434859246311452,15,13,13,0.615384615384615,0.692307692307692,0.362505526040992,0.434859246311452,0.0923076923076923,-0.0475609116907104,TRUE,FALSE,0.0923076923076923,0.0769230769230769,-0.0723537202704599,TRUE,FALSE,0.0769230769230769
20,1001,"National Issues Convention","nic1.t1att1","20:9544502::nic1.t1att1","9544502","20:9544502",0.653846153846154,0.785714285714286,0.375533808099405,0.323103086329432,13,14,12,0.666666666666667,0.75,0.389249472080761,0.337099931231621,0.131868131868132,0.0524307217699734,TRUE,TRUE,0.131868131868132,0.0833333333333334,0.0521495408491405,TRUE,TRUE,0.0833333333333334
20,1001,"National Issues Convention","nic1.t1att1","20:9544503::nic1.t1att1","9544503","20:9544503",0.821428571428571,0.615384615384615,0.248622579049423,0.362505526040992,14,13,11,0.818181818181818,0.636363636363636,0.252262489554756,0.393122696553448,-0.206043956043956,-0.113882946991569,FALSE,FALSE,-0.206043956043956,-0.181818181818182,-0.140860206998692,FALSE,FALSE,-0.181818181818182
20,1001,"National Issues Convention","nic1.t1att1","20:9544504::nic1.t1att1","9544504","20:9544504",0.692307692307692,0.533333333333333,0.325221817793995,0.351865775274498,13,15,12,0.75,0.583333333333333,0.261116483933547,0.358870281282637,-0.158974358974359,-0.0266439574805029,FALSE,FALSE,-0.158974358974359,-0.166666666666667,-0.09775379734909,FALSE,FALSE,-0.166666666666667
20,1001,"National Issues Convention","nic1.t1att1","20:9544505::nic1.t1att1","9544505","20:9544505",0.611111111111111,0.555555555555556,0.220479275922049,0.300462606288666,9,9,7,0.571428571428571,0.5,0.188982236504614,0.288675134594813,-0.0555555555555556,-0.0799833303666166,FALSE,FALSE,-0.0555555555555556,-0.0714285714285714,-0.0996928980901993,FALSE,FALSE,-0.0714285714285714
20,1001,"National Issues Convention","nic1.t1att1","20:9544506::nic1.t1att1","9544506","20:9544506",0.666666666666667,0.607142857142857,0.420084025208403,0.28946711176092,18,14,14,0.571428571428571,0.607142857142857,0.432218910753783,0.28946711176092,-0.0595238095238095,0.130616913447483,FALSE,TRUE,-0.0595238095238095,0.0357142857142857,0.142751798992864,TRUE,TRUE,0.0357142857142857
20,1001,"National Issues Convention","nic1.t1att1","20:9544507::nic1.t1att1","9544507","20:9544507",0.642857142857143,0.611111111111111,0.456936766731688,0.416666666666667,14,9,9,0.555555555555556,0.611111111111111,0.463980363569168,0.416666666666667,-0.0317460317460316,0.040270100065021,FALSE,TRUE,-0.0317460317460316,0.0555555555555556,0.0473136969025018,TRUE,TRUE,0.0555555555555556
20,1001,"National Issues Convention","nic1.t1att1","20:9544508::nic1.t1att1","9544508","20:9544508",0.6875,0.71875,0.35939764421413,0.314576434802948,16,16,15,0.7,0.733333333333333,0.368394198806504,0.319970236711092,0.03125,0.0448212094111826,TRUE,TRUE,0.03125,0.0333333333333333,0.0484239620954115,TRUE,TRUE,0.0333333333333333
20,1001,"National Issues Convention","nic1.t1att1","20:9544509::nic1.t1att1","9544509","20:9544509",0.78125,0.75,0.314576434802948,0.379777262656375,16,14,12,0.708333333333333,0.75,0.334278961710761,0.398862017608733,-0.03125,-0.0652008278534271,FALSE,FALSE,-0.03125,0.0416666666666667,-0.0645830558979721,TRUE,FALSE,0.0416666666666667
20,1001,"National Issues Convention","nic1.t1att1","20:9544510::nic1.t1att1","9544510","20:9544510",0.791666666666667,0.636363636363636,0.257464325272219,0.393122696553448,12,11,10,0.8,0.65,0.258198889747161,0.411636301174282,-0.15530303030303,-0.13565837128123,FALSE,FALSE,-0.15530303030303,-0.15,-0.153437411427121,FALSE,FALSE,-0.15
20,1001,"National Issues Convention","nic1.t1att1","20:9544511::nic1.t1att1","9544511","20:9544511",0.566666666666667,0.5,0.416904693916396,0.408248290463863,15,13,13,0.538461538461538,0.5,0.431158249251288,0.408248290463863,-0.0666666666666667,0.00865640345253299,FALSE,TRUE,-0.0666666666666667,-0.0384615384615384,0.0229099587874251,FALSE,TRUE,-0.0384615384615384
20,1001,"National Issues Convention","nic1.t1att1","20:9544512::nic1.t1att1","9544512","20:9544512",0.647058823529412,0.6,0.385871816570645,0.338061701891407,17,15,14,0.714285714285714,0.607142857142857,0.377964473009227,0.349646603376534,-0.0470588235294118,0.0478101146792383,FALSE,TRUE,-0.0470588235294118,-0.107142857142857,0.0283178696326933,FALSE,TRUE,-0.107142857142857
20,1001,"National Issues Convention","nic1.t1att1","20:9544513::nic1.t1att1","9544513","20:9544513",0.733333333333333,0.75,0.371611676478603,0.379777262656375,15,14,13,0.730769230769231,0.730769230769231,0.388125012903092,0.388125012903092,0.0166666666666667,-0.00816558617777169,TRUE,FALSE,0.0166666666666667,0,0,FALSE,FALSE,0
20,1001,"National Issues Convention","nic1.t1att1","20:9544514::nic1.t1att1","9544514","20:9544514",0.730769230769231,0.615384615384615,0.388125012903092,0.219264504826757,13,13,12,0.75,0.625,0.398862017608733,0.226133508433323,-0.115384615384615,0.168860508076335,FALSE,TRUE,-0.115384615384615,-0.125,0.17272850917541,FALSE,TRUE,-0.125
20,1001,"National Issues Convention","nic1.t1att1","20:9544515::nic1.t1att1","9544515","20:9544515",0.692307692307692,0.625,0.434859246311452,0.31079078025403,13,12,12,0.708333333333333,0.625,0.45016831868926,0.31079078025403,-0.0673076923076923,0.124068466057422,FALSE,TRUE,-0.0673076923076923,-0.0833333333333334,0.139377538435229,FALSE,TRUE,-0.0833333333333334
20,1001,"National Issues Convention","nic1.t1att1","20:9544516::nic1.t1att1","9544516","20:9544516",0.75,0.791666666666667,0.325221817793995,0.334278961710761,14,12,11,0.818181818181818,0.772727272727273,0.337099931231621,0.343775825476164,0.0416666666666666,-0.00905714391676532,TRUE,FALSE,0.0416666666666666,-0.0454545454545455,-0.00667589424454329,FALSE,FALSE,-0.0454545454545455
20,1001,"National Issues Convention","nic1.t1att1","20:9544517::nic1.t1att1","9544517","20:9544517",0.678571428571429,0.653846153846154,0.372473171834246,0.375533808099405,14,13,13,0.692307692307692,0.653846153846154,0.383973823894152,0.375533808099405,-0.0247252747252747,-0.00306063626515934,FALSE,FALSE,-0.0247252747252747,-0.0384615384615384,0.0084400157947469,FALSE,TRUE,-0.0384615384615384
20,1001,"National Issues Convention","nic1.t1att1","20:9544518::nic1.t1att1","9544518","20:9544518",0.705882352941177,0.571428571428571,0.435130136044514,0.385164443259822,17,14,14,0.785714285714286,0.571428571428571,0.377964473009227,0.385164443259822,-0.134453781512605,0.0499656927846928,FALSE,TRUE,-0.134453781512605,-0.214285714285714,-0.00719997025059438,FALSE,FALSE,-0.214285714285714
20,1001,"National Issues Convention","nic1.t1att1","20:9544519::nic1.t1att1","9544519","20:9544519",0.714285714285714,0.909090909090909,0.377964473009227,0.202259958738973,14,11,10,0.7,0.9,0.421637021355784,0.210818510677892,0.194805194805195,0.175704514270255,TRUE,TRUE,0.194805194805195,0.2,0.210818510677892,TRUE,TRUE,0.2
20,1001,"National Issues Convention","nic1.t1att1","20:9544520::nic1.t1att1","9544520","20:9544520",0.884615384615385,0.6875,0.219264504826757,0.258774584753383,13,8,8,0.8125,0.6875,0.258774584753383,0.258774584753383,-0.197115384615385,-0.0395100799266255,FALSE,FALSE,-0.197115384615385,-0.125,0,FALSE,FALSE,-0.125
20,1001,"National Issues Convention","nic1.t1att1","20:9544521::nic1.t1att1","9544521","20:9544521",0.6,0.461538461538462,0.338061701891407,0.320256307610174,15,13,13,0.576923076923077,0.461538461538462,0.344368615860597,0.320256307610174,-0.138461538461538,0.0178053942812323,FALSE,TRUE,-0.0615384615384615,-0.115384615384615,0.024112308250423,FALSE,TRUE,-0.0384615384615384
20,1001,"National Issues Convention","nic1.t1att1","20:9544522::nic1.t1att1","9544522","20:9544522",0.807692307692308,0.708333333333333,0.253184841770917,0.334278961710761,13,12,12,0.791666666666667,0.708333333333333,0.257464325272219,0.334278961710761,-0.0993589743589743,-0.0810941199398441,FALSE,FALSE,-0.0993589743589743,-0.0833333333333333,-0.0768146364385421,FALSE,FALSE,-0.0833333333333333
20,1001,"National Issues Convention","nic1.t1att1","20:9544523::nic1.t1att1","9544523","20:9544523",0.681818181818182,0.590909090909091,0.404519917477945,0.436931448752651,11,11,11,0.681818181818182,0.590909090909091,0.404519917477945,0.436931448752651,-0.0909090909090908,-0.0324115312747063,FALSE,FALSE,-0.0909090909090908,-0.0909090909090908,-0.0324115312747063,FALSE,FALSE,-0.0909090909090908
20,1001,"National Issues Convention","nic1.t1att1","20:9544524::nic1.t1att1","9544524","20:9544524",0.823529411764706,0.8,0.246296091535945,0.316227766016838,17,15,15,0.833333333333333,0.8,0.243975018237133,0.316227766016838,-0.0235294117647058,-0.0699316744808934,FALSE,FALSE,-0.0235294117647058,-0.0333333333333333,-0.0722527477797046,FALSE,FALSE,-0.0333333333333333
20,1001,"National Issues Convention","nic1.t1att1","20:9544525::nic1.t1att1","9544525","20:9544525",0.769230769230769,0.636363636363636,0.259437260831385,0.323334895341432,13,11,10,0.8,0.7,0.258198889747161,0.258198889747161,-0.132867132867133,-0.0638976345100463,FALSE,FALSE,-0.132867132867133,-0.1,0,FALSE,FALSE,-0.1
20,1001,"National Issues Convention","nic1.t1att1","20:9544526::nic1.t1att1","9544526","20:9544526",0.735294117647059,0.692307692307692,0.35871502698972,0.325221817793995,17,13,13,0.653846153846154,0.692307692307692,0.375533808099405,0.325221817793995,-0.0429864253393666,0.0334932091957241,FALSE,TRUE,-0.0429864253393666,0.0384615384615384,0.0503119903054099,TRUE,TRUE,0.0384615384615384
20,1001,"National Issues Convention","nic1.t1att1","20:9544527::nic1.t1att1","9544527","20:9544527",0.7,0.722222222222222,0.421637021355784,0.440958551844098,10,9,8,0.625,0.6875,0.443202630213959,0.458062690656452,0.0222222222222223,-0.0193215304883144,TRUE,FALSE,0.0222222222222223,0.0625,-0.014860060442493,TRUE,FALSE,0.0625
20,1001,"National Issues Convention","nic1.t1att1","20:9544528::nic1.t1att1","9544528","20:9544528",0.772727272727273,0.642857142857143,0.261116483933547,0.363136519601281,11,14,10,0.8,0.75,0.258198889747161,0.353553390593274,-0.12987012987013,-0.102020035667735,FALSE,FALSE,-0.12987012987013,-0.05,-0.0953545008461126,FALSE,FALSE,-0.05
20,1001,"National Issues Convention","nic1.t1att1","20:9544529::nic1.t1att1","9544529","20:9544529",0.642857142857143,0.818181818181818,0.363136519601281,0.337099931231621,14,11,11,0.636363636363636,0.818181818181818,0.393122696553448,0.337099931231621,0.175324675324675,0.0260365883696604,TRUE,TRUE,0.175324675324675,0.181818181818182,0.0560227653218273,TRUE,TRUE,0.181818181818182
20,1001,"National Issues Convention","nic1.t1att1","20:9544530::nic1.t1att1","9544530","20:9544530",0.708333333333333,0.769230769230769,0.334278961710761,0.259437260831385,12,13,10,0.75,0.75,0.263523138347365,0.263523138347365,0.0608974358974359,0.0748417008793754,TRUE,TRUE,0.0608974358974359,0,0,FALSE,FALSE,0
20,1001,"National Issues Convention","nic1.t1att2","20:9544501::nic1.t1att2","9544501","20:9544501",0.5625,0.423076923076923,0.403112887414928,0.400320384512718,16,13,13,0.576923076923077,0.423076923076923,0.400320384512718,0.400320384512718,-0.139423076923077,0.00279250290220973,FALSE,TRUE,0.014423076923077,-0.153846153846154,5.55111512312578e-17,FALSE,FALSE,1.11022302462516e-16
20,1001,"National Issues Convention","nic1.t1att2","20:9544502::nic1.t1att2","9544502","20:9544502",0.769230769230769,0.642857142857143,0.388125012903092,0.305624922751063,13,14,12,0.833333333333333,0.666666666666667,0.325669473639465,0.325669473639465,-0.126373626373626,0.0825000901520292,FALSE,TRUE,-0.126373626373626,-0.166666666666667,-5.55111512312578e-17,FALSE,FALSE,-0.166666666666667
20,1001,"National Issues Convention","nic1.t1att2","20:9544503::nic1.t1att2","9544503","20:9544503",0.821428571428571,0.692307692307692,0.316661846888325,0.325221817793995,14,13,10,0.75,0.7,0.353553390593274,0.349602949390051,-0.129120879120879,-0.00855997090567001,FALSE,FALSE,-0.129120879120879,-0.05,0.00395044120322324,FALSE,TRUE,-0.05
20,1001,"National Issues Convention","nic1.t1att2","20:9544504::nic1.t1att2","9544504","20:9544504",0.433333333333333,0.535714285714286,0.457737708217063,0.307863963107441,15,14,13,0.461538461538462,0.5,0.477036793721514,0.288675134594813,-0.102380952380952,0.149873745109622,FALSE,TRUE,-0.030952380952381,-0.0384615384615384,0.188361659126701,FALSE,TRUE,-0.0384615384615384
20,1001,"National Issues Convention","nic1.t1att2","20:9544505::nic1.t1att2","9544505","20:9544505",0.5,0.5,0.353553390593274,0.462910049886276,9,8,7,0.428571428571429,0.428571428571429,0.345032779671177,0.449867705421219,NA,-0.109356659293002,NA,FALSE,0,0,-0.104834925750042,FALSE,FALSE,0
20,1001,"National Issues Convention","nic1.t1att2","20:9544506::nic1.t1att2","9544506","20:9544506",0.722222222222222,0.607142857142857,0.391911688064837,0.400891862868637,18,14,14,0.642857142857143,0.607142857142857,0.412710152927779,0.400891862868637,-0.115079365079365,-0.00898017480379959,FALSE,FALSE,-0.115079365079365,-0.0357142857142856,0.0118182900591419,FALSE,TRUE,-0.0357142857142856
20,1001,"National Issues Convention","nic1.t1att2","20:9544507::nic1.t1att2","9544507","20:9544507",0.576923076923077,0.5,0.449358517136459,0.433012701892219,13,9,8,0.625,0.5625,0.443202630213959,0.41726148019814,-0.0769230769230769,0.0163458152442392,FALSE,TRUE,-0.0769230769230769,-0.0625,0.0259411500158191,FALSE,TRUE,-0.0625
20,1001,"National Issues Convention","nic1.t1att2","20:9544508::nic1.t1att2","9544508","20:9544508",0.5,0.4375,0.395284707521047,0.35939764421413,17,16,15,0.5,0.466666666666667,0.377964473009227,0.351865775274498,NA,0.035887063306917,NA,TRUE,0.0625,NA,0.0260986977347288,NA,TRUE,0.0333333333333333
20,1001,"National Issues Convention","nic1.t1att2","20:9544509::nic1.t1att2","9544509","20:9544509",0.647058823529412,0.466666666666667,0.385871816570645,0.296808419852332,17,15,14,0.607142857142857,0.464285714285714,0.400891862868637,0.307863963107441,-0.180392156862745,0.0890633967183131,FALSE,TRUE,-0.113725490196078,-0.142857142857143,0.0930278997611956,FALSE,TRUE,-0.0714285714285714
20,1001,"National Issues Convention","nic1.t1att2","20:9544510::nic1.t1att2","9544510","20:9544510",0.384615384615385,0.363636363636364,0.416025147168922,0.393122696553448,13,11,11,0.363636363636364,0.363636363636364,0.393122696553448,0.393122696553448,0.020979020979021,0.0229024506154735,TRUE,TRUE,0.020979020979021,0,0,FALSE,FALSE,0
20,1001,"National Issues Convention","nic1.t1att2","20:9544511::nic1.t1att2","9544511","20:9544511",0.625,0.535714285714286,0.387298334620742,0.307863963107441,16,14,14,0.571428571428571,0.535714285714286,0.385164443259822,0.307863963107441,-0.0892857142857143,0.0794343715133007,FALSE,TRUE,-0.0892857142857143,-0.0357142857142857,0.0773004801523806,FALSE,TRUE,-0.0357142857142857
20,1001,"National Issues Convention","nic1.t1att2","20:9544512::nic1.t1att2","9544512","20:9544512",0.583333333333333,0.533333333333333,0.428746462856272,0.296808419852332,18,15,15,0.6,0.533333333333333,0.430945803685667,0.296808419852332,-0.05,0.13193804300394,FALSE,TRUE,-0.05,-0.0666666666666667,0.134137383833336,FALSE,TRUE,-0.0666666666666667
20,1001,"National Issues Convention","nic1.t1att2","20:9544513::nic1.t1att2","9544513","20:9544513",0.75,0.571428571428571,0.365148371670111,0.385164443259822,16,14,14,0.75,0.571428571428571,0.379777262656375,0.385164443259822,-0.178571428571429,-0.0200160715897109,FALSE,FALSE,-0.178571428571429,-0.178571428571429,-0.00538718060344662,FALSE,FALSE,-0.178571428571429
20,1001,"National Issues Convention","nic1.t1att2","20:9544514::nic1.t1att2","9544514","20:9544514",0.607142857142857,0.538461538461538,0.349646603376534,0.320256307610174,14,13,12,0.541666666666667,0.541666666666667,0.334278961710761,0.334278961710761,-0.0686813186813188,0.0293902957663598,FALSE,TRUE,-0.0686813186813188,0,0,FALSE,FALSE,0
20,1001,"National Issues Convention","nic1.t1att2","20:9544515::nic1.t1att2","9544515","20:9544515",0.615384615384615,0.772727272727273,0.416025147168922,0.410099766132362,13,11,11,0.681818181818182,0.772727272727273,0.404519917477945,0.410099766132362,0.157342657342657,0.0059253810365596,TRUE,TRUE,0.157342657342657,0.0909090909090908,-0.00557984865441696,TRUE,FALSE,0.0909090909090908
20,1001,"National Issues Convention","nic1.t1att2","20:9544516::nic1.t1att2","9544516","20:9544516",0.5,0.454545454545455,0.353553390593274,0.350324524872685,13,11,9,0.5,0.388888888888889,0.353553390593274,0.333333333333333,NA,0.00322886572058845,NA,TRUE,0.0454545454545455,NA,0.0202200572599404,NA,TRUE,0.111111111111111
20,1001,"National Issues Convention","nic1.t1att2","20:9544517::nic1.t1att2","9544517","20:9544517",0.428571428571429,0.538461538461538,0.432218910753783,0.320256307610174,14,13,13,0.423076923076923,0.538461538461538,0.449358517136459,0.320256307610174,-0.10989010989011,0.111962603143609,FALSE,TRUE,-0.032967032967033,-0.115384615384615,0.129102209526284,FALSE,TRUE,-0.0384615384615385
20,1001,"National Issues Convention","nic1.t1att2","20:9544518::nic1.t1att2","9544518","20:9544518",0.53125,0.607142857142857,0.340036762718386,0.28946711176092,16,14,13,0.5,0.615384615384615,0.288675134594813,0.299572344757639,0.0758928571428571,0.0505696509574663,TRUE,TRUE,0.0758928571428571,NA,-0.0108972101628262,NA,FALSE,0.115384615384615
20,1001,"National Issues Convention","nic1.t1att2","20:9544519::nic1.t1att2","9544519","20:9544519",0.6,0.772727272727273,0.387298334620742,0.343775825476164,15,11,10,0.65,0.75,0.411636301174282,0.353553390593274,0.172727272727273,0.0435225091445773,TRUE,TRUE,0.172727272727273,0.1,0.0580829105810085,TRUE,TRUE,0.1
20,1001,"National Issues Convention","nic1.t1att2","20:9544520::nic1.t1att2","9544520","20:9544520",0.458333333333333,0.625,0.39648073054938,0.353553390593274,12,8,8,0.4375,0.625,0.41726148019814,0.353553390593274,-0.166666666666667,0.0429273399561058,FALSE,TRUE,0.0833333333333334,-0.1875,0.0637080896048663,FALSE,TRUE,0.0625
20,1001,"National Issues Convention","nic1.t1att2","20:9544521::nic1.t1att2","9544521","20:9544521",0.433333333333333,0.5,0.416904693916396,0.267261241912424,15,15,14,0.428571428571429,0.5,0.432218910753783,0.277350098112615,-0.0666666666666667,0.149643452003972,FALSE,TRUE,-0.0666666666666667,-0.0714285714285715,0.154868812641169,FALSE,TRUE,-0.0714285714285715
20,1001,"National Issues Convention","nic1.t1att2","20:9544522::nic1.t1att2","9544522","20:9544522",0.692307692307692,0.541666666666667,0.383973823894152,0.334278961710761,13,12,12,0.666666666666667,0.541666666666667,0.389249472080761,0.334278961710761,-0.150641025641026,0.0496948621833915,FALSE,TRUE,-0.150641025641026,-0.125,0.0549705103700007,FALSE,TRUE,-0.125
20,1001,"National Issues Convention","nic1.t1att2","20:9544523::nic1.t1att2","9544523","20:9544523",0.611111111111111,0.545454545454545,0.416666666666667,0.350324524872685,9,11,9,0.611111111111111,0.555555555555556,0.416666666666667,0.390867979985286,-0.0656565656565657,0.0663421417939813,FALSE,TRUE,-0.0656565656565657,-0.0555555555555556,0.0257986866813809,FALSE,TRUE,-0.0555555555555556
20,1001,"National Issues Convention","nic1.t1att2","20:9544524::nic1.t1att2","9544524","20:9544524",0.676470588235294,0.533333333333333,0.303169531295416,0.39940431835899,17,15,15,0.666666666666667,0.533333333333333,0.308606699924184,0.39940431835899,-0.143137254901961,-0.0962347870635739,FALSE,FALSE,-0.143137254901961,-0.133333333333333,-0.0907976184348063,FALSE,FALSE,-0.133333333333333
20,1001,"National Issues Convention","nic1.t1att2","20:9544525::nic1.t1att2","9544525","20:9544525",0.653846153846154,0.458333333333333,0.427425207132555,0.45016831868926,13,12,10,0.6,0.55,0.459468291736341,0.437797517885457,-0.19551282051282,-0.0227431115567048,FALSE,FALSE,-0.112179487179487,-0.0499999999999999,0.0216707738508841,FALSE,TRUE,-0.0499999999999999
20,1001,"National Issues Convention","nic1.t1att2","20:9544526::nic1.t1att2","9544526","20:9544526",0.588235294117647,0.576923076923077,0.47550282983014,0.344368615860597,17,13,13,0.538461538461538,0.576923076923077,0.477036793721514,0.344368615860597,-0.0113122171945702,0.131134213969542,FALSE,TRUE,-0.0113122171945702,0.0384615384615384,0.132668177860917,TRUE,TRUE,0.0384615384615384
20,1001,"National Issues Convention","nic1.t1att2","20:9544527::nic1.t1att2","9544527","20:9544527",0.590909090909091,0.5,0.375378596764774,0.353553390593274,11,9,9,0.555555555555556,0.5,0.390867979985286,0.353553390593274,-0.0909090909090909,0.0218252061715004,FALSE,TRUE,-0.0909090909090909,-0.0555555555555556,0.037314589392012,FALSE,TRUE,-0.0555555555555556
20,1001,"National Issues Convention","nic1.t1att2","20:9544528::nic1.t1att2","9544528","20:9544528",0.653846153846154,0.75,0.427425207132555,0.325221817793995,13,14,12,0.666666666666667,0.791666666666667,0.443812682299297,0.257464325272219,0.0961538461538461,0.10220338933856,TRUE,TRUE,0.0961538461538461,0.125,0.186348357027079,TRUE,TRUE,0.125
20,1001,"National Issues Convention","nic1.t1att2","20:9544529::nic1.t1att2","9544529","20:9544529",0.666666666666667,0.727272727272727,0.443812682299297,0.261116483933547,12,11,10,0.6,0.7,0.459468291736341,0.258198889747161,0.0606060606060607,0.182696198365751,TRUE,TRUE,0.0606060606060607,0.1,0.20126940198918,TRUE,TRUE,0.1
20,1001,"National Issues Convention","nic1.t1att2","20:9544530::nic1.t1att2","9544530","20:9544530",0.566666666666667,0.642857142857143,0.416904693916396,0.412710152927778,15,14,14,0.535714285714286,0.642857142857143,0.414370965082372,0.412710152927778,0.0761904761904763,0.00419454098861755,TRUE,TRUE,0.0761904761904763,0.107142857142857,0.0016608121545939,TRUE,TRUE,0.107142857142857
20,1001,"National Issues Convention","nic1.t1att3","20:9544501::nic1.t1att3","9544501","20:9544501",0.75,0.576923076923077,0.259437260831385,0.277350098112615,14,13,12,0.75,0.625,0.261116483933547,0.226133508433323,-0.173076923076923,-0.0179128372812292,FALSE,FALSE,-0.173076923076923,-0.125,0.034982975500224,FALSE,TRUE,-0.125
20,1001,"National Issues Convention","nic1.t1att3","20:9544502::nic1.t1att3","9544502","20:9544502",0.681818181818182,0.571428571428571,0.404519917477945,0.267261241912424,11,14,10,0.75,0.6,0.353553390593274,0.316227766016838,-0.11038961038961,0.137258675565521,FALSE,TRUE,-0.11038961038961,-0.15,0.0373256245764358,FALSE,TRUE,-0.15
20,1001,"National Issues Convention","nic1.t1att3","20:9544503::nic1.t1att3","9544503","20:9544503",0.6,0.615384615384615,0.338061701891407,0.416025147168922,15,13,11,0.590909090909091,0.590909090909091,0.301511344577764,0.436931448752651,0.0153846153846154,-0.0779634452775152,TRUE,FALSE,0.0153846153846154,0,-0.135420104174888,FALSE,FALSE,0
20,1001,"National Issues Convention","nic1.t1att3","20:9544504::nic1.t1att3","9544504","20:9544504",0.733333333333333,0.733333333333333,0.319970236711092,0.319970236711092,15,15,14,0.75,0.75,0.325221817793995,0.325221817793995,0,0,FALSE,FALSE,0,0,0,FALSE,FALSE,0
20,1001,"National Issues Convention","nic1.t1att3","20:9544505::nic1.t1att3","9544505","20:9544505",0.590909090909091,0.777777777777778,0.375378596764774,0.363241578628389,11,9,9,0.666666666666667,0.777777777777778,0.353553390593274,0.363241578628389,0.186868686868687,0.0121370181363847,TRUE,TRUE,0.186868686868687,0.111111111111111,-0.00968818803511567,TRUE,FALSE,0.111111111111111
20,1001,"National Issues Convention","nic1.t1att3","20:9544506::nic1.t1att3","9544506","20:9544506",0.625,0.642857142857143,0.387298334620742,0.305624922751063,16,14,12,0.583333333333333,0.666666666666667,0.417423554968361,0.325669473639465,0.0178571428571429,0.0816734118696784,TRUE,TRUE,0.0178571428571429,0.0833333333333333,0.0917540813288962,TRUE,TRUE,0.0833333333333333
20,1001,"National Issues Convention","nic1.t1att3","20:9544507::nic1.t1att3","9544507","20:9544507",0.714285714285714,0.666666666666667,0.42581531362632,0.353553390593274,14,9,9,0.833333333333333,0.666666666666667,0.353553390593274,0.353553390593274,-0.0476190476190477,0.0722619230330463,FALSE,TRUE,-0.0476190476190477,-0.166666666666667,0,FALSE,FALSE,-0.166666666666667
20,1001,"National Issues Convention","nic1.t1att3","20:9544508::nic1.t1att3","9544508","20:9544508",0.705882352941177,0.78125,0.356143559950363,0.25617376914899,17,16,15,0.733333333333333,0.766666666666667,0.371611676478603,0.258198889747161,0.0753676470588235,0.0999697908013727,TRUE,TRUE,0.0753676470588235,0.0333333333333334,0.113412786731442,TRUE,TRUE,0.0333333333333334
20,1001,"National Issues Convention","nic1.t1att3","20:9544509::nic1.t1att3","9544509","20:9544509",0.647058823529412,0.766666666666667,0.342997170285018,0.319970236711092,17,15,14,0.714285714285714,0.785714285714286,0.323103086329432,0.323103086329432,0.119607843137255,0.0230269335739254,TRUE,TRUE,0.119607843137255,0.0714285714285714,0,TRUE,FALSE,0.0714285714285714
20,1001,"National Issues Convention","nic1.t1att3","20:9544510::nic1.t1att3","9544510","20:9544510",0.833333333333333,0.772727272727273,0.246182981958665,0.261116483933547,12,11,10,0.85,0.75,0.241522945769824,0.263523138347365,-0.0606060606060607,-0.0149335019748813,FALSE,FALSE,-0.0606060606060607,-0.1,-0.022000192577541,FALSE,FALSE,-0.1
20,1001,"National Issues Convention","nic1.t1att3","20:9544511::nic1.t1att3","9544511","20:9544511",0.6875,0.607142857142857,0.309569593683445,0.400891862868637,16,14,14,0.714285714285714,0.607142857142857,0.323103086329432,0.400891862868637,-0.0803571428571429,-0.0913222691851914,FALSE,FALSE,-0.0803571428571429,-0.107142857142857,-0.0777887765392045,FALSE,FALSE,-0.107142857142857
20,1001,"National Issues Convention","nic1.t1att3","20:9544512::nic1.t1att3","9544512","20:9544512",0.694444444444444,0.733333333333333,0.303842494457093,0.258198889747161,18,15,15,0.7,0.733333333333333,0.253546276418555,0.258198889747161,0.0388888888888889,0.0456436047099317,TRUE,TRUE,0.0388888888888889,0.0333333333333333,-0.00465261332860606,TRUE,FALSE,0.0333333333333333
20,1001,"National Issues Convention","nic1.t1att3","20:9544513::nic1.t1att3","9544513","20:9544513",0.6,0.75,0.387298334620742,0.325221817793995,15,14,13,0.653846153846154,0.769230769230769,0.375533808099405,0.330112645886762,0.15,0.0620765168267462,TRUE,TRUE,0.15,0.115384615384615,0.045421162212643,TRUE,TRUE,0.115384615384615
20,1001,"National Issues Convention","nic1.t1att3","20:9544514::nic1.t1att3","9544514","20:9544514",0.75,0.730769230769231,0.259437260831385,0.330112645886762,14,13,12,0.708333333333333,0.75,0.257464325272219,0.337099931231621,-0.0192307692307693,-0.0706753850553769,FALSE,FALSE,-0.0192307692307693,0.0416666666666666,-0.0796356059594024,TRUE,FALSE,0.0416666666666666
20,1001,"National Issues Convention","nic1.t1att3","20:9544515::nic1.t1att3","9544515","20:9544515",0.846153846153846,0.833333333333333,0.315212585978058,0.325669473639465,13,12,12,0.833333333333333,0.833333333333333,0.325669473639465,0.325669473639465,-0.0128205128205128,-0.0104568876614072,FALSE,FALSE,-0.0128205128205128,0,-5.55111512312578e-17,FALSE,FALSE,0
20,1001,"National Issues Convention","nic1.t1att3","20:9544516::nic1.t1att3","9544516","20:9544516",0.866666666666667,0.75,0.228868854108532,0.337099931231621,15,12,12,0.833333333333333,0.75,0.246182981958665,0.337099931231621,-0.116666666666667,-0.108231077123089,FALSE,FALSE,-0.116666666666667,-0.0833333333333334,-0.0909169492729555,FALSE,FALSE,-0.0833333333333334
20,1001,"National Issues Convention","nic1.t1att3","20:9544517::nic1.t1att3","9544517","20:9544517",0.769230769230769,0.708333333333333,0.330112645886762,0.39648073054938,13,12,11,0.818181818181818,0.727272727272727,0.337099931231621,0.410099766132362,-0.0608974358974359,-0.0663680846626172,FALSE,FALSE,-0.0608974358974359,-0.0909090909090909,-0.0729998349007412,FALSE,FALSE,-0.0909090909090909
20,1001,"National Issues Convention","nic1.t1att3","20:9544518::nic1.t1att3","9544518","20:9544518",0.705882352941177,0.642857142857143,0.356143559950363,0.305624922751063,17,14,14,0.642857142857143,0.642857142857143,0.363136519601282,0.305624922751063,-0.0630252100840336,0.0505186371992994,FALSE,TRUE,-0.0630252100840336,0,0.0575115968502182,FALSE,TRUE,1.11022302462516e-16
20,1001,"National Issues Convention","nic1.t1att3","20:9544519::nic1.t1att3","9544519","20:9544519",0.642857142857143,0.727272727272727,0.363136519601282,0.410099766132362,14,11,10,0.55,0.8,0.368932393686311,0.349602949390051,0.0844155844155845,-0.0469632465310806,TRUE,FALSE,0.0844155844155845,0.25,0.0193294442962604,TRUE,TRUE,0.25
20,1001,"National Issues Convention","nic1.t1att3","20:9544520::nic1.t1att3","9544520","20:9544520",0.636363636363636,0.6875,0.452267016866645,0.372011904571422,11,8,7,0.857142857142857,0.785714285714286,0.243975018237133,0.267261241912424,0.0511363636363636,0.080255112295223,TRUE,TRUE,0.0511363636363636,-0.0714285714285714,-0.0232862236752911,FALSE,FALSE,-0.0714285714285714
20,1001,"National Issues Convention","nic1.t1att3","20:9544521::nic1.t1att3","9544521","20:9544521",0.59375,0.566666666666667,0.327554066783892,0.371611676478603,16,15,15,0.6,0.566666666666667,0.338061701891407,0.371611676478603,-0.0270833333333333,-0.0440576096947108,FALSE,FALSE,-0.0270833333333333,-0.0333333333333333,-0.0335499745871967,FALSE,FALSE,-0.0333333333333333
20,1001,"National Issues Convention","nic1.t1att3","20:9544522::nic1.t1att3","9544522","20:9544522",0.807692307692308,0.791666666666667,0.253184841770917,0.257464325272219,13,12,12,0.833333333333333,0.791666666666667,0.246182981958666,0.257464325272219,-0.0160256410256411,-0.00427948350130197,FALSE,FALSE,-0.0160256410256411,-0.0416666666666667,-0.0112813433135531,FALSE,FALSE,-0.0416666666666667
20,1001,"National Issues Convention","nic1.t1att3","20:9544523::nic1.t1att3","9544523","20:9544523",0.75,0.772727272727273,0.353553390593274,0.261116483933547,10,11,10,0.75,0.75,0.353553390593274,0.263523138347365,0.0227272727272727,0.092436906659727,TRUE,TRUE,0.0227272727272727,0,0.0900302522459088,FALSE,TRUE,0
20,1001,"National Issues Convention","nic1.t1att3","20:9544524::nic1.t1att3","9544524","20:9544524",0.733333333333333,0.6,0.371611676478603,0.387298334620742,15,15,13,0.730769230769231,0.615384615384615,0.388125012903092,0.416025147168922,-0.133333333333333,-0.0156866581421383,FALSE,FALSE,-0.133333333333333,-0.115384615384615,-0.0279001342658294,FALSE,FALSE,-0.115384615384615
20,1001,"National Issues Convention","nic1.t1att3","20:9544525::nic1.t1att3","9544525","20:9544525",0.678571428571429,0.625,0.316661846888325,0.376889180722205,14,12,11,0.636363636363636,0.681818181818182,0.323334895341432,0.337099931231621,-0.0535714285714286,-0.0602273338338791,FALSE,FALSE,-0.0535714285714286,0.0454545454545454,-0.0137650358901894,TRUE,FALSE,0.0454545454545454
20,1001,"National Issues Convention","nic1.t1att3","20:9544526::nic1.t1att3","9544526","20:9544526",0.823529411764706,0.807692307692308,0.35094410481711,0.253184841770917,17,13,13,0.807692307692308,0.807692307692308,0.383973823894152,0.253184841770917,-0.0158371040723981,0.0977592630461929,FALSE,TRUE,-0.0158371040723981,0,0.130788982123236,FALSE,TRUE,0
20,1001,"National Issues Convention","nic1.t1att3","20:9544527::nic1.t1att3","9544527","20:9544527",0.75,0.625,0.263523138347365,0.443202630213959,10,8,7,0.642857142857143,0.571428571428571,0.243975018237133,0.449867705421219,-0.125,-0.179679491866594,FALSE,FALSE,-0.125,-0.0714285714285715,-0.205892687184085,FALSE,FALSE,-0.0714285714285715
20,1001,"National Issues Convention","nic1.t1att3","20:9544528::nic1.t1att3","9544528","20:9544528",0.875,0.730769230769231,0.226133508433323,0.330112645886762,12,13,10,0.9,0.8,0.210818510677892,0.258198889747161,-0.144230769230769,-0.10397913745344,FALSE,FALSE,-0.144230769230769,-0.1,-0.0473803790692692,FALSE,FALSE,-0.1
20,1001,"National Issues Convention","nic1.t1att3","20:9544529::nic1.t1att3","9544529","20:9544529",0.75,0.545454545454545,0.337099931231621,0.350324524872685,12,11,10,0.75,0.55,0.353553390593274,0.368932393686311,-0.204545454545455,-0.0132245936410644,FALSE,FALSE,-0.204545454545455,-0.2,-0.0153790030930371,FALSE,FALSE,-0.2
20,1001,"National Issues Convention","nic1.t1att3","20:9544530::nic1.t1att3","9544530","20:9544530",0.833333333333333,0.769230769230769,0.243975018237133,0.259437260831385,15,13,13,0.807692307692308,0.769230769230769,0.253184841770917,0.259437260831385,-0.0641025641025641,-0.015462242594252,FALSE,FALSE,-0.0641025641025641,-0.0384615384615384,-0.0062524190604687,FALSE,FALSE,-0.0384615384615384
20,1001,"National Issues Convention","nic1.t1att4","20:9544501::nic1.t1att4","9544501","20:9544501",0.7,0.692307692307692,0.368394198806504,0.383973823894152,15,13,13,0.692307692307692,0.692307692307692,0.383973823894152,0.383973823894152,-0.00769230769230766,-0.0155796250876486,FALSE,FALSE,-0.00769230769230766,0,0,FALSE,FALSE,0
20,1001,"National Issues Convention","nic1.t1att4","20:9544502::nic1.t1att4","9544502","20:9544502",0.55,0.75,0.368932393686311,0.259437260831385,10,14,9,0.611111111111111,0.833333333333333,0.333333333333333,0.25,0.2,0.109495132854926,TRUE,TRUE,0.2,0.222222222222222,0.0833333333333334,TRUE,TRUE,0.222222222222222
20,1001,"National Issues Convention","nic1.t1att4","20:9544503::nic1.t1att4","9544503","20:9544503",0.6,0.666666666666667,0.387298334620742,0.389249472080761,15,12,11,0.590909090909091,0.681818181818182,0.375378596764774,0.404519917477945,0.0666666666666667,-0.00195113746001979,TRUE,FALSE,0.0666666666666667,0.0909090909090908,-0.029141320713171,TRUE,FALSE,0.0909090909090908
20,1001,"National Issues Convention","nic1.t1att4","20:9544504::nic1.t1att4","9544504","20:9544504",0.576923076923077,0.538461538461538,0.400320384512718,0.320256307610174,13,13,10,0.6,0.55,0.394405318873308,0.283823106098773,-0.0384615384615384,0.0800640769025436,FALSE,TRUE,-0.0384615384615384,-0.0499999999999999,0.110582212774534,FALSE,TRUE,-0.0499999999999999
20,1001,"National Issues Convention","nic1.t1att4","20:9544505::nic1.t1att4","9544505","20:9544505",0.75,0.777777777777778,0.377964473009227,0.363241578628389,8,9,6,0.833333333333333,0.75,0.258198889747161,0.418330013267038,0.0277777777777778,0.0147228943808377,TRUE,TRUE,0.0277777777777778,-0.0833333333333334,-0.160131123519877,FALSE,FALSE,-0.0833333333333334
20,1001,"National Issues Convention","nic1.t1att4","20:9544506::nic1.t1att4","9544506","20:9544506",0.75,0.785714285714286,0.365148371670111,0.323103086329432,16,14,12,0.666666666666667,0.791666666666667,0.389249472080761,0.334278961710761,0.0357142857142857,0.0420452853406787,TRUE,TRUE,0.0357142857142857,0.125,0.0549705103700007,TRUE,TRUE,0.125
20,1001,"National Issues Convention","nic1.t1att4","20:9544507::nic1.t1att4","9544507","20:9544507",0.678571428571429,0.722222222222222,0.372473171834246,0.363241578628389,14,9,9,0.722222222222222,0.722222222222222,0.363241578628389,0.363241578628389,0.0436507936507936,0.00923159320585654,TRUE,TRUE,0.0436507936507936,0,0,FALSE,FALSE,0
20,1001,"National Issues Convention","nic1.t1att4","20:9544508::nic1.t1att4","9544508","20:9544508",0.678571428571429,0.53125,0.420948693070548,0.38595120589698,14,16,12,0.625,0.458333333333333,0.433012701892219,0.39648073054938,-0.147321428571429,0.0349974871735674,FALSE,TRUE,-0.147321428571429,-0.166666666666667,0.0365319713428398,FALSE,TRUE,-0.0833333333333334
20,1001,"National Issues Convention","nic1.t1att4","20:9544509::nic1.t1att4","9544509","20:9544509",0.8,0.714285714285714,0.316227766016838,0.42581531362632,15,14,11,0.818181818181818,0.772727272727273,0.337099931231621,0.410099766132362,-0.0857142857142857,-0.109587547609482,FALSE,FALSE,-0.0857142857142857,-0.0454545454545454,-0.0729998349007411,FALSE,FALSE,-0.0454545454545454
20,1001,"National Issues Convention","nic1.t1att4","20:9544510::nic1.t1att4","9544510","20:9544510",0.708333333333333,0.727272727272727,0.334278961710761,0.343775825476164,12,11,10,0.75,0.75,0.263523138347365,0.353553390593274,0.0189393939393939,-0.00949686376540354,TRUE,FALSE,0.0189393939393939,0,-0.0900302522459088,FALSE,FALSE,0
20,1001,"National Issues Convention","nic1.t1att4","20:9544511::nic1.t1att4","9544511","20:9544511",0.807692307692308,0.785714285714286,0.253184841770917,0.256776295506548,13,14,11,0.772727272727273,0.727272727272727,0.261116483933547,0.261116483933547,-0.021978021978022,-0.00359145373563108,FALSE,FALSE,-0.021978021978022,-0.0454545454545454,0,FALSE,FALSE,-0.0454545454545454
20,1001,"National Issues Convention","nic1.t1att4","20:9544512::nic1.t1att4","9544512","20:9544512",0.766666666666667,0.730769230769231,0.258198889747161,0.330112645886762,15,13,11,0.772727272727273,0.818181818181818,0.261116483933547,0.252262489554756,-0.035897435897436,-0.0719137561396013,FALSE,FALSE,-0.035897435897436,0.0454545454545455,0.00885399437879025,TRUE,TRUE,0.0454545454545455
20,1001,"National Issues Convention","nic1.t1att4","20:9544513::nic1.t1att4","9544513","20:9544513",0.678571428571429,0.642857142857143,0.372473171834246,0.412710152927778,14,14,12,0.666666666666667,0.625,0.389249472080761,0.433012701892219,-0.0357142857142857,-0.0402369810935325,FALSE,FALSE,-0.0357142857142857,-0.0416666666666666,-0.0437632298114579,FALSE,FALSE,-0.0416666666666666
20,1001,"National Issues Convention","nic1.t1att4","20:9544514::nic1.t1att4","9544514","20:9544514",0.533333333333333,0.461538461538462,0.39940431835899,0.320256307610174,15,13,13,0.5,0.461538461538462,0.408248290463863,0.320256307610174,-0.0717948717948718,0.0791480107488159,FALSE,TRUE,0.00512820512820511,NA,0.0879919828536888,NA,TRUE,0.0384615384615384
20,1001,"National Issues Convention","nic1.t1att4","20:9544515::nic1.t1att4","9544515","20:9544515",0.541666666666667,0.666666666666667,0.45016831868926,0.389249472080761,12,12,11,0.590909090909091,0.681818181818182,0.436931448752651,0.404519917477945,0.125,0.0609188466084986,TRUE,TRUE,0.125,0.0909090909090908,0.0324115312747063,TRUE,TRUE,0.0909090909090908
20,1001,"National Issues Convention","nic1.t1att4","20:9544516::nic1.t1att4","9544516","20:9544516",0.576923076923077,0.583333333333333,0.400320384512718,0.358870281282637,13,12,10,0.5,0.55,0.408248290463863,0.368932393686311,0.0064102564102565,0.0414501032300811,TRUE,TRUE,0.0064102564102565,NA,0.0393158967775521,NA,TRUE,0.05
20,1001,"National Issues Convention","nic1.t1att4","20:9544517::nic1.t1att4","9544517","20:9544517",0.769230769230769,0.769230769230769,0.259437260831385,0.330112645886762,13,13,12,0.75,0.75,0.261116483933547,0.337099931231621,0,-0.070675385055377,FALSE,FALSE,0,0,-0.0759834472980743,FALSE,FALSE,0
20,1001,"National Issues Convention","nic1.t1att4","20:9544518::nic1.t1att4","9544518","20:9544518",0.735294117647059,0.607142857142857,0.35871502698972,0.28946711176092,17,14,14,0.75,0.607142857142857,0.325221817793995,0.28946711176092,-0.128151260504202,0.0692479152287999,FALSE,TRUE,-0.128151260504202,-0.142857142857143,0.0357547060330757,FALSE,TRUE,-0.142857142857143
20,1001,"National Issues Convention","nic1.t1att4","20:9544519::nic1.t1att4","9544519","20:9544519",0.535714285714286,0.636363636363636,0.365022955773686,0.393122696553448,14,11,10,0.55,0.65,0.368932393686311,0.411636301174282,0.100649350649351,-0.0280997407797624,TRUE,FALSE,0.100649350649351,0.1,-0.0427039074879713,TRUE,FALSE,0.1
20,1001,"National Issues Convention","nic1.t1att4","20:9544520::nic1.t1att4","9544520","20:9544520",0.590909090909091,0.625,0.490824908607021,0.353553390593274,11,8,7,0.571428571428571,0.642857142857143,0.534522483824849,0.377964473009227,0.0340909090909091,0.137271518013748,TRUE,TRUE,0.0340909090909091,0.0714285714285715,0.156558010815622,TRUE,TRUE,0.0714285714285715
20,1001,"National Issues Convention","nic1.t1att4","20:9544521::nic1.t1att4","9544521","20:9544521",0.433333333333333,0.566666666666667,0.258198889747161,0.371611676478603,15,15,14,0.428571428571429,0.535714285714286,0.267261241912424,0.365022955773686,-0.133333333333333,-0.113412786731442,FALSE,FALSE,0,-0.107142857142857,-0.0977617138612616,FALSE,FALSE,-0.0357142857142858
20,1001,"National Issues Convention","nic1.t1att4","20:9544522::nic1.t1att4","9544522","20:9544522",0.875,0.791666666666667,0.31079078025403,0.334278961710761,12,12,11,0.863636363636364,0.863636363636364,0.323334895341432,0.233549683248457,-0.0833333333333334,-0.0234881814567303,FALSE,FALSE,-0.0833333333333334,0,0.0897852120929748,FALSE,TRUE,0
20,1001,"National Issues Convention","nic1.t1att4","20:9544523::nic1.t1att4","9544523","20:9544523",0.833333333333333,0.8,0.353553390593274,0.349602949390051,9,10,9,0.833333333333333,0.833333333333333,0.353553390593274,0.353553390593274,-0.0333333333333333,0.00395044120322324,FALSE,TRUE,-0.0333333333333333,0,0,FALSE,FALSE,0
20,1001,"National Issues Convention","nic1.t1att4","20:9544524::nic1.t1att4","9544524","20:9544524",0.766666666666667,0.733333333333333,0.319970236711092,0.319970236711092,15,15,13,0.769230769230769,0.730769230769231,0.330112645886762,0.330112645886762,-0.0333333333333334,0,FALSE,FALSE,-0.0333333333333334,-0.0384615384615385,0,FALSE,FALSE,-0.0384615384615385
20,1001,"National Issues Convention","nic1.t1att4","20:9544525::nic1.t1att4","9544525","20:9544525",0.615384615384615,0.875,0.362505526040992,0.31079078025403,13,12,11,0.590909090909091,0.954545454545455,0.375378596764774,0.150755672288882,0.259615384615385,0.0517147457869616,TRUE,TRUE,0.259615384615385,0.363636363636364,0.224622924475892,TRUE,TRUE,0.363636363636364
20,1001,"National Issues Convention","nic1.t1att4","20:9544526::nic1.t1att4","9544526","20:9544526",0.588235294117647,0.5,0.44142150058246,0.476731294622796,17,12,12,0.541666666666667,0.5,0.45016831868926,0.476731294622796,-0.0882352941176471,-0.0353097940403364,FALSE,FALSE,-0.0882352941176471,-0.0416666666666666,-0.0265629759335362,FALSE,FALSE,-0.0416666666666666
20,1001,"National Issues Convention","nic1.t1att4","20:9544527::nic1.t1att4","9544527","20:9544527",0.7,0.722222222222222,0.258198889747161,0.363241578628389,10,9,8,0.6875,0.75,0.258774584753383,0.377964473009227,0.0222222222222223,-0.105042688881228,TRUE,FALSE,0.0222222222222223,0.0625,-0.119189888255844,TRUE,FALSE,0.0625
20,1001,"National Issues Convention","nic1.t1att4","20:9544528::nic1.t1att4","9544528","20:9544528",0.590909090909091,0.642857142857143,0.375378596764774,0.412710152927778,11,14,10,0.6,0.6,0.394405318873308,0.394405318873308,0.051948051948052,-0.0373315561630043,TRUE,FALSE,0.051948051948052,0,0,FALSE,FALSE,0
20,1001,"National Issues Convention","nic1.t1att4","20:9544529::nic1.t1att4","9544529","20:9544529",0.8,0.65,0.258198889747161,0.411636301174282,10,10,8,0.8125,0.6875,0.258774584753383,0.372011904571422,-0.15,-0.153437411427121,FALSE,FALSE,-0.15,-0.125,-0.11323731981804,FALSE,FALSE,-0.125
20,1001,"National Issues Convention","nic1.t1att4","20:9544530::nic1.t1att4","9544530","20:9544530",0.571428571428571,0.615384615384615,0.474631146549323,0.416025147168922,14,13,12,0.5,0.583333333333333,0.476731294622796,0.417423554968361,0.043956043956044,0.0586059993804016,TRUE,TRUE,0.043956043956044,NA,0.0593077396544352,NA,TRUE,0.0833333333333334
20,1001,"National Issues Convention","nic1.t1att5","20:9544501::nic1.t1att5","9544501","20:9544501",0.71875,0.730769230769231,0.363719214046587,0.330112645886762,16,13,13,0.692307692307692,0.730769230769231,0.383973823894152,0.330112645886762,0.0120192307692307,0.0336065681598242,TRUE,TRUE,0.0120192307692307,0.0384615384615384,0.0538611780073899,TRUE,TRUE,0.0384615384615384
20,1001,"National Issues Convention","nic1.t1att5","20:9544502::nic1.t1att5","9544502","20:9544502",0.928571428571429,0.857142857142857,0.181568259800641,0.305624922751063,14,14,13,0.923076923076923,0.846153846153846,0.187766904049703,0.315212585978058,-0.0714285714285715,-0.124056662950423,FALSE,FALSE,-0.0714285714285715,-0.076923076923077,-0.127445681928355,FALSE,FALSE,-0.076923076923077
20,1001,"National Issues Convention","nic1.t1att5","20:9544503::nic1.t1att5","9544503","20:9544503",0.8125,0.769230769230769,0.309569593683445,0.388125012903092,16,13,12,0.791666666666667,0.791666666666667,0.334278961710761,0.39648073054938,-0.0432692307692307,-0.0785554192196473,FALSE,FALSE,-0.0432692307692307,0,-0.0622017688386188,FALSE,FALSE,0
20,1001,"National Issues Convention","nic1.t1att5","20:9544504::nic1.t1att5","9544504","20:9544504",0.678571428571429,0.866666666666667,0.372473171834246,0.228868854108532,14,15,13,0.692307692307692,0.884615384615385,0.383973823894152,0.219264504826757,0.188095238095238,0.143604317725714,TRUE,TRUE,0.188095238095238,0.192307692307692,0.164709319067395,TRUE,TRUE,0.192307692307692
20,1001,"National Issues Convention","nic1.t1att5","20:9544505::nic1.t1att5","9544505","20:9544505",0.909090909090909,0.722222222222222,0.202259958738973,0.363241578628389,11,9,9,0.888888888888889,0.722222222222222,0.220479275922049,0.363241578628389,-0.186868686868687,-0.160981619889417,FALSE,FALSE,-0.186868686868687,-0.166666666666667,-0.14276230270634,FALSE,FALSE,-0.166666666666667
20,1001,"National Issues Convention","nic1.t1att5","20:9544506::nic1.t1att5","9544506","20:9544506",0.970588235294118,0.821428571428571,0.121267812518167,0.248622579049423,17,14,13,0.961538461538462,0.846153846153846,0.138675049056307,0.240192230707631,-0.149159663865546,-0.127354766531257,FALSE,FALSE,-0.149159663865546,-0.115384615384615,-0.101517181651323,FALSE,FALSE,-0.115384615384615
20,1001,"National Issues Convention","nic1.t1att5","20:9544507::nic1.t1att5","9544507","20:9544507",0.964285714285714,0.833333333333333,0.133630620956212,0.25,14,9,9,0.944444444444444,0.833333333333333,0.166666666666667,0.25,-0.130952380952381,-0.116369379043788,FALSE,FALSE,-0.130952380952381,-0.111111111111111,-0.0833333333333333,FALSE,FALSE,-0.111111111111111
20,1001,"National Issues Convention","nic1.t1att5","20:9544508::nic1.t1att5","9544508","20:9544508",0.852941176470588,0.8125,0.293933766048628,0.309569593683445,17,16,15,0.833333333333333,0.833333333333333,0.308606699924184,0.308606699924184,-0.0404411764705882,-0.0156358276348175,FALSE,FALSE,-0.0404411764705882,0,0,FALSE,FALSE,1.11022302462516e-16
20,1001,"National Issues Convention","nic1.t1att5","20:9544509::nic1.t1att5","9544509","20:9544509",0.90625,0.8,0.201556443707464,0.316227766016838,16,15,13,0.884615384615385,0.846153846153846,0.219264504826757,0.240192230707631,-0.10625,-0.114671322309374,FALSE,FALSE,-0.10625,-0.0384615384615384,-0.0209277258808734,FALSE,FALSE,-0.0384615384615384
20,1001,"National Issues Convention","nic1.t1att5","20:9544510::nic1.t1att5","9544510","20:9544510",0.884615384615385,0.954545454545455,0.219264504826757,0.150755672288882,13,11,11,0.909090909090909,0.954545454545455,0.202259958738973,0.150755672288882,0.06993006993007,0.0685088325378755,TRUE,TRUE,0.06993006993007,0.0454545454545455,0.0515042864500908,TRUE,TRUE,0.0454545454545455
20,1001,"National Issues Convention","nic1.t1att5","20:9544511::nic1.t1att5","9544511","20:9544511",0.78125,0.785714285714286,0.314576434802948,0.323103086329432,16,14,14,0.785714285714286,0.785714285714286,0.323103086329432,0.323103086329432,0.0044642857142857,-0.00852665152648413,TRUE,FALSE,0.0044642857142857,0,0,FALSE,FALSE,0
20,1001,"National Issues Convention","nic1.t1att5","20:9544512::nic1.t1att5","9544512","20:9544512",0.875,0.833333333333333,0.288675134594813,0.243975018237133,16,15,14,0.857142857142857,0.857142857142857,0.305624922751063,0.234403615469248,-0.0416666666666666,0.0447001163576795,FALSE,TRUE,-0.0416666666666666,0,0.0712213072818156,FALSE,TRUE,1.11022302462516e-16
20,1001,"National Issues Convention","nic1.t1att5","20:9544513::nic1.t1att5","9544513","20:9544513",0.875,0.857142857142857,0.223606797749979,0.234403615469248,16,14,14,0.892857142857143,0.857142857142857,0.21290765681316,0.234403615469248,-0.0178571428571429,-0.0107968177192687,FALSE,FALSE,-0.0178571428571429,-0.0357142857142858,-0.0214959586560877,FALSE,FALSE,-0.0357142857142858
20,1001,"National Issues Convention","nic1.t1att5","20:9544514::nic1.t1att5","9544514","20:9544514",0.866666666666667,0.846153846153846,0.296808419852332,0.240192230707631,15,13,13,0.846153846153846,0.846153846153846,0.315212585978058,0.240192230707631,-0.0205128205128206,0.0566161891447011,FALSE,TRUE,-0.0205128205128206,0,0.0750203552704269,FALSE,TRUE,0
20,1001,"National Issues Convention","nic1.t1att5","20:9544515::nic1.t1att5","9544515","20:9544515",0.807692307692308,0.916666666666667,0.253184841770917,0.194624736040381,13,12,12,0.833333333333333,0.916666666666667,0.246182981958665,0.194624736040381,0.108974358974359,0.0585601057305359,TRUE,TRUE,0.108974358974359,0.0833333333333333,0.0515582459182847,TRUE,TRUE,0.0833333333333333
20,1001,"National Issues Convention","nic1.t1att5","20:9544516::nic1.t1att5","9544516","20:9544516",0.833333333333333,0.833333333333333,0.243975018237133,0.325669473639465,15,12,12,0.791666666666667,0.833333333333333,0.257464325272219,0.325669473639465,0,-0.0816944554023314,FALSE,FALSE,0,0.0416666666666667,-0.0682051483672461,TRUE,FALSE,0.0416666666666667
20,1001,"National Issues Convention","nic1.t1att5","20:9544517::nic1.t1att5","9544517","20:9544517",0.821428571428571,0.807692307692308,0.316661846888325,0.253184841770917,14,13,13,0.807692307692308,0.807692307692308,0.325221817793995,0.253184841770917,-0.0137362637362637,0.0634770051174088,FALSE,TRUE,-0.0137362637362637,0,0.0720369760230788,FALSE,TRUE,0
20,1001,"National Issues Convention","nic1.t1att5","20:9544518::nic1.t1att5","9544518","20:9544518",0.823529411764706,0.821428571428571,0.303169531295416,0.248622579049423,17,14,14,0.821428571428571,0.821428571428571,0.316661846888325,0.248622579049423,-0.00210084033613445,0.0545469522459928,FALSE,TRUE,-0.00210084033613445,0,0.0680392678389021,FALSE,TRUE,0
20,1001,"National Issues Convention","nic1.t1att5","20:9544519::nic1.t1att5","9544519","20:9544519",0.90625,0.863636363636364,0.201556443707464,0.233549683248457,16,11,11,0.909090909090909,0.863636363636364,0.202259958738973,0.233549683248457,-0.0426136363636364,-0.0319932395409931,FALSE,FALSE,-0.0426136363636364,-0.0454545454545454,-0.0312897245094842,FALSE,FALSE,-0.0454545454545454
20,1001,"National Issues Convention","nic1.t1att5","20:9544520::nic1.t1att5","9544520","20:9544520",0.884615384615385,1,0.219264504826757,0,13,8,8,1,1,0,0,0.115384615384615,0.219264504826757,TRUE,TRUE,0.115384615384615,0,0,FALSE,FALSE,0
20,1001,"National Issues Convention","nic1.t1att5","20:9544521::nic1.t1att5","9544521","20:9544521",0.65625,0.7,0.39660013447636,0.316227766016838,16,15,15,0.666666666666667,0.7,0.408248290463863,0.316227766016838,0.04375,0.0803723684595218,TRUE,TRUE,0.04375,0.0333333333333333,0.0920205244470251,TRUE,TRUE,0.0333333333333333
20,1001,"National Issues Convention","nic1.t1att5","20:9544522::nic1.t1att5","9544522","20:9544522",0.884615384615385,1,0.219264504826757,0,13,12,12,0.875,1,0.226133508433323,0,0.115384615384615,0.219264504826757,TRUE,TRUE,0.115384615384615,0.125,0.226133508433323,TRUE,TRUE,0.125
20,1001,"National Issues Convention","nic1.t1att5","20:9544523::nic1.t1att5","9544523","20:9544523",0.888888888888889,0.954545454545455,0.220479275922049,0.150755672288882,9,11,9,0.888888888888889,0.944444444444444,0.220479275922049,0.166666666666667,0.0656565656565657,0.0697236036331674,TRUE,TRUE,0.0656565656565657,0.0555555555555556,0.0538126092553825,TRUE,TRUE,0.0555555555555556
20,1001,"National Issues Convention","nic1.t1att5","20:9544524::nic1.t1att5","9544524","20:9544524",0.794117647058823,0.766666666666667,0.253649828097946,0.319970236711092,17,15,15,0.766666666666667,0.766666666666667,0.258198889747161,0.319970236711092,-0.0274509803921569,-0.066320408613146,FALSE,FALSE,-0.0274509803921569,0,-0.0617713469639311,FALSE,FALSE,-1.11022302462516e-16
20,1001,"National Issues Convention","nic1.t1att5","20:9544525::nic1.t1att5","9544525","20:9544525",0.892857142857143,0.833333333333333,0.21290765681316,0.246182981958666,14,12,11,0.909090909090909,0.863636363636364,0.202259958738973,0.233549683248457,-0.0595238095238095,-0.0332753251455055,FALSE,FALSE,-0.0595238095238095,-0.0454545454545454,-0.0312897245094843,FALSE,FALSE,-0.0454545454545454
20,1001,"National Issues Convention","nic1.t1att5","20:9544526::nic1.t1att5","9544526","20:9544526",0.916666666666667,0.884615384615385,0.191741247211843,0.299572344757639,18,13,13,0.884615384615385,0.884615384615385,0.219264504826757,0.299572344757639,-0.032051282051282,-0.107831097545796,FALSE,FALSE,-0.032051282051282,0,-0.0803078399308817,FALSE,FALSE,0
20,1001,"National Issues Convention","nic1.t1att5","20:9544527::nic1.t1att5","9544527","20:9544527",0.863636363636364,1,0.233549683248457,0,11,9,9,0.888888888888889,1,0.220479275922049,0,0.136363636363636,0.233549683248457,TRUE,TRUE,0.136363636363636,0.111111111111111,0.220479275922049,TRUE,TRUE,0.111111111111111
20,1001,"National Issues Convention","nic1.t1att5","20:9544528::nic1.t1att5","9544528","20:9544528",0.961538461538462,0.928571428571429,0.138675049056307,0.181568259800641,13,14,12,0.958333333333333,0.958333333333333,0.144337567297406,0.144337567297406,-0.032967032967033,-0.0428932107443335,FALSE,FALSE,-0.032967032967033,0,0,FALSE,FALSE,0
20,1001,"National Issues Convention","nic1.t1att5","20:9544529::nic1.t1att5","9544529","20:9544529",0.923076923076923,0.954545454545455,0.187766904049703,0.150755672288882,13,11,10,0.9,1,0.210818510677892,0,0.0314685314685315,0.0370112317608209,TRUE,TRUE,0.0314685314685315,0.1,0.210818510677892,TRUE,TRUE,0.1
20,1001,"National Issues Convention","nic1.t1att5","20:9544530::nic1.t1att5","9544530","20:9544530",0.866666666666667,0.857142857142857,0.296808419852332,0.234403615469248,15,14,14,0.857142857142857,0.857142857142857,0.305624922751063,0.234403615469248,-0.0095238095238096,0.0624048043830841,FALSE,TRUE,-0.0095238095238096,0,0.0712213072818156,FALSE,TRUE,0
20,1001,"National Issues Convention","nic1.t1att6","20:9544501::nic1.t1att6","9544501","20:9544501",0.5,0.538461538461538,0.327326835353989,0.320256307610174,15,13,13,0.5,0.538461538461538,0.353553390593274,0.320256307610174,NA,0.00707052774381428,NA,TRUE,0.0384615384615384,NA,0.0332970829830995,NA,TRUE,0.0384615384615384
20,1001,"National Issues Convention","nic1.t1att6","20:9544502::nic1.t1att6","9544502","20:9544502",0.291666666666667,0.357142857142857,0.334278961710761,0.305624922751063,12,14,11,0.318181818181818,0.318181818181818,0.337099931231621,0.337099931231621,-0.0654761904761905,0.0286540389596974,FALSE,TRUE,-0.0654761904761905,0,-5.55111512312578e-17,FALSE,FALSE,5.55111512312578e-17
20,1001,"National Issues Convention","nic1.t1att6","20:9544503::nic1.t1att6","9544503","20:9544503",0.28125,0.384615384615385,0.314576434802948,0.299572344757639,16,13,12,0.25,0.416666666666667,0.261116483933547,0.288675134594813,-0.103365384615385,0.0150040900453088,FALSE,TRUE,-0.103365384615385,-0.166666666666667,-0.0275586506612662,FALSE,FALSE,-0.166666666666667
20,1001,"National Issues Convention","nic1.t1att6","20:9544504::nic1.t1att6","9544504","20:9544504",0.392857142857143,0.571428571428571,0.349646603376534,0.267261241912424,14,14,13,0.423076923076923,0.538461538461538,0.344368615860597,0.246774058396412,-0.178571428571429,0.0823853614641097,FALSE,TRUE,-0.0357142857142858,-0.115384615384615,0.097594557464185,FALSE,TRUE,-0.0384615384615385
20,1001,"National Issues Convention","nic1.t1att6","20:9544505::nic1.t1att6","9544505","20:9544505",0.318181818181818,0.333333333333333,0.337099931231621,0.25,11,9,9,0.277777777777778,0.333333333333333,0.263523138347365,0.25,-0.0151515151515151,0.0870999312316211,FALSE,TRUE,-0.0151515151515151,-0.0555555555555555,0.013523138347365,FALSE,TRUE,-0.0555555555555555
20,1001,"National Issues Convention","nic1.t1att6","20:9544506::nic1.t1att6","9544506","20:9544506",0.323529411764706,0.321428571428571,0.35094410481711,0.248622579049423,17,14,13,0.307692307692308,0.307692307692308,0.383973823894152,0.253184841770917,0.00210084033613445,0.102321525767686,TRUE,TRUE,0.00210084033613445,0,0.130788982123236,FALSE,TRUE,0
20,1001,"National Issues Convention","nic1.t1att6","20:9544507::nic1.t1att6","9544507","20:9544507",0.384615384615385,0.444444444444444,0.416025147168922,0.390867979985286,13,9,8,0.4375,0.4375,0.495515604482557,0.41726148019814,-0.0598290598290598,0.025157167183636,FALSE,TRUE,-0.0598290598290598,0,0.0782541242844174,FALSE,TRUE,0
20,1001,"National Issues Convention","nic1.t1att6","20:9544508::nic1.t1att6","9544508","20:9544508",0.28125,0.28125,0.25617376914899,0.314576434802948,16,16,14,0.285714285714286,0.285714285714286,0.256776295506548,0.323103086329432,0,-0.0584026656539579,FALSE,FALSE,0,0,-0.0663267908228843,FALSE,FALSE,0
20,1001,"National Issues Convention","nic1.t1att6","20:9544509::nic1.t1att6","9544509","20:9544509",0.34375,0.357142857142857,0.352077169571293,0.305624922751063,16,14,12,0.375,0.375,0.376889180722205,0.31079078025403,-0.0133928571428572,0.0464522468202301,FALSE,TRUE,-0.0133928571428572,0,0.0660984004681741,FALSE,TRUE,0
20,1001,"National Issues Convention","nic1.t1att6","20:9544510::nic1.t1att6","9544510","20:9544510",0.384615384615385,0.454545454545455,0.219264504826757,0.350324524872685,13,11,11,0.409090909090909,0.454545454545455,0.202259958738973,0.350324524872685,-0.0699300699300699,-0.131060020045928,FALSE,FALSE,-0.0699300699300699,-0.0454545454545454,-0.148064566133713,FALSE,FALSE,-0.0454545454545454
20,1001,"National Issues Convention","nic1.t1att6","20:9544511::nic1.t1att6","9544511","20:9544511",0.5625,0.535714285714286,0.35939764421413,0.307863963107441,16,14,14,0.535714285714286,0.535714285714286,0.365022955773686,0.307863963107441,-0.0267857142857143,0.0515336811066895,FALSE,TRUE,-0.0267857142857143,0,0.057158992666245,FALSE,TRUE,0
20,1001,"National Issues Convention","nic1.t1att6","20:9544512::nic1.t1att6","9544512","20:9544512",0.375,0.366666666666667,0.387298334620742,0.296808419852332,16,15,13,0.269230769230769,0.346153846153846,0.330112645886762,0.315212585978058,0.00833333333333336,0.0904899147684098,TRUE,TRUE,0.00833333333333336,-0.0769230769230769,0.0149000599087049,FALSE,TRUE,-0.0769230769230769
20,1001,"National Issues Convention","nic1.t1att6","20:9544513::nic1.t1att6","9544513","20:9544513",0.466666666666667,0.428571428571429,0.351865775274498,0.267261241912424,15,14,13,0.538461538461538,0.423076923076923,0.320256307610174,0.277350098112615,0.0380952380952381,0.084604533362074,TRUE,TRUE,0.0380952380952381,-0.115384615384615,0.0429062094975597,FALSE,TRUE,0.0384615384615385
20,1001,"National Issues Convention","nic1.t1att6","20:9544514::nic1.t1att6","9544514","20:9544514",0.366666666666667,0.423076923076923,0.351865775274498,0.277350098112615,15,13,13,0.384615384615385,0.423076923076923,0.362505526040992,0.277350098112615,-0.0564102564102564,0.0745156771618838,FALSE,TRUE,-0.0564102564102564,-0.0384615384615384,0.0851554279283775,FALSE,TRUE,-0.0384615384615384
20,1001,"National Issues Convention","nic1.t1att6","20:9544515::nic1.t1att6","9544515","20:9544515",0.346153846153846,0.409090909090909,0.315212585978058,0.375378596764774,13,11,11,0.363636363636364,0.409090909090909,0.323334895341432,0.375378596764774,-0.0629370629370629,-0.0601660107867165,FALSE,FALSE,-0.0629370629370629,-0.0454545454545454,-0.0520437014233425,FALSE,FALSE,-0.0454545454545454
20,1001,"National Issues Convention","nic1.t1att6","20:9544516::nic1.t1att6","9544516","20:9544516",0.2,0.458333333333333,0.316227766016838,0.39648073054938,15,12,12,0.208333333333333,0.458333333333333,0.334278961710761,0.39648073054938,-0.258333333333333,-0.0802529645325415,FALSE,FALSE,-0.258333333333333,-0.25,-0.0622017688386188,FALSE,FALSE,-0.25
20,1001,"National Issues Convention","nic1.t1att6","20:9544517::nic1.t1att6","9544517","20:9544517",0.5,0.538461538461538,0.353553390593274,0.320256307610174,13,13,12,0.541666666666667,0.5,0.334278961710761,0.301511344577764,NA,0.0332970829830996,NA,TRUE,0.0384615384615384,-0.0416666666666666,0.0327676171329971,FALSE,TRUE,-0.0416666666666666
20,1001,"National Issues Convention","nic1.t1att6","20:9544518::nic1.t1att6","9544518","20:9544518",0.40625,0.357142857142857,0.375,0.305624922751063,16,14,13,0.384615384615385,0.346153846153846,0.362505526040992,0.315212585978058,0.0491071428571428,0.0693750772489367,TRUE,TRUE,0.0491071428571428,0.0384615384615385,0.0472929400629346,TRUE,TRUE,0.0384615384615385
20,1001,"National Issues Convention","nic1.t1att6","20:9544519::nic1.t1att6","9544519","20:9544519",0.25,0.227272727272727,0.325221817793995,0.343775825476164,14,11,11,0.227272727272727,0.227272727272727,0.343775825476164,0.343775825476164,0.0227272727272727,-0.0185540076821689,TRUE,FALSE,0.0227272727272727,0,0,FALSE,FALSE,0
20,1001,"National Issues Convention","nic1.t1att6","20:9544520::nic1.t1att6","9544520","20:9544520",0.346153846153846,0.5625,0.375533808099405,0.320434972230828,13,8,8,0.5,0.5625,0.377964473009227,0.320434972230828,-0.216346153846154,0.0550988358685776,FALSE,TRUE,-0.0913461538461539,NA,0.0575295007783994,NA,TRUE,0.0625
20,1001,"National Issues Convention","nic1.t1att6","20:9544521::nic1.t1att6","9544521","20:9544521",0.4375,0.5,0.309569593683445,0.277350098112615,16,14,14,0.428571428571429,0.5,0.331496772065898,0.277350098112615,-0.0625,0.0322194955708306,FALSE,TRUE,-0.0625,-0.0714285714285715,0.0541466739532833,FALSE,TRUE,-0.0714285714285715
20,1001,"National Issues Convention","nic1.t1att6","20:9544522::nic1.t1att6","9544522","20:9544522",0.423076923076923,0.375,0.277350098112615,0.226133508433323,13,12,12,0.458333333333333,0.375,0.257464325272219,0.226133508433323,0.0480769230769231,0.0512165896792918,TRUE,TRUE,0.0480769230769231,0.0833333333333334,0.0313308168388959,TRUE,TRUE,0.0833333333333334
20,1001,"National Issues Convention","nic1.t1att6","20:9544523::nic1.t1att6","9544523","20:9544523",0.363636363636364,0.409090909090909,0.393122696553448,0.436931448752651,11,11,11,0.363636363636364,0.409090909090909,0.393122696553448,0.436931448752651,-0.0454545454545454,-0.0438087521992033,FALSE,FALSE,-0.0454545454545454,-0.0454545454545454,-0.0438087521992033,FALSE,FALSE,-0.0454545454545454
20,1001,"National Issues Convention","nic1.t1att6","20:9544524::nic1.t1att6","9544524","20:9544524",0.323529411764706,0.333333333333333,0.35094410481711,0.361873432227873,17,15,15,0.3,0.333333333333333,0.316227766016838,0.361873432227873,-0.00980392156862747,-0.0109293274107634,FALSE,FALSE,-0.00980392156862747,-0.0333333333333334,-0.045645666211035,FALSE,FALSE,-0.0333333333333334
20,1001,"National Issues Convention","nic1.t1att6","20:9544525::nic1.t1att6","9544525","20:9544525",0.428571428571429,0.416666666666667,0.331496772065898,0.358870281282637,14,12,11,0.454545454545455,0.454545454545455,0.350324524872685,0.350324524872685,0.0119047619047619,-0.0273735092167388,TRUE,FALSE,0.0119047619047619,0,0,FALSE,FALSE,0
20,1001,"National Issues Convention","nic1.t1att6","20:9544526::nic1.t1att6","9544526","20:9544526",0.34375,0.461538461538462,0.436606229914325,0.431158249251288,16,13,12,0.458333333333333,0.458333333333333,0.45016831868926,0.45016831868926,-0.117788461538462,0.00544798066303637,FALSE,TRUE,-0.117788461538462,0,0,FALSE,FALSE,0
20,1001,"National Issues Convention","nic1.t1att6","20:9544527::nic1.t1att6","9544527","20:9544527",0.318181818181818,0.388888888888889,0.337099931231621,0.220479275922049,11,9,9,0.333333333333333,0.388888888888889,0.353553390593274,0.220479275922049,-0.0707070707070707,0.116620655309572,FALSE,TRUE,-0.0707070707070707,-0.0555555555555556,0.133074114671225,FALSE,TRUE,-0.0555555555555556
20,1001,"National Issues Convention","nic1.t1att6","20:9544528::nic1.t1att6","9544528","20:9544528",0.291666666666667,0.571428571428571,0.257464325272219,0.331496772065898,12,14,11,0.272727272727273,0.545454545454545,0.261116483933547,0.350324524872685,-0.279761904761905,-0.0740324467936793,FALSE,FALSE,-0.136904761904762,-0.272727272727273,-0.0892080409391386,FALSE,FALSE,-0.181818181818182
20,1001,"National Issues Convention","nic1.t1att6","20:9544529::nic1.t1att6","9544529","20:9544529",0.35,0.454545454545455,0.337474278855276,0.415604707296817,10,11,8,0.3125,0.3125,0.372011904571422,0.372011904571422,-0.104545454545455,-0.0781304284415403,FALSE,FALSE,-0.104545454545455,0,0,FALSE,FALSE,0
20,1001,"National Issues Convention","nic1.t1att6","20:9544530::nic1.t1att6","9544530","20:9544530",0.285714285714286,0.535714285714286,0.323103086329432,0.307863963107441,14,14,14,0.285714285714286,0.535714285714286,0.323103086329432,0.307863963107441,-0.25,0.0152391232219911,FALSE,TRUE,-0.178571428571429,-0.25,0.0152391232219911,FALSE,TRUE,-0.178571428571429
20,1001,"National Issues Convention","nic1.t1att7","20:9544501::nic1.t1att7","9544501","20:9544501",0.166666666666667,0.192307692307692,0.308606699924184,0.325221817793995,15,13,13,0.153846153846154,0.192307692307692,0.315212585978058,0.325221817793995,-0.0256410256410256,-0.0166151178698117,FALSE,FALSE,-0.0256410256410256,-0.0384615384615385,-0.0100092318159379,FALSE,FALSE,-0.0384615384615384
20,1001,"National Issues Convention","nic1.t1att7","20:9544502::nic1.t1att7","9544502","20:9544502",0.0555555555555556,0.25,0.166666666666667,0.259437260831385,9,14,8,0.0625,0.25,0.176776695296637,0.267261241912424,-0.194444444444444,-0.0927705941647188,FALSE,FALSE,-0.194444444444444,-0.1875,-0.0904845466157875,FALSE,FALSE,-0.1875
20,1001,"National Issues Convention","nic1.t1att7","20:9544503::nic1.t1att7","9544503","20:9544503",0.153846153846154,0.291666666666667,0.240192230707631,0.334278961710761,13,12,10,0.15,0.3,0.241522945769824,0.349602949390051,-0.137820512820513,-0.0940867310031301,FALSE,FALSE,-0.137820512820513,-0.15,-0.108080003620227,FALSE,FALSE,-0.15
20,1001,"National Issues Convention","nic1.t1att7","20:9544504::nic1.t1att7","9544504","20:9544504",0.136363636363636,0.214285714285714,0.323334895341432,0.256776295506548,11,14,10,0.15,0.25,0.337474278855276,0.263523138347365,-0.0779220779220779,0.0665585998348839,FALSE,TRUE,-0.077922077922078,-0.1,0.0739511405079115,FALSE,TRUE,-0.1
20,1001,"National Issues Convention","nic1.t1att7","20:9544505::nic1.t1att7","9544505","20:9544505",0.0454545454545454,0.166666666666667,0.150755672288882,0.25,11,9,9,0.0555555555555556,0.166666666666667,0.166666666666667,0.25,-0.121212121212121,-0.0992443277111182,FALSE,FALSE,-0.121212121212121,-0.111111111111111,-0.0833333333333334,FALSE,FALSE,-0.111111111111111
20,1001,"National Issues Convention","nic1.t1att7","20:9544506::nic1.t1att7","9544506","20:9544506",0.166666666666667,0.269230769230769,0.243975018237133,0.259437260831385,15,13,11,0.136363636363636,0.272727272727273,0.233549683248457,0.261116483933547,-0.102564102564103,-0.0154622425942521,FALSE,FALSE,-0.102564102564103,-0.136363636363636,-0.0275668006850898,FALSE,FALSE,-0.136363636363636
20,1001,"National Issues Convention","nic1.t1att7","20:9544507::nic1.t1att7","9544507","20:9544507",0.166666666666667,0.222222222222222,0.325669473639465,0.263523138347365,12,9,7,0.0714285714285714,0.214285714285714,0.188982236504614,0.267261241912424,-0.0555555555555555,0.0621463352920998,FALSE,TRUE,-0.0555555555555555,-0.142857142857143,-0.0782790054078107,FALSE,FALSE,-0.142857142857143
20,1001,"National Issues Convention","nic1.t1att7","20:9544508::nic1.t1att7","9544508","20:9544508",0.25,0.233333333333333,0.316227766016838,0.258198889747161,16,15,14,0.25,0.25,0.325221817793995,0.259437260831385,0.0166666666666667,0.0580288762696768,TRUE,TRUE,0.0166666666666667,0,0.06578455696261,FALSE,TRUE,0
20,1001,"National Issues Convention","nic1.t1att7","20:9544509::nic1.t1att7","9544509","20:9544509",0.235294117647059,0.366666666666667,0.257247877713763,0.296808419852332,17,15,14,0.214285714285714,0.357142857142857,0.256776295506548,0.305624922751063,-0.131372549019608,-0.0395605421385686,FALSE,FALSE,-0.131372549019608,-0.142857142857143,-0.0488486272445156,FALSE,FALSE,-0.142857142857143
20,1001,"National Issues Convention","nic1.t1att7","20:9544510::nic1.t1att7","9544510","20:9544510",0.230769230769231,0.409090909090909,0.259437260831385,0.375378596764774,13,11,11,0.227272727272727,0.409090909090909,0.261116483933547,0.375378596764774,-0.178321678321678,-0.115941335933389,FALSE,FALSE,-0.178321678321678,-0.181818181818182,-0.114262112831227,FALSE,FALSE,-0.181818181818182
20,1001,"National Issues Convention","nic1.t1att7","20:9544511::nic1.t1att7","9544511","20:9544511",0.233333333333333,0.285714285714286,0.319970236711092,0.256776295506548,15,14,13,0.192307692307692,0.269230769230769,0.325221817793995,0.259437260831385,-0.0523809523809524,0.0631939412045445,FALSE,TRUE,-0.0523809523809524,-0.0769230769230769,0.06578455696261,FALSE,TRUE,-0.0769230769230769
20,1001,"National Issues Convention","nic1.t1att7","20:9544512::nic1.t1att7","9544512","20:9544512",0.205882352941176,0.3,0.356143559950363,0.316227766016838,17,15,14,0.178571428571429,0.285714285714286,0.316661846888325,0.323103086329432,-0.0941176470588235,0.0399157939335248,FALSE,TRUE,-0.0941176470588235,-0.107142857142857,-0.00644123944110658,FALSE,FALSE,-0.107142857142857
20,1001,"National Issues Convention","nic1.t1att7","20:9544513::nic1.t1att7","9544513","20:9544513",0.333333333333333,0.392857142857143,0.308606699924184,0.21290765681316,15,14,13,0.384615384615385,0.384615384615385,0.299572344757639,0.219264504826757,-0.0595238095238095,0.0956990431110238,FALSE,TRUE,-0.0595238095238095,0,0.0803078399308818,FALSE,TRUE,0
20,1001,"National Issues Convention","nic1.t1att7","20:9544514::nic1.t1att7","9544514","20:9544514",0.0833333333333333,0.384615384615385,0.194624736040381,0.219264504826757,12,13,10,0.1,0.35,0.210818510677892,0.241522945769824,-0.301282051282051,-0.0246397687863766,FALSE,FALSE,-0.301282051282051,-0.25,-0.030704435091932,FALSE,FALSE,-0.25
20,1001,"National Issues Convention","nic1.t1att7","20:9544515::nic1.t1att7","9544515","20:9544515",0.230769230769231,0.227272727272727,0.388125012903092,0.261116483933547,13,11,11,0.227272727272727,0.227272727272727,0.410099766132362,0.261116483933547,0.00349650349650349,0.127008528969546,TRUE,TRUE,0.00349650349650343,0,0.148983282198815,FALSE,TRUE,0
20,1001,"National Issues Convention","nic1.t1att7","20:9544516::nic1.t1att7","9544516","20:9544516",0.230769230769231,0.458333333333333,0.388125012903092,0.257464325272219,13,12,11,0.272727272727273,0.5,0.410099766132362,0.223606797749979,-0.227564102564103,0.130660687630874,FALSE,TRUE,-0.227564102564103,-0.227272727272727,0.186492968382383,FALSE,TRUE,-0.227272727272727
20,1001,"National Issues Convention","nic1.t1att7","20:9544517::nic1.t1att7","9544517","20:9544517",0.192307692307692,0.230769230769231,0.253184841770917,0.259437260831385,13,13,12,0.166666666666667,0.208333333333333,0.246182981958665,0.257464325272219,-0.0384615384615384,-0.00625241906046875,FALSE,FALSE,-0.0384615384615384,-0.0416666666666666,-0.0112813433135532,FALSE,FALSE,-0.0416666666666666
20,1001,"National Issues Convention","nic1.t1att7","20:9544518::nic1.t1att7","9544518","20:9544518",0.294117647058824,0.464285714285714,0.309173471200421,0.307863963107441,17,14,14,0.25,0.464285714285714,0.259437260831385,0.307863963107441,-0.170168067226891,0.00130950809298008,FALSE,TRUE,-0.170168067226891,-0.214285714285714,-0.0484267022760556,FALSE,FALSE,-0.214285714285714
20,1001,"National Issues Convention","nic1.t1att7","20:9544519::nic1.t1att7","9544519","20:9544519",0.178571428571429,0.227272727272727,0.248622579049423,0.261116483933547,14,11,11,0.181818181818182,0.227272727272727,0.252262489554756,0.261116483933547,-0.0487012987012987,-0.0124939048841233,FALSE,FALSE,-0.0487012987012987,-0.0454545454545454,-0.00885399437879025,FALSE,FALSE,-0.0454545454545455
20,1001,"National Issues Convention","nic1.t1att7","20:9544520::nic1.t1att7","9544520","20:9544520",0.269230769230769,0.25,0.388125012903092,0.267261241912424,13,8,8,0.3125,0.25,0.372011904571422,0.267261241912424,0.0192307692307693,0.120863770990668,TRUE,TRUE,0.0192307692307693,0.0625,0.104750662658998,TRUE,TRUE,0.0625
20,1001,"National Issues Convention","nic1.t1att7","20:9544521::nic1.t1att7","9544521","20:9544521",0.166666666666667,0.366666666666667,0.243975018237133,0.296808419852332,15,15,14,0.178571428571429,0.357142857142857,0.248622579049423,0.305624922751063,-0.2,-0.0528334016151986,FALSE,FALSE,-0.2,-0.178571428571429,-0.0570023437016399,FALSE,FALSE,-0.178571428571429
20,1001,"National Issues Convention","nic1.t1att7","20:9544522::nic1.t1att7","9544522","20:9544522",0.269230769230769,0.375,0.330112645886762,0.31079078025403,13,12,12,0.291666666666667,0.375,0.334278961710761,0.31079078025403,-0.105769230769231,0.0193218656327319,FALSE,TRUE,-0.105769230769231,-0.0833333333333334,0.0234881814567303,FALSE,TRUE,-0.0833333333333334
20,1001,"National Issues Convention","nic1.t1att7","20:9544523::nic1.t1att7","9544523","20:9544523",0.388888888888889,0.409090909090909,0.416666666666667,0.375378596764774,9,11,9,0.388888888888889,0.444444444444444,0.416666666666667,0.390867979985286,-0.0202020202020202,0.0412880699018925,FALSE,TRUE,-0.0202020202020202,-0.0555555555555555,0.0257986866813809,FALSE,TRUE,-0.0555555555555555
20,1001,"National Issues Convention","nic1.t1att7","20:9544524::nic1.t1att7","9544524","20:9544524",0.34375,0.321428571428571,0.239356776939085,0.248622579049423,16,14,13,0.346153846153846,0.346153846153846,0.240192230707631,0.240192230707631,0.0223214285714286,-0.00926580211033889,TRUE,FALSE,0.0223214285714286,0,0,FALSE,FALSE,0
20,1001,"National Issues Convention","nic1.t1att7","20:9544525::nic1.t1att7","9544525","20:9544525",0.153846153846154,0.25,0.315212585978058,0.337099931231621,13,12,10,0.15,0.3,0.337474278855276,0.349602949390051,-0.0961538461538461,-0.0218873452535635,FALSE,FALSE,-0.0961538461538461,-0.15,-0.0121286705347741,FALSE,FALSE,-0.15
20,1001,"National Issues Convention","nic1.t1att7","20:9544526::nic1.t1att7","9544526","20:9544526",0.117647058823529,0.192307692307692,0.281147857269194,0.253184841770917,17,13,13,0.115384615384615,0.192307692307692,0.299572344757639,0.253184841770917,-0.0746606334841629,0.0279630154982768,FALSE,TRUE,-0.0746606334841629,-0.076923076923077,0.0463875029867223,FALSE,TRUE,-0.0769230769230769
20,1001,"National Issues Convention","nic1.t1att7","20:9544527::nic1.t1att7","9544527","20:9544527",0.1875,0.5,0.258774584753383,0.353553390593274,8,9,6,0.166666666666667,0.583333333333333,0.258198889747161,0.37638632635454,-0.3125,-0.094778805839891,FALSE,FALSE,-0.3125,-0.416666666666667,-0.118187436607379,FALSE,FALSE,-0.25
20,1001,"National Issues Convention","nic1.t1att7","20:9544528::nic1.t1att7","9544528","20:9544528",0.269230769230769,0.178571428571429,0.330112645886762,0.248622579049423,13,14,12,0.25,0.208333333333333,0.337099931231621,0.257464325272219,0.0906593406593407,0.081490066837339,TRUE,TRUE,0.0906593406593407,0.0416666666666667,0.0796356059594024,TRUE,TRUE,0.0416666666666667
20,1001,"National Issues Convention","nic1.t1att7","20:9544529::nic1.t1att7","9544529","20:9544529",0.0833333333333333,0.318181818181818,0.194624736040381,0.337099931231621,12,11,10,0.05,0.35,0.158113883008419,0.337474278855276,-0.234848484848485,-0.14247519519124,FALSE,FALSE,-0.234848484848485,-0.3,-0.179360395846857,FALSE,FALSE,-0.3
20,1001,"National Issues Convention","nic1.t1att7","20:9544530::nic1.t1att7","9544530","20:9544530",0.142857142857143,0.464285714285714,0.305624922751063,0.307863963107441,14,14,14,0.142857142857143,0.464285714285714,0.305624922751063,0.307863963107441,-0.321428571428571,-0.00223904035637773,FALSE,FALSE,-0.321428571428571,-0.321428571428571,-0.00223904035637773,FALSE,FALSE,-0.321428571428571
20,1001,"National Issues Convention","nic1.t1att8","20:9544501::nic1.t1att8","9544501","20:9544501",0.366666666666667,0.423076923076923,0.441857550844268,0.400320384512718,15,13,13,0.269230769230769,0.423076923076923,0.388125012903092,0.400320384512718,-0.0564102564102564,0.0415371663315506,FALSE,TRUE,-0.0564102564102564,-0.153846153846154,-0.0121953716096254,FALSE,FALSE,-0.153846153846154
20,1001,"National Issues Convention","nic1.t1att8","20:9544502::nic1.t1att8","9544502","20:9544502",0.25,0.375,0.398862017608733,0.31079078025403,12,12,11,0.272727272727273,0.363636363636364,0.410099766132362,0.323334895341432,-0.125,0.0880712373547023,FALSE,TRUE,-0.125,-0.0909090909090909,0.0867648707909305,FALSE,TRUE,-0.0909090909090909
20,1001,"National Issues Convention","nic1.t1att8","20:9544503::nic1.t1att8","9544503","20:9544503",0.235294117647059,0.307692307692308,0.312132136423399,0.383973823894152,17,13,13,0.153846153846154,0.307692307692308,0.240192230707631,0.383973823894152,-0.0723981900452489,-0.0718416874707534,FALSE,FALSE,-0.0723981900452489,-0.153846153846154,-0.143781593186522,FALSE,FALSE,-0.153846153846154
20,1001,"National Issues Convention","nic1.t1att8","20:9544504::nic1.t1att8","9544504","20:9544504",0.166666666666667,0.230769230769231,0.246182981958665,0.330112645886762,12,13,9,0.222222222222222,0.222222222222222,0.263523138347365,0.363241578628389,-0.0641025641025641,-0.083929663928097,FALSE,FALSE,-0.064102564102564,0,-0.0997184402810245,FALSE,FALSE,0
20,1001,"National Issues Convention","nic1.t1att8","20:9544505::nic1.t1att8","9544505","20:9544505",0,0.111111111111111,0,0.220479275922049,11,9,9,0,0.111111111111111,0,0.220479275922049,-0.111111111111111,-0.220479275922049,FALSE,FALSE,-0.111111111111111,-0.111111111111111,-0.220479275922049,FALSE,FALSE,-0.111111111111111
20,1001,"National Issues Convention","nic1.t1att8","20:9544506::nic1.t1att8","9544506","20:9544506",0.40625,0.5,0.417083125208073,0.392232270276368,16,14,12,0.416666666666667,0.5,0.417423554968361,0.426401432711221,-0.09375,0.0248508549317052,FALSE,TRUE,-0.09375,-0.0833333333333334,-0.00897787774285991,FALSE,FALSE,-0.0833333333333334
20,1001,"National Issues Convention","nic1.t1att8","20:9544507::nic1.t1att8","9544507","20:9544507",0.107142857142857,0.333333333333333,0.28946711176092,0.353553390593274,14,9,9,0.166666666666667,0.333333333333333,0.353553390593274,0.353553390593274,-0.226190476190476,-0.0640862788323541,FALSE,FALSE,-0.226190476190476,-0.166666666666667,-5.55111512312578e-17,FALSE,FALSE,-0.166666666666667
20,1001,"National Issues Convention","nic1.t1att8","20:9544508::nic1.t1att8","9544508","20:9544508",0.205882352941176,0.166666666666667,0.356143559950363,0.308606699924184,17,15,14,0.214285714285714,0.178571428571429,0.377964473009227,0.316661846888325,0.0392156862745098,0.047536860026179,TRUE,TRUE,0.0392156862745098,0.0357142857142857,0.0613026261209017,TRUE,TRUE,0.0357142857142858
20,1001,"National Issues Convention","nic1.t1att8","20:9544509::nic1.t1att8","9544509","20:9544509",0.333333333333333,0.366666666666667,0.383482494423685,0.351865775274498,18,15,15,0.3,0.366666666666667,0.368394198806504,0.351865775274498,-0.0333333333333333,0.0316167191491868,FALSE,TRUE,-0.0333333333333333,-0.0666666666666667,0.0165284235320052,FALSE,TRUE,-0.0666666666666667
20,1001,"National Issues Convention","nic1.t1att8","20:9544510::nic1.t1att8","9544510","20:9544510",0.153846153846154,0.272727272727273,0.240192230707631,0.410099766132362,13,11,11,0.136363636363636,0.272727272727273,0.233549683248457,0.410099766132362,-0.118881118881119,-0.169907535424731,FALSE,FALSE,-0.118881118881119,-0.136363636363636,-0.176550082883905,FALSE,FALSE,-0.136363636363636
20,1001,"National Issues Convention","nic1.t1att8","20:9544511::nic1.t1att8","9544511","20:9544511",0.266666666666667,0.230769230769231,0.319970236711092,0.259437260831385,15,13,13,0.192307692307692,0.230769230769231,0.253184841770917,0.259437260831385,0.0358974358974359,0.0605329758797068,TRUE,TRUE,0.0358974358974359,-0.0384615384615384,-0.00625241906046875,FALSE,FALSE,-0.0384615384615384
20,1001,"National Issues Convention","nic1.t1att8","20:9544512::nic1.t1att8","9544512","20:9544512",0.222222222222222,0.3,0.391911688064837,0.316227766016838,18,15,15,0.266666666666667,0.3,0.416904693916396,0.316227766016838,-0.0777777777777778,0.0756839220479988,FALSE,TRUE,-0.0777777777777778,-0.0333333333333333,0.100676927899558,FALSE,TRUE,-0.0333333333333333
20,1001,"National Issues Convention","nic1.t1att8","20:9544513::nic1.t1att8","9544513","20:9544513",0.40625,0.5,0.375,0.392232270276368,16,14,14,0.464285714285714,0.5,0.365022955773686,0.392232270276368,-0.09375,-0.0172322702763681,FALSE,FALSE,-0.09375,-0.0357142857142857,-0.0272093145026822,FALSE,FALSE,-0.0357142857142857
20,1001,"National Issues Convention","nic1.t1att8","20:9544514::nic1.t1att8","9544514","20:9544514",0.107142857142857,0.346153846153846,0.21290765681316,0.240192230707631,14,13,12,0.0833333333333333,0.333333333333333,0.194624736040381,0.246182981958665,-0.239010989010989,-0.0272845738944707,FALSE,FALSE,-0.239010989010989,-0.25,-0.0515582459182848,FALSE,FALSE,-0.25
20,1001,"National Issues Convention","nic1.t1att8","20:9544515::nic1.t1att8","9544515","20:9544515",0.115384615384615,0.125,0.219264504826757,0.31079078025403,13,12,12,0.125,0.125,0.226133508433323,0.31079078025403,-0.00961538461538462,-0.0915262754272732,FALSE,FALSE,-0.00961538461538464,0,-0.0846572718207078,FALSE,FALSE,0
20,1001,"National Issues Convention","nic1.t1att8","20:9544516::nic1.t1att8","9544516","20:9544516",0.285714285714286,0.541666666666667,0.377964473009227,0.334278961710761,14,12,11,0.363636363636364,0.5,0.393122696553448,0.316227766016838,-0.255952380952381,0.0436855112984665,FALSE,TRUE,-0.172619047619048,-0.136363636363636,0.0768949305366103,FALSE,TRUE,-0.136363636363636
20,1001,"National Issues Convention","nic1.t1att8","20:9544517::nic1.t1att8","9544517","20:9544517",0.357142857142857,0.363636363636364,0.456936766731688,0.452267016866645,14,11,11,0.227272727272727,0.363636363636364,0.410099766132362,0.452267016866645,-0.00649350649350655,0.00466974986504221,FALSE,TRUE,-0.00649350649350655,-0.136363636363636,-0.0421672507342833,FALSE,FALSE,-0.136363636363636
20,1001,"National Issues Convention","nic1.t1att8","20:9544518::nic1.t1att8","9544518","20:9544518",0.264705882352941,0.25,0.35871502698972,0.325221817793995,17,14,14,0.178571428571429,0.25,0.248622579049423,0.325221817793995,0.0147058823529412,0.0334932091957242,TRUE,TRUE,0.0147058823529412,-0.0714285714285715,-0.076599238744572,FALSE,FALSE,-0.0714285714285715
20,1001,"National Issues Convention","nic1.t1att8","20:9544519::nic1.t1att8","9544519","20:9544519",0.2,0.318181818181818,0.316227766016838,0.337099931231621,15,11,11,0.136363636363636,0.318181818181818,0.233549683248457,0.337099931231621,-0.118181818181818,-0.0208721652147831,FALSE,FALSE,-0.118181818181818,-0.181818181818182,-0.103550247983164,FALSE,FALSE,-0.181818181818182
20,1001,"National Issues Convention","nic1.t1att8","20:9544520::nic1.t1att8","9544520","20:9544520",0.461538461538462,0.4375,0.477036793721514,0.41726148019814,13,8,8,0.4375,0.4375,0.495515604482557,0.41726148019814,0.0240384615384615,0.0597753135233742,TRUE,TRUE,0.0240384615384615,0,0.0782541242844174,FALSE,TRUE,0
20,1001,"National Issues Convention","nic1.t1att8","20:9544521::nic1.t1att8","9544521","20:9544521",0.133333333333333,0.133333333333333,0.296808419852332,0.296808419852332,15,15,14,0.142857142857143,0.142857142857143,0.305624922751063,0.305624922751063,0,1.11022302462516e-16,FALSE,FALSE,5.55111512312578e-17,0,5.55111512312578e-17,FALSE,FALSE,-5.55111512312578e-17
20,1001,"National Issues Convention","nic1.t1att8","20:9544522::nic1.t1att8","9544522","20:9544522",0.423076923076923,0.375,0.400320384512718,0.433012701892219,13,12,12,0.375,0.375,0.376889180722205,0.433012701892219,0.0480769230769231,-0.0326923173795015,TRUE,FALSE,0.0480769230769231,0,-0.0561235211700147,FALSE,FALSE,0
20,1001,"National Issues Convention","nic1.t1att8","20:9544523::nic1.t1att8","9544523","20:9544523",0.2,0.409090909090909,0.349602949390051,0.436931448752651,10,11,10,0.2,0.35,0.349602949390051,0.411636301174282,-0.209090909090909,-0.087328499362601,FALSE,FALSE,-0.209090909090909,-0.15,-0.0620333517842317,FALSE,FALSE,-0.15
20,1001,"National Issues Convention","nic1.t1att8","20:9544524::nic1.t1att8","9544524","20:9544524",0.352941176470588,0.285714285714286,0.385871816570645,0.377964473009227,17,14,14,0.357142857142857,0.285714285714286,0.412710152927778,0.377964473009227,0.0672268907563025,0.00790734356141759,TRUE,TRUE,0.0672268907563025,0.0714285714285714,0.0347456799185512,TRUE,TRUE,0.0714285714285714
20,1001,"National Issues Convention","nic1.t1att8","20:9544525::nic1.t1att8","9544525","20:9544525",0.464285714285714,0.375,0.414370965082372,0.433012701892219,14,12,11,0.409090909090909,0.409090909090909,0.375378596764774,0.436931448752651,0.0892857142857143,-0.0186417368098469,TRUE,FALSE,0.0892857142857143,0,-0.0615528519878773,FALSE,FALSE,0
20,1001,"National Issues Convention","nic1.t1att8","20:9544526::nic1.t1att8","9544526","20:9544526",0.194444444444444,0.208333333333333,0.388772158017615,0.39648073054938,18,12,12,0.166666666666667,0.208333333333333,0.389249472080761,0.39648073054938,-0.0138888888888889,-0.00770857253176488,FALSE,FALSE,-0.0138888888888889,-0.0416666666666666,-0.00723125846861811,FALSE,FALSE,-0.0416666666666666
20,1001,"National Issues Convention","nic1.t1att8","20:9544527::nic1.t1att8","9544527","20:9544527",0.3,0.222222222222222,0.421637021355784,0.363241578628389,10,9,8,0.3125,0.1875,0.458062690656452,0.372011904571422,0.0777777777777778,0.0583954427273944,TRUE,TRUE,0.0777777777777778,0.125,0.0860507860850297,TRUE,TRUE,0.125
20,1001,"National Issues Convention","nic1.t1att8","20:9544528::nic1.t1att8","9544528","20:9544528",0.0833333333333333,0.153846153846154,0.288675134594813,0.375533808099405,12,13,10,0,0.2,0,0.421637021355784,-0.0705128205128205,-0.0868586735045925,FALSE,FALSE,-0.0705128205128205,-0.2,-0.421637021355784,FALSE,FALSE,-0.2
20,1001,"National Issues Convention","nic1.t1att8","20:9544529::nic1.t1att8","9544529","20:9544529",0.461538461538462,0.545454545454545,0.477036793721514,0.47193990372427,13,11,11,0.454545454545455,0.545454545454545,0.47193990372427,0.47193990372427,-0.0839160839160839,0.00509688999724478,FALSE,TRUE,0.00699300699300692,-0.0909090909090909,0,FALSE,FALSE,-5.55111512312578e-17
20,1001,"National Issues Convention","nic1.t1att8","20:9544530::nic1.t1att8","9544530","20:9544530",0.285714285714286,0.307692307692308,0.377964473009227,0.253184841770917,14,13,12,0.208333333333333,0.291666666666667,0.334278961710761,0.257464325272219,-0.021978021978022,0.124779631238311,FALSE,TRUE,-0.021978021978022,-0.0833333333333334,0.0768146364385421,FALSE,TRUE,-0.0833333333333334
20,1001,"National Issues Convention","nic1.t1att9","20:9544501::nic1.t1att9","9544501","20:9544501",0.730769230769231,0.807692307692308,0.330112645886762,0.253184841770917,13,13,12,0.75,0.791666666666667,0.337099931231621,0.257464325272219,0.076923076923077,0.0769278041158457,TRUE,TRUE,0.076923076923077,0.0416666666666666,0.0796356059594024,TRUE,TRUE,0.0416666666666666
20,1001,"National Issues Convention","nic1.t1att9","20:9544502::nic1.t1att9","9544502","20:9544502",0.636363636363636,0.769230769230769,0.393122696553448,0.330112645886762,11,13,9,0.722222222222222,0.833333333333333,0.363241578628389,0.25,0.132867132867133,0.0630100506666859,TRUE,TRUE,0.132867132867133,0.111111111111111,0.113241578628389,TRUE,TRUE,0.111111111111111
20,1001,"National Issues Convention","nic1.t1att9","20:9544503::nic1.t1att9","9544503","20:9544503",0.892857142857143,0.807692307692308,0.21290765681316,0.325221817793995,14,13,10,0.85,0.8,0.241522945769824,0.349602949390051,-0.0851648351648352,-0.112314160980835,FALSE,FALSE,-0.0851648351648352,-0.0499999999999999,-0.108080003620227,FALSE,FALSE,-0.0499999999999999
20,1001,"National Issues Convention","nic1.t1att9","20:9544504::nic1.t1att9","9544504","20:9544504",0.666666666666667,0.533333333333333,0.408248290463863,0.39940431835899,15,15,14,0.642857142857143,0.535714285714286,0.412710152927778,0.414370965082372,-0.133333333333333,0.00884397210487287,FALSE,TRUE,-0.133333333333333,-0.107142857142857,-0.00166081215459396,FALSE,FALSE,-0.107142857142857
20,1001,"National Issues Convention","nic1.t1att9","20:9544505::nic1.t1att9","9544505","20:9544505",0.727272727272727,0.666666666666667,0.343775825476164,0.353553390593274,11,9,9,0.666666666666667,0.666666666666667,0.353553390593274,0.353553390593274,-0.0606060606060607,-0.00977756511710948,FALSE,FALSE,-0.0606060606060607,0,0,FALSE,FALSE,0
20,1001,"National Issues Convention","nic1.t1att9","20:9544506::nic1.t1att9","9544506","20:9544506",0.735294117647059,0.678571428571429,0.35871502698972,0.316661846888325,17,14,13,0.692307692307692,0.692307692307692,0.383973823894152,0.325221817793995,-0.0567226890756303,0.0420531801013941,FALSE,TRUE,-0.0567226890756303,0,0.0587520061001568,FALSE,TRUE,0
20,1001,"National Issues Convention","nic1.t1att9","20:9544507::nic1.t1att9","9544507","20:9544507",0.678571428571429,0.666666666666667,0.420948693070548,0.433012701892219,14,9,9,0.611111111111111,0.666666666666667,0.416666666666667,0.433012701892219,-0.011904761904762,-0.0120640088216716,FALSE,FALSE,-0.011904761904762,0.0555555555555555,-0.0163460352255527,TRUE,FALSE,0.0555555555555555
20,1001,"National Issues Convention","nic1.t1att9","20:9544508::nic1.t1att9","9544508","20:9544508",0.647058823529412,0.678571428571429,0.293933766048628,0.248622579049423,17,14,14,0.607142857142857,0.678571428571429,0.28946711176092,0.248622579049423,0.0315126050420168,0.0453111869992043,TRUE,TRUE,0.0315126050420168,0.0714285714285715,0.0408445327114963,TRUE,TRUE,0.0714285714285715
20,1001,"National Issues Convention","nic1.t1att9","20:9544509::nic1.t1att9","9544509","20:9544509",0.6875,0.714285714285714,0.309569593683445,0.256776295506548,16,14,12,0.75,0.708333333333333,0.337099931231621,0.257464325272219,0.0267857142857143,0.0527932981768974,TRUE,TRUE,0.0267857142857143,-0.0416666666666666,0.0796356059594024,FALSE,TRUE,-0.0416666666666666
20,1001,"National Issues Convention","nic1.t1att9","20:9544510::nic1.t1att9","9544510","20:9544510",0.615384615384615,0.636363636363636,0.416025147168922,0.393122696553448,13,11,11,0.636363636363636,0.636363636363636,0.393122696553448,0.393122696553448,0.0209790209790209,0.0229024506154735,TRUE,TRUE,0.0209790209790209,0,-5.55111512312578e-17,FALSE,FALSE,0
20,1001,"National Issues Convention","nic1.t1att9","20:9544511::nic1.t1att9","9544511","20:9544511",0.576923076923077,0.642857142857143,0.344368615860597,0.305624922751063,13,14,11,0.5,0.636363636363636,0.316227766016838,0.323334895341432,0.065934065934066,0.038743693109534,TRUE,TRUE,0.065934065934066,NA,-0.00710712932459373,NA,FALSE,0.136363636363636
20,1001,"National Issues Convention","nic1.t1att9","20:9544512::nic1.t1att9","9544512","20:9544512",0.666666666666667,0.533333333333333,0.342997170285018,0.296808419852332,18,15,15,0.666666666666667,0.533333333333333,0.308606699924184,0.296808419852332,-0.133333333333333,0.0461887504326858,FALSE,TRUE,-0.133333333333333,-0.133333333333333,0.011798280071852,FALSE,TRUE,-0.133333333333333
20,1001,"National Issues Convention","nic1.t1att9","20:9544513::nic1.t1att9","9544513","20:9544513",0.766666666666667,0.821428571428571,0.319970236711092,0.248622579049423,15,14,13,0.769230769230769,0.807692307692308,0.330112645886762,0.253184841770917,0.0547619047619047,0.0713476576616688,TRUE,TRUE,0.0547619047619047,0.0384615384615384,0.0769278041158457,TRUE,TRUE,0.0384615384615384
20,1001,"National Issues Convention","nic1.t1att9","20:9544514::nic1.t1att9","9544514","20:9544514",0.625,0.615384615384615,0.482653649581711,0.299572344757639,12,13,11,0.590909090909091,0.636363636363636,0.490824908607021,0.323334895341432,-0.00961538461538458,0.183081304824072,FALSE,TRUE,-0.00961538461538458,0.0454545454545454,0.16749001326559,TRUE,TRUE,0.0454545454545454
20,1001,"National Issues Convention","nic1.t1att9","20:9544515::nic1.t1att9","9544515","20:9544515",0.769230769230769,0.791666666666667,0.330112645886762,0.257464325272219,13,12,12,0.833333333333333,0.791666666666667,0.246182981958665,0.257464325272219,0.0224358974358974,0.0726483206145437,TRUE,TRUE,0.0224358974358974,-0.0416666666666667,-0.0112813433135532,FALSE,FALSE,-0.0416666666666667
20,1001,"National Issues Convention","nic1.t1att9","20:9544516::nic1.t1att9","9544516","20:9544516",0.714285714285714,0.75,0.323103086329432,0.261116483933547,14,12,11,0.772727272727273,0.727272727272727,0.261116483933547,0.261116483933547,0.0357142857142857,0.0619866023958853,TRUE,TRUE,0.0357142857142857,-0.0454545454545454,0,FALSE,FALSE,-0.0454545454545454
20,1001,"National Issues Convention","nic1.t1att9","20:9544517::nic1.t1att9","9544517","20:9544517",0.607142857142857,0.666666666666667,0.349646603376534,0.389249472080761,14,12,12,0.583333333333333,0.666666666666667,0.358870281282637,0.389249472080761,0.0595238095238095,-0.0396028687042275,TRUE,FALSE,0.0595238095238095,0.0833333333333333,-0.0303791907981247,TRUE,FALSE,0.0833333333333333
20,1001,"National Issues Convention","nic1.t1att9","20:9544518::nic1.t1att9","9544518","20:9544518",0.676470588235294,0.607142857142857,0.303169531295416,0.28946711176092,17,14,14,0.607142857142857,0.607142857142857,0.28946711176092,0.28946711176092,-0.0693277310924371,0.0137024195344965,FALSE,TRUE,-0.0693277310924371,0,0,FALSE,FALSE,0
20,1001,"National Issues Convention","nic1.t1att9","20:9544519::nic1.t1att9","9544519","20:9544519",0.633333333333333,0.833333333333333,0.39940431835899,0.353553390593274,15,9,9,0.722222222222222,0.833333333333333,0.363241578628389,0.353553390593274,0.2,0.0458509277657163,TRUE,TRUE,0.2,0.111111111111111,0.00968818803511567,TRUE,TRUE,0.111111111111111
20,1001,"National Issues Convention","nic1.t1att9","20:9544520::nic1.t1att9","9544520","20:9544520",0.576923076923077,0.625,0.400320384512718,0.231455024943138,13,8,8,0.625,0.625,0.353553390593274,0.231455024943138,0.0480769230769231,0.16886535956958,TRUE,TRUE,0.0480769230769231,0,0.122098365650136,FALSE,TRUE,0
20,1001,"National Issues Convention","nic1.t1att9","20:9544521::nic1.t1att9","9544521","20:9544521",0.566666666666667,0.6,0.319970236711092,0.280305955290694,15,15,14,0.571428571428571,0.571428571428571,0.331496772065898,0.267261241912424,0.0333333333333333,0.0396642814203981,TRUE,TRUE,0.0333333333333333,0,0.0642355301534735,FALSE,TRUE,0
20,1001,"National Issues Convention","nic1.t1att9","20:9544522::nic1.t1att9","9544522","20:9544522",0.807692307692308,0.666666666666667,0.253184841770917,0.389249472080761,13,12,12,0.791666666666667,0.666666666666667,0.257464325272219,0.389249472080761,-0.141025641025641,-0.136064630309845,FALSE,FALSE,-0.141025641025641,-0.125,-0.131785146808543,FALSE,FALSE,-0.125
20,1001,"National Issues Convention","nic1.t1att9","20:9544523::nic1.t1att9","9544523","20:9544523",0.6,0.636363636363636,0.316227766016838,0.393122696553448,10,11,10,0.6,0.6,0.316227766016838,0.394405318873308,0.0363636363636364,-0.0768949305366103,TRUE,FALSE,0.0363636363636364,0,-0.0781775528564698,FALSE,FALSE,0
20,1001,"National Issues Convention","nic1.t1att9","20:9544524::nic1.t1att9","9544524","20:9544524",0.633333333333333,0.633333333333333,0.351865775274498,0.351865775274498,15,15,13,0.615384615384615,0.615384615384615,0.362505526040992,0.362505526040992,0,0,FALSE,FALSE,0,0,0,FALSE,FALSE,0
20,1001,"National Issues Convention","nic1.t1att9","20:9544525::nic1.t1att9","9544525","20:9544525",0.75,0.583333333333333,0.325221817793995,0.417423554968361,14,12,11,0.681818181818182,0.545454545454545,0.337099931231621,0.415604707296817,-0.166666666666667,-0.0922017371743655,FALSE,FALSE,-0.166666666666667,-0.136363636363636,-0.0785047760651957,FALSE,FALSE,-0.136363636363636
20,1001,"National Issues Convention","nic1.t1att9","20:9544526::nic1.t1att9","9544526","20:9544526",0.705882352941177,0.653846153846154,0.397603112782229,0.427425207132555,17,13,13,0.653846153846154,0.653846153846154,0.427425207132555,0.427425207132555,-0.0520361990950227,-0.0298220943503266,FALSE,FALSE,-0.0520361990950227,0,-5.55111512312578e-17,FALSE,FALSE,0
20,1001,"National Issues Convention","nic1.t1att9","20:9544527::nic1.t1att9","9544527","20:9544527",0.722222222222222,0.666666666666667,0.363241578628389,0.353553390593274,9,9,7,0.714285714285714,0.642857142857143,0.393397896234722,0.377964473009227,-0.0555555555555556,0.00968818803511567,FALSE,TRUE,-0.0555555555555556,-0.0714285714285714,0.0154334232254943,FALSE,TRUE,-0.0714285714285714
20,1001,"National Issues Convention","nic1.t1att9","20:9544528::nic1.t1att9","9544528","20:9544528",0.807692307692308,0.714285714285714,0.253184841770917,0.323103086329432,13,14,12,0.791666666666667,0.791666666666667,0.257464325272219,0.257464325272219,-0.0934065934065934,-0.0699182445585154,FALSE,FALSE,-0.0934065934065934,0,0,FALSE,FALSE,0
20,1001,"National Issues Convention","nic1.t1att9","20:9544529::nic1.t1att9","9544529","20:9544529",0.75,0.590909090909091,0.337099931231621,0.375378596764774,12,11,10,0.7,0.6,0.349602949390051,0.394405318873308,-0.159090909090909,-0.0382786655331532,FALSE,FALSE,-0.159090909090909,-0.1,-0.0448023694832572,FALSE,FALSE,-0.1
20,1001,"National Issues Convention","nic1.t1att9","20:9544530::nic1.t1att9","9544530","20:9544530",0.678571428571429,0.571428571428571,0.316661846888325,0.385164443259822,14,14,13,0.653846153846154,0.576923076923077,0.315212585978058,0.400320384512718,-0.107142857142857,-0.0685025963714961,FALSE,FALSE,-0.107142857142857,-0.076923076923077,-0.0851077985346602,FALSE,FALSE,-0.076923076923077
15,94,"By The People 2004 US General Election","btp04.w4b42","15:9401::btp04.w4b42","9401","15:9401",0.591666500270367,0.579365718932379,0.31749637629673,0.27698279843349,20,21,20,0.591666500270367,0.583334004878998,0.31749637629673,0.283565229602626,-0.0123007813379878,0.0405135778632399,FALSE,TRUE,-0.0123007813379878,-0.00833249539136893,0.0339311466941038,FALSE,TRUE,-0.00833249539136893
15,94,"By The People 2004 US General Election","btp04.w4b42","15:9402::btp04.w4b42","9402","15:9402",0.460000401735306,0.466667602062225,0.255856923574121,0.292656449673355,25,25,24,0.45833375180761,0.465278752148151,0.261221190214316,0.29886668530064,-0.00666720032691959,-0.0367995260992338,FALSE,FALSE,-0.00666720032691959,-0.00694500034054119,-0.0376454950863238,FALSE,FALSE,-0.00694500034054119
15,94,"By The People 2004 US General Election","btp04.w4b42","15:9403::btp04.w4b42","9403","15:9403",0.587302386760712,0.659090913154862,0.276982828193802,0.208784032959652,21,22,21,0.587302386760712,0.642857147114617,0.276982828193802,0.199205042223636,0.0717885263941505,0.0681987952341504,TRUE,TRUE,0.0717885263941505,0.0555547603539058,0.0777777859701661,TRUE,TRUE,0.0555547603539058
15,94,"By The People 2004 US General Election","btp04.w4b42","15:9404::btp04.w4b42","9404","15:9404",0.549019999363843,0.58823470508351,0.362114516440929,0.289381511959836,17,17,17,0.549019999363843,0.58823470508351,0.362114516440929,0.289381511959836,0.0392147057196673,0.072733004481093,TRUE,TRUE,0.0392147057196673,0.0392147057196673,0.072733004481093,TRUE,TRUE,0.0392147057196673
15,94,"By The People 2004 US General Election","btp04.w4b42","15:9405::btp04.w4b42","9405","15:9405",0.611110835025708,0.624999163051446,0.25379588284438,0.279102724221169,24,24,24,0.611110835025708,0.624999163051446,0.25379588284438,0.279102724221169,0.0138883280257385,-0.0253068413767892,TRUE,FALSE,0.0138883280257385,0.0138883280257385,-0.0253068413767892,TRUE,FALSE,0.0138883280257385
15,94,"By The People 2004 US General Election","btp04.w4b42","15:9406::btp04.w4b42","9406","15:9406",0.491666504740715,0.484127148276284,0.212717580937796,0.235140880378217,20,21,20,0.491666504740715,0.483333505690098,0.212717580937796,0.241220594358198,0.00753935646443143,-0.0224232994404212,TRUE,FALSE,0.00753935646443143,0.00833299905061724,-0.0285030134204022,TRUE,FALSE,0.00833299905061724
15,94,"By The People 2004 US General Election","btp04.w4b42","15:9407::btp04.w4b42","9407","15:9407",0.531746669894173,0.557971741842187,0.250659864103028,0.286957748583274,21,23,21,0.531746669894173,0.56349286153203,0.250659864103028,0.281247678751919,0.0262250719480139,-0.0362978844802457,TRUE,FALSE,0.0262250719480139,0.0317461916378565,-0.0305878146488915,TRUE,FALSE,0.0317461916378565
15,94,"By The People 2004 US General Election","btp04.w4b42","15:9408::btp04.w4b42","9408","15:9408",0.600000005960464,0.433331996202469,0.434614132929683,0.302764201187417,5,5,5,0.600000005960464,0.433331996202469,0.434614132929683,0.302764201187417,-0.166668009757996,0.131849931742266,FALSE,TRUE,-0.0333320021629333,-0.166668009757996,0.131849931742266,FALSE,TRUE,-0.0333320021629333
15,94,"By The People 2004 US General Election","btp04.w4b42","15:9409::btp04.w4b42","9409","15:9409",0.42222333351771,0.388889332612356,0.28775632780086,0.293220711342094,15,15,14,0.416667857340404,0.380952856370381,0.297782905226302,0.302612978299677,0.0333340009053548,-0.00546438354123369,TRUE,FALSE,0.0333340009053548,0.035715000970023,-0.00483007307337524,TRUE,FALSE,0.035715000970023
15,94,"By The People 2004 US General Election","btp04.w4b42","15:9410::btp04.w4b42","9410","15:9410",0.66666537294021,0.653846153846154,0.296583938794406,0.172957365005002,13,13,13,0.66666537294021,0.653846153846154,0.296583938794406,0.172957365005002,-0.0128192190940564,0.123626573789404,FALSE,TRUE,-0.0128192190940564,-0.0128192190940564,0.123626573789404,FALSE,TRUE,-0.0128192190940564
15,94,"By The People 2004 US General Election","btp04.w4b42","15:9411::btp04.w4b42","9411","15:9411",0.558823529411765,0.558822942130706,0.305852043396456,0.311477311149461,17,17,17,0.558823529411765,0.558822942130706,0.305852043396456,0.311477311149461,-5.87281058783695e-07,-0.00562526775300581,FALSE,FALSE,-5.87281058783695e-07,-5.87281058783695e-07,-0.00562526775300581,FALSE,FALSE,-5.87281058783695e-07
15,94,"By The People 2004 US General Election","btp04.w4b42","15:9412::btp04.w4b42","9412","15:9412",0.333332497626543,0.333332497626543,0.308605922763992,0.308605922763992,8,8,7,0.333332853657859,0.333332853657859,0.333332493902612,0.333332493902612,0,0,FALSE,FALSE,0,0,0,FALSE,FALSE,0
15,94,"By The People 2004 US General Election","btp04.w4b42","15:9413::btp04.w4b42","9413","15:9413",0.41666667163372,0.547620006969997,0.229735118094615,0.230021625029739,6,7,6,0.41666667163372,0.55555667479833,0.229735118094615,0.250923924186915,-0.130953335336277,-0.000286506935124109,FALSE,FALSE,-0.0357133213962827,-0.138890003164609,-0.0211888060923007,FALSE,FALSE,-0.0277766535679499
15,94,"By The People 2004 US General Election","btp04.w4b42","15:9414::btp04.w4b42","9414","15:9414",0.564103850951562,0.43589769418423,0.210140640852313,0.308359079496786,13,13,13,0.564103850951562,0.43589769418423,0.210140640852313,0.308359079496786,-0.128206156767332,-0.0982184386444728,FALSE,FALSE,-1.54513579153637e-06,-0.128206156767332,-0.0982184386444728,FALSE,FALSE,-1.54513579153637e-06
15,94,"By The People 2004 US General Election","btp04.w4b42","15:9415::btp04.w4b42","9415","15:9415",0.530302722345699,0.590909093618393,0.331813408748411,0.272474627651636,11,11,11,0.530302722345699,0.590909093618393,0.331813408748411,0.272474627651636,0.060606371272694,0.0593387810967744,TRUE,TRUE,0.060606371272694,0.060606371272694,0.0593387810967744,TRUE,TRUE,0.060606371272694
15,94,"By The People 2004 US General Election","btp04.w4b45","15:9401::btp04.w4b45","9401","15:9401",0.706349526132856,0.722222379275731,0.376034468993821,0.342916843669927,21,21,21,0.706349526132856,0.722222379275731,0.376034468993821,0.342916843669927,0.0158728531428746,0.0331176253238947,TRUE,TRUE,0.0158728531428746,0.0158728531428746,0.0331176253238947,TRUE,TRUE,0.0158728531428746
15,94,"By The People 2004 US General Election","btp04.w4b45","15:9402::btp04.w4b45","9402","15:9402",0.536231740661289,0.525640768500475,0.292828705848735,0.315144175423049,23,26,23,0.536231740661289,0.521738692470219,0.292828705848735,0.330686898632644,-0.0105909721608146,-0.0223154695743134,FALSE,FALSE,-0.0105909721608146,-0.0144930481910706,-0.037858192783909,FALSE,FALSE,-0.0144930481910706
15,94,"By The People 2004 US General Election","btp04.w4b45","15:9403::btp04.w4b45","9403","15:9403",0.674998995661735,0.716665993630886,0.317496442949606,0.259890795727766,20,20,19,0.684209469117616,0.745613151475003,0.323439790235836,0.231529320007973,0.0416669979691506,0.0576056472218395,TRUE,TRUE,0.0416669979691506,0.0614036823573865,0.0919104702278631,TRUE,TRUE,0.0614036823573865
15,94,"By The People 2004 US General Election","btp04.w4b45","15:9404::btp04.w4b45","9404","15:9404",0.645833121612668,0.566666666666667,0.332637256579346,0.313707347874242,16,15,14,0.654761422957693,0.595237857529095,0.354845111084122,0.304624167258308,-0.0791664549460014,0.018929908705104,FALSE,TRUE,-0.0791664549460014,-0.0595235654285975,0.0502209438258142,FALSE,TRUE,-0.0595235654285975
15,94,"By The People 2004 US General Election","btp04.w4b45","15:9405::btp04.w4b45","9405","15:9405",0.666666361418637,0.695651300575422,0.356347874525417,0.295813012245052,22,23,22,0.666666361418637,0.71212045035579,0.356347874525417,0.291782175447451,0.0289849391567849,0.0605348622803643,TRUE,TRUE,0.0289849391567849,0.0454540889371525,0.0645656990779654,TRUE,TRUE,0.0454540889371525
15,94,"By The People 2004 US General Election","btp04.w4b45","15:9406::btp04.w4b45","9406","15:9406",0.674242726781151,0.608332997560501,0.279251788639606,0.277176685585668,22,20,20,0.650000500679016,0.608332997560501,0.280453817035489,0.277176685585668,-0.0659097292206504,0.00207510305393843,FALSE,TRUE,-0.0659097292206504,-0.0416675031185151,0.00327713144982167,FALSE,TRUE,-0.0416675031185151
15,94,"By The People 2004 US General Election","btp04.w4b45","15:9407::btp04.w4b45","9407","15:9407",0.615941300340321,0.621211818673394,0.299134404142796,0.305079338792148,23,22,22,0.621211359446699,0.621211818673394,0.305079007385267,0.305079338792148,0.00527051833307313,-0.00594493464935208,TRUE,FALSE,0.00527051833307313,4.59226695004311e-07,-3.31406881048935e-07,TRUE,FALSE,4.59226695004311e-07
15,94,"By The People 2004 US General Election","btp04.w4b45","15:9408::btp04.w4b45","9408","15:9408",0.666667498648167,0.583335004746914,0.360039091280826,0.346943269844897,4,4,4,0.666667498648167,0.583335004746914,0.360039091280826,0.346943269844897,-0.0833324939012527,0.0130958214359297,FALSE,TRUE,-0.0833324939012527,-0.0833324939012527,0.0130958214359297,FALSE,TRUE,-0.0833324939012527
15,94,"By The People 2004 US General Election","btp04.w4b45","15:9409::btp04.w4b45","9409","15:9409",0.455555335680644,0.47777733206749,0.298585428866645,0.320382712406567,15,15,15,0.455555335680644,0.47777733206749,0.298585428866645,0.320382712406567,-0.0222219963868459,-0.0217972835399223,FALSE,FALSE,-0.0222219963868459,-0.0222219963868459,-0.0217972835399223,FALSE,FALSE,-0.0222219963868459
15,94,"By The People 2004 US General Election","btp04.w4b45","15:9410::btp04.w4b45","9410","15:9410",0.738095713513238,0.702380712543215,0.290255475123396,0.254686628248582,14,14,14,0.738095713513238,0.702380712543215,0.290255475123396,0.254686628248582,-0.035715000970023,0.0355688468748136,FALSE,TRUE,-0.035715000970023,-0.035715000970023,0.0355688468748136,FALSE,TRUE,-0.035715000970023
15,94,"By The People 2004 US General Election","btp04.w4b45","15:9411::btp04.w4b45","9411","15:9411",0.599999332427979,0.544444006681442,0.319970083260836,0.263273027750376,15,15,15,0.599999332427979,0.544444006681442,0.319970083260836,0.263273027750376,-0.0555553257465363,0.05669705551046,FALSE,TRUE,-0.0555553257465363,-0.0555553257465363,0.05669705551046,FALSE,TRUE,-0.0555553257465363
15,94,"By The People 2004 US General Election","btp04.w4b45","15:9412::btp04.w4b45","9412","15:9412",0.499999993377262,0.395833753049374,0.408246755940227,0.344313358233034,9,8,8,0.458333745598793,0.395833753049374,0.415473193772097,0.344313358233034,0.104166240327888,0.0639333977071927,TRUE,TRUE,0.104166240327888,0.0624999925494194,0.0711598355390632,TRUE,TRUE,0.0624999925494194
15,94,"By The People 2004 US General Election","btp04.w4b45","15:9413::btp04.w4b45","9413","15:9413",0.75,0.749999995032946,0.390867693642916,0.311802998610185,6,6,6,0.75,0.749999995032946,0.390867693642916,0.311802998610185,-4.96705376828999e-09,0.0790646950327315,FALSE,TRUE,-4.96705376828999e-09,-4.96705376828999e-09,0.0790646950327315,FALSE,TRUE,-4.96705376828999e-09
15,94,"By The People 2004 US General Election","btp04.w4b45","15:9414::btp04.w4b45","9414","15:9414",0.538460772771102,0.499999282615525,0.341252593536541,0.313512629063345,13,14,13,0.538460772771102,0.499999227432104,0.341252593536541,0.32631429016213,-0.0384614901555763,0.0277399644731962,FALSE,TRUE,-0.0384600553866271,-0.0384615453389975,0.0149383033744105,FALSE,TRUE,-0.0384600002032059
15,94,"By The People 2004 US General Election","btp04.w4b45","15:9415::btp04.w4b45","9415","15:9415",0.4999990016222,0.566667005419731,0.283279295033336,0.274424560512739,10,10,10,0.4999990016222,0.566667005419731,0.283279295033336,0.274424560512739,-0.0666680037975311,0.00885473452059676,FALSE,TRUE,0.0666660070419312,-0.0666680037975311,0.00885473452059676,FALSE,TRUE,0.0666660070419312
15,94,"By The People 2004 US General Election","btp04.w4b48","15:9401::btp04.w4b48","9401","15:9401",0.75438631992591,0.714286192542031,0.210586916821572,0.242341809811244,19,21,19,0.75438631992591,0.745614211810263,0.210586916821572,0.217791031966694,-0.0401001273838798,-0.0317548929896721,FALSE,FALSE,-0.0401001273838798,-0.00877210811564799,-0.00720411514512212,FALSE,FALSE,-0.00877210811564799
15,94,"By The People 2004 US General Election","btp04.w4b48","15:9402::btp04.w4b48","9402","15:9402",0.590277922650178,0.532051927768267,0.273549207304555,0.30557476692468,24,26,24,0.590277922650178,0.513889588415623,0.273549207304555,0.302631849558782,-0.0582259948819112,-0.0320255596201249,FALSE,FALSE,-0.0582259948819112,-0.0763883342345556,-0.0290826422542274,FALSE,FALSE,-0.0763883342345556
15,94,"By The People 2004 US General Election","btp04.w4b48","15:9403::btp04.w4b48","9403","15:9403",0.658332999050617,0.68939363414591,0.288548075556892,0.23171387663615,20,22,20,0.658332999050617,0.708332999050617,0.288548075556892,0.208552160399733,0.0310606350952928,0.0568341989207415,TRUE,TRUE,0.0310606350952928,0.0499999999999999,0.079995915157159,TRUE,TRUE,0.0499999999999999
15,94,"By The People 2004 US General Election","btp04.w4b48","15:9404::btp04.w4b48","9404","15:9404",0.696078824646333,0.687500631436706,0.222323170624101,0.284637600733152,17,16,16,0.708333751186728,0.687500631436706,0.223605551224292,0.284637600733152,-0.00857819320962705,-0.0623144301090507,FALSE,FALSE,-0.00857819320962705,-0.0208331197500229,-0.0610320495088593,FALSE,FALSE,-0.0208331197500229
15,94,"By The People 2004 US General Election","btp04.w4b48","15:9405::btp04.w4b48","9405","15:9405",0.644926954870639,0.727272728627378,0.315045117795677,0.2650018160669,23,22,22,0.651514543728395,0.727272728627378,0.32083350050636,0.2650018160669,0.0823457737567396,0.0500433017287776,TRUE,TRUE,0.0823457737567396,0.0757581848989833,0.0558316844394605,TRUE,TRUE,0.0757581848989833
15,94,"By The People 2004 US General Election","btp04.w4b48","15:9406::btp04.w4b48","9406","15:9406",0.746030946572622,0.682539521228699,0.233445892199105,0.203473741930425,21,21,21,0.746030946572622,0.682539521228699,0.233445892199105,0.203473741930425,-0.0634914253439223,0.0299721502686799,FALSE,TRUE,-0.0634914253439223,-0.0634914253439223,0.0299721502686799,FALSE,TRUE,-0.0634914253439223
15,94,"By The People 2004 US General Election","btp04.w4b48","15:9407::btp04.w4b48","9407","15:9407",0.608696088842724,0.507576368071816,0.278018676726586,0.259615453434302,23,22,22,0.590909547426484,0.507576368071816,0.270836250588057,0.259615453434302,-0.101119720770907,0.0184032232922842,FALSE,TRUE,-0.101119720770907,-0.0833331793546677,0.0112207971537545,FALSE,TRUE,-0.0833331793546677
15,94,"By The People 2004 US General Election","btp04.w4b48","15:9408::btp04.w4b48","9408","15:9408",0.666668003797531,0.533331996202469,0.353552213996536,0.361324099510679,5,5,5,0.666668003797531,0.533331996202469,0.353552213996536,0.361324099510679,-0.133336007595062,-0.00777188551414321,FALSE,FALSE,-0.133336007595062,-0.133336007595062,-0.00777188551414321,FALSE,FALSE,-0.133336007595062
15,94,"By The People 2004 US General Election","btp04.w4b48","15:9409::btp04.w4b48","9409","15:9409",0.544443333148956,0.611110669374466,0.324078013356695,0.34884578919315,15,15,15,0.544443333148956,0.611110669374466,0.324078013356695,0.34884578919315,0.0666673362255096,-0.0247677758364546,TRUE,FALSE,0.0666673362255096,0.0666673362255096,-0.0247677758364546,TRUE,FALSE,0.0666673362255096
15,94,"By The People 2004 US General Election","btp04.w4b48","15:9410::btp04.w4b48","9410","15:9410",0.750000839432081,0.794871536585001,0.207193239658757,0.181987243485827,12,13,12,0.750000839432081,0.777777497967084,0.207193239658757,0.178846841820436,0.0448706971529202,0.0252059961729306,TRUE,TRUE,0.0448706971529202,0.0277766585350037,0.0283463978383209,TRUE,TRUE,0.0277766585350037
15,94,"By The People 2004 US General Election","btp04.w4b48","15:9411::btp04.w4b48","9411","15:9411",0.666665325562159,0.617647060576607,0.274584240094127,0.2932378256224,15,17,15,0.666665325562159,0.588888667027156,0.274584240094127,0.294571366413693,-0.049018264985552,-0.0186535855282726,FALSE,FALSE,-0.049018264985552,-0.0777766585350036,-0.0199871263195659,FALSE,FALSE,-0.0777766585350036
15,94,"By The People 2004 US General Election","btp04.w4b48","15:9412::btp04.w4b48","9412","15:9412",0.666667506098747,0.50000000372529,0.321207790546115,0.281718649955525,8,8,7,0.619048578398568,0.500000004257475,0.314970269902569,0.304290920044548,-0.166667502373457,0.0394891405905898,FALSE,TRUE,-0.166667502373457,-0.119048574141094,0.0106793498580212,FALSE,TRUE,-0.119048574141094
15,94,"By The People 2004 US General Election","btp04.w4b48","15:9413::btp04.w4b48","9413","15:9413",0.472223336497943,0.500001668930054,0.323464468196188,0.316226716779218,6,6,6,0.472223336497943,0.500001668930054,0.323464468196188,0.316226716779218,-0.0277783324321111,0.0072377514169692,FALSE,TRUE,-0.0277749945720037,-0.0277783324321111,0.0072377514169692,FALSE,TRUE,-0.0277749945720037
15,94,"By The People 2004 US General Election","btp04.w4b48","15:9414::btp04.w4b48","9414","15:9414",0.69047571505819,0.666666927245947,0.234403844616676,0.272165354121962,14,13,13,0.692306922032283,0.666666927245947,0.243871005309724,0.272165354121962,-0.0238087878122435,-0.0377615095052861,FALSE,FALSE,-0.0238087878122435,-0.0256399947863359,-0.0282943488122378,FALSE,FALSE,-0.0256399947863359
15,94,"By The People 2004 US General Election","btp04.w4b48","15:9415::btp04.w4b48","9415","15:9415",0.550001004338264,0.651514543728395,0.272731294600705,0.20350431752133,10,11,10,0.550001004338264,0.649998995661736,0.272731294600705,0.21444694113115,0.10151353939013,0.0692269770793752,TRUE,TRUE,0.10151353939013,0.0999979913234711,0.0582843534695547,TRUE,TRUE,0.0999979913234711
15,94,"By The People 2004 US General Election","btp04.w4b51","15:9401::btp04.w4b51","9401","15:9401",0.5,0.452380950961794,0.302764484190832,0.294121557627658,21,21,21,0.5,0.452380950961794,0.302764484190832,0.294121557627658,NA,0.00864292656317417,NA,TRUE,0.0476190490382059,NA,0.00864292656317417,NA,TRUE,0.0476190490382059
15,94,"By The People 2004 US General Election","btp04.w4b51","15:9402::btp04.w4b51","9402","15:9402",0.458332917342583,0.513333603143692,0.303959079090794,0.276049917090885,24,25,23,0.449274782253348,0.507246524095535,0.30746058909934,0.286383667492776,-0.0550006858011087,0.027909161999909,FALSE,TRUE,-0.0283334795137247,-0.057971741842187,0.0210769216065636,FALSE,TRUE,-0.0434786936511164
15,94,"By The People 2004 US General Election","btp04.w4b51","15:9403::btp04.w4b51","9403","15:9403",0.500000476837158,0.568182274699211,0.357459632031725,0.383726597181623,21,22,21,0.500000476837158,0.571429049684888,0.357459632031725,0.392892983774795,0.0681817978620529,-0.0262669651498983,TRUE,FALSE,0.0681817978620529,0.0714285728477296,-0.03543335174307,TRUE,FALSE,0.0714285728477296
15,94,"By The People 2004 US General Election","btp04.w4b51","15:9404::btp04.w4b51","9404","15:9404",0.509804708116195,0.562500631436706,0.314413383206217,0.315495011189795,17,16,16,0.531250627711415,0.562500631436706,0.311618584974799,0.315495011189795,0.0526959233205108,-0.00108162798357847,TRUE,FALSE,0.0526959233205108,0.0312500037252903,-0.00387642621499606,TRUE,FALSE,0.0312500037252903
15,94,"By The People 2004 US General Election","btp04.w4b51","15:9405::btp04.w4b51","9405","15:9405",0.63768042947935,0.618055415650209,0.332012440660623,0.275746679770854,23,24,23,0.63768042947935,0.608695652173913,0.332012440660623,0.278018579102808,-0.0196250138291414,0.0562657608897696,FALSE,TRUE,-0.0196250138291414,-0.0289847773054371,0.0539938615578158,FALSE,TRUE,-0.0289847773054371
15,94,"By The People 2004 US General Election","btp04.w4b51","15:9406::btp04.w4b51","9406","15:9406",0.619048098723094,0.563491428182239,0.303419374274501,0.309462616651755,21,21,21,0.619048098723094,0.563491428182239,0.303419374274501,0.309462616651755,-0.055556670540855,-0.00604324237725451,FALSE,FALSE,-0.055556670540855,-0.055556670540855,-0.00604324237725451,FALSE,FALSE,-0.055556670540855
15,94,"By The People 2004 US General Election","btp04.w4b51","15:9407::btp04.w4b51","9407","15:9407",0.484127622275125,0.492064287265142,0.401056763626042,0.339427849789104,21,21,21,0.484127622275125,0.492064287265142,0.401056763626042,0.339427849789104,-0.00793666499001644,0.061628913836938,FALSE,TRUE,-0.00793666499001644,-0.00793666499001644,0.061628913836938,FALSE,TRUE,-0.00793666499001644
15,94,"By The People 2004 US General Election","btp04.w4b51","15:9408::btp04.w4b51","9408","15:9408",0.499999994039536,0.466668003797531,0.390866196674243,0.361324109820787,5,5,5,0.499999994039536,0.466668003797531,0.390866196674243,0.361324109820787,0.0333319902420044,0.0295420868534568,TRUE,TRUE,0.0333319902420044,0.0333319902420044,0.0295420868534568,TRUE,TRUE,0.0333319902420044
15,94,"By The People 2004 US General Election","btp04.w4b51","15:9409::btp04.w4b51","9409","15:9409",0.466666668653488,0.566666668653488,0.322440962302647,0.273135523935515,15,15,15,0.466666668653488,0.566666668653488,0.322440962302647,0.273135523935515,-0.1,0.0493054383671318,FALSE,TRUE,0.0333333373069763,-0.1,0.0493054383671318,FALSE,TRUE,0.0333333373069763
15,94,"By The People 2004 US General Election","btp04.w4b51","15:9410::btp04.w4b51","9410","15:9410",0.461539234106357,0.346154621014228,0.373632199841705,0.276063890920089,13,13,13,0.461539234106357,0.346154621014228,0.373632199841705,0.276063890920089,0.115384613092129,0.0975683089216154,TRUE,TRUE,0.115384613092129,0.115384613092129,0.0975683089216154,TRUE,TRUE,0.115384613092129
15,94,"By The People 2004 US General Election","btp04.w4b51","15:9411::btp04.w4b51","9411","15:9411",0.374999998137355,0.44117706137545,0.3191414395009,0.282235237390577,16,17,16,0.374999998137355,0.427083751186728,0.3191414395009,0.285246402133793,-0.0661770632380948,0.0369062021103232,FALSE,TRUE,-0.0661770632380948,-0.0520837530493736,0.0338950373671068,FALSE,TRUE,-0.0520837530493736
15,94,"By The People 2004 US General Election","btp04.w4b51","15:9412::btp04.w4b51","9412","15:9412",0.375001259148121,0.18749875202775,0.292092692964166,0.20773624122184,8,8,7,0.333334292684283,0.214284288031714,0.288676106764625,0.208926775383844,0.187502507120371,0.084356451742326,TRUE,TRUE,0.187502507120371,0.119050004652568,0.0797493313807805,TRUE,TRUE,0.119050004652568
15,94,"By The People 2004 US General Election","btp04.w4b51","15:9413::btp04.w4b51","9413","15:9413",0.333333992958069,0.583335012197495,0.333331242208872,0.329140804382483,5,6,5,0.333333992958069,0.600002014636993,0.333331242208872,0.365148831450339,-0.250001019239426,0.00419043782638873,FALSE,TRUE,-0.0833309948444366,-0.266668021678925,-0.0318175892414671,FALSE,FALSE,-0.0666639924049377
15,94,"By The People 2004 US General Election","btp04.w4b51","15:9414::btp04.w4b51","9414","15:9414",0.487179226600207,0.452380718929427,0.322471333048193,0.295468814131003,13,14,13,0.487179226600207,0.435896926201307,0.322471333048193,0.300758964216598,0.0347985076707798,0.0270025189171902,TRUE,TRUE,0.0347985076707798,0.0512823003988999,0.0217123688315946,TRUE,TRUE,0.0512823003988999
15,94,"By The People 2004 US General Election","btp04.w4b51","15:9415::btp04.w4b51","9415","15:9415",0.466665998101234,0.43939363414591,0.269887168230545,0.291286795874004,10,11,10,0.466665998101234,0.4,0.269887168230545,0.274423749634481,0.0272723639553243,-0.0213996276434585,TRUE,FALSE,0.0272723639553243,0.0666659981012344,-0.00453658140393604,TRUE,FALSE,0.0666659981012344
15,94,"By The People 2004 US General Election","btp04.w4b54","15:9401::btp04.w4b54","9401","15:9401",0.366665495932102,0.508332495391369,0.299120281346555,0.335409341964415,20,20,19,0.377191574949967,0.508771047780388,0.303487373207746,0.344594449409401,-0.141666999459267,-0.03628906061786,FALSE,FALSE,-0.125002008676529,-0.131579472830421,-0.0411070762016555,FALSE,FALSE,-0.114037377269644
15,94,"By The People 2004 US General Election","btp04.w4b54","15:9402::btp04.w4b54","9402","15:9402",0.4733331990242,0.512819998539411,0.349204904246351,0.364913877871723,25,26,25,0.4733331990242,0.519999598264694,0.349204904246351,0.370559719244895,-0.0394867995152106,-0.0157089736253724,FALSE,FALSE,-0.0138468024363885,-0.0466663992404938,-0.0213548149985446,FALSE,FALSE,-0.00666720271110532
15,94,"By The People 2004 US General Election","btp04.w4b54","15:9403::btp04.w4b54","9403","15:9403",0.340909547426484,0.386363636363636,0.310645643262766,0.322794607279133,22,22,22,0.340909547426484,0.386363636363636,0.310645643262766,0.322794607279133,-0.0454540889371525,-0.0121489640163663,FALSE,FALSE,-0.0454540889371525,-0.0454540889371525,-0.0121489640163663,FALSE,FALSE,-0.0454540889371525
15,94,"By The People 2004 US General Election","btp04.w4b54","15:9404::btp04.w4b54","9404","15:9404",0.362745292046491,0.364583125337958,0.296010336042834,0.305618338987172,17,16,16,0.354166872799397,0.364583125337958,0.303527881357786,0.305618338987172,-0.00183783329146747,-0.00960800294433778,FALSE,FALSE,-0.00183783329146747,-0.0104162525385618,-0.00209045762938526,FALSE,FALSE,-0.0104162525385618
15,94,"By The People 2004 US General Election","btp04.w4b54","15:9405::btp04.w4b54","9405","15:9405",0.25000000372529,0.362319133851839,0.290759795256329,0.300051374082914,24,23,23,0.260869569104651,0.362319133851839,0.292266344368733,0.300051374082914,-0.112319130126549,-0.00929157882658521,FALSE,FALSE,-0.112319130126549,-0.101449564747188,-0.0077850297141816,FALSE,FALSE,-0.101449564747188
15,94,"By The People 2004 US General Election","btp04.w4b54","15:9406::btp04.w4b54","9406","15:9406",0.401515000245788,0.391666497290134,0.369681039594861,0.334536539650226,22,20,20,0.391666500270367,0.391666497290134,0.351583413952708,0.334536539650226,0.00984850295565348,0.0351444999446348,TRUE,TRUE,0.00984850295565348,2.9802322276673e-09,0.0170468743024822,TRUE,TRUE,2.9802322276673e-09
15,94,"By The People 2004 US General Election","btp04.w4b54","15:9407::btp04.w4b54","9407","15:9407",0.396824761515572,0.41666649878025,0.370720471287852,0.35664063530056,21,20,20,0.399999499320984,0.41666649878025,0.380058180683309,0.35664063530056,-0.0198417372646786,0.0140798359872921,FALSE,TRUE,-0.0198417372646786,-0.0166669994592666,0.0234175453827496,FALSE,TRUE,-0.0166669994592666
15,94,"By The People 2004 US General Election","btp04.w4b54","15:9408::btp04.w4b54","9408","15:9408",0.541667506098747,0.583332493901253,0.369559170924194,0.44095791729583,4,4,4,0.541667506098747,0.583332493901253,0.369559170924194,0.44095791729583,0.0416649878025055,-0.0713987463716358,TRUE,FALSE,0.0416649878025055,0.0416649878025055,-0.0713987463716358,TRUE,FALSE,0.0416649878025055
15,94,"By The People 2004 US General Election","btp04.w4b54","15:9409::btp04.w4b54","9409","15:9409",0.455556001265844,0.61110999584198,0.390698486546439,0.312863074044173,15,15,14,0.488095715641975,0.654760709830693,0.383774710655437,0.273191314866883,-0.155553994576136,0.0778354125022656,FALSE,TRUE,0.0666659971078237,-0.166664994188717,0.110583395788555,FALSE,TRUE,0.142856425472668
15,94,"By The People 2004 US General Election","btp04.w4b54","15:9410::btp04.w4b54","9410","15:9410",0.397436928290587,0.371794613508078,0.300759005820408,0.281807250381986,13,13,13,0.397436928290587,0.371794613508078,0.300759005820408,0.281807250381986,0.0256423147825094,0.018951755438422,TRUE,TRUE,0.0256423147825094,0.0256423147825094,0.018951755438422,TRUE,TRUE,0.0256423147825094
15,94,"By The People 2004 US General Election","btp04.w4b54","15:9411::btp04.w4b54","9411","15:9411",0.333333749324083,0.41176529491649,0.370184738425817,0.386928695570878,16,17,16,0.333333749324083,0.43750062584877,0.370184738425817,0.384297928962251,-0.0784315455924062,-0.0167439571450608,FALSE,FALSE,-0.0784315455924062,-0.104166876524687,-0.0141131905364339,FALSE,FALSE,-0.104166876524687
15,94,"By The People 2004 US General Election","btp04.w4b54","15:9412::btp04.w4b54","9412","15:9412",0.541667502373457,0.479166246950626,0.424917826202567,0.421989216197732,8,8,8,0.541667502373457,0.479166246950626,0.424917826202567,0.421989216197732,-0.0625012554228306,0.00292861000483569,FALSE,TRUE,-0.0208337493240833,-0.0625012554228306,0.00292861000483569,FALSE,TRUE,-0.0208337493240833
15,94,"By The People 2004 US General Election","btp04.w4b54","15:9413::btp04.w4b54","9413","15:9413",0.499998565231051,0.595237140144621,0.288674162438317,0.345032544204779,7,7,7,0.499998565231051,0.595237140144621,0.288674162438317,0.345032544204779,-0.0952385749135699,-0.0563583817664619,FALSE,FALSE,0.0952357053756713,-0.0952385749135699,-0.0563583817664619,FALSE,FALSE,0.0952357053756713
15,94,"By The People 2004 US General Election","btp04.w4b54","15:9414::btp04.w4b54","9414","15:9414",0.500000772567896,0.512820000831897,0.346944067998453,0.284324420286852,13,13,12,0.458334170281887,0.513888334234556,0.32663709907958,0.296939917889891,0.0128192282640017,0.0626196477116014,TRUE,TRUE,0.0128192282640017,-0.0555541639526685,0.0296971811896884,FALSE,TRUE,-0.0277774954835573
15,94,"By The People 2004 US General Election","btp04.w4b54","15:9415::btp04.w4b54","9415","15:9415",0.4393945525993,0.515150901946155,0.309774133037983,0.31139781816172,11,11,11,0.4393945525993,0.515150901946155,0.309774133037983,0.31139781816172,-0.0757563493468545,-0.00162368512373706,FALSE,FALSE,-0.0454545454545454,-0.0757563493468545,-0.00162368512373706,FALSE,FALSE,-0.0454545454545454
15,94,"By The People 2004 US General Election","btp04.w4b57","15:9401::btp04.w4b57","9401","15:9401",0.674999497830868,0.708332495391369,0.399103464170993,0.370217987345221,20,20,19,0.657894208243019,0.692981574096178,0.402437253427749,0.37376600722115,0.0333329975605011,0.0288854768257718,TRUE,TRUE,0.0333329975605011,0.035087365853159,0.0286712462065986,TRUE,TRUE,0.035087365853159
15,94,"By The People 2004 US General Election","btp04.w4b57","15:9402::btp04.w4b57","9402","15:9402",0.60416666790843,0.692307306023744,0.407693227622079,0.364210794623425,24,26,24,0.60416666790843,0.680554997175932,0.407693227622079,0.374025731883451,0.0881406381153144,0.0434824329986548,TRUE,TRUE,0.0881406381153144,0.0763883292675018,0.0336674957386285,TRUE,TRUE,0.0763883292675018
15,94,"By The People 2004 US General Election","btp04.w4b57","15:9403::btp04.w4b57","9403","15:9403",0.650794287522634,0.59848454459147,0.376034164556364,0.390560084857212,21,22,21,0.650794287522634,0.603174284810112,0.376034164556364,0.399569750175363,-0.0523097429311637,-0.0145259203008477,FALSE,FALSE,-0.0523097429311637,-0.0476200027125223,-0.0235355856189993,FALSE,FALSE,-0.0476200027125223
15,94,"By The People 2004 US General Election","btp04.w4b57","15:9404::btp04.w4b57","9404","15:9404",0.614583123475313,0.635415619239211,0.450179813507133,0.422596429918809,16,16,16,0.614583123475313,0.635415619239211,0.450179813507133,0.422596429918809,0.0208324957638979,0.027583383588324,TRUE,TRUE,0.0208324957638979,0.0208324957638979,0.027583383588324,TRUE,TRUE,0.0208324957638979
15,94,"By The People 2004 US General Election","btp04.w4b57","15:9405::btp04.w4b57","9405","15:9405",0.652173477670421,0.576388329267502,0.420176423919262,0.386920901128439,23,24,23,0.652173477670421,0.579709560974785,0.420176423919262,0.395266891744247,-0.075785148402919,0.033255522790823,FALSE,TRUE,-0.075785148402919,-0.0724639166956362,0.0249095321750148,FALSE,TRUE,-0.0724639166956362
15,94,"By The People 2004 US General Election","btp04.w4b57","15:9406::btp04.w4b57","9406","15:9406",0.706348566781907,0.73333350121975,0.383350291435772,0.368337389731127,21,20,20,0.699999496340752,0.73333350121975,0.392174667502404,0.368337389731127,0.0269849344378427,0.0150129017046454,TRUE,TRUE,0.0269849344378427,0.0333340048789978,0.0238372777712766,TRUE,TRUE,0.0333340048789978
15,94,"By The People 2004 US General Election","btp04.w4b57","15:9407::btp04.w4b57","9407","15:9407",0.590908634391698,0.48484863882715,0.420151222565369,0.414387776645655,22,22,21,0.571428093172255,0.492063811847142,0.420222737346585,0.423202710805982,-0.106059995564547,0.00576344591971406,FALSE,TRUE,-0.0757572732188485,-0.0793642813251133,-0.00297997345939643,FALSE,FALSE,-0.0634919050193969
15,94,"By The People 2004 US General Election","btp04.w4b57","15:9408::btp04.w4b57","9408","15:9408",0.499999994039536,0.541667498648167,0.424916981639264,0.343590924759116,5,4,4,0.624999992549419,0.541667498648167,0.369557290367935,0.343590924759116,-0.0416675046086311,0.0813260568801481,FALSE,TRUE,0.0416674926877022,-0.0833324939012527,0.0259663656088192,FALSE,TRUE,-0.0833324939012527
15,94,"By The People 2004 US General Election","btp04.w4b57","15:9409::btp04.w4b57","9409","15:9409",0.788888667027156,0.761905003871236,0.305158565033228,0.311559997443478,15,14,14,0.773809286100524,0.761905003871236,0.310824347411171,0.311559997443478,-0.026983663155919,-0.0064014324102501,FALSE,FALSE,-0.026983663155919,-0.0119042822292873,-0.000735650032306856,FALSE,FALSE,-0.0119042822292873
15,94,"By The People 2004 US General Election","btp04.w4b57","15:9410::btp04.w4b57","9410","15:9410",0.564102308108256,0.538461533876566,0.44377624710521,0.425754699096947,13,13,13,0.564102308108256,0.538461533876566,0.44377624710521,0.425754699096947,-0.0256407742316906,0.0180215480082632,FALSE,TRUE,-0.0256407742316906,-0.0256407742316906,0.0180215480082632,FALSE,TRUE,-0.0256407742316906
15,94,"By The People 2004 US General Election","btp04.w4b57","15:9411::btp04.w4b57","9411","15:9411",0.59375,0.519607645623824,0.430196723909709,0.467270052820218,16,17,16,0.59375,0.552083123475313,0.430196723909709,0.462355867575622,-0.0741423543761758,-0.0370733289105087,FALSE,FALSE,-0.0741423543761758,-0.0416668765246868,-0.0321591436659129,FALSE,FALSE,-0.0416668765246868
15,94,"By The People 2004 US General Election","btp04.w4b57","15:9412::btp04.w4b57","9412","15:9412",0.75,0.541666250675917,0.462910049886276,0.501980403079986,8,8,7,0.714285714285714,0.571428571428571,0.487950036474267,0.534522483824849,-0.208333749324083,-0.0390703531937099,FALSE,FALSE,-0.208333749324083,-0.142857142857143,-0.0465724473505822,FALSE,FALSE,-0.142857142857143
15,94,"By The People 2004 US General Election","btp04.w4b57","15:9413::btp04.w4b57","9413","15:9413",0.404761429343905,0.388888334234556,0.449867793489229,0.490653456827217,7,6,6,0.388888334234556,0.388888334234556,0.490653456827217,0.490653456827217,0.0158730951093491,-0.0407856633379877,TRUE,FALSE,0.0158730951093491,0,0,FALSE,FALSE,0
15,94,"By The People 2004 US General Election","btp04.w4b57","15:9414::btp04.w4b57","9414","15:9414",0.666665827234586,0.597222497065862,0.369274059633104,0.423180607308069,12,12,12,0.666665827234586,0.597222497065862,0.369274059633104,0.423180607308069,-0.0694433301687241,-0.0539065476749648,FALSE,FALSE,-0.0694433301687241,-0.0694433301687241,-0.0539065476749648,FALSE,FALSE,-0.0694433301687241
15,94,"By The People 2004 US General Election","btp04.w4b57","15:9415::btp04.w4b57","9415","15:9415",0.348484545946121,0.499998179349032,0.376050581142683,0.349602783641085,11,11,11,0.348484545946121,0.499998179349032,0.376050581142683,0.349602783641085,-0.151513633402911,0.0264477975015984,FALSE,TRUE,-0.151513633402911,-0.151513633402911,0.0264477975015984,FALSE,TRUE,-0.151513633402911
17,96,"San Mateo","sm.t1more","17:9601::sm.t1more","9601","17:9601",0.527777781089147,0.833333333333333,0.323465037884188,0.408248290463863,6,6,6,0.527777781089147,0.833333333333333,0.323465037884188,0.408248290463863,0.305555552244186,-0.0847832525796746,TRUE,FALSE,0.305555552244186,0.305555552244186,-0.0847832525796746,TRUE,FALSE,0.305555552244186
17,96,"San Mateo","sm.t1more","17:9602::sm.t1more","9602","17:9602",0.583333333333333,0.628205132025939,0.365839288544189,0.305458407859627,12,13,12,0.583333333333333,0.625000002483527,0.365839288544189,0.318812498578113,0.0448717986926054,0.0603808806845616,TRUE,TRUE,0.0448717986926054,0.0416666691501935,0.0470267899660758,TRUE,TRUE,0.0416666691501935
17,96,"San Mateo","sm.t1more","17:9603::sm.t1more","9603","17:9603",0.229166656732559,0.60416667163372,0.197955817220016,0.417261481048421,8,8,8,0.229166656732559,0.60416667163372,0.197955817220016,0.417261481048421,-0.375000014901161,-0.219305663828405,FALSE,FALSE,-0.16666667163372,-0.375000014901161,-0.219305663828405,FALSE,FALSE,-0.16666667163372
17,96,"San Mateo","sm.t1more","17:9604::sm.t1more","9604","17:9604",0.666666666666667,0.611111104488373,0.235702263205306,0.375154288070534,6,6,6,0.666666666666667,0.611111104488373,0.235702263205306,0.375154288070534,-0.0555555621782938,-0.139452024865228,FALSE,FALSE,-0.0555555621782938,-0.0555555621782938,-0.139452024865228,FALSE,FALSE,-0.0555555621782938
17,96,"San Mateo","sm.t1more","17:9605::sm.t1more","9605","17:9605",0.651515150612051,0.727272727272727,0.328756445464657,0.201007561404458,11,11,11,0.651515150612051,0.727272727272727,0.328756445464657,0.201007561404458,0.0757575766606765,0.127748884060199,TRUE,TRUE,0.0757575766606765,0.0757575766606765,0.127748884060199,TRUE,TRUE,0.0757575766606765
17,96,"San Mateo","sm.t1more","17:9606::sm.t1more","9606","17:9606",0.409090911800211,0.80555555721124,0.396958126436499,0.222852638664006,11,12,11,0.409090911800211,0.787878789684989,0.396958126436499,0.22473328494267,-0.396464645411029,0.174105487772493,FALSE,TRUE,0.214646469011451,-0.378787877884778,0.172224841493829,FALSE,TRUE,0.1969697014852
17,96,"San Mateo","sm.t1more","17:9607::sm.t1more","9607","17:9607",0.48611111814777,0.782051278994634,0.351463981825351,0.229579077702695,12,13,12,0.48611111814777,0.777777776122093,0.351463981825351,0.239246855027262,-0.295940160846863,0.121884904122656,FALSE,TRUE,0.268162397142404,-0.291666657974323,0.11221712679809,FALSE,TRUE,0.263888894269864
17,96,"San Mateo","sm.t1more","17:9608::sm.t1more","9608","17:9608",0.716666670143604,0.924242420630021,0.294496842217838,0.202259965436547,10,11,10,0.716666670143604,0.916666662693024,0.294496842217838,0.211549259897529,0.207575750486417,0.0922368767812919,TRUE,TRUE,0.207575750486417,0.199999992549419,0.082947582320309,TRUE,TRUE,0.199999992549419
17,96,"San Mateo","sm.t1more","17:9609::sm.t1more","9609","17:9609",0.5,0.875,0.41943524903554,0.194160788400509,7,8,7,0.5,0.857142857142857,0.41943524903554,0.202497629372547,NA,0.225274460635031,NA,TRUE,0.375,NA,0.216937619662993,NA,TRUE,0.357142857142857
17,96,"San Mateo","sm.t1more","17:9610::sm.t1more","9610","17:9610",0.616666670143604,0.583333331346512,0.236356071600049,0.362177908860443,10,10,10,0.616666670143604,0.583333331346512,0.236356071600049,0.362177908860443,-0.0333333387970924,-0.125821837260395,FALSE,FALSE,-0.0333333387970924,-0.0333333387970924,-0.125821837260395,FALSE,FALSE,-0.0333333387970924
17,96,"San Mateo","sm.t1more","17:9611::sm.t1more","9611","17:9611",0.683333337306976,0.74242423881184,0.228386719578851,0.202259956952954,10,11,10,0.683333337306976,0.733333331346512,0.228386719578851,0.210818509630746,0.0590909015048634,0.0261267626258971,TRUE,TRUE,0.0590909015048634,0.0499999940395355,0.017568209948105,TRUE,TRUE,0.0499999940395355
17,96,"San Mateo","sm.t1more","17:9612::sm.t1more","9612","17:9612",0.483333331346512,0.638888886819283,0.346499250401866,0.33958778162872,10,12,10,0.483333331346512,0.61666666418314,0.346499250401866,0.351803108604365,-0.155555555472771,0.00691146877314602,FALSE,TRUE,0.122222218165795,-0.133333332836628,-0.0053038582024984,FALSE,FALSE,0.0999999955296516
17,96,"San Mateo","sm.t1more","17:9613::sm.t1more","9613","17:9613",0.5,0.48611111442248,0.432283111019643,0.35857694925131,12,12,12,0.5,0.48611111442248,0.432283111019643,0.35857694925131,NA,0.073706161768333,NA,TRUE,0.0138888855775198,NA,0.073706161768333,NA,TRUE,0.0138888855775198
17,96,"San Mateo","sm.t1more","17:9614::sm.t1more","9614","17:9614",0.666666673496366,0.83333332836628,0.308606691876637,0.345032779671177,8,8,8,0.666666673496366,0.83333332836628,0.308606691876637,0.345032779671177,0.166666654869914,-0.03642608779454,TRUE,FALSE,0.166666654869914,0.166666654869914,-0.03642608779454,TRUE,FALSE,0.166666654869914
17,96,"San Mateo","sm.t1more","17:9615::sm.t1more","9615","17:9615",0.624999992549419,0.66666667163372,0.278174323958359,0.199204770597106,8,8,8,0.624999992549419,0.66666667163372,0.278174323958359,0.199204770597106,0.041666679084301,0.078969553361253,TRUE,TRUE,0.041666679084301,0.041666679084301,0.078969553361253,TRUE,TRUE,0.041666679084301
17,96,"San Mateo","sm.t1more","17:9616::sm.t1more","9616","17:9616",0.238095245191029,0.52380952664784,0.232879376832648,0.503952631617655,7,7,7,0.238095245191029,0.52380952664784,0.232879376832648,0.503952631617655,-0.285714281456811,-0.271073254785006,FALSE,FALSE,-0.238095228161131,-0.285714281456811,-0.271073254785006,FALSE,FALSE,-0.238095228161131
17,96,"San Mateo","sm.t1more","17:9617::sm.t1more","9617","17:9617",0.333333345396178,0.452380948833057,0.288675118822299,0.314970382159189,7,7,7,0.333333345396178,0.452380948833057,0.288675118822299,0.314970382159189,-0.119047603436879,-0.02629526333689,FALSE,FALSE,-0.119047603436879,-0.119047603436879,-0.02629526333689,FALSE,FALSE,-0.119047603436879
17,96,"San Mateo","sm.t1more","17:9618::sm.t1more","9618","17:9618",0.740740744604005,0.851851847436693,0.334488733315516,0.211549253375468,9,9,9,0.740740744604005,0.851851847436693,0.334488733315516,0.211549253375468,0.111111102832688,0.122939479940047,TRUE,TRUE,0.111111102832688,0.111111102832688,0.122939479940047,TRUE,TRUE,0.111111102832688
17,96,"San Mateo","sm.t1more","17:9619::sm.t1more","9619","17:9619",0.740740736325582,0.611111119389534,0.313039663952865,0.263523132064484,9,9,9,0.740740736325582,0.611111119389534,0.313039663952865,0.263523132064484,-0.129629616936048,0.0495165318883814,FALSE,TRUE,-0.129629616936048,-0.129629616936048,0.0495165318883814,FALSE,TRUE,-0.129629616936048
17,96,"San Mateo","sm.t1more","17:9620::sm.t1more","9620","17:9620",0.439393937587738,0.772727272727273,0.281590005218445,0.214381889708642,11,11,11,0.439393937587738,0.772727272727273,0.281590005218445,0.214381889708642,-0.333333335139535,0.067208115509803,FALSE,TRUE,0.212121210315011,-0.333333335139535,0.067208115509803,FALSE,TRUE,0.212121210315011
17,96,"San Mateo","sm.t1more","17:9621::sm.t1more","9621","17:9621",0.133333325386047,0.366666665673256,0.182574174952786,0.320589722224623,5,5,5,0.133333325386047,0.366666665673256,0.182574174952786,0.320589722224623,-0.233333340287209,-0.138015547271837,FALSE,FALSE,-0.233333340287209,-0.233333340287209,-0.138015547271837,FALSE,FALSE,-0.233333340287209
17,96,"San Mateo","sm.t1more","17:9622::sm.t1more","9622","17:9622",0.638888891786337,0.791666661699613,0.413370799513187,0.175881612963547,12,12,12,0.638888891786337,0.791666661699613,0.413370799513187,0.175881612963547,0.152777769913276,0.23748918654964,TRUE,TRUE,0.152777769913276,0.152777769913276,0.23748918654964,TRUE,TRUE,0.152777769913276
17,96,"San Mateo","sm.t1more","17:9623::sm.t1more","9623","17:9623",0.88888888557752,0.619047626852989,0.201843358033542,0.416269646206387,6,7,6,0.88888888557752,0.555555564661821,0.201843358033542,0.417221846921439,-0.269841258724531,-0.214426288172845,FALSE,FALSE,-0.269841258724531,-0.333333320915699,-0.215378488887897,FALSE,FALSE,-0.333333320915699
17,96,"San Mateo","sm.t1more","17:9624::sm.t1more","9624","17:9624",0.583333333333333,0.812500007450581,0.204124145231932,0.207737236482137,6,8,6,0.583333333333333,0.750000009934107,0.204124145231932,0.204124140365233,0.229166674117247,-0.00361309125020509,TRUE,FALSE,0.229166674117247,0.166666676600774,4.86669862742595e-09,TRUE,TRUE,0.166666676600774
17,96,"San Mateo","sm.t1more","17:9625::sm.t1more","9625","17:9625",0.583333330228925,0.733333325386047,0.388321574516896,0.250924218449473,8,10,8,0.583333330228925,0.749999992549419,0.388321574516896,0.267261244567426,0.149999995157123,0.137397356067423,TRUE,TRUE,0.149999995157123,0.166666662320495,0.12106032994947,TRUE,TRUE,0.166666662320495
17,96,"San Mateo","sm.t1more","17:9626::sm.t1more","9626","17:9626",0.625,0.79166667163372,0.478713553878169,0.249999996688631,4,4,4,0.625,0.79166667163372,0.478713553878169,0.249999996688631,0.16666667163372,0.228713557189538,TRUE,TRUE,0.16666667163372,0.16666667163372,0.228713557189538,TRUE,TRUE,0.16666667163372
17,96,"San Mateo","sm.t1belowmrkt","17:9601::sm.t1belowmrkt","9601","17:9601",0.583333333333333,0.75,0.37638632635454,0.229734142985387,6,6,6,0.583333333333333,0.75,0.37638632635454,0.229734142985387,0.166666666666667,0.146652183369153,TRUE,TRUE,0.166666666666667,0.166666666666667,0.146652183369153,TRUE,TRUE,0.166666666666667
17,96,"San Mateo","sm.t1belowmrkt","17:9602::sm.t1belowmrkt","9602","17:9602",0.461538463830948,0.7051282032178,0.379777256368462,0.312944839234976,13,13,13,0.461538463830948,0.7051282032178,0.379777256368462,0.312944839234976,-0.243589739386852,0.0668324171334855,FALSE,TRUE,0.166666667048748,-0.243589739386852,0.0668324171334855,FALSE,TRUE,0.166666667048748
17,96,"San Mateo","sm.t1belowmrkt","17:9603::sm.t1belowmrkt","9603","17:9603",0.72916666418314,0.79166667163372,0.453710451733106,0.353553388586281,8,8,8,0.72916666418314,0.79166667163372,0.453710451733106,0.353553388586281,0.0625000074505806,0.100157063146824,TRUE,TRUE,0.0625000074505806,0.0625000074505806,0.100157063146824,TRUE,TRUE,0.0625000074505806
17,96,"San Mateo","sm.t1belowmrkt","17:9604::sm.t1belowmrkt","9604","17:9604",0.694444437821706,0.58333333581686,0.386101116116614,0.404831915469401,6,6,6,0.694444437821706,0.58333333581686,0.386101116116614,0.404831915469401,-0.111111102004846,-0.0187307993527874,FALSE,FALSE,-0.111111102004846,-0.111111102004846,-0.0187307993527874,FALSE,FALSE,-0.111111102004846
17,96,"San Mateo","sm.t1belowmrkt","17:9605::sm.t1belowmrkt","9605","17:9605",0.766666670143604,0.772727267308669,0.306312188124747,0.31861442339083,10,11,10,0.766666670143604,0.749999994039536,0.306312188124747,0.326315001766226,0.00606059716506446,-0.0123022352660829,TRUE,FALSE,0.00606059716506446,-0.0166666761040687,-0.0200028136414785,FALSE,FALSE,-0.0166666761040687
17,96,"San Mateo","sm.t1belowmrkt","17:9606::sm.t1belowmrkt","9606","17:9606",0.638888886819283,0.772727274081924,0.400966840132773,0.359573252864224,12,11,11,0.696969694711945,0.772727274081924,0.363762598867088,0.359573252864224,0.133838387262641,0.0413935872685494,TRUE,TRUE,0.133838387262641,0.0757575793699785,0.00418934600286425,TRUE,TRUE,0.0757575793699785
17,96,"San Mateo","sm.t1belowmrkt","17:9607::sm.t1belowmrkt","9607","17:9607",0.692307693453936,0.782051284725849,0.295382311321242,0.283697596687645,13,13,13,0.692307693453936,0.782051284725849,0.295382311321242,0.283697596687645,0.0897435912719139,0.0116847146335966,TRUE,TRUE,0.0897435912719139,0.0897435912719139,0.0116847146335966,TRUE,TRUE,0.0897435912719139
17,96,"San Mateo","sm.t1belowmrkt","17:9608::sm.t1belowmrkt","9608","17:9608",0.621212120760571,0.683333331346512,0.365839282989901,0.355295046661785,11,10,10,0.633333332836628,0.683333331346512,0.383293069442583,0.355295046661785,0.062121210585941,0.0105442363281162,TRUE,TRUE,0.062121210585941,0.0499999985098839,0.0279980227807975,TRUE,TRUE,0.0499999985098839
17,96,"San Mateo","sm.t1belowmrkt","17:9609::sm.t1belowmrkt","9609","17:9609",0.72916666418314,0.66666666418314,0.453710451733106,0.445435402125373,8,8,8,0.72916666418314,0.66666666418314,0.453710451733106,0.445435402125373,-0.0625,0.00827504960773229,FALSE,TRUE,-0.0625,-0.0625,0.00827504960773229,FALSE,TRUE,-0.0625
17,96,"San Mateo","sm.t1belowmrkt","17:9610::sm.t1belowmrkt","9610","17:9610",0.777777779433462,0.850000001490116,0.263523124603563,0.265855235802516,9,10,9,0.777777779433462,0.833333334989018,0.263523124603563,0.276385387215299,0.0722222220566537,-0.00233211119895316,TRUE,FALSE,0.0722222220566537,0.0555555555555556,-0.0128622626117366,TRUE,FALSE,0.0555555555555556
17,96,"San Mateo","sm.t1belowmrkt","17:9611::sm.t1belowmrkt","9611","17:9611",0.818181812763214,0.757575755769556,0.229183886146431,0.301511341882042,11,11,11,0.818181812763214,0.757575755769556,0.229183886146431,0.301511341882042,-0.0606060569936578,-0.0723274557356115,FALSE,FALSE,-0.0606060569936578,-0.0606060569936578,-0.0723274557356115,FALSE,FALSE,-0.0606060569936578
17,96,"San Mateo","sm.t1belowmrkt","17:9612::sm.t1belowmrkt","9612","17:9612",0.486111115664244,0.708333333333333,0.392211634410438,0.390059566282551,12,12,12,0.486111115664244,0.708333333333333,0.392211634410438,0.390059566282551,-0.22222221766909,0.00215206812788638,FALSE,TRUE,0.194444448997577,-0.22222221766909,0.00215206812788638,FALSE,TRUE,0.194444448997577
17,96,"San Mateo","sm.t1belowmrkt","17:9613::sm.t1belowmrkt","9613","17:9613",0.513888890544573,0.66666666790843,0.379116021799377,0.36237153413913,12,12,12,0.513888890544573,0.66666666790843,0.379116021799377,0.36237153413913,0.152777777363857,0.0167444876602471,TRUE,TRUE,0.152777777363857,0.152777777363857,0.0167444876602471,TRUE,TRUE,0.152777777363857
17,96,"San Mateo","sm.t1belowmrkt","17:9614::sm.t1belowmrkt","9614","17:9614",0.500000001862645,0.8125,0.445435400532372,0.187665266035149,8,8,8,0.500000001862645,0.8125,0.445435400532372,0.187665266035149,0.312499998137355,0.257770134497223,TRUE,TRUE,0.312499998137355,0.312499998137355,0.257770134497223,TRUE,TRUE,0.312499998137355
17,96,"San Mateo","sm.t1belowmrkt","17:9615::sm.t1belowmrkt","9615","17:9615",0.83333333581686,0.761904759066446,0.199204763472988,0.35819949292264,8,7,7,0.857142857142857,0.761904759066446,0.202497629372547,0.35819949292264,-0.0714285767504147,-0.158994729449652,FALSE,FALSE,-0.0714285767504147,-0.0952380980764116,-0.155701863550092,FALSE,FALSE,-0.0952380980764116
17,96,"San Mateo","sm.t1belowmrkt","17:9616::sm.t1belowmrkt","9616","17:9616",0.714285714285714,0.63888888557752,0.208927723509337,0.356162672078362,7,6,6,0.666666666666667,0.63888888557752,0.182574185835057,0.356162672078362,-0.0753968287081945,-0.147234948569025,FALSE,FALSE,-0.0753968287081945,-0.0277777810891469,-0.173588486243305,FALSE,FALSE,-0.0277777810891469
17,96,"San Mateo","sm.t1belowmrkt","17:9617::sm.t1belowmrkt","9617","17:9617",0.619047624724252,0.738095240933554,0.44839514012636,0.383178021750131,7,7,7,0.619047624724252,0.738095240933554,0.44839514012636,0.383178021750131,0.119047616209303,0.0652171183762288,TRUE,TRUE,0.119047616209303,0.119047616209303,0.0652171183762288,TRUE,TRUE,0.119047616209303
17,96,"San Mateo","sm.t1belowmrkt","17:9618::sm.t1belowmrkt","9618","17:9618",0.690476196152823,0.703703708118863,0.365510442097781,0.320348959096719,7,9,7,0.690476196152823,0.619047624724252,0.365510442097781,0.314970393423408,0.0132275119660393,0.0451614830010617,TRUE,TRUE,0.0132275119660393,-0.0714285714285714,0.0505400486743724,FALSE,TRUE,-0.0714285714285714
17,96,"San Mateo","sm.t1belowmrkt","17:9619::sm.t1belowmrkt","9619","17:9619",0.722222223877907,0.703703701496124,0.322748606412757,0.341339048254045,9,9,9,0.722222223877907,0.703703701496124,0.322748606412757,0.341339048254045,-0.0185185223817825,-0.0185904418412886,FALSE,FALSE,-0.0185185223817825,-0.0185185223817825,-0.0185904418412886,FALSE,FALSE,-0.0185185223817825
17,96,"San Mateo","sm.t1belowmrkt","17:9620::sm.t1belowmrkt","9620","17:9620",0.636363630945032,0.924242420630021,0.433449865071759,0.155699791152412,11,11,11,0.636363630945032,0.924242420630021,0.433449865071759,0.155699791152412,0.287878789684989,0.277750073919347,TRUE,TRUE,0.287878789684989,0.287878789684989,0.277750073919347,TRUE,TRUE,0.287878789684989
17,96,"San Mateo","sm.t1belowmrkt","17:9621::sm.t1belowmrkt","9621","17:9621",0.5,0.766666674613953,0.408248290463863,0.14907118628265,4,5,4,0.5,0.708333343267441,0.408248290463863,0.0833333134651184,NA,0.259177104181213,NA,TRUE,0.266666674613953,NA,0.324914976998745,NA,TRUE,0.208333343267441
17,96,"San Mateo","sm.t1belowmrkt","17:9622::sm.t1belowmrkt","9622","17:9622",0.666666670279069,0.791666666666667,0.372677995361432,0.24746186441438,11,12,11,0.666666670279069,0.772727272727273,0.372677995361432,0.250252399166395,0.124999996387597,0.125216130947052,TRUE,TRUE,0.124999996387597,0.106060602448203,0.122425596195037,TRUE,TRUE,0.106060602448203
17,96,"San Mateo","sm.t1belowmrkt","17:9623::sm.t1belowmrkt","9623","17:9623",0.527777771155039,0.452380959476743,0.3234650327656,0.381448081086456,6,7,6,0.527777771155039,0.500000002483527,0.3234650327656,0.394405312996211,-0.075396811678296,-0.0579830483208559,FALSE,FALSE,0.0198412693682171,-0.0277777686715126,-0.0709402802306113,FALSE,FALSE,-0.0277777686715126
17,96,"San Mateo","sm.t1belowmrkt","17:9624::sm.t1belowmrkt","9624","17:9624",0.45833333581686,0.66666667163372,0.424918294190998,0.321208035747081,8,8,8,0.45833333581686,0.66666667163372,0.424918294190998,0.321208035747081,-0.20833333581686,0.103710258443917,FALSE,TRUE,0.125000007450581,-0.20833333581686,0.103710258443917,FALSE,TRUE,0.125000007450581
17,96,"San Mateo","sm.t1belowmrkt","17:9625::sm.t1belowmrkt","9625","17:9625",0.629629633492894,0.783333331346512,0.370601773012853,0.23635608315837,9,10,9,0.629629633492894,0.777777777777778,0.370601773012853,0.250000001655685,0.153703697853618,0.134245689854483,TRUE,TRUE,0.153703697853618,0.148148144284884,0.120601771357168,TRUE,TRUE,0.148148144284884
17,96,"San Mateo","sm.t1belowmrkt","17:9626::sm.t1belowmrkt","9626","17:9626",0.58333332836628,0.833333343267441,0.440958548089359,0.192450078258956,4,4,4,0.58333332836628,0.833333343267441,0.440958548089359,0.192450078258956,0.250000014901161,0.248508469830403,TRUE,TRUE,0.250000014901161,0.250000014901161,0.248508469830403,TRUE,TRUE,0.250000014901161
17,96,"San Mateo","sm.t1openspace","17:9601::sm.t1openspace","9601","17:9601",0.333333333333333,0.305555552244186,0.408248290463863,0.400231414264832,6,6,6,0.333333333333333,0.305555552244186,0.408248290463863,0.400231414264832,0.027777781089147,0.00801687619903135,TRUE,TRUE,0.027777781089147,0.027777781089147,0.00801687619903135,TRUE,TRUE,0.027777781089147
17,96,"San Mateo","sm.t1openspace","17:9602::sm.t1openspace","9602","17:9602",0.589743594710644,0.294871801367173,0.363976129654743,0.305458412967243,13,13,13,0.589743594710644,0.294871801367173,0.363976129654743,0.305458412967243,-0.294871793343471,0.0585177166875002,FALSE,TRUE,0.115384603922184,-0.294871793343471,0.0585177166875002,FALSE,TRUE,0.115384603922184
17,96,"San Mateo","sm.t1openspace","17:9603::sm.t1openspace","9603","17:9603",0.285714285714286,0.270833330228925,0.393397896234722,0.2946278171152,7,8,7,0.285714285714286,0.238095234547343,0.393397896234722,0.302108979076126,0.0148809554853609,0.0987700791195212,TRUE,TRUE,0.0148809554853609,0.0476190511669431,0.0912889171585954,TRUE,TRUE,0.0476190511669431
17,96,"San Mateo","sm.t1openspace","17:9604::sm.t1openspace","9604","17:9604",0.111111119389534,0.0833333507180214,0.13608276267684,0.0912871119614993,6,6,6,0.111111119389534,0.0833333507180214,0.13608276267684,0.0912871119614993,0.0277777686715126,0.0447956507153403,TRUE,TRUE,0.0277777686715126,0.0277777686715126,0.0447956507153403,TRUE,TRUE,0.0277777686715126
17,96,"San Mateo","sm.t1openspace","17:9605::sm.t1openspace","9605","17:9605",0.366666662693024,0.181818183172833,0.37515428865898,0.240999603107406,10,11,10,0.366666662693024,0.200000001490116,0.37515428865898,0.245954930395743,0.184848479520191,0.134154685551574,TRUE,TRUE,0.184848479520191,0.166666661202908,0.129199358263236,TRUE,TRUE,0.166666661202908
17,96,"San Mateo","sm.t1openspace","17:9606::sm.t1openspace","9606","17:9606",0.111111109455427,0.138888894269864,0.295875120176286,0.171642880957135,12,12,12,0.111111109455427,0.138888894269864,0.295875120176286,0.171642880957135,-0.0277777848144373,0.12423223921915,FALSE,TRUE,-0.0277777848144373,-0.0277777848144373,0.12423223921915,FALSE,TRUE,-0.0277777848144373
17,96,"San Mateo","sm.t1openspace","17:9607::sm.t1openspace","9607","17:9607",0.181818183172833,0.305555559694767,0.320195646156883,0.316493838038138,11,12,10,0.200000001490116,0.21666667163372,0.331476307394115,0.236356082457866,-0.123737376521934,0.0037018081187451,FALSE,TRUE,-0.123737376521934,-0.0166666701436043,0.0951202249362493,FALSE,TRUE,-0.0166666701436043
17,96,"San Mateo","sm.t1openspace","17:9608::sm.t1openspace","9608","17:9608",0.350000001490116,0.181818189946088,0.318658451219482,0.252262492955761,10,11,10,0.350000001490116,0.200000008940697,0.318658451219482,0.258198892739633,0.168181811544028,0.0663959582637218,TRUE,TRUE,0.168181811544028,0.149999992549419,0.0604595584798494,TRUE,TRUE,0.149999992549419
17,96,"San Mateo","sm.t1openspace","17:9609::sm.t1openspace","9609","17:9609",0.39583333581686,0.416666675359011,0.377307718633934,0.321208032433438,8,8,8,0.39583333581686,0.416666675359011,0.377307718633934,0.321208032433438,-0.0208333395421505,0.0560996862004953,FALSE,TRUE,-0.0208333395421505,-0.0208333395421505,0.0560996862004953,FALSE,TRUE,-0.0208333395421505
17,96,"San Mateo","sm.t1openspace","17:9610::sm.t1openspace","9610","17:9610",0.283333343267441,0.36666667163372,0.176558306117114,0.31229931592274,10,10,10,0.283333343267441,0.36666667163372,0.176558306117114,0.31229931592274,-0.0833333283662796,-0.135741009805627,FALSE,FALSE,-0.0833333283662796,-0.0833333283662796,-0.135741009805627,FALSE,FALSE,-0.0833333283662796
17,96,"San Mateo","sm.t1openspace","17:9611::sm.t1openspace","9611","17:9611",0.100000001490116,0.233333332836628,0.179161281857987,0.29606471823225,10,10,9,0.111111112766796,0.203703703151809,0.186338996458983,0.297883473539595,-0.133333331346512,-0.116903436374263,FALSE,FALSE,-0.133333331346512,-0.0925925903850132,-0.111544477080613,FALSE,FALSE,-0.0925925903850132
17,96,"San Mateo","sm.t1openspace","17:9612::sm.t1openspace","9612","17:9612",0.125000001241763,0.222222227603197,0.214676173109205,0.295875118395776,12,12,12,0.125000001241763,0.222222227603197,0.214676173109205,0.295875118395776,-0.0972222263614337,-0.0811989452865704,FALSE,FALSE,-0.0972222263614336,-0.0972222263614337,-0.0811989452865704,FALSE,FALSE,-0.0972222263614336
17,96,"San Mateo","sm.t1openspace","17:9613::sm.t1openspace","9613","17:9613",0.375000007450581,0.208333333333333,0.376889178625533,0.341749806872021,12,12,12,0.375000007450581,0.208333333333333,0.376889178625533,0.341749806872021,0.166666674117247,0.0351393717535116,TRUE,TRUE,0.166666674117247,0.166666674117247,0.0351393717535116,TRUE,TRUE,0.166666674117247
17,96,"San Mateo","sm.t1openspace","17:9614::sm.t1openspace","9614","17:9614",0.229166675359011,0.0833333507180214,0.355651646975425,0.0890870992224881,8,8,8,0.229166675359011,0.0833333507180214,0.355651646975425,0.0890870992224881,0.145833324640989,0.266564547752937,TRUE,TRUE,0.145833324640989,0.145833324640989,0.266564547752937,TRUE,TRUE,0.145833324640989
17,96,"San Mateo","sm.t1openspace","17:9615::sm.t1openspace","9615","17:9615",0.208333337679505,0.312500001862645,0.248007935546457,0.35002834128518,8,8,8,0.208333337679505,0.312500001862645,0.248007935546457,0.35002834128518,-0.10416666418314,-0.102020405738723,FALSE,FALSE,-0.10416666418314,-0.10416666418314,-0.102020405738723,FALSE,FALSE,-0.10416666418314
17,96,"San Mateo","sm.t1openspace","17:9616::sm.t1openspace","9616","17:9616",0.333333332623754,0.238095245191029,0.419435240153859,0.358199491932159,7,7,7,0.333333332623754,0.238095245191029,0.419435240153859,0.358199491932159,0.0952380874327251,0.0612357482216993,TRUE,TRUE,0.0952380874327252,0.0952380874327251,0.0612357482216993,TRUE,TRUE,0.0952380874327252
17,96,"San Mateo","sm.t1openspace","17:9617::sm.t1openspace","9617","17:9617",0.333333358168602,0.190476191895349,0.319142354120684,0.149955890503047,7,7,7,0.333333358168602,0.190476191895349,0.319142354120684,0.149955890503047,0.142857166273253,0.169186463617637,TRUE,TRUE,0.142857166273253,0.142857166273253,0.169186463617637,TRUE,TRUE,0.142857166273253
17,96,"San Mateo","sm.t1openspace","17:9618::sm.t1openspace","9618","17:9618",0.277777779433462,0.407407421204779,0.343592133661107,0.313039649518148,9,9,9,0.277777779433462,0.407407421204779,0.343592133661107,0.313039649518148,-0.129629641771317,0.0305524841429597,FALSE,TRUE,-0.129629641771317,-0.129629641771317,0.0305524841429597,FALSE,TRUE,-0.129629641771317
17,96,"San Mateo","sm.t1openspace","17:9619::sm.t1openspace","9619","17:9619",0.416666675359011,0.208333341404796,0.321208032433438,0.172516382123506,8,8,7,0.452380957348006,0.214285718543189,0.329341171677364,0.185449539527341,0.208333333954215,0.148691650309932,TRUE,TRUE,0.208333333954215,0.238095238804817,0.143891632150023,TRUE,TRUE,0.238095238804817
17,96,"San Mateo","sm.t1openspace","17:9620::sm.t1openspace","9620","17:9620",0.27272728220983,0.363636366345666,0.32721660438104,0.371320328967803,11,11,11,0.27272728220983,0.363636366345666,0.32721660438104,0.371320328967803,-0.0909090841358358,-0.0441037245867624,FALSE,FALSE,-0.0909090841358358,-0.0909090841358358,-0.0441037245867624,FALSE,FALSE,-0.0909090841358358
17,96,"San Mateo","sm.t1openspace","17:9621::sm.t1openspace","9621","17:9621",0.62500000372529,0.600000005960464,0.36955927899408,0.401386461416507,4,5,4,0.62500000372529,0.541666679084301,0.36955927899408,0.438325915708481,-0.0249999977648259,-0.0318271824224274,FALSE,FALSE,-0.0249999977648259,-0.0833333246409893,-0.0687666367144009,FALSE,FALSE,-0.0833333246409893
17,96,"San Mateo","sm.t1openspace","17:9622::sm.t1openspace","9622","17:9622",0.458333334575097,0.3888888930281,0.427141069150635,0.364687034038701,12,12,12,0.458333334575097,0.3888888930281,0.427141069150635,0.364687034038701,0.0694444415469964,0.0624540351119348,TRUE,TRUE,0.0694444415469964,0.0694444415469964,0.0624540351119348,TRUE,TRUE,0.0694444415469964
17,96,"San Mateo","sm.t1openspace","17:9623::sm.t1openspace","9623","17:9623",0.361111116906007,0.404761901923588,0.499073212434598,0.428791829716585,6,7,6,0.361111116906007,0.305555552244186,0.499073212434598,0.371433656818627,-0.0436507850175812,0.0702813827180128,FALSE,TRUE,-0.0436507850175812,0.0555555646618208,0.127639555615971,TRUE,TRUE,0.0555555646618208
17,96,"San Mateo","sm.t1openspace","17:9624::sm.t1openspace","9624","17:9624",0.4375,0.187500013038516,0.41726148019814,0.226033783122345,8,8,8,0.4375,0.187500013038516,0.41726148019814,0.226033783122345,0.249999986961484,0.191227697075795,TRUE,TRUE,0.249999986961484,0.249999986961484,0.191227697075795,TRUE,TRUE,0.249999986961484
17,96,"San Mateo","sm.t1openspace","17:9625::sm.t1openspace","9625","17:9625",0.316666670143604,0.36666667163372,0.419067159609719,0.391262595045025,10,10,10,0.316666670143604,0.36666667163372,0.419067159609719,0.391262595045025,-0.0500000014901161,0.0278045645646943,FALSE,TRUE,-0.0500000014901161,-0.0500000014901161,0.0278045645646943,FALSE,TRUE,-0.0500000014901161
17,96,"San Mateo","sm.t1openspace","17:9626::sm.t1openspace","9626","17:9626",0.75,0.70833332836628,0.288675134594813,0.343592142696263,4,4,4,0.75,0.70833332836628,0.288675134594813,0.343592142696263,-0.0416666716337204,-0.0549170081014504,FALSE,FALSE,-0.0416666716337204,-0.0416666716337204,-0.0549170081014504,FALSE,FALSE,-0.0416666716337204
17,96,"San Mateo","sm.t1countyl","17:9601::sm.t1countyl","9601","17:9601",0.533333337306976,0.305555564661821,0.361324724977552,0.287066905695569,5,6,5,0.533333337306976,0.333333337306976,0.361324724977552,0.311804787541166,-0.227777772645156,0.0742578192819823,FALSE,TRUE,0.161111098031203,-0.2,0.049519937436386,FALSE,TRUE,0.133333325386047
17,96,"San Mateo","sm.t1countyl","17:9602::sm.t1countyl","9602","17:9602",0.44444445023934,0.538461539607782,0.434225960115311,0.373632358381434,12,13,12,0.44444445023934,0.555555558453004,0.434225960115311,0.384900177830359,-0.0940170893684412,0.0605936017338771,FALSE,TRUE,-0.0170940101528779,-0.111111108213663,0.049325782284952,FALSE,TRUE,8.6923439557296e-09
17,96,"San Mateo","sm.t1countyl","17:9603::sm.t1countyl","9603","17:9603",0.395833337679505,0.354166666045785,0.435867133821539,0.421989804615323,8,8,8,0.395833337679505,0.354166666045785,0.435867133821539,0.421989804615323,0.0416666716337204,0.0138773292062165,TRUE,TRUE,0.0416666716337204,0.0416666716337204,0.0138773292062165,TRUE,TRUE,0.0416666716337204
17,96,"San Mateo","sm.t1countyl","17:9604::sm.t1countyl","9604","17:9604",0.777777783572674,0.416666681567828,0.327730678429224,0.376386319756196,6,6,6,0.777777783572674,0.416666681567828,0.327730678429224,0.376386319756196,-0.361111102004846,-0.048655641326972,FALSE,FALSE,-0.194444465140502,-0.361111102004846,-0.048655641326972,FALSE,FALSE,-0.194444465140502
17,96,"San Mateo","sm.t1countyl","17:9605::sm.t1countyl","9605","17:9605",0.533333332836628,0.424242420630022,0.470093236546126,0.382706995674278,10,11,10,0.533333332836628,0.383333331346512,0.470093236546126,0.377205448134279,-0.109090912206606,0.0873862408718478,FALSE,TRUE,0.0424242465333505,-0.150000001490116,0.0928877884118468,FALSE,TRUE,0.0833333358168602
17,96,"San Mateo","sm.t1countyl","17:9606::sm.t1countyl","9606","17:9606",0.683333331346512,0.625000008692344,0.318658451132886,0.349060777305554,10,12,10,0.683333331346512,0.600000010430813,0.318658451132886,0.361751555936167,-0.0583333226541678,-0.0304023261726687,FALSE,FALSE,-0.0583333226541678,-0.083333320915699,-0.0430931048032817,FALSE,FALSE,-0.083333320915699
17,96,"San Mateo","sm.t1countyl","17:9607::sm.t1countyl","9607","17:9607",0.576923072338104,0.679487180251342,0.388583516832268,0.356562405589967,13,13,13,0.576923072338104,0.679487180251342,0.388583516832268,0.356562405589967,0.102564107913237,0.0320211112423015,TRUE,TRUE,0.102564107913237,0.102564107913237,0.0320211112423015,TRUE,TRUE,0.102564107913237
17,96,"San Mateo","sm.t1countyl","17:9608::sm.t1countyl","9608","17:9608",0.484848477623679,0.545454541390592,0.431113189668781,0.380722326278041,11,11,11,0.484848477623679,0.545454541390592,0.431113189668781,0.380722326278041,-0.0606060637669129,0.0503908633907397,FALSE,TRUE,0.0303030190142718,-0.0606060637669129,0.0503908633907397,FALSE,TRUE,0.0303030190142718
17,96,"San Mateo","sm.t1countyl","17:9609::sm.t1countyl","9609","17:9609",0.583333337679505,0.374999992549419,0.471404516400735,0.385758372146071,8,8,8,0.583333337679505,0.374999992549419,0.471404516400735,0.385758372146071,-0.208333345130086,0.0856461442546642,FALSE,TRUE,0.0416666697710752,-0.208333345130086,0.0856461442546642,FALSE,TRUE,0.0416666697710752
17,96,"San Mateo","sm.t1countyl","17:9610::sm.t1countyl","9610","17:9610",0.499999994039536,0.31666667163372,0.408248287760142,0.298659551557946,10,10,10,0.499999994039536,0.31666667163372,0.408248287760142,0.298659551557946,0.183333322405815,0.109588736202195,TRUE,TRUE,0.183333322405815,0.183333322405815,0.109588736202195,TRUE,TRUE,0.183333322405815
17,96,"San Mateo","sm.t1countyl","17:9611::sm.t1countyl","9611","17:9611",0.566666662693024,0.545454540035941,0.370185137673037,0.380722335588422,10,11,10,0.566666662693024,0.499999994039535,0.370185137673037,0.368513867591875,-0.0212121226570823,-0.0105371979153852,FALSE,FALSE,-0.0212121226570823,-0.0666666686534882,0.00167127008116164,FALSE,TRUE,-0.0666666567325592
17,96,"San Mateo","sm.t1countyl","17:9612::sm.t1countyl","9612","17:9612",0.303030302578753,0.348484854806553,0.323334895550913,0.383366266696765,11,11,10,0.300000001490116,0.383333340287209,0.340660216359929,0.385300904197349,-0.0454545522278005,-0.060031371145852,FALSE,FALSE,-0.0454545522278005,-0.0833333387970924,-0.0446406878374203,FALSE,FALSE,-0.0833333387970924
17,96,"San Mateo","sm.t1countyl","17:9613::sm.t1countyl","9613","17:9613",0.515151525085623,0.708333333333333,0.376050710821509,0.302556445702732,11,12,11,0.515151525085623,0.712121210315011,0.376050710821509,0.317025313439042,0.193181808247711,0.073494265118777,TRUE,TRUE,0.193181808247711,0.196969685229388,0.0590253973824661,TRUE,TRUE,0.196969685229388
17,96,"San Mateo","sm.t1countyl","17:9614::sm.t1countyl","9614","17:9614",0.54166666418314,0.395833341404796,0.342145429807757,0.355651636126786,8,8,8,0.54166666418314,0.395833341404796,0.342145429807757,0.355651636126786,-0.145833322778344,-0.0135062063190284,FALSE,FALSE,0.0624999944120646,-0.145833322778344,-0.0135062063190284,FALSE,FALSE,0.0624999944120646
17,96,"San Mateo","sm.t1countyl","17:9615::sm.t1countyl","9615","17:9615",0.47916666418314,0.395833341404796,0.242956328708504,0.355651636126786,8,8,8,0.47916666418314,0.395833341404796,0.242956328708504,0.355651636126786,0.0833333227783442,-0.112695307418282,TRUE,FALSE,0.0833333227783442,0.0833333227783442,-0.112695307418282,TRUE,FALSE,0.0833333227783442
17,96,"San Mateo","sm.t1countyl","17:9616::sm.t1countyl","9616","17:9616",0.547619044780731,0.357142848627908,0.427246627426679,0.377964464873958,7,7,7,0.547619044780731,0.357142848627908,0.427246627426679,0.377964464873958,-0.190476196152823,0.0492821625527213,FALSE,TRUE,0.0952381065913609,-0.190476196152823,0.0492821625527213,FALSE,TRUE,0.0952381065913609
17,96,"San Mateo","sm.t1countyl","17:9617::sm.t1countyl","9617","17:9617",0.523809530905315,0.476190477609634,0.424139328011282,0.325300012561359,7,7,7,0.523809530905315,0.476190477609634,0.424139328011282,0.325300012561359,-0.0476190532956805,0.0988393154499232,FALSE,TRUE,-8.51494930120822e-09,-0.0476190532956805,0.0988393154499232,FALSE,TRUE,-8.51494930120822e-09
17,96,"San Mateo","sm.t1countyl","17:9618::sm.t1countyl","9618","17:9618",0.58333332836628,0.592592593696382,0.40824828698765,0.334488725581303,8,9,8,0.58333332836628,0.62500000372529,0.40824828698765,0.342145408550171,0.00925926533010268,0.0737595614063468,TRUE,TRUE,0.00925926533010268,0.0416666753590107,0.0661028784374784,TRUE,TRUE,0.0416666753590107
17,96,"San Mateo","sm.t1countyl","17:9619::sm.t1countyl","9619","17:9619",0.314814824197027,0.25,0.316715389616707,0.295468426546745,9,8,8,0.33333333954215,0.25,0.33333332836628,0.295468426546745,0.0648148241970274,0.0212469630699618,TRUE,TRUE,0.0648148241970274,0.0833333395421505,0.0378649018195348,TRUE,TRUE,0.0833333395421505
17,96,"San Mateo","sm.t1countyl","17:9620::sm.t1countyl","9620","17:9620",0.606060609221458,0.818181819536469,0.359573257573455,0.368589990732011,11,11,11,0.606060609221458,0.818181819536469,0.359573257573455,0.368589990732011,0.212121210315011,-0.00901673315855595,TRUE,FALSE,0.212121210315011,0.212121210315011,-0.00901673315855595,TRUE,FALSE,0.212121210315011
17,96,"San Mateo","sm.t1countyl","17:9621::sm.t1countyl","9621","17:9621",0.0666666626930237,0.333333340287209,0.14907118961465,0.3908679741609,5,5,5,0.0666666626930237,0.333333340287209,0.14907118961465,0.3908679741609,-0.266666677594185,-0.241796784546249,FALSE,FALSE,-0.266666677594185,-0.266666677594185,-0.241796784546249,FALSE,FALSE,-0.266666677594185
17,96,"San Mateo","sm.t1countyl","17:9622::sm.t1countyl","9622","17:9622",0.472222218910853,0.555555559694767,0.413370802153061,0.391405987021481,12,12,12,0.472222218910853,0.555555559694767,0.413370802153061,0.391405987021481,-0.083333340783914,0.0219648151315797,FALSE,TRUE,0.02777777860562,-0.083333340783914,0.0219648151315797,FALSE,TRUE,0.02777777860562
17,96,"San Mateo","sm.t1countyl","17:9623::sm.t1countyl","9623","17:9623",0.261904759066446,0.476190481867109,0.449867701215069,0.465758756712276,7,7,7,0.261904759066446,0.476190481867109,0.449867701215069,0.465758756712276,-0.214285722800664,-0.0158910554972069,FALSE,FALSE,-0.214285722800664,-0.214285722800664,-0.0158910554972069,FALSE,FALSE,-0.214285722800664
17,96,"San Mateo","sm.t1countyl","17:9624::sm.t1countyl","9624","17:9624",0.595238089561462,0.8125,0.331343261037063,0.226033778217249,7,8,7,0.595238089561462,0.785714285714286,0.331343261037063,0.230021850714803,0.217261910438538,0.105309482819814,TRUE,TRUE,0.217261910438538,0.190476196152823,0.101321410322259,TRUE,TRUE,0.190476196152823
17,96,"San Mateo","sm.t1countyl","17:9625::sm.t1countyl","9625","17:9625",0.351851847436693,0.566666662693024,0.394796399283209,0.394405320552479,9,10,9,0.351851847436693,0.629629625214471,0.394796399283209,0.361111114040399,-0.214814815256331,0.000391078730730465,FALSE,TRUE,-0.0814814898702834,-0.277777777777778,0.0336852852428096,FALSE,TRUE,-0.0185185273488363
17,96,"San Mateo","sm.t1countyl","17:9626::sm.t1countyl","9626","17:9626",0.625,0.5,0.25,0.577350269189626,4,4,4,0.625,0.5,0.25,0.577350269189626,-0.125,-0.327350269189626,FALSE,FALSE,-0.125,-0.125,-0.327350269189626,FALSE,FALSE,-0.125
18,97,"BTP 2005 Health Education","btp05.t1reform","18:9701::btp05.t1reform","9701","18:9701",0.785714285714286,0.833333333333333,0.42581531362632,0.389249472080761,14,12,12,0.833333333333333,0.833333333333333,0.389249472080761,0.389249472080761,0.0476190476190477,0.0365658415455587,TRUE,TRUE,0.0476190476190477,0,0,FALSE,FALSE,0
18,97,"BTP 2005 Health Education","btp05.t1reform","18:9702::btp05.t1reform","9702","18:9702",0.857142857142857,0.75,0.363136519601281,0.452267016866645,14,12,12,0.833333333333333,0.75,0.389249472080761,0.452267016866645,-0.107142857142857,-0.089130497265364,FALSE,FALSE,-0.107142857142857,-0.0833333333333334,-0.063017544785884,FALSE,FALSE,-0.0833333333333334
18,97,"BTP 2005 Health Education","btp05.t1reform","18:9703::btp05.t1reform","9703","18:9703",0.6,0.714285714285714,0.502624689950035,0.462910049886276,20,21,20,0.6,0.7,0.502624689950035,0.470162345981627,0.114285714285714,0.0397146400637589,TRUE,TRUE,0.114285714285714,0.1,0.0324623439684074,TRUE,TRUE,0.1
18,97,"BTP 2005 Health Education","btp05.t1reform","18:9704::btp05.t1reform","9704","18:9704",0.769230769230769,0.833333333333333,0.438529009653515,0.389249472080762,13,12,12,0.75,0.833333333333333,0.452267016866645,0.389249472080762,0.064102564102564,0.049279537572753,TRUE,TRUE,0.064102564102564,0.0833333333333333,0.0630175447858839,TRUE,TRUE,0.0833333333333333
18,97,"BTP 2005 Health Education","btp05.t1reform","18:9705::btp05.t1reform","9705","18:9705",0.571428571428571,0.5625,0.513552591013095,0.51234753829798,14,16,14,0.571428571428571,0.571428571428571,0.513552591013095,0.513552591013095,-0.0089285714285714,0.00120505271511551,FALSE,TRUE,-0.0089285714285714,0,0,FALSE,FALSE,0
18,97,"BTP 2005 Health Education","btp05.t1reform","18:9706::btp05.t1reform","9706","18:9706",1,1,0,0,12,12,11,1,1,0,0,0,0,FALSE,FALSE,0,0,0,FALSE,FALSE,0
18,97,"BTP 2005 Health Education","btp05.t1reform","18:9707::btp05.t1reform","9707","18:9707",0.777777777777778,0.88235294117647,0.427792631946499,0.332105582077536,18,17,17,0.823529411764706,0.88235294117647,0.392952623996688,0.332105582077536,0.104575163398693,0.0956870498689629,TRUE,TRUE,0.104575163398693,0.0588235294117647,0.0608470419191522,TRUE,TRUE,0.0588235294117647
18,97,"BTP 2005 Health Education","btp05.t1reform","18:9708::btp05.t1reform","9708","18:9708",0.705882352941177,0.777777777777778,0.469668218313862,0.427792631946498,17,18,17,0.705882352941177,0.764705882352941,0.469668218313862,0.437237316097603,0.0718954248366013,0.0418755863673636,TRUE,TRUE,0.0718954248366013,0.0588235294117646,0.032430902216259,TRUE,TRUE,0.0588235294117646
18,97,"BTP 2005 Health Education","btp05.t1reform","18:9709::btp05.t1reform","9709","18:9709",0.5,0.466666666666667,0.516397779494322,0.516397779494322,16,15,15,0.533333333333333,0.466666666666667,0.516397779494322,0.516397779494322,NA,0,NA,FALSE,0.0333333333333333,-0.0666666666666667,0,FALSE,FALSE,0
18,97,"BTP 2005 Health Education","btp05.t1reform","18:9710::btp05.t1reform","9710","18:9710",0.666666666666667,0.6,0.487950036474267,0.50709255283711,15,15,15,0.666666666666667,0.6,0.487950036474267,0.50709255283711,-0.0666666666666668,-0.0191425163628432,FALSE,FALSE,-0.0666666666666668,-0.0666666666666668,-0.0191425163628432,FALSE,FALSE,-0.0666666666666668
18,97,"BTP 2005 Health Education","btp05.t1reform","18:9711::btp05.t1reform","9711","18:9711",0.769230769230769,0.769230769230769,0.438529009653515,0.438529009653515,13,13,13,0.769230769230769,0.769230769230769,0.438529009653515,0.438529009653515,0,0,FALSE,FALSE,0,0,0,FALSE,FALSE,0
18,97,"BTP 2005 Health Education","btp05.t1reform","18:9712::btp05.t1reform","9712","18:9712",0.733333333333333,0.764705882352941,0.457737708217063,0.437237316097603,15,17,15,0.733333333333333,0.733333333333333,0.457737708217063,0.457737708217063,0.0313725490196078,0.0205003921194604,TRUE,TRUE,0.0313725490196078,0,0,FALSE,FALSE,0
18,97,"BTP 2005 Health Education","btp05.t1reform","18:9713::btp05.t1reform","9713","18:9713",0.909090909090909,0.727272727272727,0.301511344577764,0.467099366496914,11,11,11,0.909090909090909,0.727272727272727,0.301511344577764,0.467099366496914,-0.181818181818182,-0.16558802191915,FALSE,FALSE,-0.181818181818182,-0.181818181818182,-0.16558802191915,FALSE,FALSE,-0.181818181818182
18,97,"BTP 2005 Health Education","btp05.t1reform","18:9714::btp05.t1reform","9714","18:9714",0.764705882352941,0.823529411764706,0.437237316097603,0.392952623996688,17,17,17,0.764705882352941,0.823529411764706,0.437237316097603,0.392952623996688,0.0588235294117647,0.0442846921009153,TRUE,TRUE,0.0588235294117647,0.0588235294117647,0.0442846921009153,TRUE,TRUE,0.0588235294117647
18,97,"BTP 2005 Health Education","btp05.t1reform","18:9715::btp05.t1reform","9715","18:9715",0.777777777777778,0.555555555555556,0.440958551844098,0.52704627669473,9,9,9,0.777777777777778,0.555555555555556,0.440958551844098,0.52704627669473,-0.222222222222222,-0.0860877248506315,FALSE,FALSE,-0.222222222222222,-0.222222222222222,-0.0860877248506315,FALSE,FALSE,-0.222222222222222
18,97,"BTP 2005 Health Education","btp05.t1reform","18:9716::btp05.t1reform","9716","18:9716",0.5,0.545454545454545,0.52704627669473,0.522232967867094,10,11,10,0.5,0.6,0.52704627669473,0.516397779494322,NA,0.00481330882763642,NA,TRUE,0.0454545454545454,NA,0.0106484972004077,NA,TRUE,0.1
18,97,"BTP 2005 Health Education","btp05.t1reform","18:9717::btp05.t1reform","9717","18:9717",0.933333333333333,0.928571428571429,0.258198889747161,0.267261241912424,15,14,14,0.928571428571429,0.928571428571429,0.267261241912424,0.267261241912424,-0.00476190476190474,-0.00906235216526324,FALSE,FALSE,-0.00476190476190474,0,0,FALSE,FALSE,0
18,97,"BTP 2005 Health Education","btp05.t1reform","18:9718::btp05.t1reform","9718","18:9718",0.818181818181818,0.909090909090909,0.404519917477945,0.301511344577764,11,11,11,0.818181818181818,0.909090909090909,0.404519917477945,0.301511344577764,0.0909090909090908,0.103008572900182,TRUE,TRUE,0.0909090909090908,0.0909090909090908,0.103008572900182,TRUE,TRUE,0.0909090909090908
18,97,"BTP 2005 Health Education","btp05.t1reform","18:9719::btp05.t1reform","9719","18:9719",0.818181818181818,0.769230769230769,0.404519917477945,0.438529009653515,11,13,11,0.818181818181818,0.727272727272727,0.404519917477945,0.467099366496914,-0.0489510489510488,-0.0340090921755692,FALSE,FALSE,-0.0489510489510488,-0.0909090909090908,-0.0625794490189684,FALSE,FALSE,-0.0909090909090908
18,97,"BTP 2005 Health Education","btp05.t1reform","18:9720::btp05.t1reform","9720","18:9720",1,0.75,0,0.462910049886276,6,8,6,1,0.833333333333333,0,0.408248290463863,-0.25,-0.462910049886276,FALSE,FALSE,-0.25,-0.166666666666667,-0.408248290463863,FALSE,FALSE,-0.166666666666667
18,97,"BTP 2005 Health Education","btp05.t1reform","18:9721::btp05.t1reform","9721","18:9721",0.733333333333333,0.8,0.457737708217063,0.414039335605413,15,15,14,0.714285714285714,0.857142857142857,0.468807230938496,0.363136519601281,0.0666666666666668,0.0436983726116509,TRUE,TRUE,0.0666666666666668,0.142857142857143,0.105670711337214,TRUE,TRUE,0.142857142857143
18,97,"BTP 2005 Health Education","btp05.t1reform","18:9722::btp05.t1reform","9722","18:9722",0.769230769230769,0.857142857142857,0.438529009653515,0.363136519601281,13,14,13,0.769230769230769,0.846153846153846,0.438529009653515,0.375533808099405,0.0879120879120878,0.0753924900522331,TRUE,TRUE,0.0879120879120878,0.0769230769230769,0.0629952015541092,TRUE,TRUE,0.0769230769230769
18,97,"BTP 2005 Health Education","btp05.t1reform","18:9723::btp05.t1reform","9723","18:9723",0.68421052631579,0.611111111111111,0.477566932940919,0.50163132570455,19,18,18,0.666666666666667,0.611111111111111,0.485071250072666,0.50163132570455,-0.0730994152046783,-0.024064392763631,FALSE,FALSE,-0.0730994152046783,-0.0555555555555555,-0.0165600756318843,FALSE,FALSE,-0.0555555555555555
18,97,"BTP 2005 Health Education","btp05.t1reform","18:9724::btp05.t1reform","9724","18:9724",0.823529411764706,0.88235294117647,0.392952623996688,0.332105582077536,17,17,17,0.823529411764706,0.88235294117647,0.392952623996688,0.332105582077536,0.0588235294117647,0.0608470419191521,TRUE,TRUE,0.0588235294117647,0.0588235294117647,0.0608470419191521,TRUE,TRUE,0.0588235294117647
18,97,"BTP 2005 Health Education","btp05.t1reform","18:9725::btp05.t1reform","9725","18:9725",0.833333333333333,0.736842105263158,0.383482494423685,0.452413928358864,18,19,18,0.833333333333333,0.777777777777778,0.383482494423685,0.427792631946499,-0.0964912280701755,-0.0689314339351789,FALSE,FALSE,-0.0964912280701755,-0.0555555555555556,-0.0443101375228134,FALSE,FALSE,-0.0555555555555556
18,97,"BTP 2005 Health Education","btp05.t1reform","18:9726::btp05.t1reform","9726","18:9726",0.857142857142857,0.75,0.363136519601281,0.447213595499958,14,16,14,0.857142857142857,0.857142857142857,0.363136519601281,0.363136519601281,-0.107142857142857,-0.0840770758986765,FALSE,FALSE,-0.107142857142857,0,0,FALSE,FALSE,0
18,97,"BTP 2005 Health Education","btp05.t1reform","18:9727::btp05.t1reform","9727","18:9727",0.625,0.6875,0.5,0.478713553878169,16,16,16,0.625,0.6875,0.5,0.478713553878169,0.0625,0.021286446121831,TRUE,TRUE,0.0625,0.0625,0.021286446121831,TRUE,TRUE,0.0625
18,97,"BTP 2005 Health Education","btp05.t1reform","18:9728::btp05.t1reform","9728","18:9728",0.642857142857143,0.692307692307692,0.497245158098847,0.480384461415261,14,13,13,0.615384615384615,0.692307692307692,0.506369683541833,0.480384461415261,0.0494505494505495,0.0168606966835854,TRUE,TRUE,0.0494505494505495,0.0769230769230769,0.025985222126572,TRUE,TRUE,0.0769230769230769
18,97,"BTP 2005 Health Education","btp05.t1reform","18:9729::btp05.t1reform","9729","18:9729",0.68421052631579,0.777777777777778,0.477566932940919,0.427792631946498,19,18,18,0.666666666666667,0.777777777777778,0.485071250072666,0.427792631946498,0.0935672514619883,0.0497743009944208,TRUE,TRUE,0.0935672514619883,0.111111111111111,0.0572786181261675,TRUE,TRUE,0.111111111111111
18,97,"BTP 2005 Health Education","btp05.t1reform","18:9730::btp05.t1reform","9730","18:9730",0.866666666666667,0.8125,0.351865775274498,0.403112887414928,15,16,15,0.866666666666667,0.866666666666667,0.351865775274498,0.351865775274498,-0.0541666666666667,-0.0512471121404292,FALSE,FALSE,-0.0541666666666667,0,0,FALSE,FALSE,0
18,97,"BTP 2005 Health Education","btp05.t1fcvsch","18:9701::btp05.t1fcvsch","9701","18:9701",0.461538458099732,0.400000002767359,0.358325875118801,0.373136398198842,13,14,13,0.461538458099732,0.415384618135599,0.358325875118801,0.383723327911882,0.0615384553323735,-0.0148105230800409,TRUE,FALSE,0.0615384553323735,0.046153839964133,-0.0253974527930811,TRUE,FALSE,0.046153839964133
18,97,"BTP 2005 Health Education","btp05.t1fcvsch","18:9702::btp05.t1fcvsch","9702","18:9702",0.246428574036275,0.246428573237998,0.31345732850759,0.323124344012357,14,14,14,0.246428574036275,0.246428573237998,0.31345732850759,0.323124344012357,7.98276528213293e-10,-0.00966701550476645,TRUE,FALSE,7.98276500457717e-10,7.98276528213293e-10,-0.00966701550476645,TRUE,FALSE,7.98276500457717e-10
18,97,"BTP 2005 Health Education","btp05.t1fcvsch","18:9703::btp05.t1fcvsch","9703","18:9703",0.371428568448339,0.366666666985977,0.363170559223207,0.367196584773462,21,21,21,0.371428568448339,0.366666666985977,0.363170559223207,0.367196584773462,0.00476190146236194,-0.004026025550255,TRUE,FALSE,0.00476190146236194,0.00476190146236194,-0.004026025550255,TRUE,FALSE,0.00476190146236194
18,97,"BTP 2005 Health Education","btp05.t1fcvsch","18:9704::btp05.t1fcvsch","9704","18:9704",0.26923076951733,0.211538464117509,0.325024653344007,0.293792619420669,13,13,13,0.26923076951733,0.211538464117509,0.325024653344007,0.293792619420669,0.0576923053998214,0.0312320339233379,TRUE,TRUE,0.0576923053998214,0.0576923053998214,0.0312320339233379,TRUE,TRUE,0.0576923053998214
18,97,"BTP 2005 Health Education","btp05.t1fcvsch","18:9705::btp05.t1fcvsch","9705","18:9705",0.437499998137355,0.356249999254942,0.388801575596711,0.304343552949286,16,16,16,0.437499998137355,0.356249999254942,0.388801575596711,0.304343552949286,0.0812499988824129,0.0844580226474247,TRUE,TRUE,0.0812499988824129,0.0812499988824129,0.0844580226474247,TRUE,TRUE,0.0812499988824129
18,97,"BTP 2005 Health Education","btp05.t1fcvsch","18:9706::btp05.t1fcvsch","9706","18:9706",0.18461538450076,0.226923081164177,0.313836882268245,0.307283385145825,13,13,13,0.18461538450076,0.226923081164177,0.313836882268245,0.307283385145825,-0.0423076966634164,0.00655349712242026,FALSE,TRUE,-0.0423076966634163,-0.0423076966634164,0.00655349712242026,FALSE,TRUE,-0.0423076966634163
18,97,"BTP 2005 Health Education","btp05.t1fcvsch","18:9707::btp05.t1fcvsch","9707","18:9707",0.300000001333262,0.289473684210526,0.32871805022038,0.296075693189206,19,19,19,0.300000001333262,0.289473684210526,0.32871805022038,0.296075693189206,0.0105263171227354,0.0326423570311737,TRUE,TRUE,0.0105263171227354,0.0105263171227354,0.0326423570311737,TRUE,TRUE,0.0105263171227354
18,97,"BTP 2005 Health Education","btp05.t1fcvsch","18:9708::btp05.t1fcvsch","9708","18:9708",0.541666666252746,0.555555553899871,0.302562581551645,0.362137805155013,18,18,18,0.541666666252746,0.555555553899871,0.302562581551645,0.362137805155013,0.0138888876471255,-0.0595752236033679,TRUE,FALSE,0.0138888876471255,0.0138888876471255,-0.0595752236033679,TRUE,FALSE,0.0138888876471255
18,97,"BTP 2005 Health Education","btp05.t1fcvsch","18:9709::btp05.t1fcvsch","9709","18:9709",0.405882354168331,0.45588235820041,0.378682895069223,0.393653702463919,17,17,17,0.405882354168331,0.45588235820041,0.378682895069223,0.393653702463919,-0.0500000040320789,-0.0149708073946961,FALSE,FALSE,-0.0500000040320789,-0.0500000040320789,-0.0149708073946961,FALSE,FALSE,-0.0500000040320789
18,97,"BTP 2005 Health Education","btp05.t1fcvsch","18:9710::btp05.t1fcvsch","9710","18:9710",0.473333334922791,0.456666666269302,0.357504578256842,0.338519181099354,15,15,15,0.473333334922791,0.456666666269302,0.357504578256842,0.338519181099354,0.0166666686534882,0.0189853971574879,TRUE,TRUE,0.0166666686534882,0.0166666686534882,0.0189853971574879,TRUE,TRUE,0.0166666686534882
18,97,"BTP 2005 Health Education","btp05.t1fcvsch","18:9711::btp05.t1fcvsch","9711","18:9711",0.380769230425358,0.380769232717844,0.307908574711794,0.261835238965364,13,13,13,0.380769230425358,0.380769232717844,0.307908574711794,0.261835238965364,-2.29248631189449e-09,0.04607333574643,FALSE,TRUE,-2.29248631189449e-09,-2.29248631189449e-09,0.04607333574643,FALSE,TRUE,-2.29248631189449e-09
18,97,"BTP 2005 Health Education","btp05.t1fcvsch","18:9712::btp05.t1fcvsch","9712","18:9712",0.332352942841894,0.355882354518946,0.378294353667681,0.346357091412146,17,17,17,0.332352942841894,0.355882354518946,0.378294353667681,0.346357091412146,-0.023529411677052,0.0319372622555356,FALSE,TRUE,-0.023529411677052,-0.023529411677052,0.0319372622555356,FALSE,TRUE,-0.023529411677052
18,97,"BTP 2005 Health Education","btp05.t1fcvsch","18:9713::btp05.t1fcvsch","9713","18:9713",0.313636360182004,0.33181818574667,0.283805300814797,0.293489975748346,11,11,11,0.313636360182004,0.33181818574667,0.283805300814797,0.293489975748346,-0.0181818255646662,-0.00968467493354846,FALSE,FALSE,-0.0181818255646662,-0.0181818255646662,-0.00968467493354846,FALSE,FALSE,-0.0181818255646662
18,97,"BTP 2005 Health Education","btp05.t1fcvsch","18:9714::btp05.t1fcvsch","9714","18:9714",0.355882355395485,0.294117647935362,0.35305911247632,0.363525425517581,17,17,17,0.355882355395485,0.294117647935362,0.35305911247632,0.363525425517581,0.061764707460123,-0.0104663130412608,TRUE,FALSE,0.061764707460123,0.061764707460123,-0.0104663130412608,TRUE,FALSE,0.061764707460123
18,97,"BTP 2005 Health Education","btp05.t1fcvsch","18:9715::btp05.t1fcvsch","9715","18:9715",0.583333333333333,0.538888891537984,0.328823662875102,0.28037672947711,9,9,9,0.583333333333333,0.538888891537984,0.328823662875102,0.28037672947711,-0.0444444417953491,0.0484469333979917,FALSE,TRUE,-0.0444444417953491,-0.0444444417953491,0.0484469333979917,FALSE,TRUE,-0.0444444417953491
18,97,"BTP 2005 Health Education","btp05.t1fcvsch","18:9716::btp05.t1fcvsch","9716","18:9716",0.441666670454045,0.579166668156783,0.409452704536621,0.334023906870075,12,12,12,0.441666670454045,0.579166668156783,0.409452704536621,0.334023906870075,-0.137499997702738,0.0754287976665454,FALSE,TRUE,0.0208333386108279,-0.137499997702738,0.0754287976665454,FALSE,TRUE,0.0208333386108279
18,97,"BTP 2005 Health Education","btp05.t1fcvsch","18:9717::btp05.t1fcvsch","9717","18:9717",0.360000000397364,0.303333336114883,0.306011203706244,0.25527762594125,15,15,15,0.360000000397364,0.303333336114883,0.306011203706244,0.25527762594125,0.0566666642824808,0.0507335777649942,TRUE,TRUE,0.0566666642824808,0.0566666642824808,0.0507335777649942,TRUE,TRUE,0.0566666642824808
18,97,"BTP 2005 Health Education","btp05.t1fcvsch","18:9718::btp05.t1fcvsch","9718","18:9718",0.318181814117865,0.322727271101692,0.306816490708935,0.3319364605649,11,11,11,0.318181814117865,0.322727271101692,0.306816490708935,0.3319364605649,-0.00454545698382641,-0.0251199698559658,FALSE,FALSE,-0.00454545698382641,-0.00454545698382641,-0.0251199698559658,FALSE,FALSE,-0.00454545698382641
18,97,"BTP 2005 Health Education","btp05.t1fcvsch","18:9719::btp05.t1fcvsch","9719","18:9719",0.289285713274564,0.321428571694664,0.36856194818746,0.323273095369007,14,14,14,0.289285713274564,0.321428571694664,0.36856194818746,0.323273095369007,-0.0321428584200995,0.0452888528184533,FALSE,TRUE,-0.0321428584200995,-0.0321428584200995,0.0452888528184533,FALSE,TRUE,-0.0321428584200995
18,97,"BTP 2005 Health Education","btp05.t1fcvsch","18:9720::btp05.t1fcvsch","9720","18:9720",0.3062499971129,0.262500003911555,0.355002511227073,0.261520282012468,8,8,8,0.3062499971129,0.262500003911555,0.355002511227073,0.261520282012468,0.0437499932013452,0.0934822292146046,TRUE,TRUE,0.0437499932013452,0.0437499932013452,0.0934822292146046,TRUE,TRUE,0.0437499932013452
18,97,"BTP 2005 Health Education","btp05.t1fcvsch","18:9721::btp05.t1fcvsch","9721","18:9721",0.431250004097819,0.321875002002344,0.370528901960707,0.364677366265926,16,16,16,0.431250004097819,0.321875002002344,0.370528901960707,0.364677366265926,0.109375002095476,0.00585153569478103,TRUE,TRUE,0.109375002095476,0.109375002095476,0.00585153569478103,TRUE,TRUE,0.109375002095476
18,97,"BTP 2005 Health Education","btp05.t1fcvsch","18:9722::btp05.t1fcvsch","9722","18:9722",0.475000006811959,0.421428574249148,0.403232139403257,0.298531203563006,14,14,14,0.475000006811959,0.421428574249148,0.403232139403257,0.298531203563006,0.053571432562811,0.104700935840251,TRUE,TRUE,0.053571432562811,0.053571432562811,0.104700935840251,TRUE,TRUE,0.053571432562811
18,97,"BTP 2005 Health Education","btp05.t1fcvsch","18:9723::btp05.t1fcvsch","9723","18:9723",0.302631581496251,0.328947366460374,0.340943822678026,0.361830140705808,19,19,19,0.302631581496251,0.328947366460374,0.340943822678026,0.361830140705808,-0.0263157849641223,-0.0208863180277817,FALSE,FALSE,-0.0263157849641223,-0.0263157849641223,-0.0208863180277817,FALSE,FALSE,-0.0263157849641223
18,97,"BTP 2005 Health Education","btp05.t1fcvsch","18:9724::btp05.t1fcvsch","9724","18:9724",0.294117649250171,0.238235296571956,0.339522805688042,0.286972023305126,17,17,17,0.294117649250171,0.238235296571956,0.339522805688042,0.286972023305126,0.0558823526782148,0.052550782382916,TRUE,TRUE,0.0558823526782148,0.0558823526782148,0.052550782382916,TRUE,TRUE,0.0558823526782148
18,97,"BTP 2005 Health Education","btp05.t1fcvsch","18:9725::btp05.t1fcvsch","9725","18:9725",0.342105264138234,0.334210523649266,0.361809937836803,0.367443352812197,19,19,19,0.342105264138234,0.334210523649266,0.361809937836803,0.367443352812197,0.00789474048896838,-0.00563341497539493,TRUE,FALSE,0.00789474048896838,0.00789474048896838,-0.00563341497539493,TRUE,FALSE,0.00789474048896838
18,97,"BTP 2005 Health Education","btp05.t1fcvsch","18:9726::btp05.t1fcvsch","9726","18:9726",0.350000003818423,0.403125003911555,0.347371082162904,0.360771744298119,16,16,16,0.350000003818423,0.403125003911555,0.347371082162904,0.360771744298119,-0.0531250000931323,-0.0134006621352152,FALSE,FALSE,-0.0531250000931323,-0.0531250000931323,-0.0134006621352152,FALSE,FALSE,-0.0531250000931323
18,97,"BTP 2005 Health Education","btp05.t1fcvsch","18:9727::btp05.t1fcvsch","9727","18:9727",0.493749997811392,0.440625001210719,0.338070503594574,0.289953301718833,16,16,16,0.493749997811392,0.440625001210719,0.338070503594574,0.289953301718833,0.0531249966006726,0.0481172018757412,TRUE,TRUE,0.0531249966006726,0.0531249966006726,0.0481172018757412,TRUE,TRUE,0.0531249966006726
18,97,"BTP 2005 Health Education","btp05.t1fcvsch","18:9728::btp05.t1fcvsch","9728","18:9728",0.392857144187604,0.396428575739264,0.425105029393424,0.402618490616843,14,14,14,0.392857144187604,0.396428575739264,0.425105029393424,0.402618490616843,-0.00357143155166079,0.0224865387765807,FALSE,TRUE,-0.00357143155166079,-0.00357143155166079,0.0224865387765807,FALSE,TRUE,-0.00357143155166079
18,97,"BTP 2005 Health Education","btp05.t1fcvsch","18:9729::btp05.t1fcvsch","9729","18:9729",0.444736839125031,0.373684211192947,0.400657350977148,0.393124385289496,19,19,19,0.444736839125031,0.373684211192947,0.400657350977148,0.393124385289496,0.0710526279320842,0.00753296568765227,TRUE,TRUE,0.0710526279320842,0.0710526279320842,0.00753296568765227,TRUE,TRUE,0.0710526279320842
18,97,"BTP 2005 Health Education","btp05.t1fcvsch","18:9730::btp05.t1fcvsch","9730","18:9730",0.552941179012551,0.470588236828061,0.398226767637552,0.398065173239424,17,17,17,0.552941179012551,0.470588236828061,0.398226767637552,0.398065173239424,-0.0823529421844903,0.00016159439812774,FALSE,TRUE,-0.0235294158406117,-0.0823529421844903,0.00016159439812774,FALSE,TRUE,-0.0235294158406117
18,97,"BTP 2005 Health Education","btp05.t1mmtaxe","18:9701::btp05.t1mmtaxe","9701","18:9701",0.681785710155964,0.7360714333398,0.293307442592027,0.2134711125027,14,14,14,0.681785710155964,0.7360714333398,0.293307442592027,0.2134711125027,0.0542857231838363,0.0798363300893273,TRUE,TRUE,0.0542857231838363,0.0542857231838363,0.0798363300893273,TRUE,TRUE,0.0542857231838363
18,97,"BTP 2005 Health Education","btp05.t1mmtaxe","18:9702::btp05.t1mmtaxe","9702","18:9702",0.737142853704946,0.763214288013322,0.291004320902682,0.225265713446667,14,14,14,0.737142853704946,0.763214288013322,0.291004320902682,0.225265713446667,0.0260714343083757,0.0657386074560152,TRUE,TRUE,0.0260714343083757,0.0260714343083757,0.0657386074560152,TRUE,TRUE,0.0260714343083757
18,97,"BTP 2005 Health Education","btp05.t1mmtaxe","18:9703::btp05.t1mmtaxe","9703","18:9703",0.678571427861849,0.67809523783979,0.343893669509007,0.302648625363866,21,21,21,0.678571427861849,0.67809523783979,0.343893669509007,0.302648625363866,-0.000476190022059786,0.041245044145141,FALSE,TRUE,-0.000476190022059786,-0.000476190022059786,0.041245044145141,FALSE,TRUE,-0.000476190022059786
18,97,"BTP 2005 Health Education","btp05.t1mmtaxe","18:9704::btp05.t1mmtaxe","9704","18:9704",0.543076927845295,0.524615381772702,0.331948404006062,0.332681409442572,13,13,13,0.543076927845295,0.524615381772702,0.331948404006062,0.332681409442572,-0.0184615460725932,-0.000733005436509782,FALSE,FALSE,-0.0184615460725932,-0.0184615460725932,-0.000733005436509782,FALSE,FALSE,-0.0184615460725932
18,97,"BTP 2005 Health Education","btp05.t1mmtaxe","18:9705::btp05.t1mmtaxe","9705","18:9705",0.554999994579703,0.551562502514571,0.39310727484937,0.344604692188403,16,16,16,0.554999994579703,0.551562502514571,0.39310727484937,0.344604692188403,-0.00343749206513166,0.0485025826609667,FALSE,TRUE,-0.00343749206513166,-0.00343749206513166,0.0485025826609667,FALSE,TRUE,-0.00343749206513166
18,97,"BTP 2005 Health Education","btp05.t1mmtaxe","18:9706::btp05.t1mmtaxe","9706","18:9706",0.827692305239347,0.766153842783891,0.251600006883851,0.235568051032684,13,13,13,0.827692305239347,0.766153842783891,0.251600006883851,0.235568051032684,-0.0615384624554561,0.016031955851167,FALSE,TRUE,-0.0615384624554561,-0.0615384624554561,0.016031955851167,FALSE,TRUE,-0.0615384624554561
18,97,"BTP 2005 Health Education","btp05.t1mmtaxe","18:9707::btp05.t1mmtaxe","9707","18:9707",0.631052632473017,0.648157898532717,0.32257461911573,0.226857826385469,19,19,19,0.631052632473017,0.648157898532717,0.32257461911573,0.226857826385469,0.0171052660596999,0.0957167927302606,TRUE,TRUE,0.0171052660596999,0.0171052660596999,0.0957167927302606,TRUE,TRUE,0.0171052660596999
18,97,"BTP 2005 Health Education","btp05.t1mmtaxe","18:9708::btp05.t1mmtaxe","9708","18:9708",0.553333336694373,0.545555555365152,0.328418672321296,0.301588384727619,18,18,18,0.553333336694373,0.545555555365152,0.328418672321296,0.301588384727619,-0.00777778132922113,0.0268302875936772,FALSE,TRUE,-0.00777778132922113,-0.00777778132922113,0.0268302875936772,FALSE,TRUE,-0.00777778132922113
18,97,"BTP 2005 Health Education","btp05.t1mmtaxe","18:9709::btp05.t1mmtaxe","9709","18:9709",0.622352939318208,0.656470590654541,0.31319980016301,0.30628705926083,17,17,17,0.622352939318208,0.656470590654541,0.31319980016301,0.30628705926083,0.0341176513363334,0.00691274090218053,TRUE,TRUE,0.0341176513363334,0.0341176513363334,0.00691274090218053,TRUE,TRUE,0.0341176513363334
18,97,"BTP 2005 Health Education","btp05.t1mmtaxe","18:9710::btp05.t1mmtaxe","9710","18:9710",0.641333333651225,0.670666667819023,0.281979398459944,0.292952128043123,15,15,15,0.641333333651225,0.670666667819023,0.281979398459944,0.292952128043123,0.0293333341677984,-0.0109727295831787,TRUE,FALSE,0.0293333341677984,0.0293333341677984,-0.0109727295831787,TRUE,FALSE,0.0293333341677984
18,97,"BTP 2005 Health Education","btp05.t1mmtaxe","18:9711::btp05.t1mmtaxe","9711","18:9711",0.595384620703184,0.632307689923506,0.247137460474703,0.253710921035531,13,13,13,0.595384620703184,0.632307689923506,0.247137460474703,0.253710921035531,0.0369230692203228,-0.00657346056082767,TRUE,FALSE,0.0369230692203228,0.0369230692203228,-0.00657346056082767,TRUE,FALSE,0.0369230692203228
18,97,"BTP 2005 Health Education","btp05.t1mmtaxe","18:9712::btp05.t1mmtaxe","9712","18:9712",0.567058821153991,0.545098036308499,0.3502100197938,0.324230104605507,17,17,17,0.567058821153991,0.545098036308499,0.3502100197938,0.324230104605507,-0.0219607848454924,0.0259799151882932,FALSE,TRUE,-0.0219607848454924,-0.0219607848454924,0.0259799151882932,FALSE,TRUE,-0.0219607848454924
18,97,"BTP 2005 Health Education","btp05.t1mmtaxe","18:9713::btp05.t1mmtaxe","9713","18:9713",0.773636365478689,0.705454550006173,0.179389114063853,0.226290241730284,11,11,11,0.773636365478689,0.705454550006173,0.179389114063853,0.226290241730284,-0.0681818154725161,-0.0469011276664313,FALSE,FALSE,-0.0681818154725161,-0.0681818154725161,-0.0469011276664313,FALSE,FALSE,-0.0681818154725161
18,97,"BTP 2005 Health Education","btp05.t1mmtaxe","18:9714::btp05.t1mmtaxe","9714","18:9714",0.698823525625117,0.688627451658249,0.283149303074749,0.264761572467685,17,17,17,0.698823525625117,0.688627451658249,0.283149303074749,0.264761572467685,-0.0101960739668678,0.0183877306070637,FALSE,TRUE,-0.0101960739668678,-0.0101960739668678,0.0183877306070637,FALSE,TRUE,-0.0101960739668678
18,97,"BTP 2005 Health Education","btp05.t1mmtaxe","18:9715::btp05.t1mmtaxe","9715","18:9715",0.735555560224586,0.746666667362054,0.304922574561811,0.285131545872724,9,9,9,0.735555560224586,0.746666667362054,0.304922574561811,0.285131545872724,0.0111111071374682,0.0197910286890871,TRUE,TRUE,0.0111111071374682,0.0111111071374682,0.0197910286890871,TRUE,TRUE,0.0111111071374682
18,97,"BTP 2005 Health Education","btp05.t1mmtaxe","18:9716::btp05.t1mmtaxe","9716","18:9716",0.547777777848144,0.516666663810611,0.301187324483083,0.395964487880223,12,12,12,0.547777777848144,0.516666663810611,0.301187324483083,0.395964487880223,-0.0311111140375336,-0.0947771633971403,FALSE,FALSE,-0.0311111140375336,-0.0311111140375336,-0.0947771633971403,FALSE,FALSE,-0.0311111140375336
18,97,"BTP 2005 Health Education","btp05.t1mmtaxe","18:9717::btp05.t1mmtaxe","9717","18:9717",0.699555550018946,0.662444445490837,0.206058499028787,0.227709319219194,15,15,15,0.699555550018946,0.662444445490837,0.206058499028787,0.227709319219194,-0.0371111045281092,-0.0216508201904068,FALSE,FALSE,-0.0371111045281092,-0.0371111045281092,-0.0216508201904068,FALSE,FALSE,-0.0371111045281092
18,97,"BTP 2005 Health Education","btp05.t1mmtaxe","18:9718::btp05.t1mmtaxe","9718","18:9718",0.735909088091417,0.730909100987694,0.266203104881541,0.196237328103127,11,11,11,0.735909088091417,0.730909100987694,0.266203104881541,0.196237328103127,-0.00499998710372229,0.0699657767784144,FALSE,TRUE,-0.00499998710372229,-0.00499998710372229,0.0699657767784144,FALSE,TRUE,-0.00499998710372229
18,97,"BTP 2005 Health Education","btp05.t1mmtaxe","18:9719::btp05.t1mmtaxe","9719","18:9719",0.595238093286753,0.584999998601583,0.277330722695528,0.279150495558848,14,13,13,0.602564100462657,0.584999998601583,0.287241518208542,0.279150495558848,-0.0102380946851693,-0.00181977286332019,FALSE,FALSE,-0.0102380946851693,-0.0175641018610734,0.00809102264969347,FALSE,TRUE,-0.0175641018610734
18,97,"BTP 2005 Health Education","btp05.t1mmtaxe","18:9720::btp05.t1mmtaxe","9720","18:9720",0.659999990835786,0.719999998807907,0.304443278114116,0.268966270595032,8,8,8,0.659999990835786,0.719999998807907,0.304443278114116,0.268966270595032,0.0600000079721212,0.0354770075190834,TRUE,TRUE,0.0600000079721212,0.0600000079721212,0.0354770075190834,TRUE,TRUE,0.0600000079721212
18,97,"BTP 2005 Health Education","btp05.t1mmtaxe","18:9721::btp05.t1mmtaxe","9721","18:9721",0.695625000167638,0.658333333209157,0.345117730411915,0.311055549097583,16,16,16,0.695625000167638,0.658333333209157,0.345117730411915,0.311055549097583,-0.0372916669584811,0.0340621813143325,FALSE,TRUE,-0.0372916669584811,-0.0372916669584811,0.0340621813143325,FALSE,TRUE,-0.0372916669584811
18,97,"BTP 2005 Health Education","btp05.t1mmtaxe","18:9722::btp05.t1mmtaxe","9722","18:9722",0.622499997062342,0.68678571124162,0.296795381371985,0.269612305572945,14,14,14,0.622499997062342,0.68678571124162,0.296795381371985,0.269612305572945,0.0642857141792774,0.0271830757990398,TRUE,TRUE,0.0642857141792774,0.0642857141792774,0.0271830757990398,TRUE,TRUE,0.0642857141792774
18,97,"BTP 2005 Health Education","btp05.t1mmtaxe","18:9723::btp05.t1mmtaxe","9723","18:9723",0.630526317773681,0.542807021031254,0.324986726017779,0.321411359835625,19,19,19,0.630526317773681,0.542807021031254,0.324986726017779,0.321411359835625,-0.0877192967424267,0.0035753661821542,FALSE,TRUE,-0.0877192967424267,-0.0877192967424267,0.0035753661821542,FALSE,TRUE,-0.0877192967424267
18,97,"BTP 2005 Health Education","btp05.t1mmtaxe","18:9724::btp05.t1mmtaxe","9724","18:9724",0.771470588796279,0.822647050899618,0.20487621511412,0.193246258359374,17,17,17,0.771470588796279,0.822647050899618,0.20487621511412,0.193246258359374,0.0511764621033387,0.0116299567547459,TRUE,TRUE,0.0511764621033387,0.0511764621033387,0.0116299567547459,TRUE,TRUE,0.0511764621033387
18,97,"BTP 2005 Health Education","btp05.t1mmtaxe","18:9725::btp05.t1mmtaxe","9725","18:9725",0.74263157028901,0.699473687692692,0.218214781006343,0.290219717489552,19,19,19,0.74263157028901,0.699473687692692,0.218214781006343,0.290219717489552,-0.0431578825963171,-0.0720049364832091,FALSE,FALSE,-0.0431578825963171,-0.0431578825963171,-0.0720049364832091,FALSE,FALSE,-0.0431578825963171
18,97,"BTP 2005 Health Education","btp05.t1mmtaxe","18:9726::btp05.t1mmtaxe","9726","18:9726",0.735625000670552,0.70750000141561,0.254688530387238,0.266320607393426,16,16,16,0.735625000670552,0.70750000141561,0.254688530387238,0.266320607393426,-0.0281249992549419,-0.0116320770061885,FALSE,FALSE,-0.0281249992549419,-0.0281249992549419,-0.0116320770061885,FALSE,FALSE,-0.0281249992549419
18,97,"BTP 2005 Health Education","btp05.t1mmtaxe","18:9727::btp05.t1mmtaxe","9727","18:9727",0.600000002421439,0.612500001210719,0.279427984881243,0.268017410196725,16,16,16,0.600000002421439,0.612500001210719,0.279427984881243,0.268017410196725,0.0124999987892807,0.0114105746845181,TRUE,TRUE,0.0124999987892807,0.0124999987892807,0.0114105746845181,TRUE,TRUE,0.0124999987892807
18,97,"BTP 2005 Health Education","btp05.t1mmtaxe","18:9728::btp05.t1mmtaxe","9728","18:9728",0.568571425442185,0.564285714179277,0.356281154205817,0.315660825354805,14,14,14,0.568571425442185,0.564285714179277,0.356281154205817,0.315660825354805,-0.00428571126290733,0.0406203288510124,FALSE,TRUE,-0.00428571126290733,-0.00428571126290733,0.0406203288510124,FALSE,TRUE,-0.00428571126290733
18,97,"BTP 2005 Health Education","btp05.t1mmtaxe","18:9729::btp05.t1mmtaxe","9729","18:9729",0.621842105137674,0.675789476617386,0.312832975485033,0.292542792002391,19,19,19,0.621842105137674,0.675789476617386,0.312832975485033,0.292542792002391,0.053947371479712,0.0202901834826417,TRUE,TRUE,0.053947371479712,0.053947371479712,0.0202901834826417,TRUE,TRUE,0.053947371479712
18,97,"BTP 2005 Health Education","btp05.t1mmtaxe","18:9730::btp05.t1mmtaxe","9730","18:9730",0.615294113316957,0.637352939914255,0.299126174646978,0.271719739584742,17,17,17,0.615294113316957,0.637352939914255,0.299126174646978,0.271719739584742,0.0220588265972979,0.027406435062236,TRUE,TRUE,0.0220588265972979,0.0220588265972979,0.027406435062236,TRUE,TRUE,0.0220588265972979
18,97,"BTP 2005 Health Education","btp05.t1stest","18:9701::btp05.t1stest","9701","18:9701",0.282142861613206,0.28571428252118,0.309221818130693,0.254519575509532,14,14,14,0.282142861613206,0.28571428252118,0.309221818130693,0.254519575509532,-0.00357142090797424,0.0547022426211608,FALSE,TRUE,-0.00357142090797424,-0.00357142090797424,0.0547022426211608,FALSE,TRUE,-0.00357142090797424
18,97,"BTP 2005 Health Education","btp05.t1stest","18:9702::btp05.t1stest","9702","18:9702",0.400000004097819,0.325000001915864,0.326990944505334,0.307439798782072,14,14,14,0.400000004097819,0.325000001915864,0.326990944505334,0.307439798782072,0.0750000021819557,0.0195511457232619,TRUE,TRUE,0.0750000021819557,0.0750000021819557,0.0195511457232619,TRUE,TRUE,0.0750000021819557
18,97,"BTP 2005 Health Education","btp05.t1stest","18:9703::btp05.t1stest","9703","18:9703",0.280952381591002,0.366666665566819,0.285252601497543,0.30509560992623,21,21,21,0.280952381591002,0.366666665566819,0.285252601497543,0.30509560992623,-0.0857142839758169,-0.0198430084286877,FALSE,FALSE,-0.0857142839758169,-0.0857142839758169,-0.0198430084286877,FALSE,FALSE,-0.0857142839758169
18,97,"BTP 2005 Health Education","btp05.t1stest","18:9704::btp05.t1stest","9704","18:9704",0.326923076349955,0.346153844434481,0.373393995534221,0.343669858277665,13,13,13,0.326923076349955,0.346153844434481,0.373393995534221,0.343669858277665,-0.0192307680845261,0.0297241372565561,FALSE,TRUE,-0.0192307680845261,-0.0192307680845261,0.0297241372565561,FALSE,TRUE,-0.0192307680845261
18,97,"BTP 2005 Health Education","btp05.t1stest","18:9705::btp05.t1stest","9705","18:9705",0.365625001722947,0.371874999254942,0.300399038070821,0.334150039580952,16,16,16,0.365625001722947,0.371874999254942,0.300399038070821,0.334150039580952,-0.00624999753199518,-0.0337510015101306,FALSE,FALSE,-0.00624999753199518,-0.00624999753199518,-0.0337510015101306,FALSE,FALSE,-0.00624999753199518
18,97,"BTP 2005 Health Education","btp05.t1stest","18:9706::btp05.t1stest","9706","18:9706",0.230769232775156,0.311538462742017,0.275785591588586,0.321554718637538,13,13,13,0.230769232775156,0.311538462742017,0.275785591588586,0.321554718637538,-0.0807692299668605,-0.045769127048952,FALSE,FALSE,-0.0807692299668605,-0.0807692299668605,-0.045769127048952,FALSE,FALSE,-0.0807692299668605
18,97,"BTP 2005 Health Education","btp05.t1stest","18:9707::btp05.t1stest","9707","18:9707",0.326315789630539,0.331578947995838,0.325904046350498,0.297307603866763,19,19,19,0.326315789630539,0.331578947995838,0.325904046350498,0.297307603866763,-0.00526315836529984,0.0285964424837348,FALSE,TRUE,-0.00526315836529984,-0.00526315836529984,0.0285964424837348,FALSE,TRUE,-0.00526315836529984
18,97,"BTP 2005 Health Education","btp05.t1stest","18:9708::btp05.t1stest","9708","18:9708",0.255555557914906,0.272222225036886,0.288958008800796,0.307371314033085,18,18,18,0.255555557914906,0.272222225036886,0.288958008800796,0.307371314033085,-0.0166666671219799,-0.0184133052322888,FALSE,FALSE,-0.0166666671219799,-0.0166666671219799,-0.0184133052322888,FALSE,FALSE,-0.0166666671219799
18,97,"BTP 2005 Health Education","btp05.t1stest","18:9709::btp05.t1stest","9709","18:9709",0.202941175988492,0.229411769877462,0.205753631771545,0.21726915110698,17,17,17,0.202941175988492,0.229411769877462,0.205753631771545,0.21726915110698,-0.02647059388897,-0.0115155193354353,FALSE,FALSE,-0.02647059388897,-0.02647059388897,-0.0115155193354353,FALSE,FALSE,-0.02647059388897
18,97,"BTP 2005 Health Education","btp05.t1stest","18:9710::btp05.t1stest","9710","18:9710",0.200000002980232,0.223333332935969,0.263221801584815,0.265159428154603,15,15,15,0.200000002980232,0.223333332935969,0.263221801584815,0.265159428154603,-0.0233333299557368,-0.00193762656978824,FALSE,FALSE,-0.0233333299557368,-0.0233333299557368,-0.00193762656978824,FALSE,FALSE,-0.0233333299557368
18,97,"BTP 2005 Health Education","btp05.t1stest","18:9711::btp05.t1stest","9711","18:9711",0.349999997191704,0.450000000401185,0.349404249520821,0.391578001342532,13,13,13,0.349999997191704,0.450000000401185,0.349404249520821,0.391578001342532,-0.100000003209481,-0.0421737518217116,FALSE,FALSE,-0.100000003209481,-0.100000003209481,-0.0421737518217116,FALSE,FALSE,-0.100000003209481
18,97,"BTP 2005 Health Education","btp05.t1stest","18:9712::btp05.t1stest","9712","18:9712",0.308823528973495,0.252941176076146,0.334587099201355,0.306935751968469,17,17,17,0.308823528973495,0.252941176076146,0.334587099201355,0.306935751968469,0.0558823528973495,0.0276513472328868,TRUE,TRUE,0.0558823528973495,0.0558823528973495,0.0276513472328868,TRUE,TRUE,0.0558823528973495
18,97,"BTP 2005 Health Education","btp05.t1stest","18:9713::btp05.t1stest","9713","18:9713",0.340909091925079,0.295454543422569,0.312104295384783,0.236066238578421,11,11,11,0.340909091925079,0.295454543422569,0.312104295384783,0.236066238578421,0.0454545485025102,0.076038056806362,TRUE,TRUE,0.0454545485025102,0.0454545485025102,0.076038056806362,TRUE,TRUE,0.0454545485025102
18,97,"BTP 2005 Health Education","btp05.t1stest","18:9714::btp05.t1stest","9714","18:9714",0.302941175287261,0.420588236521272,0.348420802791821,0.361878267119056,17,17,17,0.302941175287261,0.420588236521272,0.348420802791821,0.361878267119056,-0.117647061234011,-0.0134574643272352,FALSE,FALSE,-0.117647061234011,-0.117647061234011,-0.0134574643272352,FALSE,FALSE,-0.117647061234011
18,97,"BTP 2005 Health Education","btp05.t1stest","18:9715::btp05.t1stest","9715","18:9715",0.383333337389761,0.43888889087571,0.434453682254017,0.42995477786829,9,9,9,0.383333337389761,0.43888889087571,0.434453682254017,0.42995477786829,-0.0555555534859498,0.00449890438572759,FALSE,TRUE,-0.0555555534859498,-0.0555555534859498,0.00449890438572759,FALSE,TRUE,-0.0555555534859498
18,97,"BTP 2005 Health Education","btp05.t1stest","18:9716::btp05.t1stest","9716","18:9716",0.529166674862305,0.512500004221996,0.35320502331529,0.339200260004184,12,12,12,0.529166674862305,0.512500004221996,0.35320502331529,0.339200260004184,-0.0166666706403096,0.014004763311106,FALSE,TRUE,-0.0166666706403096,-0.0166666706403096,0.014004763311106,FALSE,TRUE,-0.0166666706403096
18,97,"BTP 2005 Health Education","btp05.t1stest","18:9717::btp05.t1stest","9717","18:9717",0.276666666567326,0.330000001440446,0.320081831773611,0.292037178987636,15,15,15,0.276666666567326,0.330000001440446,0.320081831773611,0.292037178987636,-0.05333333487312,0.0280446527859751,FALSE,TRUE,-0.05333333487312,-0.05333333487312,0.0280446527859751,FALSE,TRUE,-0.05333333487312
18,97,"BTP 2005 Health Education","btp05.t1stest","18:9718::btp05.t1stest","9718","18:9718",0.254545456983826,0.309090915051374,0.258316229660332,0.262505416194972,11,11,11,0.254545456983826,0.309090915051374,0.258316229660332,0.262505416194972,-0.0545454580675472,-0.00418918653463934,FALSE,FALSE,-0.0545454580675472,-0.0545454580675472,-0.00418918653463934,FALSE,FALSE,-0.0545454580675472
18,97,"BTP 2005 Health Education","btp05.t1stest","18:9719::btp05.t1stest","9719","18:9719",0.27307692112831,0.27307692112831,0.327627442197367,0.252994875076187,13,13,13,0.27307692112831,0.27307692112831,0.327627442197367,0.252994875076187,0,0.0746325671211804,FALSE,TRUE,0,0,0.0746325671211804,FALSE,TRUE,0
18,97,"BTP 2005 Health Education","btp05.t1stest","18:9720::btp05.t1stest","9720","18:9720",0.318750006146729,0.299999996088445,0.35247847545173,0.359563220473595,8,8,8,0.318750006146729,0.299999996088445,0.35247847545173,0.359563220473595,0.0187500100582838,-0.00708474502186435,TRUE,FALSE,0.0187500100582838,0.0187500100582838,-0.00708474502186435,TRUE,FALSE,0.0187500100582838
18,97,"BTP 2005 Health Education","btp05.t1stest","18:9721::btp05.t1stest","9721","18:9721",0.383333334326744,0.413333335022132,0.388066020433191,0.354293395196719,15,15,15,0.383333334326744,0.413333335022132,0.388066020433191,0.354293395196719,-0.0300000006953876,0.033772625236472,FALSE,TRUE,-0.0300000006953876,-0.0300000006953876,0.033772625236472,FALSE,TRUE,-0.0300000006953876
18,97,"BTP 2005 Health Education","btp05.t1stest","18:9722::btp05.t1stest","9722","18:9722",0.414285716733762,0.532142857355731,0.3825162490768,0.363004101409947,14,14,14,0.414285716733762,0.532142857355731,0.3825162490768,0.363004101409947,-0.117857140621969,0.0195121476668532,FALSE,TRUE,-0.053571425910507,-0.117857140621969,0.0195121476668532,FALSE,TRUE,-0.053571425910507
18,97,"BTP 2005 Health Education","btp05.t1stest","18:9723::btp05.t1stest","9723","18:9723",0.310526316691386,0.263157892972231,0.34503580327506,0.329916696139094,19,19,19,0.310526316691386,0.263157892972231,0.34503580327506,0.329916696139094,0.0473684237191552,0.0151191071359656,TRUE,TRUE,0.0473684237191552,0.0473684237191552,0.0151191071359656,TRUE,TRUE,0.0473684237191552
18,97,"BTP 2005 Health Education","btp05.t1stest","18:9724::btp05.t1stest","9724","18:9724",0.149999999824692,0.217647058779702,0.206911814197434,0.241700466163553,17,17,17,0.149999999824692,0.217647058779702,0.206911814197434,0.241700466163553,-0.0676470589550103,-0.0347886519661198,FALSE,FALSE,-0.0676470589550103,-0.0676470589550103,-0.0347886519661198,FALSE,FALSE,-0.0676470589550103
18,97,"BTP 2005 Health Education","btp05.t1stest","18:9725::btp05.t1stest","9725","18:9725",0.200000001999893,0.241666670474741,0.253311404005637,0.280362165865147,19,18,18,0.211111113222109,0.241666670474741,0.255846667099526,0.280362165865147,-0.0416666684748485,-0.0270507618595101,FALSE,FALSE,-0.0416666684748486,-0.0305555572526322,-0.0245154987656213,FALSE,FALSE,-0.0305555572526323
18,97,"BTP 2005 Health Education","btp05.t1stest","18:9726::btp05.t1stest","9726","18:9726",0.315624997485429,0.27187499916181,0.374485752051844,0.327601761643904,16,16,16,0.315624997485429,0.27187499916181,0.374485752051844,0.327601761643904,0.0437499983236194,0.0468839904079396,TRUE,TRUE,0.0437499983236194,0.0437499983236194,0.0468839904079396,TRUE,TRUE,0.0437499983236194
18,97,"BTP 2005 Health Education","btp05.t1stest","18:9727::btp05.t1stest","9727","18:9727",0.350000003119931,0.281250005587935,0.329646274707069,0.276812212337239,16,16,16,0.350000003119931,0.281250005587935,0.329646274707069,0.276812212337239,0.0687499975319952,0.0528340623698296,TRUE,TRUE,0.0687499975319952,0.0687499975319952,0.0528340623698296,TRUE,TRUE,0.0687499975319952
18,97,"BTP 2005 Health Education","btp05.t1stest","18:9728::btp05.t1stest","9728","18:9728",0.239285717053073,0.221428573131561,0.284320088157757,0.273660572058992,14,14,14,0.239285717053073,0.221428573131561,0.284320088157757,0.273660572058992,0.0178571439215115,0.010659516098765,TRUE,TRUE,0.0178571439215115,0.0178571439215115,0.010659516098765,TRUE,TRUE,0.0178571439215115
18,97,"BTP 2005 Health Education","btp05.t1stest","18:9729::btp05.t1stest","9729","18:9729",0.336842104400459,0.292105263785312,0.320521318422372,0.316343323136171,19,19,19,0.336842104400459,0.292105263785312,0.320521318422372,0.316343323136171,0.044736840615147,0.00417799528620111,TRUE,TRUE,0.044736840615147,0.044736840615147,0.00417799528620111,TRUE,TRUE,0.044736840615147
18,97,"BTP 2005 Health Education","btp05.t1stest","18:9730::btp05.t1stest","9730","18:9730",0.429411766064518,0.417647060664261,0.354462102494816,0.327366945776259,17,17,17,0.429411766064518,0.417647060664261,0.354462102494816,0.327366945776259,0.0117647054002565,0.0270951567185568,TRUE,TRUE,0.0117647054002565,0.0117647054002565,0.0270951567185568,TRUE,TRUE,0.0117647054002565
18,97,"BTP 2005 Health Education","btp05.t1testsl","18:9701::btp05.t1testsl","9701","18:9701",0.5,0.928571428571429,0.518874521662771,0.267261241912424,14,14,14,0.5,0.928571428571429,0.518874521662771,0.267261241912424,NA,0.251613279750346,NA,TRUE,0.428571428571429,NA,0.251613279750346,NA,TRUE,0.428571428571429
18,97,"BTP 2005 Health Education","btp05.t1testsl","18:9702::btp05.t1testsl","9702","18:9702",0.333333333333333,0.5,0.492365963917331,0.518874521662771,12,14,12,0.333333333333333,0.416666666666667,0.492365963917331,0.514928650544437,-0.166666666666667,-0.0265085577454399,FALSE,FALSE,-0.166666666666667,-0.0833333333333333,-0.0225626866271064,FALSE,FALSE,-0.0833333333333333
18,97,"BTP 2005 Health Education","btp05.t1testsl","18:9703::btp05.t1testsl","9703","18:9703",0.31578947368421,0.25,0.477566932940919,0.444261658319319,19,20,19,0.31578947368421,0.263157894736842,0.477566932940919,0.452413928358864,0.0657894736842105,0.0333052746216,TRUE,TRUE,0.0657894736842105,0.0526315789473684,0.0251530045820552,TRUE,TRUE,0.0526315789473684
18,97,"BTP 2005 Health Education","btp05.t1testsl","18:9704::btp05.t1testsl","9704","18:9704",0.384615384615385,0.25,0.506369683541833,0.452267016866645,13,12,12,0.333333333333333,0.25,0.492365963917331,0.452267016866645,0.134615384615385,0.054102666675188,TRUE,TRUE,0.134615384615385,0.0833333333333334,0.0400989470506855,TRUE,TRUE,0.0833333333333334
18,97,"BTP 2005 Health Education","btp05.t1testsl","18:9705::btp05.t1testsl","9705","18:9705",0.266666666666667,0.25,0.457737708217063,0.447213595499958,15,16,15,0.266666666666667,0.266666666666667,0.457737708217063,0.457737708217063,0.0166666666666667,0.0105241127171055,TRUE,TRUE,0.0166666666666667,0,0,FALSE,FALSE,-5.55111512312578e-17
18,97,"BTP 2005 Health Education","btp05.t1testsl","18:9706::btp05.t1testsl","9706","18:9706",0.384615384615385,0.307692307692308,0.506369683541833,0.480384461415261,13,13,13,0.384615384615385,0.307692307692308,0.506369683541833,0.480384461415261,0.0769230769230769,0.025985222126572,TRUE,TRUE,0.0769230769230769,0.0769230769230769,0.025985222126572,TRUE,TRUE,0.0769230769230769
18,97,"BTP 2005 Health Education","btp05.t1testsl","18:9707::btp05.t1testsl","9707","18:9707",0.277777777777778,0.31578947368421,0.460888598962477,0.477566932940919,18,19,18,0.277777777777778,0.333333333333333,0.460888598962477,0.485071250072666,-0.0380116959064327,-0.0166783339784424,FALSE,FALSE,-0.0380116959064327,-0.0555555555555556,-0.0241826511101891,FALSE,FALSE,-0.0555555555555556
18,97,"BTP 2005 Health Education","btp05.t1testsl","18:9708::btp05.t1testsl","9708","18:9708",0.294117647058824,0.5625,0.469668218313862,0.51234753829798,17,16,16,0.3125,0.5625,0.478713553878169,0.51234753829798,-0.268382352941176,-0.0426793199841178,FALSE,FALSE,-0.143382352941176,-0.25,-0.0336339844198109,FALSE,FALSE,-0.125
18,97,"BTP 2005 Health Education","btp05.t1testsl","18:9709::btp05.t1testsl","9709","18:9709",0.25,0.285714285714286,0.447213595499958,0.468807230938495,16,14,14,0.285714285714286,0.285714285714286,0.468807230938495,0.468807230938495,-0.0357142857142858,-0.0215936354385375,FALSE,FALSE,-0.0357142857142858,0,0,FALSE,FALSE,-5.55111512312578e-17
18,97,"BTP 2005 Health Education","btp05.t1testsl","18:9710::btp05.t1testsl","9710","18:9710",0.285714285714286,0.533333333333333,0.468807230938495,0.516397779494322,14,15,14,0.285714285714286,0.5,0.468807230938495,0.518874521662771,-0.247619047619048,-0.0475905485558267,FALSE,FALSE,-0.180952380952381,-0.214285714285714,-0.0500672907242753,FALSE,FALSE,-0.214285714285714
18,97,"BTP 2005 Health Education","btp05.t1testsl","18:9711::btp05.t1testsl","9711","18:9711",0.25,0.333333333333333,0.452267016866645,0.492365963917331,12,12,11,0.181818181818182,0.363636363636364,0.404519917477945,0.504524979109513,-0.0833333333333334,-0.0400989470506855,FALSE,FALSE,-0.0833333333333334,-0.181818181818182,-0.100005061631568,FALSE,FALSE,-0.181818181818182
18,97,"BTP 2005 Health Education","btp05.t1testsl","18:9712::btp05.t1testsl","9712","18:9712",0.25,0.125,0.447213595499958,0.341565025531987,16,16,15,0.2,0.0666666666666667,0.414039335605413,0.258198889747161,0.125,0.105648569967971,TRUE,TRUE,0.125,0.133333333333333,0.155840445858251,TRUE,TRUE,0.133333333333333
18,97,"BTP 2005 Health Education","btp05.t1testsl","18:9713::btp05.t1testsl","9713","18:9713",0.363636363636364,0.272727272727273,0.504524979109513,0.467099366496914,11,11,11,0.363636363636364,0.272727272727273,0.504524979109513,0.467099366496914,0.0909090909090909,0.0374256126125992,TRUE,TRUE,0.0909090909090909,0.0909090909090909,0.0374256126125992,TRUE,TRUE,0.0909090909090909
18,97,"BTP 2005 Health Education","btp05.t1testsl","18:9714::btp05.t1testsl","9714","18:9714",0.333333333333333,0.357142857142857,0.487950036474267,0.497245158098847,15,14,13,0.307692307692308,0.307692307692308,0.480384461415261,0.480384461415261,-0.0238095238095237,-0.00929512162458024,FALSE,FALSE,-0.0238095238095237,0,0,FALSE,FALSE,0
18,97,"BTP 2005 Health Education","btp05.t1testsl","18:9715::btp05.t1testsl","9715","18:9715",0.444444444444444,0.444444444444444,0.52704627669473,0.52704627669473,9,9,9,0.444444444444444,0.444444444444444,0.52704627669473,0.52704627669473,0,0,FALSE,FALSE,0,0,0,FALSE,FALSE,0
18,97,"BTP 2005 Health Education","btp05.t1testsl","18:9716::btp05.t1testsl","9716","18:9716",0.0833333333333333,0.166666666666667,0.288675134594813,0.389249472080761,12,12,12,0.0833333333333333,0.166666666666667,0.288675134594813,0.389249472080761,-0.0833333333333334,-0.100574337485949,FALSE,FALSE,-0.0833333333333334,-0.0833333333333334,-0.100574337485949,FALSE,FALSE,-0.0833333333333334
18,97,"BTP 2005 Health Education","btp05.t1testsl","18:9717::btp05.t1testsl","9717","18:9717",0.214285714285714,0.285714285714286,0.42581531362632,0.468807230938495,14,14,13,0.230769230769231,0.230769230769231,0.438529009653515,0.438529009653515,-0.0714285714285714,-0.0429919173121754,FALSE,FALSE,-0.0714285714285714,0,0,FALSE,FALSE,0
18,97,"BTP 2005 Health Education","btp05.t1testsl","18:9718::btp05.t1testsl","9718","18:9718",0.111111111111111,0.125,0.333333333333333,0.353553390593274,9,8,8,0.125,0.125,0.353553390593274,0.353553390593274,-0.0138888888888889,-0.0202200572599405,FALSE,FALSE,-0.0138888888888889,0,0,FALSE,FALSE,0
18,97,"BTP 2005 Health Education","btp05.t1testsl","18:9719::btp05.t1testsl","9719","18:9719",0.384615384615385,0.285714285714286,0.506369683541833,0.468807230938495,13,14,13,0.384615384615385,0.307692307692308,0.506369683541833,0.480384461415261,0.0989010989010989,0.0375624526033378,TRUE,TRUE,0.0989010989010989,0.0769230769230769,0.025985222126572,TRUE,TRUE,0.0769230769230769
18,97,"BTP 2005 Health Education","btp05.t1testsl","18:9720::btp05.t1testsl","9720","18:9720",0.285714285714286,0.285714285714286,0.487950036474267,0.487950036474267,7,7,6,0.333333333333333,0.333333333333333,0.516397779494322,0.516397779494322,0,0,FALSE,FALSE,0,0,0,FALSE,FALSE,0
18,97,"BTP 2005 Health Education","btp05.t1testsl","18:9721::btp05.t1testsl","9721","18:9721",0.0666666666666667,0.333333333333333,0.258198889747161,0.487950036474267,15,15,15,0.0666666666666667,0.333333333333333,0.258198889747161,0.487950036474267,-0.266666666666667,-0.229751146727105,FALSE,FALSE,-0.266666666666667,-0.266666666666667,-0.229751146727105,FALSE,FALSE,-0.266666666666667
18,97,"BTP 2005 Health Education","btp05.t1testsl","18:9722::btp05.t1testsl","9722","18:9722",0.142857142857143,0.142857142857143,0.363136519601281,0.363136519601281,14,14,14,0.142857142857143,0.142857142857143,0.363136519601281,0.363136519601281,0,0,FALSE,FALSE,0,0,0,FALSE,FALSE,0
18,97,"BTP 2005 Health Education","btp05.t1testsl","18:9723::btp05.t1testsl","9723","18:9723",0.277777777777778,0.368421052631579,0.460888598962477,0.495594627783352,18,19,18,0.277777777777778,0.388888888888889,0.460888598962477,0.50163132570455,-0.0906432748538011,-0.0347060288208751,FALSE,FALSE,-0.0906432748538011,-0.111111111111111,-0.0407427267420735,FALSE,FALSE,-0.111111111111111
18,97,"BTP 2005 Health Education","btp05.t1testsl","18:9724::btp05.t1testsl","9724","18:9724",0.125,0.294117647058823,0.341565025531987,0.469668218313862,16,17,16,0.125,0.3125,0.341565025531987,0.478713553878169,-0.169117647058823,-0.128103192781875,FALSE,FALSE,-0.169117647058823,-0.1875,-0.137148528346182,FALSE,FALSE,-0.1875
18,97,"BTP 2005 Health Education","btp05.t1testsl","18:9725::btp05.t1testsl","9725","18:9725",0.5,0.368421052631579,0.514495755427527,0.495594627783352,18,19,18,0.5,0.388888888888889,0.514495755427527,0.50163132570455,NA,0.0189011276441746,NA,TRUE,0.131578947368421,NA,0.0128644297229763,NA,TRUE,0.111111111111111
18,97,"BTP 2005 Health Education","btp05.t1testsl","18:9726::btp05.t1testsl","9726","18:9726",0.5,0.625,0.518874521662771,0.5,14,16,14,0.5,0.571428571428571,0.518874521662771,0.513552591013095,NA,0.0188745216627708,NA,TRUE,0.125,NA,0.00532193064967534,NA,TRUE,0.0714285714285714
18,97,"BTP 2005 Health Education","btp05.t1testsl","18:9727::btp05.t1testsl","9727","18:9727",0.25,0.333333333333333,0.447213595499958,0.487950036474267,16,15,15,0.266666666666667,0.333333333333333,0.457737708217063,0.487950036474267,-0.0833333333333334,-0.0407364409743087,FALSE,FALSE,-0.0833333333333334,-0.0666666666666667,-0.0302123282572032,FALSE,FALSE,-0.0666666666666667
18,97,"BTP 2005 Health Education","btp05.t1testsl","18:9728::btp05.t1testsl","9728","18:9728",0.307692307692308,0.307692307692308,0.480384461415261,0.480384461415261,13,13,12,0.333333333333333,0.25,0.492365963917331,0.452267016866645,0,0,FALSE,FALSE,0,0.0833333333333334,0.0400989470506855,TRUE,TRUE,0.0833333333333334
18,97,"BTP 2005 Health Education","btp05.t1testsl","18:9729::btp05.t1testsl","9729","18:9729",0.222222222222222,0.473684210526316,0.427792631946498,0.512989176042577,18,19,18,0.222222222222222,0.5,0.427792631946498,0.514495755427527,-0.251461988304094,-0.0851965440960786,FALSE,FALSE,-0.251461988304094,-0.277777777777778,-0.0867031234810281,FALSE,FALSE,-0.277777777777778
18,97,"BTP 2005 Health Education","btp05.t1testsl","18:9730::btp05.t1testsl","9730","18:9730",0.5,0.352941176470588,0.516397779494322,0.492592183071889,16,17,16,0.5,0.375,0.516397779494322,0.5,NA,0.0238055964224331,NA,TRUE,0.147058823529412,NA,0.0163977794943222,NA,TRUE,0.125
18,97,"BTP 2005 Health Education","btp05.t1nclb","18:9701::btp05.t1nclb","9701","18:9701",0.634615384615385,0.673076923076923,0.390184045988031,0.373393996902838,13,13,13,0.634615384615385,0.673076923076923,0.390184045988031,0.373393996902838,0.0384615384615385,0.0167900490851923,TRUE,TRUE,0.0384615384615385,0.0384615384615385,0.0167900490851923,TRUE,TRUE,0.0384615384615385
18,97,"BTP 2005 Health Education","btp05.t1nclb","18:9702::btp05.t1nclb","9702","18:9702",0.75,0.785714285714286,0.310086836473021,0.274862603039138,14,14,14,0.75,0.785714285714286,0.310086836473021,0.274862603039138,0.0357142857142857,0.0352242334338835,TRUE,TRUE,0.0357142857142857,0.0357142857142857,0.0352242334338835,TRUE,TRUE,0.0357142857142857
18,97,"BTP 2005 Health Education","btp05.t1nclb","18:9703::btp05.t1nclb","9703","18:9703",0.6875,0.702380952380952,0.379360611666803,0.350170026728513,20,21,20,0.6875,0.6875,0.379360611666803,0.352388466864265,0.0148809523809523,0.0291905849382894,TRUE,TRUE,0.0148809523809523,0,0.0269721448025372,FALSE,TRUE,0
18,97,"BTP 2005 Health Education","btp05.t1nclb","18:9704::btp05.t1nclb","9704","18:9704",0.575,0.694444444444444,0.457195557478173,0.370341434054816,10,9,8,0.71875,0.71875,0.388161877130074,0.388161877130074,0.119444444444444,0.0868541234233573,TRUE,TRUE,0.119444444444444,0,0,FALSE,FALSE,0
18,97,"BTP 2005 Health Education","btp05.t1nclb","18:9705::btp05.t1nclb","9705","18:9705",0.785714285714286,0.7,0.291830147799769,0.368394198806504,14,15,13,0.807692307692308,0.75,0.291437639017162,0.367990036096994,-0.0857142857142857,-0.0765640510067344,FALSE,FALSE,-0.0857142857142857,-0.0576923076923077,-0.076552397079832,FALSE,FALSE,-0.0576923076923077
18,97,"BTP 2005 Health Education","btp05.t1nclb","18:9706::btp05.t1nclb","9706","18:9706",0.692307692307692,0.730769230769231,0.355812540676357,0.3455300647426,13,13,13,0.692307692307692,0.730769230769231,0.355812540676357,0.3455300647426,0.0384615384615384,0.0102824759337564,TRUE,TRUE,0.0384615384615384,0.0384615384615384,0.0102824759337564,TRUE,TRUE,0.0384615384615384
18,97,"BTP 2005 Health Education","btp05.t1nclb","18:9707::btp05.t1nclb","9707","18:9707",0.71875,0.597222222222222,0.352077169571293,0.3848117271595,16,18,16,0.71875,0.640625,0.352077169571293,0.376040223912283,-0.121527777777778,-0.0327345575882061,FALSE,FALSE,-0.121527777777778,-0.078125,-0.0239630543409896,FALSE,FALSE,-0.078125
18,97,"BTP 2005 Health Education","btp05.t1nclb","18:9708::btp05.t1nclb","9708","18:9708",0.529411764705882,0.455882352941177,0.329326407008216,0.321559847142204,17,17,17,0.529411764705882,0.455882352941177,0.329326407008216,0.321559847142204,-0.0735294117647058,0.00776655986601194,FALSE,TRUE,0.0147058823529411,-0.0735294117647058,0.00776655986601194,FALSE,TRUE,0.0147058823529411
18,97,"BTP 2005 Health Education","btp05.t1nclb","18:9709::btp05.t1nclb","9709","18:9709",0.720588235294118,0.75,0.340981498549322,0.293150984988964,17,17,17,0.720588235294118,0.75,0.340981498549322,0.293150984988964,0.0294117647058824,0.0478305135603574,TRUE,TRUE,0.0294117647058824,0.0294117647058824,0.0478305135603574,TRUE,TRUE,0.0294117647058824
18,97,"BTP 2005 Health Education","btp05.t1nclb","18:9710::btp05.t1nclb","9710","18:9710",0.683333333333333,0.714285714285714,0.371611676478603,0.323103086329432,15,14,14,0.714285714285714,0.714285714285714,0.365022955773686,0.323103086329432,0.030952380952381,0.0485085901491712,TRUE,TRUE,0.030952380952381,0,0.0419198694442539,FALSE,TRUE,0
18,97,"BTP 2005 Health Education","btp05.t1nclb","18:9711::btp05.t1nclb","9711","18:9711",0.4375,0.461538461538462,0.339200262649984,0.351279711764622,12,13,12,0.4375,0.479166666666667,0.339200262649984,0.360843918243516,-0.0240384615384616,-0.0120794491146379,FALSE,FALSE,-0.0240384615384616,-0.0416666666666666,-0.0216436555935321,FALSE,FALSE,-0.0416666666666666
18,97,"BTP 2005 Health Education","btp05.t1nclb","18:9712::btp05.t1nclb","9712","18:9712",0.71875,0.65625,0.375,0.352077169571293,16,16,15,0.716666666666667,0.666666666666667,0.388066022855954,0.361873432227873,-0.0625,0.0229228304287065,FALSE,TRUE,-0.0625,-0.05,0.0261925906280814,FALSE,TRUE,-0.05
18,97,"BTP 2005 Health Education","btp05.t1nclb","18:9713::btp05.t1nclb","9713","18:9713",0.681818181818182,0.681818181818182,0.404519917477945,0.297718598069324,11,11,11,0.681818181818182,0.681818181818182,0.404519917477945,0.297718598069324,0,0.106801319408621,FALSE,TRUE,0,0,0.106801319408621,FALSE,TRUE,0
18,97,"BTP 2005 Health Education","btp05.t1nclb","18:9714::btp05.t1nclb","9714","18:9714",0.573529411764706,0.602941176470588,0.402770734669095,0.365064458450189,17,17,17,0.573529411764706,0.602941176470588,0.402770734669095,0.365064458450189,0.0294117647058824,0.0377062762189062,TRUE,TRUE,0.0294117647058824,0.0294117647058824,0.0377062762189062,TRUE,TRUE,0.0294117647058824
18,97,"BTP 2005 Health Education","btp05.t1nclb","18:9715::btp05.t1nclb","9715","18:9715",0.583333333333333,0.5,0.414578098794425,0.395284707521047,9,9,9,0.583333333333333,0.5,0.414578098794425,0.395284707521047,-0.0833333333333334,0.0192933912733775,FALSE,TRUE,-0.0833333333333334,-0.0833333333333334,0.0192933912733775,FALSE,TRUE,-0.0833333333333334
18,97,"BTP 2005 Health Education","btp05.t1nclb","18:9716::btp05.t1nclb","9716","18:9716",0.6875,0.666666666666667,0.355556541980955,0.288675134594813,12,12,12,0.6875,0.666666666666667,0.355556541980955,0.288675134594813,-0.0208333333333334,0.066881407386142,FALSE,TRUE,-0.0208333333333334,-0.0208333333333334,0.066881407386142,FALSE,TRUE,-0.0208333333333334
18,97,"BTP 2005 Health Education","btp05.t1nclb","18:9717::btp05.t1nclb","9717","18:9717",0.730769230769231,0.666666666666667,0.31393899456374,0.336296354567275,13,15,13,0.730769230769231,0.730769230769231,0.31393899456374,0.31393899456374,-0.0641025641025641,-0.0223573600035341,FALSE,FALSE,-0.0641025641025641,0,0,FALSE,FALSE,0
18,97,"BTP 2005 Health Education","btp05.t1nclb","18:9718::btp05.t1nclb","9718","18:9718",0.75,0.725,0.295803989154981,0.248607231502938,11,10,10,0.775,0.725,0.299304749934466,0.248607231502938,-0.025,0.0471967576520425,FALSE,TRUE,-0.025,-0.05,0.0506975184315279,FALSE,TRUE,-0.05
18,97,"BTP 2005 Health Education","btp05.t1nclb","18:9719::btp05.t1nclb","9719","18:9719",0.660714285714286,0.625,0.31936148521974,0.350137335692945,14,14,14,0.660714285714286,0.625,0.31936148521974,0.350137335692945,-0.0357142857142857,-0.0307758504732046,FALSE,FALSE,-0.0357142857142857,-0.0357142857142857,-0.0307758504732046,FALSE,FALSE,-0.0357142857142857
18,97,"BTP 2005 Health Education","btp05.t1nclb","18:9720::btp05.t1nclb","9720","18:9720",0.6875,0.71875,0.372011904571422,0.311605863689556,8,8,8,0.6875,0.71875,0.372011904571422,0.311605863689556,0.03125,0.0604060408818662,TRUE,TRUE,0.03125,0.03125,0.0604060408818662,TRUE,TRUE,0.03125
18,97,"BTP 2005 Health Education","btp05.t1nclb","18:9721::btp05.t1nclb","9721","18:9721",0.566666666666667,0.583333333333333,0.406055356301271,0.361873432227873,15,15,14,0.607142857142857,0.625,0.388714421007121,0.336126121018241,0.0166666666666666,0.0441819240733983,TRUE,TRUE,0.0166666666666666,0.0178571428571429,0.0525882999888796,TRUE,TRUE,0.0178571428571429
18,97,"BTP 2005 Health Education","btp05.t1nclb","18:9722::btp05.t1nclb","9722","18:9722",0.553571428571429,0.5,0.355973359911993,0.339683110243379,14,14,14,0.553571428571429,0.5,0.355973359911993,0.339683110243379,-0.0535714285714286,0.0162902496686138,FALSE,TRUE,-0.0535714285714286,-0.0535714285714286,0.0162902496686138,FALSE,TRUE,-0.0535714285714286
18,97,"BTP 2005 Health Education","btp05.t1nclb","18:9723::btp05.t1nclb","9723","18:9723",0.710526315789474,0.723684210526316,0.365748451568235,0.371695970837514,19,19,19,0.710526315789474,0.723684210526316,0.365748451568235,0.371695970837514,0.0131578947368421,-0.00594751926927939,TRUE,FALSE,0.0131578947368421,0.0131578947368421,-0.00594751926927939,TRUE,FALSE,0.0131578947368421
18,97,"BTP 2005 Health Education","btp05.t1nclb","18:9724::btp05.t1nclb","9724","18:9724",0.823529411764706,0.794117647058823,0.28999873224875,0.268608889082468,17,17,17,0.823529411764706,0.794117647058823,0.28999873224875,0.268608889082468,-0.0294117647058824,0.0213898431662822,FALSE,TRUE,-0.0294117647058824,-0.0294117647058824,0.0213898431662822,FALSE,TRUE,-0.0294117647058824
18,97,"BTP 2005 Health Education","btp05.t1nclb","18:9725::btp05.t1nclb","9725","18:9725",0.805555555555556,0.819444444444444,0.32714850418556,0.28187340133309,18,18,17,0.808823529411765,0.808823529411765,0.33691397924658,0.286811836247678,0.0138888888888888,0.0452751028524709,TRUE,TRUE,0.0138888888888888,0,0.0501021429989019,FALSE,TRUE,0
18,97,"BTP 2005 Health Education","btp05.t1nclb","18:9726::btp05.t1nclb","9726","18:9726",0.766666666666667,0.75,0.346753652090494,0.329140294302192,15,16,15,0.766666666666667,0.733333333333333,0.346753652090494,0.333630819633804,-0.0166666666666667,0.0176133577883022,FALSE,TRUE,-0.0166666666666667,-0.0333333333333334,0.0131228324566899,FALSE,TRUE,-0.0333333333333334
18,97,"BTP 2005 Health Education","btp05.t1nclb","18:9727::btp05.t1nclb","9727","18:9727",0.65625,0.716666666666667,0.38595120589698,0.338940927568437,16,15,15,0.65,0.716666666666667,0.398658464639309,0.338940927568437,0.0604166666666667,0.0470102783285435,TRUE,TRUE,0.0604166666666667,0.0666666666666667,0.0597175370708725,TRUE,TRUE,0.0666666666666667
18,97,"BTP 2005 Health Education","btp05.t1nclb","18:9728::btp05.t1nclb","9728","18:9728",0.625,0.625,0.363609046176712,0.389155891247078,14,14,14,0.625,0.625,0.363609046176712,0.389155891247078,0,-0.0255468450703659,FALSE,FALSE,0,0,-0.0255468450703659,FALSE,FALSE,0
18,97,"BTP 2005 Health Education","btp05.t1nclb","18:9729::btp05.t1nclb","9729","18:9729",0.638888888888889,0.694444444444444,0.385607067437199,0.315710631139306,18,18,18,0.638888888888889,0.694444444444444,0.385607067437199,0.315710631139306,0.0555555555555556,0.0698964362978926,TRUE,TRUE,0.0555555555555556,0.0555555555555556,0.0698964362978926,TRUE,TRUE,0.0555555555555556
18,97,"BTP 2005 Health Education","btp05.t1nclb","18:9730::btp05.t1nclb","9730","18:9730",0.529411764705882,0.455882352941176,0.403910116675655,0.416789197669658,17,17,17,0.529411764705882,0.455882352941176,0.403910116675655,0.416789197669658,-0.0735294117647059,-0.0128790809940035,FALSE,FALSE,0.0147058823529412,-0.0735294117647059,-0.0128790809940035,FALSE,FALSE,0.0147058823529412
18,97,"BTP 2005 Health Education","btp05.t1costcov","18:9701::btp05.t1costcov","9701","18:9701",0.753571431551661,0.792857148817607,0.137231250922853,0.10257668844959,14,14,14,0.753571431551661,0.792857148817607,0.137231250922853,0.10257668844959,0.0392857172659465,0.0346545624732626,TRUE,TRUE,0.0392857172659465,0.0392857172659465,0.0346545624732626,TRUE,TRUE,0.0392857172659465
18,97,"BTP 2005 Health Education","btp05.t1costcov","18:9702::btp05.t1costcov","9702","18:9702",0.817261904478073,0.82559523837907,0.13919273826798,0.119044641555984,14,14,14,0.817261904478073,0.82559523837907,0.13919273826798,0.119044641555984,0.00833333390099666,0.0201480967119958,TRUE,TRUE,0.00833333390099666,0.00833333390099666,0.0201480967119958,TRUE,TRUE,0.00833333390099666
18,97,"BTP 2005 Health Education","btp05.t1costcov","18:9703::btp05.t1costcov","9703","18:9703",0.771031748680841,0.783333335603986,0.104470190497756,0.127066254119531,21,21,21,0.771031748680841,0.783333335603986,0.104470190497756,0.127066254119531,0.0123015869231451,-0.0225960636217751,TRUE,FALSE,0.0123015869231451,0.0123015869231451,-0.0225960636217751,TRUE,FALSE,0.0123015869231451
18,97,"BTP 2005 Health Education","btp05.t1costcov","18:9704::btp05.t1costcov","9704","18:9704",0.751923077381574,0.742948715503399,0.175731077065478,0.189719767225243,13,13,13,0.751923077381574,0.742948715503399,0.175731077065478,0.189719767225243,-0.00897436187817502,-0.0139886901597653,FALSE,FALSE,-0.00897436187817502,-0.00897436187817502,-0.0139886901597653,FALSE,FALSE,-0.00897436187817502
18,97,"BTP 2005 Health Education","btp05.t1costcov","18:9705::btp05.t1costcov","9705","18:9705",0.678124997764826,0.760416666045785,0.235915768898353,0.202518863711012,16,16,16,0.678124997764826,0.760416666045785,0.235915768898353,0.202518863711012,0.0822916682809591,0.0333969051873419,TRUE,TRUE,0.0822916682809591,0.0822916682809591,0.0333969051873419,TRUE,TRUE,0.0822916682809591
18,97,"BTP 2005 Health Education","btp05.t1costcov","18:9706::btp05.t1costcov","9706","18:9706",0.807692305399821,0.790384608965654,0.206252428868026,0.171858250061899,13,13,13,0.807692305399821,0.790384608965654,0.206252428868026,0.171858250061899,-0.0173076964341677,0.0343941788061273,FALSE,TRUE,-0.0173076964341677,-0.0173076964341677,0.0343941788061273,FALSE,TRUE,-0.0173076964341677
18,97,"BTP 2005 Health Education","btp05.t1costcov","18:9707::btp05.t1costcov","9707","18:9707",0.759210530080293,0.728947364970257,0.15833077403401,0.197248990243942,19,19,19,0.759210530080293,0.728947364970257,0.15833077403401,0.197248990243942,-0.030263165110036,-0.038918216209931,FALSE,FALSE,-0.030263165110036,-0.030263165110036,-0.038918216209931,FALSE,FALSE,-0.030263165110036
18,97,"BTP 2005 Health Education","btp05.t1costcov","18:9708::btp05.t1costcov","9708","18:9708",0.651388885246383,0.659722220566538,0.260157221771144,0.184737271011679,18,18,18,0.651388885246383,0.659722220566538,0.260157221771144,0.184737271011679,0.00833333532015479,0.0754199507594645,TRUE,TRUE,0.00833333532015479,0.00833333532015479,0.0754199507594645,TRUE,TRUE,0.00833333532015479
18,97,"BTP 2005 Health Education","btp05.t1costcov","18:9709::btp05.t1costcov","9709","18:9709",0.741176473743775,0.749019601765801,0.211752576228977,0.20010592635742,17,17,17,0.741176473743775,0.749019601765801,0.211752576228977,0.20010592635742,0.00784312802202569,0.0116466498715576,TRUE,TRUE,0.00784312802202569,0.00784312802202569,0.0116466498715576,TRUE,TRUE,0.00784312802202569
18,97,"BTP 2005 Health Education","btp05.t1costcov","18:9710::btp05.t1costcov","9710","18:9710",0.716666666666667,0.7,0.24579802049557,0.259807620397916,15,15,15,0.716666666666667,0.7,0.24579802049557,0.259807620397916,-0.0166666666666667,-0.0140095999023459,FALSE,FALSE,-0.0166666666666667,-0.0166666666666667,-0.0140095999023459,FALSE,FALSE,-0.0166666666666667
18,97,"BTP 2005 Health Education","btp05.t1costcov","18:9711::btp05.t1costcov","9711","18:9711",0.79615383881789,0.792307688639714,0.128633097997668,0.106254715368951,13,13,13,0.79615383881789,0.792307688639714,0.128633097997668,0.106254715368951,-0.0038461501781758,0.0223783826287167,FALSE,TRUE,-0.0038461501781758,-0.0038461501781758,0.0223783826287167,FALSE,TRUE,-0.0038461501781758
18,97,"BTP 2005 Health Education","btp05.t1costcov","18:9712::btp05.t1costcov","9712","18:9712",0.749999997370383,0.752941172789125,0.197839898545132,0.196826848706075,17,17,17,0.749999997370383,0.752941172789125,0.197839898545132,0.196826848706075,0.0029411754187415,0.00101304983905665,TRUE,TRUE,0.0029411754187415,0.0029411754187415,0.00101304983905665,TRUE,TRUE,0.0029411754187415
18,97,"BTP 2005 Health Education","btp05.t1costcov","18:9713::btp05.t1costcov","9713","18:9713",0.790909087116068,0.778030297972939,0.173303464057752,0.192508037308463,11,11,11,0.790909087116068,0.778030297972939,0.173303464057752,0.192508037308463,-0.0128787891431289,-0.0192045732507109,FALSE,FALSE,-0.0128787891431289,-0.0128787891431289,-0.0192045732507109,FALSE,FALSE,-0.0128787891431289
18,97,"BTP 2005 Health Education","btp05.t1costcov","18:9714::btp05.t1costcov","9714","18:9714",0.783333331346512,0.781372550655814,0.162686855121276,0.131647199286534,17,17,17,0.783333331346512,0.781372550655814,0.162686855121276,0.131647199286534,-0.00196078069069805,0.0310396558347422,FALSE,TRUE,-0.00196078069069805,-0.00196078069069805,0.0310396558347422,FALSE,TRUE,-0.00196078069069805
18,97,"BTP 2005 Health Education","btp05.t1costcov","18:9715::btp05.t1costcov","9715","18:9715",0.827777769830492,0.860185192690955,0.131959071610397,0.141223434680941,9,9,9,0.827777769830492,0.860185192690955,0.131959071610397,0.141223434680941,0.0324074228604635,-0.00926436307054387,TRUE,FALSE,0.0324074228604635,0.0324074228604635,-0.00926436307054387,TRUE,FALSE,0.0324074228604635
18,97,"BTP 2005 Health Education","btp05.t1costcov","18:9716::btp05.t1costcov","9716","18:9716",0.731250001738469,0.731250002980232,0.228414744248701,0.180946061215849,12,12,12,0.731250001738469,0.731250002980232,0.228414744248701,0.180946061215849,1.24176346982807e-09,0.0474686830328521,TRUE,TRUE,1.24176346982807e-09,1.24176346982807e-09,0.0474686830328521,TRUE,TRUE,1.24176346982807e-09
18,97,"BTP 2005 Health Education","btp05.t1costcov","18:9717::btp05.t1costcov","9717","18:9717",0.793333327770233,0.837777781486511,0.07468187125871,0.120673818940743,15,15,15,0.793333327770233,0.837777781486511,0.07468187125871,0.120673818940743,0.0444444537162781,-0.0459919476820332,TRUE,FALSE,0.0444444537162781,0.0444444537162781,-0.0459919476820332,TRUE,FALSE,0.0444444537162781
18,97,"BTP 2005 Health Education","btp05.t1costcov","18:9718::btp05.t1costcov","9718","18:9718",0.827272724021565,0.854545457796617,0.141622104219101,0.188022000084956,11,11,11,0.827272724021565,0.854545457796617,0.141622104219101,0.188022000084956,0.0272727337750521,-0.046399895865855,TRUE,FALSE,0.0272727337750521,0.0272727337750521,-0.046399895865855,TRUE,FALSE,0.0272727337750521
18,97,"BTP 2005 Health Education","btp05.t1costcov","18:9719::btp05.t1costcov","9719","18:9719",0.779761914696012,0.76130953005382,0.123114589673144,0.133957156070326,14,14,14,0.779761914696012,0.76130953005382,0.123114589673144,0.133957156070326,-0.0184523846421922,-0.0108425663971825,FALSE,FALSE,-0.0184523846421922,-0.0184523846421922,-0.0108425663971825,FALSE,FALSE,-0.0184523846421922
18,97,"BTP 2005 Health Education","btp05.t1costcov","18:9720::btp05.t1costcov","9720","18:9720",0.836458325386047,0.868749998509884,0.187820495603728,0.12659694187854,8,8,8,0.836458325386047,0.868749998509884,0.187820495603728,0.12659694187854,0.0322916731238365,0.0612235537251881,TRUE,TRUE,0.0322916731238365,0.0322916731238365,0.0612235537251881,TRUE,TRUE,0.0322916731238365
18,97,"BTP 2005 Health Education","btp05.t1costcov","18:9721::btp05.t1costcov","9721","18:9721",0.836979165673256,0.82812499627471,0.139707661588237,0.134125256795747,16,16,16,0.836979165673256,0.82812499627471,0.139707661588237,0.134125256795747,-0.00885416939854622,0.00558240479248995,FALSE,TRUE,-0.00885416939854622,-0.00885416939854622,0.00558240479248995,FALSE,TRUE,-0.00885416939854622
18,97,"BTP 2005 Health Education","btp05.t1costcov","18:9722::btp05.t1costcov","9722","18:9722",0.780357143708638,0.714285714285714,0.187897929239407,0.2550856367032,14,14,14,0.780357143708638,0.714285714285714,0.187897929239407,0.2550856367032,-0.0660714294229234,-0.067187707463793,FALSE,FALSE,-0.0660714294229234,-0.0660714294229234,-0.067187707463793,FALSE,FALSE,-0.0660714294229234
18,97,"BTP 2005 Health Education","btp05.t1costcov","18:9723::btp05.t1costcov","9723","18:9723",0.71184210714541,0.706578949564382,0.221793258973608,0.193620851143625,19,19,19,0.71184210714541,0.706578949564382,0.221793258973608,0.193620851143625,-0.00526315758102824,0.0281724078299826,FALSE,TRUE,-0.00526315758102824,-0.00526315758102824,0.0281724078299826,FALSE,TRUE,-0.00526315758102824
18,97,"BTP 2005 Health Education","btp05.t1costcov","18:9724::btp05.t1costcov","9724","18:9724",0.817647059174145,0.827941179275513,0.180875628301072,0.118216673238571,17,17,17,0.817647059174145,0.827941179275513,0.180875628301072,0.118216673238571,0.0102941201013678,0.0626589550625019,TRUE,TRUE,0.0102941201013678,0.0102941201013678,0.0626589550625019,TRUE,TRUE,0.0102941201013678
18,97,"BTP 2005 Health Education","btp05.t1costcov","18:9725::btp05.t1costcov","9725","18:9725",0.767105265667564,0.783333336052142,0.170589790546691,0.182066328282515,19,19,19,0.767105265667564,0.783333336052142,0.170589790546691,0.182066328282515,0.0162280703845777,-0.0114765377358242,TRUE,FALSE,0.0162280703845777,0.0162280703845777,-0.0114765377358242,TRUE,FALSE,0.0162280703845777
18,97,"BTP 2005 Health Education","btp05.t1costcov","18:9726::btp05.t1costcov","9726","18:9726",0.745312497019768,0.775520835071802,0.17277604784407,0.172976891749493,16,16,16,0.745312497019768,0.775520835071802,0.17277604784407,0.172976891749493,0.0302083380520344,-0.000200843905423326,TRUE,FALSE,0.0302083380520344,0.0302083380520344,-0.000200843905423326,TRUE,FALSE,0.0302083380520344
18,97,"BTP 2005 Health Education","btp05.t1costcov","18:9727::btp05.t1costcov","9727","18:9727",0.719791669398546,0.700000002980232,0.201220237379434,0.195149515024056,16,16,16,0.719791669398546,0.700000002980232,0.201220237379434,0.195149515024056,-0.019791666418314,0.00607072235537764,FALSE,TRUE,-0.019791666418314,-0.019791666418314,0.00607072235537764,FALSE,TRUE,-0.019791666418314
18,97,"BTP 2005 Health Education","btp05.t1costcov","18:9728::btp05.t1costcov","9728","18:9728",0.771428572280066,0.783333331346512,0.181303277646966,0.163919668161625,14,14,14,0.771428572280066,0.783333331346512,0.181303277646966,0.163919668161625,0.0119047590664455,0.0173836094853413,TRUE,TRUE,0.0119047590664455,0.0119047590664455,0.0173836094853413,TRUE,TRUE,0.0119047590664455
18,97,"BTP 2005 Health Education","btp05.t1costcov","18:9729::btp05.t1costcov","9729","18:9729",0.688157898226851,0.734210525688372,0.219115713660584,0.201936891843527,19,19,19,0.688157898226851,0.734210525688372,0.219115713660584,0.201936891843527,0.0460526274615213,0.0171788218170572,TRUE,TRUE,0.0460526274615213,0.0460526274615213,0.0171788218170572,TRUE,TRUE,0.0460526274615213
18,97,"BTP 2005 Health Education","btp05.t1costcov","18:9730::btp05.t1costcov","9730","18:9730",0.757352937670315,0.724509803687825,0.176282067626195,0.219719486405204,17,17,17,0.757352937670315,0.724509803687825,0.176282067626195,0.219719486405204,-0.0328431339824901,-0.0434374187790082,FALSE,FALSE,-0.0328431339824901,-0.0328431339824901,-0.0434374187790082,FALSE,FALSE,-0.0328431339824901
18,97,"BTP 2005 Health Education","btp05.t1govinv","18:9701::btp05.t1govinv","9701","18:9701",0.625,0.598214285714286,0.321504874948086,0.336764053118095,14,14,14,0.625,0.598214285714286,0.321504874948086,0.336764053118095,-0.0267857142857143,-0.0152591781700092,FALSE,FALSE,-0.0267857142857143,-0.0267857142857143,-0.0152591781700092,FALSE,FALSE,-0.0267857142857143
18,97,"BTP 2005 Health Education","btp05.t1govinv","18:9702::btp05.t1govinv","9702","18:9702",0.785714285714286,0.732142857142857,0.22160131510698,0.285284704527534,14,14,14,0.785714285714286,0.732142857142857,0.22160131510698,0.285284704527534,-0.0535714285714285,-0.0636833894205549,FALSE,FALSE,-0.0535714285714285,-0.0535714285714285,-0.0636833894205549,FALSE,FALSE,-0.0535714285714285
18,97,"BTP 2005 Health Education","btp05.t1govinv","18:9703::btp05.t1govinv","9703","18:9703",0.625,0.601190476190476,0.375,0.350488604529109,21,21,21,0.625,0.601190476190476,0.375,0.350488604529109,-0.0238095238095238,0.0245113954708914,FALSE,TRUE,-0.0238095238095238,-0.0238095238095238,0.0245113954708914,FALSE,TRUE,-0.0238095238095238
18,97,"BTP 2005 Health Education","btp05.t1govinv","18:9704::btp05.t1govinv","9704","18:9704",0.403846153846154,0.548076923076923,0.361398636354614,0.393761446720063,13,13,13,0.403846153846154,0.548076923076923,0.361398636354614,0.393761446720063,-0.144230769230769,-0.0323628103654492,FALSE,FALSE,-0.048076923076923,-0.144230769230769,-0.0323628103654492,FALSE,FALSE,-0.048076923076923
18,97,"BTP 2005 Health Education","btp05.t1govinv","18:9705::btp05.t1govinv","9705","18:9705",0.5,0.4921875,0.365148371670111,0.372124391165105,16,16,16,0.5,0.4921875,0.365148371670111,0.372124391165105,NA,-0.00697601949499421,NA,FALSE,0.0078125,NA,-0.00697601949499421,NA,FALSE,0.0078125
18,97,"BTP 2005 Health Education","btp05.t1govinv","18:9706::btp05.t1govinv","9706","18:9706",0.701923076923077,0.721153846153846,0.308467572995515,0.306839764414003,13,13,13,0.701923076923077,0.721153846153846,0.308467572995515,0.306839764414003,0.0192307692307693,0.00162780858151212,TRUE,TRUE,0.0192307692307693,0.0192307692307693,0.00162780858151212,TRUE,TRUE,0.0192307692307693
18,97,"BTP 2005 Health Education","btp05.t1govinv","18:9707::btp05.t1govinv","9707","18:9707",0.506578947368421,0.55921052631579,0.296020141167131,0.292761104533176,19,19,19,0.506578947368421,0.55921052631579,0.296020141167131,0.292761104533176,0.0526315789473685,0.00325903663395477,TRUE,TRUE,0.0526315789473685,0.0526315789473685,0.00325903663395477,TRUE,TRUE,0.0526315789473685
18,97,"BTP 2005 Health Education","btp05.t1govinv","18:9708::btp05.t1govinv","9708","18:9708",0.388888888888889,0.368055555555556,0.342699300345823,0.352178676613786,18,18,18,0.388888888888889,0.368055555555556,0.342699300345823,0.352178676613786,0.0208333333333333,-0.00947937626796369,TRUE,FALSE,0.0208333333333333,0.0208333333333333,-0.00947937626796369,TRUE,FALSE,0.0208333333333333
18,97,"BTP 2005 Health Education","btp05.t1govinv","18:9709::btp05.t1govinv","9709","18:9709",0.639705882352941,0.580882352941177,0.364119102201787,0.374846782424656,17,17,17,0.639705882352941,0.580882352941177,0.364119102201787,0.374846782424656,-0.0588235294117646,-0.0107276802228695,FALSE,FALSE,-0.0588235294117646,-0.0588235294117646,-0.0107276802228695,FALSE,FALSE,-0.0588235294117646
18,97,"BTP 2005 Health Education","btp05.t1govinv","18:9710::btp05.t1govinv","9710","18:9710",0.5,0.541666666666667,0.291241186255359,0.35249957784507,15,15,15,0.5,0.541666666666667,0.291241186255359,0.35249957784507,NA,-0.061258391589711,NA,FALSE,0.0416666666666666,NA,-0.061258391589711,NA,FALSE,0.0416666666666666
18,97,"BTP 2005 Health Education","btp05.t1govinv","18:9711::btp05.t1govinv","9711","18:9711",0.528846153846154,0.596153846153846,0.27553851701527,0.35411952929151,13,13,13,0.528846153846154,0.596153846153846,0.27553851701527,0.35411952929151,0.0673076923076923,-0.0785810122762403,TRUE,FALSE,0.0673076923076923,0.0673076923076923,-0.0785810122762403,TRUE,FALSE,0.0673076923076923
18,97,"BTP 2005 Health Education","btp05.t1govinv","18:9712::btp05.t1govinv","9712","18:9712",0.63235294117647,0.639705882352941,0.337935448935235,0.32138115313166,17,17,17,0.63235294117647,0.639705882352941,0.337935448935235,0.32138115313166,0.00735294117647056,0.0165542958035754,TRUE,TRUE,0.00735294117647056,0.00735294117647056,0.0165542958035754,TRUE,TRUE,0.00735294117647056
18,97,"BTP 2005 Health Education","btp05.t1govinv","18:9713::btp05.t1govinv","9713","18:9713",0.693181818181818,0.715909090909091,0.363849369432412,0.387664920916364,11,11,11,0.693181818181818,0.715909090909091,0.363849369432412,0.387664920916364,0.0227272727272728,-0.0238155514839525,TRUE,FALSE,0.0227272727272728,0.0227272727272728,-0.0238155514839525,TRUE,FALSE,0.0227272727272728
18,97,"BTP 2005 Health Education","btp05.t1govinv","18:9714::btp05.t1govinv","9714","18:9714",0.610294117647059,0.639705882352941,0.330371337419328,0.382432471932282,17,17,17,0.610294117647059,0.639705882352941,0.330371337419328,0.382432471932282,0.0294117647058822,-0.0520611345129538,TRUE,FALSE,0.0294117647058822,0.0294117647058822,-0.0520611345129538,TRUE,FALSE,0.0294117647058822
18,97,"BTP 2005 Health Education","btp05.t1govinv","18:9715::btp05.t1govinv","9715","18:9715",0.527777777777778,0.5,0.427464261014233,0.428478412525065,9,9,9,0.527777777777778,0.5,0.427464261014233,0.428478412525065,-0.0277777777777778,-0.00101415151083212,FALSE,FALSE,-0.0277777777777778,-0.0277777777777778,-0.00101415151083212,FALSE,FALSE,-0.0277777777777778
18,97,"BTP 2005 Health Education","btp05.t1govinv","18:9716::btp05.t1govinv","9716","18:9716",0.552083333333333,0.520833333333333,0.400490939253615,0.412287594533307,12,12,12,0.552083333333333,0.520833333333333,0.400490939253615,0.412287594533307,-0.03125,-0.0117966552796925,FALSE,FALSE,-0.03125,-0.03125,-0.0117966552796925,FALSE,FALSE,-0.03125
18,97,"BTP 2005 Health Education","btp05.t1govinv","18:9717::btp05.t1govinv","9717","18:9717",0.666666666666667,0.691666666666667,0.248507449347001,0.253839563129004,15,15,15,0.666666666666667,0.691666666666667,0.248507449347001,0.253839563129004,0.025,-0.00533211378200318,TRUE,FALSE,0.025,0.025,-0.00533211378200318,TRUE,FALSE,0.025
18,97,"BTP 2005 Health Education","btp05.t1govinv","18:9718::btp05.t1govinv","9718","18:9718",0.75,0.738636363636364,0.335410196624968,0.332859511724473,11,11,11,0.75,0.738636363636364,0.335410196624968,0.332859511724473,-0.0113636363636364,0.00255068490049554,FALSE,TRUE,-0.0113636363636364,-0.0113636363636364,0.00255068490049554,FALSE,TRUE,-0.0113636363636364
18,97,"BTP 2005 Health Education","btp05.t1govinv","18:9719::btp05.t1govinv","9719","18:9719",0.5,0.455357142857143,0.325221817793995,0.320032836570744,14,14,14,0.5,0.455357142857143,0.325221817793995,0.320032836570744,NA,0.00518898122325151,NA,TRUE,0.0446428571428571,NA,0.00518898122325151,NA,TRUE,0.0446428571428571
18,97,"BTP 2005 Health Education","btp05.t1govinv","18:9720::btp05.t1govinv","9720","18:9720",0.678571428571429,0.671875,0.278174320132093,0.274979707043473,7,8,7,0.678571428571429,0.642857142857143,0.278174320132093,0.28347335475692,-0.0066964285714286,0.00319461308862035,FALSE,TRUE,-0.0066964285714286,-0.0357142857142857,-0.005299034624827,FALSE,FALSE,-0.0357142857142857
18,97,"BTP 2005 Health Education","btp05.t1govinv","18:9721::btp05.t1govinv","9721","18:9721",0.6171875,0.6171875,0.336862824455297,0.366483145360511,16,16,16,0.6171875,0.6171875,0.336862824455297,0.366483145360511,0,-0.0296203209052142,FALSE,FALSE,0,0,-0.0296203209052142,FALSE,FALSE,0
18,97,"BTP 2005 Health Education","btp05.t1govinv","18:9722::btp05.t1govinv","9722","18:9722",0.455357142857143,0.526785714285714,0.334718390738993,0.367484207629584,14,14,14,0.455357142857143,0.526785714285714,0.334718390738993,0.367484207629584,-0.0714285714285715,-0.0327658168905907,FALSE,FALSE,-0.0178571428571428,-0.0714285714285715,-0.0327658168905907,FALSE,FALSE,-0.0178571428571428
18,97,"BTP 2005 Health Education","btp05.t1govinv","18:9723::btp05.t1govinv","9723","18:9723",0.534722222222222,0.506578947368421,0.365832942516206,0.382956527238257,18,19,18,0.534722222222222,0.534722222222222,0.365832942516206,0.373294049929032,-0.0281432748538012,-0.0171235847220516,FALSE,FALSE,-0.0281432748538012,0,-0.00746110741282596,FALSE,FALSE,0
18,97,"BTP 2005 Health Education","btp05.t1govinv","18:9724::btp05.t1govinv","9724","18:9724",0.764705882352941,0.764705882352941,0.201955058337828,0.220450324536471,17,17,17,0.764705882352941,0.764705882352941,0.201955058337828,0.220450324536471,0,-0.0184952661986433,FALSE,FALSE,0,0,-0.0184952661986433,FALSE,FALSE,0
18,97,"BTP 2005 Health Education","btp05.t1govinv","18:9725::btp05.t1govinv","9725","18:9725",0.677631578947368,0.68421052631579,0.356769332657876,0.400452047198242,19,19,19,0.677631578947368,0.68421052631579,0.356769332657876,0.400452047198242,0.00657894736842102,-0.0436827145403662,TRUE,FALSE,0.00657894736842102,0.00657894736842102,-0.0436827145403662,TRUE,FALSE,0.00657894736842102
18,97,"BTP 2005 Health Education","btp05.t1govinv","18:9726::btp05.t1govinv","9726","18:9726",0.515625,0.5625,0.370458612173254,0.408248290463863,16,16,16,0.515625,0.5625,0.370458612173254,0.408248290463863,0.046875,-0.0377896782906091,TRUE,FALSE,0.046875,0.046875,-0.0377896782906091,TRUE,FALSE,0.046875
18,97,"BTP 2005 Health Education","btp05.t1govinv","18:9727::btp05.t1govinv","9727","18:9727",0.390625,0.4296875,0.344223159205381,0.350501872320249,16,16,16,0.390625,0.4296875,0.344223159205381,0.350501872320249,-0.0390625,-0.00627871311486744,FALSE,FALSE,-0.0390625,-0.0390625,-0.00627871311486744,FALSE,FALSE,-0.0390625
18,97,"BTP 2005 Health Education","btp05.t1govinv","18:9728::btp05.t1govinv","9728","18:9728",0.517857142857143,0.553571428571429,0.369696935578082,0.382031153438829,14,14,14,0.517857142857143,0.553571428571429,0.369696935578082,0.382031153438829,0.0357142857142857,-0.0123342178607476,TRUE,FALSE,0.0357142857142857,0.0357142857142857,-0.0123342178607476,TRUE,FALSE,0.0357142857142857
18,97,"BTP 2005 Health Education","btp05.t1govinv","18:9729::btp05.t1govinv","9729","18:9729",0.493421052631579,0.546052631578947,0.347295313944371,0.3415917761312,19,19,19,0.493421052631579,0.546052631578947,0.347295313944371,0.3415917761312,-0.0526315789473684,0.00570353781317112,FALSE,TRUE,0.0394736842105263,-0.0526315789473684,0.00570353781317112,FALSE,TRUE,0.0394736842105263
18,97,"BTP 2005 Health Education","btp05.t1govinv","18:9730::btp05.t1govinv","9730","18:9730",0.529411764705882,0.463235294117647,0.335204612666564,0.285607582491205,17,17,17,0.529411764705882,0.463235294117647,0.335204612666564,0.285607582491205,-0.0661764705882353,0.0495970301753588,FALSE,TRUE,0.00735294117647056,-0.0661764705882353,0.0495970301753588,FALSE,TRUE,0.00735294117647056
18,97,"BTP 2005 Health Education","btp05.t1medqual","18:9701::btp05.t1medqual","9701","18:9701",0.721428563552243,0.651282047996154,0.227812761298894,0.22136586177554,14,13,13,0.730769220453042,0.651282047996154,0.234308093499874,0.22136586177554,-0.0701465155560892,0.00644689952335328,FALSE,TRUE,-0.0701465155560892,-0.0794871724568881,0.0129422317243341,FALSE,TRUE,-0.0794871724568881
18,97,"BTP 2005 Health Education","btp05.t1medqual","18:9702::btp05.t1medqual","9702","18:9702",0.697619048612458,0.609523811510631,0.170200623115174,0.190109537085052,14,14,14,0.697619048612458,0.609523811510631,0.170200623115174,0.190109537085052,-0.0880952371018273,-0.0199089139698788,FALSE,FALSE,-0.0880952371018273,-0.0880952371018273,-0.0199089139698788,FALSE,FALSE,-0.0880952371018273
18,97,"BTP 2005 Health Education","btp05.t1medqual","18:9703::btp05.t1medqual","9703","18:9703",0.773015868096125,0.771428560926801,0.188964732378311,0.178352240661301,21,21,21,0.773015868096125,0.771428560926801,0.188964732378311,0.178352240661301,-0.00158730716932387,0.0106124917170099,FALSE,TRUE,-0.00158730716932387,-0.00158730716932387,0.0106124917170099,FALSE,TRUE,-0.00158730716932387
18,97,"BTP 2005 Health Education","btp05.t1medqual","18:9704::btp05.t1medqual","9704","18:9704",0.807692303107335,0.789743597690876,0.155250001568077,0.186778048142489,13,13,13,0.807692303107335,0.789743597690876,0.155250001568077,0.186778048142489,-0.0179487054164592,-0.0315280465744125,FALSE,FALSE,-0.0179487054164592,-0.0179487054164592,-0.0315280465744125,FALSE,FALSE,-0.0179487054164592
18,97,"BTP 2005 Health Education","btp05.t1medqual","18:9705::btp05.t1medqual","9705","18:9705",0.764583338052034,0.789583325386047,0.25457844742814,0.172870644160519,16,16,16,0.764583338052034,0.789583325386047,0.25457844742814,0.172870644160519,0.024999987334013,0.081707803267621,TRUE,TRUE,0.024999987334013,0.024999987334013,0.081707803267621,TRUE,TRUE,0.024999987334013
18,97,"BTP 2005 Health Education","btp05.t1medqual","18:9706::btp05.t1medqual","9706","18:9706",0.653846153846154,0.584615387595617,0.260177460694327,0.197491389916504,13,13,13,0.653846153846154,0.584615387595617,0.260177460694327,0.197491389916504,-0.069230766250537,0.0626860707778227,FALSE,TRUE,-0.069230766250537,-0.069230766250537,0.0626860707778227,FALSE,TRUE,-0.069230766250537
18,97,"BTP 2005 Health Education","btp05.t1medqual","18:9707::btp05.t1medqual","9707","18:9707",0.677192978168789,0.607017548460709,0.204291184622411,0.167986973775005,19,19,19,0.677192978168789,0.607017548460709,0.204291184622411,0.167986973775005,-0.0701754297080793,0.0363042108474053,FALSE,TRUE,-0.0701754297080793,-0.0701754297080793,0.0363042108474053,FALSE,TRUE,-0.0701754297080793
18,97,"BTP 2005 Health Education","btp05.t1medqual","18:9708::btp05.t1medqual","9708","18:9708",0.733333335982429,0.659259257217248,0.222287567779182,0.225949139699665,18,18,18,0.733333335982429,0.659259257217248,0.222287567779182,0.225949139699665,-0.0740740787651804,-0.00366157192048375,FALSE,FALSE,-0.0740740787651804,-0.0740740787651804,-0.00366157192048375,FALSE,FALSE,-0.0740740787651804
18,97,"BTP 2005 Health Education","btp05.t1medqual","18:9709::btp05.t1medqual","9709","18:9709",0.713725486222435,0.694117644253899,0.192230618559438,0.221182209354216,17,17,17,0.713725486222435,0.694117644253899,0.192230618559438,0.221182209354216,-0.0196078419685364,-0.0289515907947779,FALSE,FALSE,-0.0196078419685364,-0.0196078419685364,-0.0289515907947779,FALSE,FALSE,-0.0196078419685364
18,97,"BTP 2005 Health Education","btp05.t1medqual","18:9710::btp05.t1medqual","9710","18:9710",0.69555556178093,0.621428568448339,0.243606064838461,0.183790641505124,15,14,14,0.721428577389036,0.621428568448339,0.230424039021555,0.183790641505124,-0.0741269933325904,0.0598154233333375,FALSE,TRUE,-0.0741269933325904,-0.100000008940697,0.0466333975164312,FALSE,TRUE,-0.100000008940697
18,97,"BTP 2005 Health Education","btp05.t1medqual","18:9711::btp05.t1medqual","9711","18:9711",0.743589729070663,0.771794862472094,0.165207273483869,0.169883484552761,13,13,13,0.743589729070663,0.771794862472094,0.165207273483869,0.169883484552761,0.0282051334014306,-0.0046762110688913,TRUE,FALSE,0.0282051334014306,0.0282051334014306,-0.0046762110688913,TRUE,FALSE,0.0282051334014306
18,97,"BTP 2005 Health Education","btp05.t1medqual","18:9712::btp05.t1medqual","9712","18:9712",0.69803921001799,0.694117642500821,0.21448276287601,0.239642470183741,17,17,17,0.69803921001799,0.694117642500821,0.21448276287601,0.239642470183741,-0.00392156751716832,-0.0251597073077317,FALSE,FALSE,-0.00392156751716832,-0.00392156751716832,-0.0251597073077317,FALSE,FALSE,-0.00392156751716832
18,97,"BTP 2005 Health Education","btp05.t1medqual","18:9713::btp05.t1medqual","9713","18:9713",0.803030303933404,0.715151513164694,0.231158700218364,0.235873613215052,11,11,11,0.803030303933404,0.715151513164694,0.231158700218364,0.235873613215052,-0.0878787907687101,-0.00471491299668814,FALSE,FALSE,-0.0878787907687101,-0.0878787907687101,-0.00471491299668814,FALSE,FALSE,-0.0878787907687101
18,97,"BTP 2005 Health Education","btp05.t1medqual","18:9714::btp05.t1medqual","9714","18:9714",0.649019593701643,0.684313727214056,0.233070567100711,0.257152579312154,17,17,17,0.649019593701643,0.684313727214056,0.233070567100711,0.257152579312154,0.0352941335124128,-0.0240820122114437,TRUE,FALSE,0.0352941335124128,0.0352941335124128,-0.0240820122114437,TRUE,FALSE,0.0352941335124128
18,97,"BTP 2005 Health Education","btp05.t1medqual","18:9715::btp05.t1medqual","9715","18:9715",0.718518508805169,0.655555566151937,0.208240721723538,0.208832735997912,9,9,9,0.718518508805169,0.655555566151937,0.208240721723538,0.208832735997912,-0.0629629426532321,-0.000592014274374664,FALSE,FALSE,-0.0629629426532321,-0.0629629426532321,-0.000592014274374664,FALSE,FALSE,-0.0629629426532321
18,97,"BTP 2005 Health Education","btp05.t1medqual","18:9716::btp05.t1medqual","9716","18:9716",0.705555565655231,0.551388897001743,0.223757322622395,0.226686539725748,12,12,12,0.705555565655231,0.551388897001743,0.223757322622395,0.226686539725748,-0.154166668653488,-0.00292921710335289,FALSE,FALSE,-0.154166668653488,-0.154166668653488,-0.00292921710335289,FALSE,FALSE,-0.154166668653488
18,97,"BTP 2005 Health Education","btp05.t1medqual","18:9717::btp05.t1medqual","9717","18:9717",0.735555553436279,0.660000004867713,0.190848836242652,0.263131321597137,15,15,15,0.735555553436279,0.660000004867713,0.190848836242652,0.263131321597137,-0.0755555485685666,-0.0722824853544854,FALSE,FALSE,-0.0755555485685666,-0.0755555485685666,-0.0722824853544854,FALSE,FALSE,-0.0755555485685666
18,97,"BTP 2005 Health Education","btp05.t1medqual","18:9718::btp05.t1medqual","9718","18:9718",0.730303027413108,0.681818181818182,0.160176685624342,0.123255504558001,11,11,11,0.730303027413108,0.681818181818182,0.160176685624342,0.123255504558001,-0.0484848455949264,0.0369211810663412,FALSE,TRUE,-0.0484848455949264,-0.0484848455949264,0.0369211810663412,FALSE,TRUE,-0.0484848455949264
18,97,"BTP 2005 Health Education","btp05.t1medqual","18:9719::btp05.t1medqual","9719","18:9719",0.745238089135715,0.633333327514785,0.162042061648003,0.232047732213318,14,14,14,0.745238089135715,0.633333327514785,0.162042061648003,0.232047732213318,-0.11190476162093,-0.0700056705653154,FALSE,FALSE,-0.11190476162093,-0.11190476162093,-0.0700056705653154,FALSE,FALSE,-0.11190476162093
18,97,"BTP 2005 Health Education","btp05.t1medqual","18:9720::btp05.t1medqual","9720","18:9720",0.787499986588955,0.754166662693024,0.185110431569418,0.246201293083494,8,8,8,0.787499986588955,0.754166662693024,0.185110431569418,0.246201293083494,-0.0333333238959312,-0.0610908615140758,FALSE,FALSE,-0.0333333238959312,-0.0333333238959312,-0.0610908615140758,FALSE,FALSE,-0.0333333238959312
18,97,"BTP 2005 Health Education","btp05.t1medqual","18:9721::btp05.t1medqual","9721","18:9721",0.806250000372529,0.695833338424563,0.171364344158062,0.161875577885648,16,16,16,0.806250000372529,0.695833338424563,0.171364344158062,0.161875577885648,-0.110416661947966,0.00948876627241449,FALSE,TRUE,-0.110416661947966,-0.110416661947966,0.00948876627241449,FALSE,TRUE,-0.110416661947966
18,97,"BTP 2005 Health Education","btp05.t1medqual","18:9722::btp05.t1medqual","9722","18:9722",0.714285714285714,0.747619039246014,0.196861823139109,0.152312257392934,14,14,14,0.714285714285714,0.747619039246014,0.196861823139109,0.152312257392934,0.0333333249602998,0.0445495657461745,TRUE,TRUE,0.0333333249602998,0.0333333249602998,0.0445495657461745,TRUE,TRUE,0.0333333249602998
18,97,"BTP 2005 Health Education","btp05.t1medqual","18:9723::btp05.t1medqual","9723","18:9723",0.744736842418972,0.791228070070869,0.213151874855471,0.215407193734024,19,19,19,0.744736842418972,0.791228070070869,0.213151874855471,0.215407193734024,0.0464912276518972,-0.00225531887855218,TRUE,FALSE,0.0464912276518972,0.0464912276518972,-0.00225531887855218,TRUE,FALSE,0.0464912276518972
18,97,"BTP 2005 Health Education","btp05.t1medqual","18:9724::btp05.t1medqual","9724","18:9724",0.738235293942339,0.722549021244049,0.24136220642128,0.211225026279784,17,17,17,0.738235293942339,0.722549021244049,0.24136220642128,0.211225026279784,-0.0156862726982903,0.0301371801414959,FALSE,TRUE,-0.0156862726982903,-0.0156862726982903,0.0301371801414959,FALSE,TRUE,-0.0156862726982903
18,97,"BTP 2005 Health Education","btp05.t1medqual","18:9725::btp05.t1medqual","9725","18:9725",0.741228065992657,0.710526317358017,0.175890005711342,0.195647901110649,19,19,19,0.741228065992657,0.710526317358017,0.175890005711342,0.195647901110649,-0.0307017486346396,-0.0197578953993065,FALSE,FALSE,-0.0307017486346396,-0.0307017486346396,-0.0197578953993065,FALSE,FALSE,-0.0307017486346396
18,97,"BTP 2005 Health Education","btp05.t1medqual","18:9726::btp05.t1medqual","9726","18:9726",0.729166656732559,0.70833333209157,0.1973434639126,0.228845739032441,16,16,16,0.729166656732559,0.70833333209157,0.1973434639126,0.228845739032441,-0.0208333246409893,-0.0315022751198408,FALSE,FALSE,-0.0208333246409893,-0.0208333246409893,-0.0315022751198408,FALSE,FALSE,-0.0208333246409893
18,97,"BTP 2005 Health Education","btp05.t1medqual","18:9727::btp05.t1medqual","9727","18:9727",0.768750004470348,0.70833332836628,0.206727136515667,0.170185073120251,16,16,16,0.768750004470348,0.70833332836628,0.206727136515667,0.170185073120251,-0.0604166761040688,0.0365420633954158,FALSE,TRUE,-0.0604166761040688,-0.0604166761040688,0.0365420633954158,FALSE,TRUE,-0.0604166761040688
18,97,"BTP 2005 Health Education","btp05.t1medqual","18:9728::btp05.t1medqual","9728","18:9728",0.74285715179784,0.735714286565781,0.187392619416629,0.20732907473386,14,14,14,0.74285715179784,0.735714286565781,0.187392619416629,0.20732907473386,-0.00714286523205898,-0.0199364553172306,FALSE,FALSE,-0.00714286523205898,-0.00714286523205898,-0.0199364553172306,FALSE,FALSE,-0.00714286523205898
18,97,"BTP 2005 Health Education","btp05.t1medqual","18:9729::btp05.t1medqual","9729","18:9729",0.724561399535129,0.733333331973929,0.170635011998253,0.204878765089076,19,19,19,0.724561399535129,0.733333331973929,0.170635011998253,0.204878765089076,0.00877193243880015,-0.034243753090823,TRUE,FALSE,0.00877193243880015,0.00877193243880015,-0.034243753090823,TRUE,FALSE,0.00877193243880015
18,97,"BTP 2005 Health Education","btp05.t1medqual","18:9730::btp05.t1medqual","9730","18:9730",0.780392158557387,0.684313728967134,0.226095736062314,0.259839059427553,17,17,17,0.780392158557387,0.684313728967134,0.226095736062314,0.259839059427553,-0.0960784295902533,-0.0337433233652394,FALSE,FALSE,-0.0960784295902533,-0.0960784295902533,-0.0337433233652394,FALSE,FALSE,-0.0960784295902533
18,97,"BTP 2005 Health Education","btp05.t1emplypay","18:9701::btp05.t1emplypay","9701","18:9701",0.553571428571429,0.339285714285714,0.382031153438829,0.361715236184367,14,14,14,0.553571428571429,0.339285714285714,0.382031153438829,0.361715236184367,-0.214285714285714,0.0203159172544625,FALSE,TRUE,0.107142857142857,-0.214285714285714,0.0203159172544625,FALSE,TRUE,0.107142857142857
18,97,"BTP 2005 Health Education","btp05.t1emplypay","18:9702::btp05.t1emplypay","9702","18:9702",0.5625,0.538461538461538,0.355556541980955,0.393252381934853,12,13,11,0.522727272727273,0.522727272727273,0.343775825476164,0.394565353499035,-0.0240384615384616,-0.0376958399538985,FALSE,FALSE,-0.0240384615384616,0,-0.0507895280228703,FALSE,FALSE,0
18,97,"BTP 2005 Health Education","btp05.t1emplypay","18:9703::btp05.t1emplypay","9703","18:9703",0.369047619047619,0.375,0.375990754698899,0.417542938226906,21,20,20,0.3625,0.375,0.38452807713516,0.417542938226906,-0.00595238095238093,-0.041552183528007,FALSE,FALSE,-0.00595238095238093,-0.0125000000000001,-0.0330148610917465,FALSE,FALSE,-0.0125000000000001
18,97,"BTP 2005 Health Education","btp05.t1emplypay","18:9704::btp05.t1emplypay","9704","18:9704",0.625,0.480769230769231,0.376889180722205,0.388125012903092,12,13,12,0.625,0.5,0.376889180722205,0.398862017608733,-0.144230769230769,-0.0112358321808878,FALSE,FALSE,-0.105769230769231,-0.125,-0.0219728368865282,FALSE,FALSE,-0.125
18,97,"BTP 2005 Health Education","btp05.t1emplypay","18:9705::btp05.t1emplypay","9705","18:9705",0.484375,0.483333333333333,0.39230887066188,0.394908066456461,16,15,15,0.5,0.483333333333333,0.400891862868637,0.394908066456461,0.00104166666666666,-0.00259919579458112,TRUE,FALSE,0.00104166666666666,NA,0.00598379641217511,NA,TRUE,0.0166666666666667
18,97,"BTP 2005 Health Education","btp05.t1emplypay","18:9706::btp05.t1emplypay","9706","18:9706",0.519230769230769,0.363636363636364,0.388125012903092,0.376889180722205,13,11,11,0.590909090909091,0.363636363636364,0.375378596764774,0.376889180722205,-0.155594405594406,0.0112358321808879,FALSE,TRUE,0.117132867132867,-0.227272727272727,-0.00151058395743031,FALSE,FALSE,0.0454545454545454
18,97,"BTP 2005 Health Education","btp05.t1emplypay","18:9707::btp05.t1emplypay","9707","18:9707",0.569444444444444,0.539473684210526,0.381613790326451,0.401932466469604,18,19,18,0.569444444444444,0.527777777777778,0.381613790326451,0.410244626527601,-0.0299707602339181,-0.0203186761431531,FALSE,FALSE,-0.0299707602339181,-0.0416666666666666,-0.0286308362011508,FALSE,FALSE,-0.0416666666666666
18,97,"BTP 2005 Health Education","btp05.t1emplypay","18:9708::btp05.t1emplypay","9708","18:9708",0.338235294117647,0.279411764705882,0.374386753473558,0.317243411835362,17,17,17,0.338235294117647,0.279411764705882,0.374386753473558,0.317243411835362,0.0588235294117647,0.0571433416381957,TRUE,TRUE,0.0588235294117647,0.0588235294117647,0.0571433416381957,TRUE,TRUE,0.0588235294117647
18,97,"BTP 2005 Health Education","btp05.t1emplypay","18:9709::btp05.t1emplypay","9709","18:9709",0.529411764705882,0.397058823529412,0.373772500798201,0.354202708662045,17,17,17,0.529411764705882,0.397058823529412,0.373772500798201,0.354202708662045,-0.132352941176471,0.0195697921361561,FALSE,TRUE,0.0735294117647059,-0.132352941176471,0.0195697921361561,FALSE,TRUE,0.0735294117647059
18,97,"BTP 2005 Health Education","btp05.t1emplypay","18:9710::btp05.t1emplypay","9710","18:9710",0.566666666666667,0.366666666666667,0.333630819633804,0.388066022855954,15,15,15,0.566666666666667,0.366666666666667,0.333630819633804,0.388066022855954,-0.2,-0.0544352032221504,FALSE,FALSE,0.0666666666666667,-0.2,-0.0544352032221504,FALSE,FALSE,0.0666666666666667
18,97,"BTP 2005 Health Education","btp05.t1emplypay","18:9711::btp05.t1emplypay","9711","18:9711",0.461538461538462,0.454545454545455,0.379777262656375,0.350324524872685,13,11,11,0.431818181818182,0.454545454545455,0.404519917477945,0.350324524872685,0.00699300699300698,0.0294527377836897,TRUE,TRUE,0.00699300699300698,-0.0227272727272727,0.0541953926052599,FALSE,TRUE,-0.0227272727272727
18,97,"BTP 2005 Health Education","btp05.t1emplypay","18:9712::btp05.t1emplypay","9712","18:9712",0.573529411764706,0.558823529411765,0.327927987073202,0.33691397924658,17,17,17,0.573529411764706,0.558823529411765,0.327927987073202,0.33691397924658,-0.0147058823529411,-0.00898599217337731,FALSE,FALSE,-0.0147058823529411,-0.0147058823529411,-0.00898599217337731,FALSE,FALSE,-0.0147058823529411
18,97,"BTP 2005 Health Education","btp05.t1emplypay","18:9713::btp05.t1emplypay","9713","18:9713",0.431818181818182,0.340909090909091,0.404519917477945,0.407319396676725,11,11,11,0.431818181818182,0.340909090909091,0.404519917477945,0.407319396676725,0.0909090909090909,-0.00279947919877932,TRUE,FALSE,0.0909090909090909,0.0909090909090909,-0.00279947919877932,TRUE,FALSE,0.0909090909090909
18,97,"BTP 2005 Health Education","btp05.t1emplypay","18:9714::btp05.t1emplypay","9714","18:9714",0.558823529411765,0.323529411764706,0.446596607031183,0.382882834175002,17,17,17,0.558823529411765,0.323529411764706,0.446596607031183,0.382882834175002,-0.235294117647059,0.0637137728561805,FALSE,TRUE,0.117647058823529,-0.235294117647059,0.0637137728561805,FALSE,TRUE,0.117647058823529
18,97,"BTP 2005 Health Education","btp05.t1emplypay","18:9715::btp05.t1emplypay","9715","18:9715",0.5,0.361111111111111,0.395284707521047,0.435012771204606,9,9,9,0.5,0.361111111111111,0.395284707521047,0.435012771204606,NA,-0.0397280636835588,NA,FALSE,0.138888888888889,NA,-0.0397280636835588,NA,FALSE,0.138888888888889
18,97,"BTP 2005 Health Education","btp05.t1emplypay","18:9716::btp05.t1emplypay","9716","18:9716",0.395833333333333,0.3125,0.405338429493482,0.339200262649984,12,12,12,0.395833333333333,0.3125,0.405338429493482,0.339200262649984,0.0833333333333334,0.0661381668434979,TRUE,TRUE,0.0833333333333334,0.0833333333333334,0.0661381668434979,TRUE,TRUE,0.0833333333333334
18,97,"BTP 2005 Health Education","btp05.t1emplypay","18:9717::btp05.t1emplypay","9717","18:9717",0.5,0.416666666666667,0.327326835353989,0.308606699924184,15,15,15,0.5,0.416666666666667,0.327326835353989,0.308606699924184,NA,0.0187201354298047,NA,TRUE,0.0833333333333333,NA,0.0187201354298047,NA,TRUE,0.0833333333333333
18,97,"BTP 2005 Health Education","btp05.t1emplypay","18:9718::btp05.t1emplypay","9718","18:9718",0.590909090909091,0.477272727272727,0.407319396676725,0.361499402740611,11,11,11,0.590909090909091,0.477272727272727,0.407319396676725,0.361499402740611,-0.113636363636364,0.045819993936114,FALSE,TRUE,-0.0681818181818182,-0.113636363636364,0.045819993936114,FALSE,TRUE,-0.0681818181818182
18,97,"BTP 2005 Health Education","btp05.t1emplypay","18:9719::btp05.t1emplypay","9719","18:9719",0.357142857142857,0.232142857142857,0.412710152927778,0.346192000339264,14,14,14,0.357142857142857,0.232142857142857,0.412710152927778,0.346192000339264,0.125,0.0665181525885143,TRUE,TRUE,0.125,0.125,0.0665181525885143,TRUE,TRUE,0.125
18,97,"BTP 2005 Health Education","btp05.t1emplypay","18:9720::btp05.t1emplypay","9720","18:9720",0.607142857142857,0.625,0.349319065502886,0.353553390593274,7,8,7,0.607142857142857,0.607142857142857,0.349319065502886,0.377964473009227,0.0178571428571429,-0.00423432509038785,TRUE,FALSE,0.0178571428571429,0,-0.0286454075063413,FALSE,FALSE,0
18,97,"BTP 2005 Health Education","btp05.t1emplypay","18:9721::btp05.t1emplypay","9721","18:9721",0.546875,0.4375,0.367636029246319,0.35939764421413,16,16,16,0.546875,0.4375,0.367636029246319,0.35939764421413,-0.109375,0.0082383850321881,FALSE,TRUE,0.015625,-0.109375,0.0082383850321881,FALSE,TRUE,0.015625
18,97,"BTP 2005 Health Education","btp05.t1emplypay","18:9722::btp05.t1emplypay","9722","18:9722",0.464285714285714,0.410714285714286,0.377964473009227,0.33407655239053,14,14,14,0.464285714285714,0.410714285714286,0.377964473009227,0.33407655239053,0.0535714285714286,0.0438879206186967,TRUE,TRUE,0.0535714285714286,0.0535714285714286,0.0438879206186967,TRUE,TRUE,0.0535714285714286
18,97,"BTP 2005 Health Education","btp05.t1emplypay","18:9723::btp05.t1emplypay","9723","18:9723",0.485294117647059,0.407894736842105,0.347654959102032,0.355614943870605,17,19,17,0.485294117647059,0.352941176470588,0.347654959102032,0.331412973227557,0.0773993808049535,-0.00795998476857329,TRUE,FALSE,0.0773993808049535,0.132352941176471,0.0162419858744747,TRUE,TRUE,0.132352941176471
18,97,"BTP 2005 Health Education","btp05.t1emplypay","18:9724::btp05.t1emplypay","9724","18:9724",0.661764705882353,0.558823529411765,0.394702978423612,0.419536684226498,17,17,17,0.661764705882353,0.558823529411765,0.394702978423612,0.419536684226498,-0.102941176470588,-0.0248337058028862,FALSE,FALSE,-0.102941176470588,-0.102941176470588,-0.0248337058028862,FALSE,FALSE,-0.102941176470588
18,97,"BTP 2005 Health Education","btp05.t1emplypay","18:9725::btp05.t1emplypay","9725","18:9725",0.513157894736842,0.305555555555556,0.386164222860616,0.278593573301624,19,18,18,0.486111111111111,0.305555555555556,0.378388827233526,0.278593573301624,-0.207602339181287,0.107570649558992,FALSE,TRUE,0.181286549707602,0.180555555555556,0.0997952539319024,TRUE,TRUE,0.180555555555556
18,97,"BTP 2005 Health Education","btp05.t1emplypay","18:9726::btp05.t1emplypay","9726","18:9726",0.283333333333333,0.234375,0.311486451589486,0.280902563178053,15,16,15,0.283333333333333,0.216666666666667,0.311486451589486,0.281365716935569,0.0489583333333333,0.0305838884114336,TRUE,TRUE,0.0489583333333333,0.0666666666666667,0.0301207346539176,TRUE,TRUE,0.0666666666666667
18,97,"BTP 2005 Health Education","btp05.t1emplypay","18:9727::btp05.t1emplypay","9727","18:9727",0.4,0.34375,0.430945803685667,0.417083125208073,15,16,15,0.4,0.333333333333333,0.430945803685667,0.429562346492112,0.05625,0.013862678477594,TRUE,TRUE,0.05625,0.0666666666666667,0.00138345719355504,TRUE,TRUE,0.0666666666666667
18,97,"BTP 2005 Health Education","btp05.t1emplypay","18:9728::btp05.t1emplypay","9728","18:9728",0.482142857142857,0.392857142857143,0.409787535408075,0.400891862868637,14,14,14,0.482142857142857,0.392857142857143,0.409787535408075,0.400891862868637,0.0892857142857142,0.00889567253943835,TRUE,TRUE,0.0892857142857142,0.0892857142857142,0.00889567253943835,TRUE,TRUE,0.0892857142857142
18,97,"BTP 2005 Health Education","btp05.t1emplypay","18:9729::btp05.t1emplypay","9729","18:9729",0.460526315789474,0.394736842105263,0.393198757828525,0.384741882031933,19,19,19,0.460526315789474,0.394736842105263,0.393198757828525,0.384741882031933,0.0657894736842105,0.00845687579659177,TRUE,TRUE,0.0657894736842105,0.0657894736842105,0.00845687579659177,TRUE,TRUE,0.0657894736842105
18,97,"BTP 2005 Health Education","btp05.t1emplypay","18:9730::btp05.t1emplypay","9730","18:9730",0.558823529411765,0.5625,0.428746462856272,0.413319892254575,17,16,16,0.53125,0.5625,0.426956281914983,0.413319892254575,0.00367647058823528,0.0154265706016973,TRUE,TRUE,0.00367647058823528,0.03125,0.0136363896604084,TRUE,TRUE,0.03125
18,97,"BTP 2005 Health Education","btp05.t1indivpay","18:9701::btp05.t1indivpay","9701","18:9701",0.428571428571429,0.535714285714286,0.385164443259822,0.365022955773686,14,14,14,0.428571428571429,0.535714285714286,0.385164443259822,0.365022955773686,-0.107142857142857,0.0201414874861356,FALSE,TRUE,-0.0357142857142858,-0.107142857142857,0.0201414874861356,FALSE,TRUE,-0.0357142857142858
18,97,"BTP 2005 Health Education","btp05.t1indivpay","18:9702::btp05.t1indivpay","9702","18:9702",0.384615384615385,0.375,0.347841328400738,0.350137335692945,13,14,13,0.384615384615385,0.403846153846154,0.347841328400738,0.346687622640768,0.00961538461538464,-0.00229600729220719,TRUE,FALSE,0.00961538461538464,-0.0192307692307692,0.00115370575996931,FALSE,TRUE,-0.0192307692307692
18,97,"BTP 2005 Health Education","btp05.t1indivpay","18:9703::btp05.t1indivpay","9703","18:9703",0.4,0.464285714285714,0.383885947974957,0.381491434092188,20,21,20,0.4,0.4625,0.383885947974957,0.391311896062463,-0.0642857142857143,0.00239451388276907,FALSE,TRUE,-0.0642857142857143,-0.0625,-0.00742594808750602,FALSE,FALSE,-0.0625
18,97,"BTP 2005 Health Education","btp05.t1indivpay","18:9704::btp05.t1indivpay","9704","18:9704",0.576923076923077,0.423076923076923,0.38709138919607,0.344368615860597,13,13,13,0.576923076923077,0.423076923076923,0.38709138919607,0.344368615860597,-0.153846153846154,0.0427227733354731,FALSE,TRUE,5.55111512312578e-17,-0.153846153846154,0.0427227733354731,FALSE,TRUE,5.55111512312578e-17
18,97,"BTP 2005 Health Education","btp05.t1indivpay","18:9705::btp05.t1indivpay","9705","18:9705",0.359375,0.5,0.288223726758688,0.329140294302192,16,16,16,0.359375,0.5,0.288223726758688,0.329140294302192,-0.140625,-0.040916567543504,FALSE,FALSE,-0.140625,-0.140625,-0.040916567543504,FALSE,FALSE,-0.140625
18,97,"BTP 2005 Health Education","btp05.t1indivpay","18:9706::btp05.t1indivpay","9706","18:9706",0.538461538461538,0.576923076923077,0.336126121018241,0.312660215339928,13,13,13,0.538461538461538,0.576923076923077,0.336126121018241,0.312660215339928,0.0384615384615384,0.0234659056783129,TRUE,TRUE,0.0384615384615384,0.0384615384615384,0.0234659056783129,TRUE,TRUE,0.0384615384615384
18,97,"BTP 2005 Health Education","btp05.t1indivpay","18:9707::btp05.t1indivpay","9707","18:9707",0.43421052631579,0.421052631578947,0.310041498825806,0.400109634098263,19,19,19,0.43421052631579,0.421052631578947,0.310041498825806,0.400109634098263,0.0131578947368421,-0.0900681352724569,TRUE,FALSE,0.0131578947368421,0.0131578947368421,-0.0900681352724569,TRUE,FALSE,0.0131578947368421
18,97,"BTP 2005 Health Education","btp05.t1indivpay","18:9708::btp05.t1indivpay","9708","18:9708",0.486111111111111,0.485294117647059,0.36854465590847,0.369444137303917,18,17,17,0.455882352941176,0.485294117647059,0.356143559950363,0.369444137303917,0.000816993464052285,-0.000899481395446433,TRUE,FALSE,0.000816993464052285,-0.0294117647058824,-0.0133005773535539,FALSE,FALSE,-0.0294117647058824
18,97,"BTP 2005 Health Education","btp05.t1indivpay","18:9709::btp05.t1indivpay","9709","18:9709",0.338235294117647,0.426470588235294,0.330023394892651,0.35094410481711,17,17,17,0.338235294117647,0.426470588235294,0.330023394892651,0.35094410481711,-0.088235294117647,-0.0209207099244586,FALSE,FALSE,-0.088235294117647,-0.088235294117647,-0.0209207099244586,FALSE,FALSE,-0.088235294117647
18,97,"BTP 2005 Health Education","btp05.t1indivpay","18:9710::btp05.t1indivpay","9710","18:9710",0.392857142857143,0.35,0.320970369383185,0.363514589999985,14,15,14,0.392857142857143,0.375,0.320970369383185,0.363609046176712,0.0428571428571429,-0.0425442206168002,TRUE,FALSE,0.0428571428571429,0.0178571428571428,-0.0426386767935276,TRUE,FALSE,0.0178571428571428
18,97,"BTP 2005 Health Education","btp05.t1indivpay","18:9711::btp05.t1indivpay","9711","18:9711",0.596153846153846,0.479166666666667,0.280224269158902,0.344738592225612,13,12,12,0.604166666666667,0.479166666666667,0.291125038220329,0.344738592225612,-0.11698717948718,-0.0645143230667098,FALSE,FALSE,-0.0753205128205128,-0.125,-0.0536135540052835,FALSE,FALSE,-0.0833333333333333
18,97,"BTP 2005 Health Education","btp05.t1indivpay","18:9712::btp05.t1indivpay","9712","18:9712",0.421875,0.529411764705882,0.405367631498454,0.394120390684041,16,17,16,0.421875,0.515625,0.405367631498454,0.402789750779899,-0.107536764705882,0.0112472408144134,FALSE,TRUE,-0.0487132352941176,-0.09375,0.00257788071855514,FALSE,TRUE,-0.0625
18,97,"BTP 2005 Health Education","btp05.t1indivpay","18:9713::btp05.t1indivpay","9713","18:9713",0.477272727272727,0.181818181818182,0.410099766132362,0.318019439085669,11,11,11,0.477272727272727,0.181818181818182,0.410099766132362,0.318019439085669,0.295454545454546,0.0920803270466931,TRUE,TRUE,0.295454545454546,0.295454545454546,0.0920803270466931,TRUE,TRUE,0.295454545454546
18,97,"BTP 2005 Health Education","btp05.t1indivpay","18:9714::btp05.t1indivpay","9714","18:9714",0.28125,0.455882352941176,0.375,0.416789197669658,16,17,16,0.28125,0.453125,0.375,0.430297861951463,-0.174632352941176,-0.0417891976696585,FALSE,FALSE,-0.174632352941176,-0.171875,-0.0552978619514626,FALSE,FALSE,-0.171875
18,97,"BTP 2005 Health Education","btp05.t1indivpay","18:9715::btp05.t1indivpay","9715","18:9715",0.416666666666667,0.444444444444444,0.375,0.370341434054816,9,9,9,0.416666666666667,0.444444444444444,0.375,0.370341434054816,-0.0277777777777777,0.00465856594518377,FALSE,TRUE,-0.0277777777777777,-0.0277777777777777,0.00465856594518377,FALSE,TRUE,-0.0277777777777777
18,97,"BTP 2005 Health Education","btp05.t1indivpay","18:9716::btp05.t1indivpay","9716","18:9716",0.318181818181818,0.4375,0.372339043932225,0.428063822769031,11,12,11,0.318181818181818,0.454545454545455,0.372339043932225,0.444665349141658,-0.119318181818182,-0.0557247788368056,FALSE,FALSE,-0.119318181818182,-0.136363636363636,-0.0723263052094327,FALSE,FALSE,-0.136363636363636
18,97,"BTP 2005 Health Education","btp05.t1indivpay","18:9717::btp05.t1indivpay","9717","18:9717",0.383333333333333,0.55,0.281365716935569,0.316227766016838,15,15,15,0.383333333333333,0.55,0.281365716935569,0.316227766016838,-0.166666666666667,-0.034862049081269,FALSE,FALSE,-0.0666666666666666,-0.166666666666667,-0.034862049081269,FALSE,FALSE,-0.0666666666666666
18,97,"BTP 2005 Health Education","btp05.t1indivpay","18:9718::btp05.t1indivpay","9718","18:9718",0.431818181818182,0.295454545454545,0.337099931231621,0.218465724376326,11,11,11,0.431818181818182,0.295454545454545,0.337099931231621,0.218465724376326,0.136363636363636,0.118634206855295,TRUE,TRUE,0.136363636363636,0.136363636363636,0.118634206855295,TRUE,TRUE,0.136363636363636
18,97,"BTP 2005 Health Education","btp05.t1indivpay","18:9719::btp05.t1indivpay","9719","18:9719",0.517857142857143,0.464285714285714,0.385609977756094,0.414370965082372,14,14,14,0.517857142857143,0.464285714285714,0.385609977756094,0.414370965082372,-0.0535714285714286,-0.028760987326279,FALSE,FALSE,0.0178571428571428,-0.0535714285714286,-0.028760987326279,FALSE,FALSE,0.0178571428571428
18,97,"BTP 2005 Health Education","btp05.t1indivpay","18:9720::btp05.t1indivpay","9720","18:9720",0.3125,0.428571428571429,0.320434972230828,0.374006620771548,8,7,7,0.25,0.428571428571429,0.288675134594813,0.374006620771548,-0.116071428571429,-0.0535716485407199,FALSE,FALSE,-0.116071428571429,-0.178571428571429,-0.0853314861767349,FALSE,FALSE,-0.178571428571429
18,97,"BTP 2005 Health Education","btp05.t1indivpay","18:9721::btp05.t1indivpay","9721","18:9721",0.516666666666667,0.55,0.319970236711092,0.368394198806504,15,15,14,0.553571428571429,0.517857142857143,0.297078263266592,0.359811458564462,0.0333333333333333,-0.0484239620954114,TRUE,FALSE,0.0333333333333333,-0.0357142857142857,-0.0627331952978702,FALSE,FALSE,-0.0357142857142857
18,97,"BTP 2005 Health Education","btp05.t1indivpay","18:9722::btp05.t1indivpay","9722","18:9722",0.230769230769231,0.214285714285714,0.360288346061446,0.323103086329432,13,14,13,0.230769230769231,0.173076923076923,0.360288346061446,0.295532982236744,0.0164835164835165,0.037185259732014,TRUE,TRUE,0.0164835164835164,0.0576923076923077,0.0647553638247022,TRUE,TRUE,0.0576923076923077
18,97,"BTP 2005 Health Education","btp05.t1indivpay","18:9723::btp05.t1indivpay","9723","18:9723",0.430555555555556,0.578947368421053,0.361833114314291,0.344123600805843,18,19,18,0.430555555555556,0.569444444444444,0.361833114314291,0.351525619888378,-0.148391812865497,0.0177095135084486,FALSE,TRUE,0.00950292397660824,-0.138888888888889,0.0103074944259133,FALSE,TRUE,0
18,97,"BTP 2005 Health Education","btp05.t1indivpay","18:9724::btp05.t1indivpay","9724","18:9724",0.441176470588235,0.411764705882353,0.400482246063124,0.363803437554499,17,17,17,0.441176470588235,0.411764705882353,0.400482246063124,0.363803437554499,0.0294117647058824,0.0366788085086247,TRUE,TRUE,0.0294117647058824,0.0294117647058824,0.0366788085086247,TRUE,TRUE,0.0294117647058824
18,97,"BTP 2005 Health Education","btp05.t1indivpay","18:9725::btp05.t1indivpay","9725","18:9725",0.342105263157895,0.333333333333333,0.374634324632678,0.342997170285018,19,18,18,0.361111111111111,0.333333333333333,0.375951950761059,0.342997170285018,0.00877192982456138,0.03163715434766,TRUE,TRUE,0.00877192982456138,0.0277777777777777,0.0329547804760413,TRUE,TRUE,0.0277777777777777
18,97,"BTP 2005 Health Education","btp05.t1indivpay","18:9726::btp05.t1indivpay","9726","18:9726",0.214285714285714,0.34375,0.323103086329432,0.340036762718386,14,16,14,0.214285714285714,0.339285714285714,0.323103086329432,0.361715236184367,-0.129464285714286,-0.016933676388954,FALSE,FALSE,-0.129464285714286,-0.125,-0.0386121498549345,FALSE,FALSE,-0.125
18,97,"BTP 2005 Health Education","btp05.t1indivpay","18:9727::btp05.t1indivpay","9727","18:9727",0.359375,0.46875,0.302334665561196,0.38595120589698,16,16,16,0.359375,0.46875,0.302334665561196,0.38595120589698,-0.109375,-0.0836165403357848,FALSE,FALSE,-0.109375,-0.109375,-0.0836165403357848,FALSE,FALSE,-0.109375
18,97,"BTP 2005 Health Education","btp05.t1indivpay","18:9728::btp05.t1indivpay","9728","18:9728",0.571428571428571,0.482142857142857,0.420948693070548,0.397882444398392,14,14,14,0.571428571428571,0.482142857142857,0.420948693070548,0.397882444398392,-0.0892857142857142,0.0230662486721557,FALSE,TRUE,-0.0535714285714285,-0.0892857142857142,0.0230662486721557,FALSE,TRUE,-0.0535714285714285
18,97,"BTP 2005 Health Education","btp05.t1indivpay","18:9729::btp05.t1indivpay","9729","18:9729",0.421052631578947,0.381578947368421,0.363744335379216,0.385216579167482,19,19,19,0.421052631578947,0.381578947368421,0.363744335379216,0.385216579167482,0.0394736842105263,-0.0214722437882658,TRUE,FALSE,0.0394736842105263,0.0394736842105263,-0.0214722437882658,TRUE,FALSE,0.0394736842105263
18,97,"BTP 2005 Health Education","btp05.t1indivpay","18:9730::btp05.t1indivpay","9730","18:9730",0.46875,0.529411764705882,0.38595120589698,0.422810101999634,16,17,16,0.46875,0.515625,0.38595120589698,0.43271189414359,-0.0606617647058824,-0.036858896102654,FALSE,FALSE,-0.00183823529411764,-0.046875,-0.0467606882466095,FALSE,FALSE,-0.015625
1,20,"UK EU","ukeu.eurelat1g","1:2001::ukeu.eurelat1g","2001","1:2001",0.530555555555556,0.547222222222222,0.267477685367045,0.290758222438066,15,15,15,0.530555555555556,0.547222222222222,0.267477685367045,0.290758222438066,0.0166666666666666,-0.0232805370710206,TRUE,FALSE,0.0166666666666666,0.0166666666666666,-0.0232805370710206,TRUE,FALSE,0.0166666666666666
1,20,"UK EU","ukeu.eurelat1g","1:2002::ukeu.eurelat1g","2002","1:2002",0.654166666666667,0.860416666666667,0.262863504926458,0.174317277278802,20,20,20,0.654166666666667,0.860416666666667,0.262863504926458,0.174317277278802,0.20625,0.0885462276476564,TRUE,TRUE,0.20625,0.20625,0.0885462276476564,TRUE,TRUE,0.20625
1,20,"UK EU","ukeu.eurelat1g","1:2003::ukeu.eurelat1g","2003","1:2003",0.586538461538462,0.576923076923077,0.257110422252326,0.314505671910409,13,13,13,0.586538461538462,0.576923076923077,0.257110422252326,0.314505671910409,-0.00961538461538469,-0.057395249658083,FALSE,FALSE,-0.00961538461538469,-0.00961538461538469,-0.057395249658083,FALSE,FALSE,-0.00961538461538469
1,20,"UK EU","ukeu.eurelat1g","1:2004::ukeu.eurelat1g","2004","1:2004",0.580357142857143,0.732142857142857,0.305078229123656,0.290847882650864,14,14,14,0.580357142857143,0.732142857142857,0.305078229123656,0.290847882650864,0.151785714285714,0.0142303464727918,TRUE,TRUE,0.151785714285714,0.151785714285714,0.0142303464727918,TRUE,TRUE,0.151785714285714
1,20,"UK EU","ukeu.eurelat1g","1:2005::ukeu.eurelat1g","2005","1:2005",0.514880952380952,0.592261904761905,0.237737253772945,0.215689717730249,14,14,14,0.514880952380952,0.592261904761905,0.237737253772945,0.215689717730249,0.0773809523809523,0.0220475360426967,TRUE,TRUE,0.0773809523809523,0.0773809523809523,0.0220475360426967,TRUE,TRUE,0.0773809523809523
1,20,"UK EU","ukeu.eurelat1g","1:2006::ukeu.eurelat1g","2006","1:2006",0.513888888888889,0.608333333333333,0.273529014353362,0.324969473535836,15,15,15,0.513888888888889,0.608333333333333,0.273529014353362,0.324969473535836,0.0944444444444446,-0.0514404591824745,TRUE,FALSE,0.0944444444444446,0.0944444444444446,-0.0514404591824745,TRUE,FALSE,0.0944444444444446
1,20,"UK EU","ukeu.eurelat1g","1:2007::ukeu.eurelat1g","2007","1:2007",0.465686274509804,0.433823529411765,0.289888663268337,0.329093749679983,17,17,17,0.465686274509804,0.433823529411765,0.289888663268337,0.329093749679983,0.0318627450980392,-0.0392050864116461,TRUE,FALSE,0.0318627450980392,0.0318627450980392,-0.0392050864116461,TRUE,FALSE,0.0318627450980392
1,20,"UK EU","ukeu.eurelat1g","1:2008::ukeu.eurelat1g","2008","1:2008",0.53030303030303,0.757575757575758,0.330241341195108,0.215556596894288,11,11,11,0.53030303030303,0.757575757575758,0.330241341195108,0.215556596894288,0.227272727272727,0.11468474430082,TRUE,TRUE,0.227272727272727,0.227272727272727,0.11468474430082,TRUE,TRUE,0.227272727272727
1,20,"UK EU","ukeu.eurelat1g","1:2009::ukeu.eurelat1g","2009","1:2009",0.522435897435897,0.871794871794872,0.231125081760512,0.150675118891579,13,13,13,0.522435897435897,0.871794871794872,0.231125081760512,0.150675118891579,0.349358974358974,0.0804499628689332,TRUE,TRUE,0.349358974358974,0.349358974358974,0.0804499628689332,TRUE,TRUE,0.349358974358974
1,20,"UK EU","ukeu.eurelat1g","1:2010::ukeu.eurelat1g","2010","1:2010",0.563888888888889,0.577777777777778,0.392408955504061,0.348560911455529,15,15,15,0.563888888888889,0.577777777777778,0.392408955504061,0.348560911455529,0.0138888888888888,0.0438480440485325,TRUE,TRUE,0.0138888888888888,0.0138888888888888,0.0438480440485325,TRUE,TRUE,0.0138888888888888
1,20,"UK EU","ukeu.eurelat1g","1:2011::ukeu.eurelat1g","2011","1:2011",0.650641025641026,0.676282051282051,0.276143697882718,0.243047924178121,13,13,13,0.650641025641026,0.676282051282051,0.276143697882718,0.243047924178121,0.0256410256410257,0.0330957737045975,TRUE,TRUE,0.0256410256410257,0.0256410256410257,0.0330957737045975,TRUE,TRUE,0.0256410256410257
1,20,"UK EU","ukeu.eurelat1g","1:2012::ukeu.eurelat1g","2012","1:2012",0.731060606060606,0.787878787878788,0.196641626551779,0.233819839132006,11,11,11,0.731060606060606,0.787878787878788,0.196641626551779,0.233819839132006,0.0568181818181818,-0.0371782125802271,TRUE,FALSE,0.0568181818181818,0.0568181818181818,-0.0371782125802271,TRUE,FALSE,0.0568181818181818
1,20,"UK EU","ukeu.eurelat1g","1:2013::ukeu.eurelat1g","2013","1:2013",0.573529411764706,0.745098039215686,0.273039655718306,0.293846893350987,17,17,17,0.573529411764706,0.745098039215686,0.273039655718306,0.293846893350987,0.17156862745098,-0.0208072376326804,TRUE,FALSE,0.17156862745098,0.17156862745098,-0.0208072376326804,TRUE,FALSE,0.17156862745098
1,20,"UK EU","ukeu.eurelat1g","1:2014::ukeu.eurelat1g","2014","1:2014",0.49702380952381,0.55952380952381,0.349932947527905,0.325925000923688,14,14,14,0.49702380952381,0.55952380952381,0.349932947527905,0.325925000923688,-0.0625,0.024007946604217,FALSE,TRUE,0.0565476190476191,-0.0625,0.024007946604217,FALSE,TRUE,0.0565476190476191
1,20,"UK EU","ukeu.eurelat1g","1:2015::ukeu.eurelat1g","2015","1:2015",0.606481481481482,0.601851851851852,0.288753739125771,0.356493859955416,18,18,18,0.606481481481482,0.601851851851852,0.288753739125771,0.356493859955416,-0.00462962962962965,-0.0677401208296442,FALSE,FALSE,-0.00462962962962965,-0.00462962962962965,-0.0677401208296442,FALSE,FALSE,-0.00462962962962965
1,20,"UK EU","ukeu.euscope1g","1:2001::ukeu.euscope1g","2001","1:2001",0.391666666666667,0.441666666666667,0.230811198870006,0.240287526180814,15,15,15,0.391666666666667,0.441666666666667,0.230811198870006,0.240287526180814,-0.05,-0.00947632731080758,FALSE,FALSE,-0.05,-0.05,-0.00947632731080758,FALSE,FALSE,-0.05
1,20,"UK EU","ukeu.euscope1g","1:2002::ukeu.euscope1g","2002","1:2002",0.525,0.60625,0.216885854043574,0.199814881433054,20,20,20,0.525,0.60625,0.216885854043574,0.199814881433054,0.0812499999999999,0.0170709726105205,TRUE,TRUE,0.0812499999999999,0.0812499999999999,0.0170709726105205,TRUE,TRUE,0.0812499999999999
1,20,"UK EU","ukeu.euscope1g","1:2003::ukeu.euscope1g","2003","1:2003",0.394230769230769,0.5,0.283422874237465,0.24473625259314,13,13,13,0.394230769230769,0.5,0.283422874237465,0.24473625259314,-0.105769230769231,0.0386866216443243,FALSE,TRUE,-0.105769230769231,-0.105769230769231,0.0386866216443243,FALSE,TRUE,-0.105769230769231
1,20,"UK EU","ukeu.euscope1g","1:2004::ukeu.euscope1g","2004","1:2004",0.482142857142857,0.544642857142857,0.223913739277791,0.233118196215125,14,14,14,0.482142857142857,0.544642857142857,0.223913739277791,0.233118196215125,-0.0625,-0.00920445693733357,FALSE,FALSE,0.0267857142857142,-0.0625,-0.00920445693733357,FALSE,FALSE,0.0267857142857142
1,20,"UK EU","ukeu.euscope1g","1:2005::ukeu.euscope1g","2005","1:2005",0.491071428571429,0.508928571428571,0.270613111367421,0.283624742407101,14,14,14,0.491071428571429,0.508928571428571,0.270613111367421,0.283624742407101,-0.0178571428571428,-0.0130116310396804,FALSE,FALSE,-5.55111512312578e-17,-0.0178571428571428,-0.0130116310396804,FALSE,FALSE,-5.55111512312578e-17
1,20,"UK EU","ukeu.euscope1g","1:2006::ukeu.euscope1g","2006","1:2006",0.483333333333333,0.566666666666667,0.169470463784218,0.244888215509114,15,15,15,0.483333333333333,0.566666666666667,0.169470463784218,0.244888215509114,-0.0833333333333333,-0.0754177517248952,FALSE,FALSE,0.05,-0.0833333333333333,-0.0754177517248952,FALSE,FALSE,0.05
1,20,"UK EU","ukeu.euscope1g","1:2007::ukeu.euscope1g","2007","1:2007",0.5,0.426470588235294,0.275992527072745,0.229889679424463,17,17,17,0.5,0.426470588235294,0.275992527072745,0.229889679424463,NA,0.0461028476482823,NA,TRUE,0.0735294117647059,NA,0.0461028476482823,NA,TRUE,0.0735294117647059
1,20,"UK EU","ukeu.euscope1g","1:2008::ukeu.euscope1g","2008","1:2008",0.477272727272727,0.625,0.166002464384774,0.185404962177392,11,11,11,0.477272727272727,0.625,0.166002464384774,0.185404962177392,-0.147727272727273,-0.0194024977926175,FALSE,FALSE,0.102272727272727,-0.147727272727273,-0.0194024977926175,FALSE,FALSE,0.102272727272727
1,20,"UK EU","ukeu.euscope1g","1:2009::ukeu.euscope1g","2009","1:2009",0.490384615384615,0.442307692307692,0.119259198430379,0.272982107049584,13,13,13,0.490384615384615,0.442307692307692,0.119259198430379,0.272982107049584,0.0480769230769231,-0.153722908619206,TRUE,FALSE,0.0480769230769231,0.0480769230769231,-0.153722908619206,TRUE,FALSE,0.0480769230769231
1,20,"UK EU","ukeu.euscope1g","1:2010::ukeu.euscope1g","2010","1:2010",0.475,0.55,0.232417420050342,0.298059198338662,15,15,15,0.475,0.55,0.232417420050342,0.298059198338662,-0.0750000000000001,-0.0656417782883197,FALSE,FALSE,0.025,-0.0750000000000001,-0.0656417782883197,FALSE,FALSE,0.025
1,20,"UK EU","ukeu.euscope1g","1:2011::ukeu.euscope1g","2011","1:2011",0.634615384615385,0.519230769230769,0.2251246093691,0.278790887538239,13,13,13,0.634615384615385,0.519230769230769,0.2251246093691,0.278790887538239,-0.115384615384615,-0.0536662781691392,FALSE,FALSE,-0.115384615384615,-0.115384615384615,-0.0536662781691392,FALSE,FALSE,-0.115384615384615
1,20,"UK EU","ukeu.euscope1g","1:2012::ukeu.euscope1g","2012","1:2012",0.568181818181818,0.704545454545455,0.196561348276724,0.218465724376326,11,11,11,0.568181818181818,0.704545454545455,0.196561348276724,0.218465724376326,0.136363636363636,-0.0219043760996016,TRUE,FALSE,0.136363636363636,0.136363636363636,-0.0219043760996016,TRUE,FALSE,0.136363636363636
1,20,"UK EU","ukeu.euscope1g","1:2013::ukeu.euscope1g","2013","1:2013",0.492647058823529,0.463235294117647,0.17935751349486,0.163963993536601,17,17,17,0.492647058823529,0.463235294117647,0.17935751349486,0.163963993536601,0.0294117647058824,0.0153935199582586,TRUE,TRUE,0.0294117647058824,0.0294117647058824,0.0153935199582586,TRUE,TRUE,0.0294117647058824
1,20,"UK EU","ukeu.euscope1g","1:2014::ukeu.euscope1g","2014","1:2014",0.491071428571429,0.464285714285714,0.204893767704037,0.252052018004657,14,14,14,0.491071428571429,0.464285714285714,0.204893767704037,0.252052018004657,0.0267857142857142,-0.0471582503006193,TRUE,FALSE,0.0267857142857142,0.0267857142857142,-0.0471582503006193,TRUE,FALSE,0.0267857142857142
1,20,"UK EU","ukeu.euscope1g","1:2015::ukeu.euscope1g","2015","1:2015",0.5,0.513888888888889,0.207289049397212,0.290438591036726,17,18,17,0.5,0.529411764705882,0.207289049397212,0.291579118513211,NA,-0.0831495416395137,NA,FALSE,0.0138888888888888,NA,-0.0842900691159986,NA,FALSE,0.0294117647058824
1,20,"UK EU","ukeu.commies1r","1:2001::ukeu.commies1r","2001","1:2001",0.483333333333333,0.5,0.199702159179495,0.267261241912424,15,15,15,0.483333333333333,0.5,0.199702159179495,0.267261241912424,-0.0166666666666667,-0.0675590827329293,FALSE,FALSE,-0.0166666666666667,-0.0166666666666667,-0.0675590827329293,FALSE,FALSE,-0.0166666666666667
1,20,"UK EU","ukeu.commies1r","1:2002::ukeu.commies1r","2002","1:2002",0.6,0.6,0.235081172990814,0.24868072957742,20,20,20,0.6,0.6,0.235081172990814,0.24868072957742,0,-0.0135995565866064,FALSE,FALSE,0,0,-0.0135995565866064,FALSE,FALSE,0
1,20,"UK EU","ukeu.commies1r","1:2003::ukeu.commies1r","2003","1:2003",0.538461538461538,0.596153846153846,0.224679258568229,0.280224269158902,13,13,13,0.538461538461538,0.596153846153846,0.224679258568229,0.280224269158902,0.0576923076923077,-0.0555450105906732,TRUE,FALSE,0.0576923076923077,0.0576923076923077,-0.0555450105906732,TRUE,FALSE,0.0576923076923077
1,20,"UK EU","ukeu.commies1r","1:2004::ukeu.commies1r","2004","1:2004",0.482142857142857,0.535714285714286,0.207185482541186,0.307863963107441,14,14,14,0.482142857142857,0.535714285714286,0.207185482541186,0.307863963107441,-0.0535714285714285,-0.100678480566255,FALSE,FALSE,0.0178571428571428,-0.0535714285714285,-0.100678480566255,FALSE,FALSE,0.0178571428571428
1,20,"UK EU","ukeu.commies1r","1:2005::ukeu.commies1r","2005","1:2005",0.589285714285714,0.535714285714286,0.232195682916016,0.256776295506548,14,14,14,0.589285714285714,0.535714285714286,0.232195682916016,0.256776295506548,-0.0535714285714286,-0.0245806125905315,FALSE,FALSE,-0.0535714285714286,-0.0535714285714286,-0.0245806125905315,FALSE,FALSE,-0.0535714285714286
1,20,"UK EU","ukeu.commies1r","1:2006::ukeu.commies1r","2006","1:2006",0.65,0.55,0.184197099403252,0.270581384641083,15,15,15,0.65,0.55,0.184197099403252,0.270581384641083,-0.1,-0.0863842852378313,FALSE,FALSE,-0.1,-0.1,-0.0863842852378313,FALSE,FALSE,-0.1
1,20,"UK EU","ukeu.commies1r","1:2007::ukeu.commies1r","2007","1:2007",0.367647058823529,0.390625,0.281147857269194,0.315815742693953,17,16,16,0.390625,0.390625,0.273385411705404,0.315815742693953,-0.0229779411764706,-0.0346678854247598,FALSE,FALSE,-0.0229779411764706,0,-0.0424303309885492,FALSE,FALSE,0
1,20,"UK EU","ukeu.commies1r","1:2008::ukeu.commies1r","2008","1:2008",0.477272727272727,0.545454545454545,0.207802353648408,0.218465724376326,11,11,11,0.477272727272727,0.545454545454545,0.207802353648408,0.218465724376326,-0.0681818181818181,-0.0106633707279173,FALSE,FALSE,0.0227272727272727,-0.0681818181818181,-0.0106633707279173,FALSE,FALSE,0.0227272727272727
1,20,"UK EU","ukeu.commies1r","1:2009::ukeu.commies1r","2009","1:2009",0.576923076923077,0.520833333333333,0.157606292989029,0.270906167362708,13,12,12,0.583333333333333,0.520833333333333,0.162834736819732,0.270906167362708,-0.0560897435897435,-0.113299874373679,FALSE,FALSE,-0.0560897435897435,-0.0625,-0.108071430542975,FALSE,FALSE,-0.0625
1,20,"UK EU","ukeu.commies1r","1:2010::ukeu.commies1r","2010","1:2010",0.466666666666667,0.55,0.281365716935569,0.391881906409863,15,15,15,0.466666666666667,0.55,0.281365716935569,0.391881906409863,-0.0833333333333334,-0.110516189474294,FALSE,FALSE,0.0166666666666667,-0.0833333333333334,-0.110516189474294,FALSE,FALSE,0.0166666666666667
1,20,"UK EU","ukeu.commies1r","1:2011::ukeu.commies1r","2011","1:2011",0.576923076923077,0.634615384615385,0.187766904049703,0.219264504826757,13,13,13,0.576923076923077,0.634615384615385,0.187766904049703,0.219264504826757,0.0576923076923077,-0.0314976007770546,TRUE,FALSE,0.0576923076923077,0.0576923076923077,-0.0314976007770546,TRUE,FALSE,0.0576923076923077
1,20,"UK EU","ukeu.commies1r","1:2012::ukeu.commies1r","2012","1:2012",0.590909090909091,0.477272727272727,0.202259958738973,0.207802353648408,11,11,11,0.590909090909091,0.477272727272727,0.202259958738973,0.207802353648408,-0.113636363636364,-0.0055423949094357,FALSE,FALSE,-0.0681818181818182,-0.113636363636364,-0.0055423949094357,FALSE,FALSE,-0.0681818181818182
1,20,"UK EU","ukeu.commies1r","1:2013::ukeu.commies1r","2013","1:2013",0.544117647058823,0.558823529411765,0.202239302051104,0.207842559192685,17,17,17,0.544117647058823,0.558823529411765,0.202239302051104,0.207842559192685,0.0147058823529412,-0.00560325714158094,TRUE,FALSE,0.0147058823529412,0.0147058823529412,-0.00560325714158094,TRUE,FALSE,0.0147058823529412
1,20,"UK EU","ukeu.commies1r","1:2014::ukeu.commies1r","2014","1:2014",0.535714285714286,0.571428571428571,0.274862603039138,0.284682201839096,14,14,14,0.535714285714286,0.571428571428571,0.274862603039138,0.284682201839096,0.0357142857142857,-0.00981959879995881,TRUE,FALSE,0.0357142857142857,0.0357142857142857,-0.00981959879995881,TRUE,FALSE,0.0357142857142857
1,20,"UK EU","ukeu.commies1r","1:2015::ukeu.commies1r","2015","1:2015",0.625,0.544117647058823,0.154586735600211,0.309173471200421,18,17,17,0.63235294117647,0.544117647058823,0.156066068211699,0.309173471200421,-0.0808823529411765,-0.154586735600211,FALSE,FALSE,-0.0808823529411765,-0.0882352941176471,-0.153107402988722,FALSE,FALSE,-0.0882352941176471
1,20,"UK EU","ukeu.favref1r","1:2001::ukeu.favref1r","2001","1:2001",0.866666666666667,0.833333333333333,0.159985118355546,0.243975018237133,15,15,15,0.866666666666667,0.833333333333333,0.159985118355546,0.243975018237133,-0.0333333333333333,-0.0839898998815872,FALSE,FALSE,-0.0333333333333333,-0.0333333333333333,-0.0839898998815872,FALSE,FALSE,-0.0333333333333333
1,20,"UK EU","ukeu.favref1r","1:2002::ukeu.favref1r","2002","1:2002",0.7,0.8,0.251312344975017,0.276253125726541,20,20,20,0.7,0.8,0.251312344975017,0.276253125726541,0.1,-0.024940780751524,TRUE,FALSE,0.1,0.1,-0.024940780751524,TRUE,FALSE,0.1
1,20,"UK EU","ukeu.favref1r","1:2003::ukeu.favref1r","2003","1:2003",0.730769230769231,0.75,0.238518396860757,0.228217732293819,13,13,13,0.730769230769231,0.75,0.238518396860757,0.228217732293819,0.0192307692307693,0.0103006645669379,TRUE,TRUE,0.0192307692307693,0.0192307692307693,0.0103006645669379,TRUE,TRUE,0.0192307692307693
1,20,"UK EU","ukeu.favref1r","1:2004::ukeu.favref1r","2004","1:2004",0.607142857142857,0.642857142857143,0.335614902287373,0.400891862868637,14,14,14,0.607142857142857,0.642857142857143,0.335614902287373,0.400891862868637,0.0357142857142856,-0.065276960581264,TRUE,FALSE,0.0357142857142856,0.0357142857142856,-0.065276960581264,TRUE,FALSE,0.0357142857142856
1,20,"UK EU","ukeu.favref1r","1:2005::ukeu.favref1r","2005","1:2005",0.821428571428571,0.821428571428571,0.181568259800641,0.181568259800641,14,14,14,0.821428571428571,0.821428571428571,0.181568259800641,0.181568259800641,0,2.77555756156289e-17,FALSE,FALSE,0,0,2.77555756156289e-17,FALSE,FALSE,0
1,20,"UK EU","ukeu.favref1r","1:2006::ukeu.favref1r","2006","1:2006",0.633333333333333,0.75,0.247607600468006,0.298807152333598,15,15,15,0.633333333333333,0.75,0.247607600468006,0.298807152333598,0.116666666666667,-0.0511995518655921,TRUE,FALSE,0.116666666666667,0.116666666666667,-0.0511995518655921,TRUE,FALSE,0.116666666666667
1,20,"UK EU","ukeu.favref1r","1:2007::ukeu.favref1r","2007","1:2007",0.86764705882353,0.86764705882353,0.17935751349486,0.251831526316819,17,17,17,0.86764705882353,0.86764705882353,0.17935751349486,0.251831526316819,0,-0.0724740128219594,FALSE,FALSE,0,0,-0.0724740128219594,FALSE,FALSE,0
1,20,"UK EU","ukeu.favref1r","1:2008::ukeu.favref1r","2008","1:2008",0.772727272727273,0.75,0.235969951862135,0.295803989154981,11,11,11,0.772727272727273,0.75,0.235969951862135,0.295803989154981,-0.0227272727272727,-0.0598340372928461,FALSE,FALSE,-0.0227272727272727,-0.0227272727272727,-0.0598340372928461,FALSE,FALSE,-0.0227272727272727
1,20,"UK EU","ukeu.favref1r","1:2009::ukeu.favref1r","2009","1:2009",0.75,0.942307692307692,0.204124145231932,0.14978617237882,13,13,13,0.75,0.942307692307692,0.204124145231932,0.14978617237882,0.192307692307692,0.054337972853112,TRUE,TRUE,0.192307692307692,0.192307692307692,0.054337972853112,TRUE,TRUE,0.192307692307692
1,20,"UK EU","ukeu.favref1r","1:2010::ukeu.favref1r","2010","1:2010",0.8,0.883333333333333,0.270581384641083,0.129099444873581,15,15,15,0.8,0.883333333333333,0.270581384641083,0.129099444873581,0.0833333333333333,0.141481939767502,TRUE,TRUE,0.0833333333333333,0.0833333333333333,0.141481939767502,TRUE,TRUE,0.0833333333333333
1,20,"UK EU","ukeu.favref1r","1:2011::ukeu.favref1r","2011","1:2011",0.653846153846154,0.788461538461538,0.217429623155726,0.200160192256359,13,13,13,0.653846153846154,0.788461538461538,0.217429623155726,0.200160192256359,0.134615384615385,0.0172694308993671,TRUE,TRUE,0.134615384615385,0.134615384615385,0.0172694308993671,TRUE,TRUE,0.134615384615385
1,20,"UK EU","ukeu.favref1r","1:2012::ukeu.favref1r","2012","1:2012",0.727272727272727,0.795454545454545,0.235969951862135,0.312613615709989,11,11,11,0.727272727272727,0.795454545454545,0.235969951862135,0.312613615709989,0.0681818181818181,-0.0766436638478543,TRUE,FALSE,0.0681818181818181,0.0681818181818181,-0.0766436638478543,TRUE,FALSE,0.0681818181818181
1,20,"UK EU","ukeu.favref1r","1:2013::ukeu.favref1r","2013","1:2013",0.779411764705882,0.86764705882353,0.214373231428136,0.218618658048802,17,17,17,0.779411764705882,0.86764705882353,0.214373231428136,0.218618658048802,0.0882352941176471,-0.00424542662066549,TRUE,FALSE,0.0882352941176471,0.0882352941176471,-0.00424542662066549,TRUE,FALSE,0.0882352941176471
1,20,"UK EU","ukeu.favref1r","1:2014::ukeu.favref1r","2014","1:2014",0.696428571428571,0.785714285714286,0.243740313980557,0.274862603039138,14,14,14,0.696428571428571,0.785714285714286,0.243740313980557,0.274862603039138,0.0892857142857143,-0.0311222890585803,TRUE,FALSE,0.0892857142857143,0.0892857142857143,-0.0311222890585803,TRUE,FALSE,0.0892857142857143
1,20,"UK EU","ukeu.favref1r","1:2015::ukeu.favref1r","2015","1:2015",0.694444444444444,0.805555555555556,0.250815662852275,0.291491544065069,18,18,18,0.694444444444444,0.805555555555556,0.250815662852275,0.291491544065069,0.111111111111111,-0.0406758812127936,TRUE,FALSE,0.111111111111111,0.111111111111111,-0.0406758812127936,TRUE,FALSE,0.111111111111111
2,22,"UK Health","ukhealth.t1payhlt","2:2201::ukhealth.t1payhlt","2201","2:2201",0.153846153846154,0.0384615384615385,0.240192230707631,0.138675049056307,13,13,12,0.166666666666667,0.0416666666666667,0.246182981958665,0.144337567297406,0.115384615384615,0.101517181651323,TRUE,TRUE,0.115384615384615,0.125,0.101845414661259,TRUE,TRUE,0.125
2,22,"UK Health","ukhealth.t1payhlt","2:2202::ukhealth.t1payhlt","2202","2:2202",0.153846153846154,0.153846153846154,0.240192230707631,0.240192230707631,13,13,12,0.125,0.166666666666667,0.226133508433323,0.246182981958665,0,0,FALSE,FALSE,0,-0.0416666666666667,-0.0200494735253427,FALSE,FALSE,-0.0416666666666667
2,22,"UK Health","ukhealth.t1payhlt","2:2203::ukhealth.t1payhlt","2203","2:2203",0.25,0.1,0.325221817793995,0.207019667802706,14,15,13,0.230769230769231,0.0769230769230769,0.330112645886762,0.187766904049703,0.15,0.118202149991289,TRUE,TRUE,0.15,0.153846153846154,0.14234574183706,TRUE,TRUE,0.153846153846154
2,22,"UK Health","ukhealth.t1payhlt","2:2204::ukhealth.t1payhlt","2204","2:2204",0.307692307692308,0.214285714285714,0.253184841770917,0.256776295506548,13,14,12,0.291666666666667,0.208333333333333,0.257464325272219,0.257464325272219,0.0934065934065934,-0.00359145373563108,TRUE,FALSE,0.0934065934065934,0.0833333333333334,0,TRUE,FALSE,0.0833333333333334
2,22,"UK Health","ukhealth.t1payhlt","2:2205::ukhealth.t1payhlt","2205","2:2205",0.192307692307692,0.107142857142857,0.253184841770917,0.21290765681316,13,14,12,0.208333333333333,0.125,0.257464325272219,0.226133508433323,0.0851648351648352,0.0402771849577567,TRUE,TRUE,0.0851648351648351,0.0833333333333333,0.0313308168388959,TRUE,TRUE,0.0833333333333333
2,22,"UK Health","ukhealth.t1payhlt","2:2206::ukhealth.t1payhlt","2206","2:2206",0.178571428571429,0.2,0.248622579049423,0.253546276418555,14,15,13,0.192307692307692,0.230769230769231,0.253184841770917,0.259437260831385,-0.0214285714285715,-0.00492369736913154,FALSE,FALSE,-0.0214285714285715,-0.0384615384615385,-0.00625241906046875,FALSE,FALSE,-0.0384615384615385
2,22,"UK Health","ukhealth.t1payhlt","2:2207::ukhealth.t1payhlt","2207","2:2207",0.192307692307692,0.0769230769230769,0.325221817793995,0.187766904049703,13,13,12,0.208333333333333,0.0416666666666667,0.334278961710761,0.144337567297406,0.115384615384615,0.137454913744293,TRUE,TRUE,0.115384615384615,0.166666666666667,0.189941394413354,TRUE,TRUE,0.166666666666667
2,22,"UK Health","ukhealth.t1payhlt","2:2208::ukhealth.t1payhlt","2208","2:2208",0.107142857142857,0.03125,0.28946711176092,0.125,14,16,14,0.107142857142857,0.0357142857142857,0.28946711176092,0.133630620956212,0.0758928571428572,0.16446711176092,TRUE,TRUE,0.0758928571428572,0.0714285714285715,0.155836490804708,TRUE,TRUE,0.0714285714285715
2,22,"UK Health","ukhealth.t1payhlt","2:2209::ukhealth.t1payhlt","2209","2:2209",0.2,0.0625,0.253546276418555,0.170782512765993,15,16,15,0.2,0.0666666666666667,0.253546276418555,0.175932887637249,0.1375,0.0827637636525617,TRUE,TRUE,0.1375,0.133333333333333,0.0776133887813058,TRUE,TRUE,0.133333333333333
2,22,"UK Health","ukhealth.t1payhlt","2:2210::ukhealth.t1payhlt","2210","2:2210",0.15,0.125,0.241522945769824,0.226133508433323,10,12,10,0.15,0.1,0.241522945769824,0.210818510677892,0.025,0.0153894373365012,TRUE,TRUE,0.025,0.05,0.030704435091932,TRUE,TRUE,0.05
2,22,"UK Health","ukhealth.t1payhlt","2:2211::ukhealth.t1payhlt","2211","2:2211",0.1,0.0625,0.207019667802706,0.170782512765993,15,16,15,0.1,0.0666666666666667,0.207019667802706,0.175932887637249,0.0375,0.036237155036713,TRUE,TRUE,0.0375,0.0333333333333333,0.031086780165457,TRUE,TRUE,0.0333333333333334
2,22,"UK Health","ukhealth.t1payhlt","2:2212::ukhealth.t1payhlt","2212","2:2212",0.291666666666667,0.1875,0.257464325272219,0.25,12,16,12,0.291666666666667,0.208333333333333,0.257464325272219,0.257464325272219,0.104166666666667,0.00746432527221863,TRUE,TRUE,0.104166666666667,0.0833333333333333,0,TRUE,FALSE,0.0833333333333333
2,22,"UK Health","ukhealth.t1payhlt","2:2213::ukhealth.t1payhlt","2213","2:2213",0.192307692307692,0.125,0.325221817793995,0.226133508433323,13,12,11,0.181818181818182,0.136363636363636,0.337099931231621,0.233549683248457,0.0673076923076923,0.0990883093606727,TRUE,TRUE,0.0673076923076923,0.0454545454545455,0.103550247983164,TRUE,TRUE,0.0454545454545455
2,22,"UK Health","ukhealth.t1payhlt","2:2214::ukhealth.t1payhlt","2214","2:2214",0.205882352941176,0.0588235294117647,0.253649828097946,0.166052791038768,17,17,17,0.205882352941176,0.0588235294117647,0.253649828097946,0.166052791038768,0.147058823529412,0.0875970370591783,TRUE,TRUE,0.147058823529412,0.147058823529412,0.0875970370591783,TRUE,TRUE,0.147058823529412
2,22,"UK Health","ukhealth.t1payhlt","2:2215::ukhealth.t1payhlt","2215","2:2215",0.0769230769230769,0.133333333333333,0.187766904049703,0.296808419852332,13,15,13,0.0769230769230769,0.0769230769230769,0.187766904049703,0.187766904049703,-0.0564102564102564,-0.109041515802629,FALSE,FALSE,-0.0564102564102564,0,-2.77555756156289e-17,FALSE,FALSE,0
2,22,"UK Health","ukhealth.t1poora","2:2201::ukhealth.t1poora","2201","2:2201",0.75,0.660714285714286,0.228217732293819,0.348170256444354,13,14,13,0.75,0.692307692307692,0.228217732293819,0.340860524901165,-0.0892857142857143,-0.119952524150535,FALSE,FALSE,-0.0892857142857143,-0.0576923076923077,-0.112642792607345,FALSE,FALSE,-0.0576923076923077
2,22,"UK Health","ukhealth.t1poora","2:2202::ukhealth.t1poora","2202","2:2202",0.589285714285714,0.520833333333333,0.33407655239053,0.344738592225612,14,12,12,0.541666666666667,0.520833333333333,0.334278961710761,0.344738592225612,-0.068452380952381,-0.0106620398350818,FALSE,FALSE,-0.068452380952381,-0.0208333333333334,-0.0104596305148514,FALSE,FALSE,-0.0208333333333334
2,22,"UK Health","ukhealth.t1poora","2:2203::ukhealth.t1poora","2203","2:2203",0.65,0.5625,0.2275647474582,0.281365716935569,15,16,15,0.65,0.583333333333333,0.2275647474582,0.278174320132093,-0.0875,-0.053800969477369,FALSE,FALSE,-0.0875,-0.0666666666666667,-0.0506095726738935,FALSE,FALSE,-0.0666666666666667
2,22,"UK Health","ukhealth.t1poora","2:2204::ukhealth.t1poora","2204","2:2204",0.730769230769231,0.75,0.360288346061446,0.325221817793995,13,14,13,0.730769230769231,0.730769230769231,0.360288346061446,0.330112645886762,0.0192307692307693,0.0350665282674506,TRUE,TRUE,0.0192307692307693,0,0.0301757001746837,FALSE,TRUE,0
2,22,"UK Health","ukhealth.t1poora","2:2205::ukhealth.t1poora","2205","2:2205",0.696428571428571,0.589285714285714,0.262725570271957,0.252052018004657,14,14,13,0.673076923076923,0.557692307692308,0.257888367819121,0.231702173999075,-0.107142857142857,0.0106735522673008,FALSE,TRUE,-0.107142857142857,-0.115384615384615,0.0261861938200465,FALSE,TRUE,-0.115384615384615
2,22,"UK Health","ukhealth.t1poora","2:2206::ukhealth.t1poora","2206","2:2206",0.53125,0.571428571428571,0.39660013447636,0.267261241912424,16,14,14,0.482142857142857,0.571428571428571,0.397882444398392,0.267261241912424,0.0401785714285714,0.129338892563935,TRUE,TRUE,0.0401785714285714,-0.0892857142857143,0.130621202485968,FALSE,TRUE,0.0535714285714285
2,22,"UK Health","ukhealth.t1poora","2:2207::ukhealth.t1poora","2207","2:2207",0.571428571428571,0.375,0.316661846888325,0.271778653252304,14,12,12,0.604166666666667,0.375,0.327843042637877,0.271778653252304,-0.196428571428571,0.0448831936360209,FALSE,TRUE,0.0535714285714286,-0.229166666666667,0.0560643893855722,FALSE,TRUE,0.0208333333333334
2,22,"UK Health","ukhealth.t1poora","2:2208::ukhealth.t1poora","2208","2:2208",0.484375,0.375,0.232177195262584,0.273861278752583,16,16,16,0.484375,0.375,0.232177195262584,0.273861278752583,0.109375,-0.0416840834899992,TRUE,FALSE,0.109375,0.109375,-0.0416840834899992,TRUE,FALSE,0.109375
2,22,"UK Health","ukhealth.t1poora","2:2209::ukhealth.t1poora","2209","2:2209",0.640625,0.40625,0.315815742693953,0.314576434802948,16,16,16,0.640625,0.40625,0.315815742693953,0.314576434802948,-0.234375,0.00123930789100546,FALSE,TRUE,-0.046875,-0.234375,0.00123930789100546,FALSE,TRUE,-0.046875
2,22,"UK Health","ukhealth.t1poora","2:2210::ukhealth.t1poora","2210","2:2210",0.403846153846154,0.538461538461538,0.260976961356696,0.351279711764622,13,13,13,0.403846153846154,0.538461538461538,0.260976961356696,0.351279711764622,-0.134615384615385,-0.090302750407926,FALSE,FALSE,-0.0576923076923077,-0.134615384615385,-0.090302750407926,FALSE,FALSE,-0.0576923076923077
2,22,"UK Health","ukhealth.t1poora","2:2211::ukhealth.t1poora","2211","2:2211",0.578125,0.53125,0.25361962989222,0.38595120589698,16,16,16,0.578125,0.53125,0.25361962989222,0.38595120589698,-0.046875,-0.13233157600476,FALSE,FALSE,-0.046875,-0.046875,-0.13233157600476,FALSE,FALSE,-0.046875
2,22,"UK Health","ukhealth.t1poora","2:2212::ukhealth.t1poora","2212","2:2212",0.720588235294118,0.65625,0.277859465113106,0.286865241300975,17,16,16,0.703125,0.65625,0.277169472826043,0.286865241300975,-0.0643382352941176,-0.00900577618786946,FALSE,FALSE,-0.0643382352941176,-0.046875,-0.00969576847493192,FALSE,FALSE,-0.046875
2,22,"UK Health","ukhealth.t1poora","2:2213::ukhealth.t1poora","2213","2:2213",0.75,0.767857142857143,0.277350098112615,0.249312240787719,14,14,14,0.75,0.767857142857143,0.277350098112615,0.249312240787719,0.0178571428571429,0.0280378573248959,TRUE,TRUE,0.0178571428571429,0.0178571428571429,0.0280378573248959,TRUE,TRUE,0.0178571428571429
2,22,"UK Health","ukhealth.t1poora","2:2214::ukhealth.t1poora","2214","2:2214",0.676470588235294,0.558823529411765,0.246296091535945,0.380474742146919,17,17,17,0.676470588235294,0.558823529411765,0.246296091535945,0.380474742146919,-0.117647058823529,-0.134178650610975,FALSE,FALSE,-0.117647058823529,-0.117647058823529,-0.134178650610975,FALSE,FALSE,-0.117647058823529
2,22,"UK Health","ukhealth.t1poora","2:2215::ukhealth.t1poora","2215","2:2215",0.5,0.375,0.322748612183951,0.363609046176712,13,14,13,0.5,0.365384615384615,0.322748612183951,0.376599154376272,NA,-0.0408604339927608,NA,FALSE,0.125,NA,-0.0538505421923204,NA,FALSE,0.134615384615385
2,22,"UK Health","ukhealth.t1option","2:2201::ukhealth.t1option","2201","2:2201",0.923076923076923,0.964285714285714,0.187766904049703,0.133630620956212,13,14,13,0.923076923076923,0.961538461538462,0.187766904049703,0.138675049056307,0.0412087912087912,0.0541362830934905,TRUE,TRUE,0.0412087912087912,0.0384615384615384,0.0490918549933954,TRUE,TRUE,0.0384615384615384
2,22,"UK Health","ukhealth.t1option","2:2202::ukhealth.t1option","2202","2:2202",0.875,0.923076923076923,0.226133508433323,0.187766904049703,12,13,12,0.875,0.916666666666667,0.226133508433323,0.194624736040381,0.0480769230769231,0.03836660438362,TRUE,TRUE,0.0480769230769231,0.0416666666666666,0.031508772392942,TRUE,TRUE,0.0416666666666666
2,22,"UK Health","ukhealth.t1option","2:2203::ukhealth.t1option","2203","2:2203",0.8125,0.96875,0.25,0.125,16,16,16,0.8125,0.96875,0.25,0.125,0.15625,0.125,TRUE,TRUE,0.15625,0.15625,0.125,TRUE,TRUE,0.15625
2,22,"UK Health","ukhealth.t1option","2:2204::ukhealth.t1option","2204","2:2204",0.833333333333333,0.766666666666667,0.243975018237133,0.258198889747161,15,15,15,0.833333333333333,0.766666666666667,0.243975018237133,0.258198889747161,-0.0666666666666667,-0.0142238715100278,FALSE,FALSE,-0.0666666666666667,-0.0666666666666667,-0.0142238715100278,FALSE,FALSE,-0.0666666666666667
2,22,"UK Health","ukhealth.t1option","2:2205::ukhealth.t1option","2205","2:2205",0.807692307692308,0.75,0.253184841770917,0.259437260831385,13,14,12,0.791666666666667,0.75,0.257464325272219,0.261116483933547,-0.0576923076923077,-0.00625241906046875,FALSE,FALSE,-0.0576923076923077,-0.0416666666666666,-0.00365215866132812,FALSE,FALSE,-0.0416666666666666
2,22,"UK Health","ukhealth.t1option","2:2206::ukhealth.t1option","2206","2:2206",0.875,0.90625,0.223606797749979,0.201556443707464,16,16,16,0.875,0.90625,0.223606797749979,0.201556443707464,0.03125,0.0220503540425152,TRUE,TRUE,0.03125,0.03125,0.0220503540425152,TRUE,TRUE,0.03125
2,22,"UK Health","ukhealth.t1option","2:2207::ukhealth.t1option","2207","2:2207",0.923076923076923,0.884615384615385,0.187766904049703,0.219264504826757,13,13,12,0.958333333333333,0.916666666666667,0.144337567297406,0.194624736040381,-0.0384615384615385,-0.0314976007770546,FALSE,FALSE,-0.0384615384615385,-0.0416666666666667,-0.0502871687429743,FALSE,FALSE,-0.0416666666666667
2,22,"UK Health","ukhealth.t1option","2:2208::ukhealth.t1option","2208","2:2208",0.875,0.90625,0.288675134594813,0.201556443707464,16,16,16,0.875,0.90625,0.288675134594813,0.201556443707464,0.03125,0.0871186908873491,TRUE,TRUE,0.03125,0.03125,0.0871186908873491,TRUE,TRUE,0.03125
2,22,"UK Health","ukhealth.t1option","2:2209::ukhealth.t1option","2209","2:2209",0.866666666666667,0.8125,0.228868854108532,0.25,15,16,15,0.866666666666667,0.8,0.228868854108532,0.253546276418555,-0.0541666666666667,-0.0211311458914683,FALSE,FALSE,-0.0541666666666667,-0.0666666666666667,-0.0246774223100233,FALSE,FALSE,-0.0666666666666667
2,22,"UK Health","ukhealth.t1option","2:2210::ukhealth.t1option","2210","2:2210",0.863636363636364,0.961538461538462,0.233549683248457,0.138675049056307,11,13,11,0.863636363636364,1,0.233549683248457,0,0.0979020979020979,0.0948746341921496,TRUE,TRUE,0.0979020979020979,0.136363636363636,0.233549683248457,TRUE,TRUE,0.136363636363636
2,22,"UK Health","ukhealth.t1option","2:2211::ukhealth.t1option","2211","2:2211",0.966666666666667,0.9375,0.129099444873581,0.170782512765993,15,16,15,0.966666666666667,0.966666666666667,0.129099444873581,0.129099444873581,-0.0291666666666667,-0.0416830678924127,FALSE,FALSE,-0.0291666666666667,0,0,FALSE,FALSE,0
2,22,"UK Health","ukhealth.t1option","2:2212::ukhealth.t1option","2212","2:2212",0.875,0.970588235294118,0.223606797749979,0.121267812518167,16,17,16,0.875,0.96875,0.223606797749979,0.125,0.0955882352941176,0.102338985231812,TRUE,TRUE,0.0955882352941176,0.09375,0.098606797749979,TRUE,TRUE,0.09375
2,22,"UK Health","ukhealth.t1option","2:2213::ukhealth.t1option","2213","2:2213",0.821428571428571,0.769230769230769,0.248622579049423,0.259437260831385,14,13,13,0.846153846153846,0.769230769230769,0.240192230707631,0.259437260831385,-0.0521978021978021,-0.010814681781962,FALSE,FALSE,-0.0521978021978021,-0.0769230769230769,-0.0192450301237547,FALSE,FALSE,-0.0769230769230769
2,22,"UK Health","ukhealth.t1option","2:2214::ukhealth.t1option","2214","2:2214",0.90625,0.911764705882353,0.201556443707464,0.196476311998344,16,17,16,0.90625,0.90625,0.201556443707464,0.201556443707464,0.00551470588235292,0.00508013170911981,TRUE,TRUE,0.00551470588235292,0,0,FALSE,FALSE,0
2,22,"UK Health","ukhealth.t1option","2:2215::ukhealth.t1option","2215","2:2215",0.8,0.857142857142857,0.368394198806504,0.234403615469248,15,14,14,0.857142857142857,0.857142857142857,0.305624922751063,0.234403615469248,0.057142857142857,0.133990583337256,TRUE,TRUE,0.057142857142857,0,0.0712213072818156,FALSE,TRUE,0
2,22,"UK Health","ukhealth.t1hlthfu","2:2201::ukhealth.t1hlthfu","2201","2:2201",0.346153846153846,0.38452380952381,0.133012434352235,0.19120225628455,13,14,13,0.346153846153846,0.414102564102564,0.133012434352235,0.162282069513148,-0.0383699633699634,-0.0581898219323149,FALSE,FALSE,-0.0383699633699634,-0.067948717948718,-0.0292696351609124,FALSE,FALSE,-0.067948717948718
2,22,"UK Health","ukhealth.t1hlthfu","2:2202::ukhealth.t1hlthfu","2202","2:2202",0.260714285714286,0.244318181818182,0.177783978066481,0.135018938065605,14,11,11,0.268181818181818,0.244318181818182,0.175032464521196,0.135018938065605,0.0163961038961039,0.0427650400008757,TRUE,TRUE,0.0163961038961039,0.0238636363636364,0.0400135264555909,TRUE,TRUE,0.0238636363636364
2,22,"UK Health","ukhealth.t1hlthfu","2:2203::ukhealth.t1hlthfu","2203","2:2203",0.329947916666667,0.35234375,0.225437941848749,0.203931092835301,16,16,16,0.329947916666667,0.35234375,0.225437941848749,0.203931092835301,-0.0223958333333333,0.0215068490134485,FALSE,TRUE,-0.0223958333333333,-0.0223958333333333,0.0215068490134485,FALSE,TRUE,-0.0223958333333333
2,22,"UK Health","ukhealth.t1hlthfu","2:2204::ukhealth.t1hlthfu","2204","2:2204",0.43,0.462222222222222,0.230527345759364,0.215147297887656,15,15,15,0.43,0.462222222222222,0.230527345759364,0.215147297887656,-0.0322222222222222,0.0153800478717075,FALSE,TRUE,-0.0322222222222222,-0.0322222222222222,0.0153800478717075,FALSE,TRUE,-0.0322222222222222
2,22,"UK Health","ukhealth.t1hlthfu","2:2205::ukhealth.t1hlthfu","2205","2:2205",0.29,0.423076923076923,0.233910849928527,0.167848374800225,15,13,13,0.315384615384615,0.423076923076923,0.236629646797669,0.167848374800225,-0.133076923076923,0.0660624751283013,FALSE,TRUE,-0.133076923076923,-0.107692307692308,0.068781271997444,FALSE,TRUE,-0.107692307692308
2,22,"UK Health","ukhealth.t1hlthfu","2:2206::ukhealth.t1hlthfu","2206","2:2206",0.269010416666667,0.34140625,0.178120126638987,0.236938755711963,16,16,16,0.269010416666667,0.34140625,0.178120126638987,0.236938755711963,-0.0723958333333333,-0.0588186290729758,FALSE,FALSE,-0.0723958333333333,-0.0723958333333333,-0.0588186290729758,FALSE,FALSE,-0.0723958333333333
2,22,"UK Health","ukhealth.t1hlthfu","2:2207::ukhealth.t1hlthfu","2207","2:2207",0.278571428571429,0.325,0.204482729865353,0.27014953124292,14,14,14,0.278571428571429,0.325,0.204482729865353,0.27014953124292,-0.0464285714285714,-0.065666801377567,FALSE,FALSE,-0.0464285714285714,-0.0464285714285714,-0.065666801377567,FALSE,FALSE,-0.0464285714285714
2,22,"UK Health","ukhealth.t1hlthfu","2:2208::ukhealth.t1hlthfu","2208","2:2208",0.49375,0.3859375,0.219753649950727,0.222807605719972,16,16,16,0.49375,0.3859375,0.219753649950727,0.222807605719972,0.1078125,-0.0030539557692453,TRUE,FALSE,0.1078125,0.1078125,-0.0030539557692453,TRUE,FALSE,0.1078125
2,22,"UK Health","ukhealth.t1hlthfu","2:2209::ukhealth.t1hlthfu","2209","2:2209",0.39140625,0.25,0.232052380491273,0.167332005306815,16,16,16,0.39140625,0.25,0.232052380491273,0.167332005306815,0.14140625,0.0647203751844581,TRUE,TRUE,0.14140625,0.14140625,0.0647203751844581,TRUE,TRUE,0.14140625
2,22,"UK Health","ukhealth.t1hlthfu","2:2210::ukhealth.t1hlthfu","2210","2:2210",0.246153846153846,0.323076923076923,0.261774026644434,0.175137308769653,13,13,13,0.246153846153846,0.323076923076923,0.261774026644434,0.175137308769653,-0.0769230769230769,0.0866367178747809,FALSE,TRUE,-0.0769230769230769,-0.0769230769230769,0.0866367178747809,FALSE,TRUE,-0.0769230769230769
2,22,"UK Health","ukhealth.t1hlthfu","2:2211::ukhealth.t1hlthfu","2211","2:2211",0.326666666666667,0.22109375,0.248471517961506,0.204007697465071,15,16,15,0.326666666666667,0.206666666666667,0.248471517961506,0.202543352208384,0.105572916666667,0.0444638204964353,TRUE,TRUE,0.105572916666667,0.12,0.0459281657531224,TRUE,TRUE,0.12
2,22,"UK Health","ukhealth.t1hlthfu","2:2212::ukhealth.t1hlthfu","2212","2:2212",0.392156862745098,0.365441176470588,0.18625677160125,0.201920922203543,17,17,17,0.392156862745098,0.365441176470588,0.18625677160125,0.201920922203543,0.0267156862745098,-0.0156641506022932,TRUE,FALSE,0.0267156862745098,0.0267156862745098,-0.0156641506022932,TRUE,FALSE,0.0267156862745098
2,22,"UK Health","ukhealth.t1hlthfu","2:2213::ukhealth.t1hlthfu","2213","2:2213",0.241666666666667,0.41875,0.204309628364461,0.242916474248945,12,14,12,0.241666666666667,0.448958333333333,0.204309628364461,0.245901537790797,-0.177083333333333,-0.038606845884484,FALSE,FALSE,-0.177083333333333,-0.207291666666667,-0.0415919094263359,FALSE,FALSE,-0.207291666666667
2,22,"UK Health","ukhealth.t1hlthfu","2:2214::ukhealth.t1hlthfu","2214","2:2214",0.344852941176471,0.341176470588235,0.2484742041884,0.280790065105168,17,17,17,0.344852941176471,0.341176470588235,0.2484742041884,0.280790065105168,0.00367647058823528,-0.0323158609167682,TRUE,FALSE,0.00367647058823528,0.00367647058823528,-0.0323158609167682,TRUE,FALSE,0.00367647058823528
2,22,"UK Health","ukhealth.t1hlthfu","2:2215::ukhealth.t1hlthfu","2215","2:2215",0.258928571428571,0.317857142857143,0.118324497941833,0.252378792581815,14,14,13,0.259615384615385,0.303846153846154,0.123126993020444,0.256954550505806,-0.0589285714285714,-0.134054294639982,FALSE,FALSE,-0.0589285714285714,-0.0442307692307692,-0.133827557485363,FALSE,FALSE,-0.0442307692307692
2,22,"UK Health","ukhealth.t1ctexpt","2:2201::ukhealth.t1ctexpt","2201","2:2201",0.644345238095238,0.580357142857143,0.192067634814149,0.205730072272778,14,14,14,0.644345238095238,0.580357142857143,0.192067634814149,0.205730072272778,-0.0639880952380952,-0.0136624374586293,FALSE,FALSE,-0.0639880952380952,-0.0639880952380952,-0.0136624374586293,FALSE,FALSE,-0.0639880952380952
2,22,"UK Health","ukhealth.t1ctexpt","2:2202::ukhealth.t1ctexpt","2202","2:2202",0.658653846153846,0.63301282051282,0.134084920948036,0.234708630062128,13,13,12,0.651041666666667,0.602430555555556,0.137081836594942,0.216407612712833,-0.0256410256410257,-0.100623709114093,FALSE,FALSE,-0.0256410256410257,-0.048611111111111,-0.0793257761178905,FALSE,FALSE,-0.048611111111111
2,22,"UK Health","ukhealth.t1ctexpt","2:2203::ukhealth.t1ctexpt","2203","2:2203",0.581944444444444,0.561111111111111,0.228823697180896,0.265920023681386,15,15,15,0.581944444444444,0.561111111111111,0.228823697180896,0.265920023681386,-0.0208333333333334,-0.0370963265004902,FALSE,FALSE,-0.0208333333333334,-0.0208333333333334,-0.0370963265004902,FALSE,FALSE,-0.0208333333333334
2,22,"UK Health","ukhealth.t1ctexpt","2:2204::ukhealth.t1ctexpt","2204","2:2204",0.652777777777778,0.572222222222222,0.284201517669246,0.190268363803734,15,15,15,0.652777777777778,0.572222222222222,0.284201517669246,0.190268363803734,-0.0805555555555556,0.0939331538655113,FALSE,TRUE,-0.0805555555555556,-0.0805555555555556,0.0939331538655113,FALSE,TRUE,-0.0805555555555556
2,22,"UK Health","ukhealth.t1ctexpt","2:2205::ukhealth.t1ctexpt","2205","2:2205",0.644444444444444,0.656944444444444,0.26109633527933,0.124469774916342,15,15,15,0.644444444444444,0.656944444444444,0.26109633527933,0.124469774916342,0.0125,0.136626560362988,TRUE,TRUE,0.0125,0.0125,0.136626560362988,TRUE,TRUE,0.0125
2,22,"UK Health","ukhealth.t1ctexpt","2:2206::ukhealth.t1ctexpt","2206","2:2206",0.6640625,0.658854166666667,0.211623327802892,0.195267355893856,16,16,16,0.6640625,0.658854166666667,0.211623327802892,0.195267355893856,-0.00520833333333337,0.0163559719090363,FALSE,TRUE,-0.00520833333333337,-0.00520833333333337,0.0163559719090363,FALSE,TRUE,-0.00520833333333337
2,22,"UK Health","ukhealth.t1ctexpt","2:2207::ukhealth.t1ctexpt","2207","2:2207",0.65922619047619,0.692307692307692,0.236353952005918,0.14978617237882,14,13,13,0.642628205128205,0.692307692307692,0.237360789160234,0.14978617237882,0.0330815018315018,0.0865677796270982,TRUE,TRUE,0.0330815018315018,0.0496794871794871,0.0875746167814149,TRUE,TRUE,0.0496794871794871
2,22,"UK Health","ukhealth.t1ctexpt","2:2208::ukhealth.t1ctexpt","2208","2:2208",0.67578125,0.640625,0.223861413136938,0.18328597873269,16,16,16,0.67578125,0.640625,0.223861413136938,0.18328597873269,-0.03515625,0.0405754344042479,FALSE,TRUE,-0.03515625,-0.03515625,0.0405754344042479,FALSE,TRUE,-0.03515625
2,22,"UK Health","ukhealth.t1ctexpt","2:2209::ukhealth.t1ctexpt","2209","2:2209",0.701388888888889,0.71484375,0.163978822513165,0.185361063760255,15,16,15,0.701388888888889,0.729166666666667,0.163978822513165,0.182472274475825,0.0134548611111112,-0.0213822412470895,TRUE,FALSE,0.0134548611111112,0.0277777777777778,-0.0184934519626599,TRUE,FALSE,0.0277777777777778
2,22,"UK Health","ukhealth.t1ctexpt","2:2210::ukhealth.t1ctexpt","2210","2:2210",0.788461538461538,0.701923076923077,0.149953251262194,0.178888797645568,13,13,13,0.788461538461538,0.701923076923077,0.149953251262194,0.178888797645568,-0.0865384615384616,-0.0289355463833742,FALSE,FALSE,-0.0865384615384616,-0.0865384615384616,-0.0289355463833742,FALSE,FALSE,-0.0865384615384616
2,22,"UK Health","ukhealth.t1ctexpt","2:2211::ukhealth.t1ctexpt","2211","2:2211",0.74609375,0.65234375,0.225310838528317,0.290445733241742,16,16,16,0.74609375,0.65234375,0.225310838528317,0.290445733241742,-0.09375,-0.0651348947134253,FALSE,FALSE,-0.09375,-0.09375,-0.0651348947134253,FALSE,FALSE,-0.09375
2,22,"UK Health","ukhealth.t1ctexpt","2:2212::ukhealth.t1ctexpt","2212","2:2212",0.634114583333333,0.5703125,0.165441460148631,0.159548516654548,16,16,15,0.638888888888889,0.575,0.170103454359943,0.164004028696162,-0.0638020833333334,0.0058929434940829,FALSE,TRUE,-0.0638020833333334,-0.0638888888888889,0.00609942566378122,FALSE,TRUE,-0.0638888888888889
2,22,"UK Health","ukhealth.t1ctexpt","2:2213::ukhealth.t1ctexpt","2213","2:2213",0.605654761904762,0.645833333333333,0.253641255712693,0.254845714862617,14,12,12,0.609375,0.645833333333333,0.273244656023598,0.254845714862617,0.0401785714285715,-0.0012044591499244,TRUE,FALSE,0.0401785714285715,0.0364583333333334,0.0183989411609811,TRUE,TRUE,0.0364583333333334
2,22,"UK Health","ukhealth.t1ctexpt","2:2214::ukhealth.t1ctexpt","2214","2:2214",0.691176470588235,0.564950980392157,0.238475165188673,0.253435846615417,17,17,17,0.691176470588235,0.564950980392157,0.238475165188673,0.253435846615417,-0.126225490196078,-0.0149606814267444,FALSE,FALSE,-0.126225490196078,-0.126225490196078,-0.0149606814267444,FALSE,FALSE,-0.126225490196078
2,22,"UK Health","ukhealth.t1ctexpt","2:2215::ukhealth.t1ctexpt","2215","2:2215",0.598214285714286,0.6875,0.3331759014675,0.226012678337368,14,14,13,0.644230769230769,0.721153846153846,0.296885542997677,0.19534855436452,0.0892857142857143,0.107163223130132,TRUE,TRUE,0.0892857142857143,0.0769230769230769,0.101536988633158,TRUE,TRUE,0.0769230769230769
2,22,"UK Health","ukhealth.t1pritre","2:2201::ukhealth.t1pritre","2201","2:2201",0.596153846153846,0.419642857142857,0.162610908896998,0.238218260342148,13,14,13,0.596153846153846,0.419871794871795,0.162610908896998,0.247943823478504,-0.176510989010989,-0.0756073514451506,FALSE,FALSE,-0.0157967032967033,-0.176282051282051,-0.0853329145815064,FALSE,FALSE,-0.016025641025641
2,22,"UK Health","ukhealth.t1pritre","2:2202::ukhealth.t1pritre","2202","2:2202",0.517857142857143,0.548611111111111,0.170402274887794,0.264618873378578,14,12,12,0.527777777777778,0.548611111111111,0.182343517156926,0.264618873378578,0.0307539682539683,-0.0942165984907845,TRUE,FALSE,0.0307539682539683,0.0208333333333334,-0.0822753562216522,TRUE,FALSE,0.0208333333333334
2,22,"UK Health","ukhealth.t1pritre","2:2203::ukhealth.t1pritre","2203","2:2203",0.473958333333333,0.5,0.168651377216544,0.158113883008419,16,16,16,0.473958333333333,0.5,0.168651377216544,0.158113883008419,-0.0260416666666666,0.0105374942081251,FALSE,TRUE,-0.0260416666666666,-0.0260416666666666,0.0105374942081251,FALSE,TRUE,-0.0260416666666666
2,22,"UK Health","ukhealth.t1pritre","2:2204::ukhealth.t1pritre","2204","2:2204",0.555555555555556,0.444444444444444,0.243296365967767,0.28113055958823,15,15,15,0.555555555555556,0.444444444444444,0.243296365967767,0.28113055958823,-0.111111111111111,-0.0378341936204632,FALSE,FALSE,0,-0.111111111111111,-0.0378341936204632,FALSE,FALSE,0
2,22,"UK Health","ukhealth.t1pritre","2:2205::ukhealth.t1pritre","2205","2:2205",0.538888888888889,0.375,0.157064675116056,0.202571847835166,15,12,12,0.534722222222222,0.375,0.172102027135382,0.202571847835166,-0.163888888888889,-0.0455071727191099,FALSE,FALSE,0.0861111111111111,-0.159722222222222,-0.0304698206997838,FALSE,FALSE,0.0902777777777778
2,22,"UK Health","ukhealth.t1pritre","2:2206::ukhealth.t1pritre","2206","2:2206",0.572222222222222,0.424479166666667,0.23699647263689,0.222682899233666,15,16,15,0.572222222222222,0.408333333333333,0.23699647263689,0.220591736666889,-0.147743055555556,0.0143135734032236,FALSE,TRUE,0.00329861111111113,-0.163888888888889,0.0164047359700003,FALSE,TRUE,0.0194444444444445
2,22,"UK Health","ukhealth.t1pritre","2:2207::ukhealth.t1pritre","2207","2:2207",0.553571428571429,0.634615384615385,0.195043121621398,0.266880256341812,14,13,13,0.57051282051282,0.634615384615385,0.191986911947076,0.266880256341812,0.081043956043956,-0.0718371347204143,TRUE,FALSE,0.081043956043956,0.0641025641025641,-0.0748933443947358,TRUE,FALSE,0.0641025641025641
2,22,"UK Health","ukhealth.t1pritre","2:2208::ukhealth.t1pritre","2208","2:2208",0.510416666666667,0.536458333333333,0.157747454050008,0.225603614201415,16,16,16,0.510416666666667,0.536458333333333,0.157747454050008,0.225603614201415,0.0260416666666667,-0.067856160151407,TRUE,FALSE,0.0260416666666667,0.0260416666666667,-0.067856160151407,TRUE,FALSE,0.0260416666666667
2,22,"UK Health","ukhealth.t1pritre","2:2209::ukhealth.t1pritre","2209","2:2209",0.520833333333333,0.577777777777778,0.205255035576791,0.268125967395056,16,15,15,0.527777777777778,0.577777777777778,0.210504558886902,0.268125967395056,0.0569444444444444,-0.0628709318182648,TRUE,FALSE,0.0569444444444444,0.0499999999999999,-0.0576214085081533,TRUE,FALSE,0.0499999999999999
2,22,"UK Health","ukhealth.t1pritre","2:2210::ukhealth.t1pritre","2210","2:2210",0.564102564102564,0.509615384615385,0.261104859899711,0.175259270698619,13,13,13,0.564102564102564,0.509615384615385,0.261104859899711,0.175259270698619,-0.0544871794871795,0.0858455892010918,FALSE,TRUE,-0.0544871794871795,-0.0544871794871795,0.0858455892010918,FALSE,TRUE,-0.0544871794871795
2,22,"UK Health","ukhealth.t1pritre","2:2211::ukhealth.t1pritre","2211","2:2211",0.561111111111111,0.515625,0.230309200950218,0.202344476171298,15,16,15,0.561111111111111,0.516666666666667,0.230309200950218,0.209402020881381,-0.0454861111111111,0.0279647247789202,FALSE,TRUE,-0.0454861111111111,-0.0444444444444444,0.0209071800688372,FALSE,TRUE,-0.0444444444444444
2,22,"UK Health","ukhealth.t1pritre","2:2212::ukhealth.t1pritre","2212","2:2212",0.510416666666667,0.40625,0.167013527950638,0.206099131128328,16,16,15,0.522222222222222,0.4,0.165821268604763,0.211757573279611,-0.104166666666667,-0.0390856031776904,FALSE,FALSE,0.0833333333333334,-0.122222222222222,-0.0459363046748476,FALSE,FALSE,0.0777777777777777
2,22,"UK Health","ukhealth.t1pritre","2:2213::ukhealth.t1pritre","2213","2:2213",0.538461538461538,0.523809523809524,0.291895514616089,0.249847328230036,13,14,13,0.538461538461538,0.512820512820513,0.291895514616089,0.256503722281295,-0.0146520146520146,0.0420481863860528,FALSE,TRUE,-0.0146520146520146,-0.0256410256410257,0.0353917923347943,FALSE,TRUE,-0.0256410256410257
2,22,"UK Health","ukhealth.t1pritre","2:2214::ukhealth.t1pritre","2214","2:2214",0.490196078431373,0.416666666666667,0.233170242372616,0.273438326718327,17,16,16,0.46875,0.416666666666667,0.222829032618682,0.273438326718327,0.0735294117647058,-0.0402680843457108,TRUE,FALSE,0.0735294117647058,0.0520833333333333,-0.0506092940996447,TRUE,FALSE,0.0520833333333333
2,22,"UK Health","ukhealth.t1pritre","2:2215::ukhealth.t1pritre","2215","2:2215",0.535714285714286,0.483974358974359,0.258848299207165,0.190590624965622,14,13,12,0.541666666666667,0.496527777777778,0.182919643449237,0.193370501042431,-0.0517399267399267,0.0682576742415431,FALSE,TRUE,-0.0196886446886447,-0.0451388888888888,-0.0104508575931938,FALSE,FALSE,-0.0381944444444444
2,22,"UK Health","ukhealth.t1severi","2:2201::ukhealth.t1severi","2201","2:2201",0.336538461538462,0.446428571428571,0.172184307930299,0.127043732195295,13,14,13,0.336538461538462,0.451923076923077,0.172184307930299,0.130488480678348,-0.10989010989011,0.0451405757350034,FALSE,TRUE,-0.10989010989011,-0.115384615384615,0.0416958272519507,FALSE,TRUE,-0.115384615384615
2,22,"UK Health","ukhealth.t1severi","2:2202::ukhealth.t1severi","2202","2:2202",0.425,0.394230769230769,0.168737139427638,0.175639855882311,10,13,9,0.444444444444444,0.375,0.166666666666667,0.1875,0.0307692307692308,-0.00690271645467277,TRUE,FALSE,0.0307692307692308,0.0694444444444444,-0.0208333333333333,TRUE,FALSE,0.0694444444444444
2,22,"UK Health","ukhealth.t1severi","2:2203::ukhealth.t1severi","2203","2:2203",0.363636363636364,0.392857142857143,0.117984975931067,0.182511477886843,11,14,10,0.375,0.3875,0.117851130197758,0.207916249164577,-0.0292207792207792,-0.0645265019557756,FALSE,FALSE,-0.0292207792207792,-0.0125,-0.0900651189668196,FALSE,FALSE,-0.0125
2,22,"UK Health","ukhealth.t1severi","2:2204::ukhealth.t1severi","2204","2:2204",0.471153846153846,0.465909090909091,0.10400628679223,0.159009719542835,13,11,10,0.4875,0.45,0.109449379471364,0.158113883008419,0.00524475524475526,-0.0550034327506041,TRUE,FALSE,0.00524475524475526,0.0375,-0.0486645035370548,TRUE,FALSE,0.0375
2,22,"UK Health","ukhealth.t1severi","2:2205::ukhealth.t1severi","2205","2:2205",0.464285714285714,0.451923076923077,0.142341100919548,0.108714811577863,14,13,13,0.461538461538462,0.451923076923077,0.147766491118372,0.108714811577863,0.0123626373626374,0.0336262893416852,TRUE,TRUE,0.0123626373626374,0.00961538461538464,0.039051679540509,TRUE,TRUE,0.00961538461538464
2,22,"UK Health","ukhealth.t1severi","2:2206::ukhealth.t1severi","2206","2:2206",0.425,0.446428571428571,0.175509462504366,0.167807451143686,15,14,14,0.4375,0.446428571428571,0.175068667846472,0.167807451143686,-0.0214285714285715,0.00770201136067961,FALSE,TRUE,-0.0214285714285715,-0.00892857142857145,0.00726121670278604,FALSE,TRUE,-0.00892857142857145
2,22,"UK Health","ukhealth.t1severi","2:2207::ukhealth.t1severi","2207","2:2207",0.446428571428571,0.403846153846154,0.117201807734624,0.154396052493712,14,13,13,0.442307692307692,0.403846153846154,0.120927240255856,0.154396052493712,0.0425824175824176,-0.037194244759088,TRUE,FALSE,0.0425824175824176,0.0384615384615384,-0.0334688122378562,TRUE,FALSE,0.0384615384615384
2,22,"UK Health","ukhealth.t1severi","2:2208::ukhealth.t1severi","2208","2:2208",0.471153846153846,0.40625,0.136491053524792,0.167705098312484,13,16,13,0.471153846153846,0.394230769230769,0.136491053524792,0.182903049840689,0.0649038461538461,-0.031214044787692,TRUE,FALSE,0.0649038461538461,0.0769230769230769,-0.046411996315897,TRUE,FALSE,0.0769230769230769
2,22,"UK Health","ukhealth.t1severi","2:2209::ukhealth.t1severi","2209","2:2209",0.3515625,0.266666666666667,0.194822301512601,0.175932887637249,16,15,15,0.375,0.266666666666667,0.176776695296637,0.175932887637249,0.0848958333333333,0.0188894138753515,TRUE,TRUE,0.0848958333333333,0.108333333333333,0.000843807659387713,TRUE,TRUE,0.108333333333333
2,22,"UK Health","ukhealth.t1severi","2:2210::ukhealth.t1severi","2210","2:2210",0.4375,0.409090909090909,0.13501543121683,0.231104069434294,10,11,8,0.453125,0.375,0.132582521472478,0.240906027914858,0.0284090909090909,-0.0960886382174634,TRUE,FALSE,0.0284090909090909,0.078125,-0.10832350644238,TRUE,FALSE,0.078125
2,22,"UK Health","ukhealth.t1severi","2:2211::ukhealth.t1severi","2211","2:2211",0.4296875,0.225,0.26207803386269,0.184197099403252,16,15,15,0.416666666666667,0.225,0.265865612311039,0.184197099403252,0.2046875,0.0778809344594383,TRUE,TRUE,0.2046875,0.191666666666667,0.0816685129077874,TRUE,TRUE,0.191666666666667
2,22,"UK Health","ukhealth.t1severi","2:2212::ukhealth.t1severi","2212","2:2212",0.382352941176471,0.291666666666667,0.189935166957198,0.168148177283637,17,15,15,0.383333333333333,0.291666666666667,0.197454033228231,0.168148177283637,0.0906862745098039,0.021786989673561,TRUE,TRUE,0.0906862745098039,0.0916666666666666,0.0293058559445934,TRUE,TRUE,0.0916666666666666
2,22,"UK Health","ukhealth.t1severi","2:2213::ukhealth.t1severi","2213","2:2213",0.520833333333333,0.458333333333333,0.21868234884638,0.153093108923949,12,9,8,0.515625,0.453125,0.235636486078512,0.162808772578665,-0.0625,0.0655892399224311,FALSE,TRUE,0.0208333333333333,-0.0625,0.0728277134998467,FALSE,TRUE,0.03125
2,22,"UK Health","ukhealth.t1severi","2:2214::ukhealth.t1severi","2214","2:2214",0.341666666666667,0.382352941176471,0.179698822107065,0.184722068651958,15,17,15,0.341666666666667,0.366666666666667,0.179698822107065,0.191718419514016,-0.0406862745098039,-0.00502324654489314,FALSE,FALSE,-0.0406862745098039,-0.025,-0.0120195974069512,FALSE,FALSE,-0.025
2,22,"UK Health","ukhealth.t1severi","2:2215::ukhealth.t1severi","2215","2:2215",0.432692307692308,0.410714285714286,0.208012573584461,0.165748386032949,13,14,12,0.40625,0.395833333333333,0.193098243954164,0.175432366316809,0.021978021978022,0.0422641875515119,TRUE,TRUE,0.021978021978022,0.0104166666666667,0.0176658776373547,TRUE,TRUE,0.0104166666666667
2,22,"UK Health","ukhealth.t1preven","2:2201::ukhealth.t1preven","2201","2:2201",0.678571428571429,0.553571428571429,0.267261241912424,0.312843218115527,14,14,14,0.678571428571429,0.553571428571429,0.267261241912424,0.312843218115527,-0.125,-0.0455819762031025,FALSE,FALSE,-0.125,-0.125,-0.0455819762031025,FALSE,FALSE,-0.125
2,22,"UK Health","ukhealth.t1preven","2:2202::ukhealth.t1preven","2202","2:2202",0.522727272727273,0.571428571428571,0.305256970734197,0.301096895798247,11,14,11,0.522727272727273,0.522727272727273,0.305256970734197,0.305256970734197,0.0487012987012987,0.00416007493594922,TRUE,TRUE,0.0487012987012987,0,0,FALSE,FALSE,0
2,22,"UK Health","ukhealth.t1preven","2:2203::ukhealth.t1preven","2203","2:2203",0.765625,0.75,0.265655635488251,0.188982236504614,16,15,15,0.766666666666667,0.75,0.274945882120897,0.188982236504614,-0.015625,0.0766733989836377,FALSE,TRUE,-0.015625,-0.0166666666666667,0.0859636456162833,FALSE,TRUE,-0.0166666666666667
2,22,"UK Health","ukhealth.t1preven","2:2204::ukhealth.t1preven","2204","2:2204",0.660714285714286,0.566666666666667,0.31936148521974,0.274945882120897,14,15,14,0.660714285714286,0.589285714285714,0.31936148521974,0.270454440517445,-0.094047619047619,0.0444156030988432,FALSE,TRUE,-0.094047619047619,-0.0714285714285714,0.0489070447022946,FALSE,TRUE,-0.0714285714285714
2,22,"UK Health","ukhealth.t1preven","2:2205::ukhealth.t1preven","2205","2:2205",0.673076923076923,0.589285714285714,0.295532982236744,0.270454440517445,13,14,13,0.673076923076923,0.596153846153846,0.295532982236744,0.280224269158902,-0.0837912087912088,0.0250785417192986,FALSE,TRUE,-0.0837912087912088,-0.076923076923077,0.0153087130778414,FALSE,TRUE,-0.076923076923077
2,22,"UK Health","ukhealth.t1preven","2:2206::ukhealth.t1preven","2206","2:2206",0.583333333333333,0.46875,0.349319065502886,0.25617376914899,15,16,15,0.583333333333333,0.466666666666667,0.349319065502886,0.265024706844655,-0.114583333333333,0.093145296353896,FALSE,TRUE,-0.0520833333333334,-0.116666666666667,0.0842943586582311,FALSE,TRUE,-0.05
2,22,"UK Health","ukhealth.t1preven","2:2207::ukhealth.t1preven","2207","2:2207",0.571428571428571,0.5,0.228468383365844,0.238365647311398,14,12,12,0.5625,0.5,0.241326824790856,0.238365647311398,-0.0714285714285714,-0.00989726394555426,FALSE,FALSE,-0.0714285714285714,-0.0625,0.00296117747945759,FALSE,TRUE,-0.0625
2,22,"UK Health","ukhealth.t1preven","2:2208::ukhealth.t1preven","2208","2:2208",0.625,0.733333333333333,0.23513498578149,0.319970236711092,14,15,14,0.625,0.732142857142857,0.23513498578149,0.332014331744153,0.108333333333333,-0.0848352509296021,TRUE,FALSE,0.108333333333333,0.107142857142857,-0.096879345962663,TRUE,FALSE,0.107142857142857
2,22,"UK Health","ukhealth.t1preven","2:2209::ukhealth.t1preven","2209","2:2209",0.59375,0.5,0.363719214046587,0.353553390593274,16,16,16,0.59375,0.5,0.363719214046587,0.353553390593274,-0.09375,0.0101658234533128,FALSE,TRUE,-0.09375,-0.09375,0.0101658234533128,FALSE,TRUE,-0.09375
2,22,"UK Health","ukhealth.t1preven","2:2210::ukhealth.t1preven","2210","2:2210",0.583333333333333,0.520833333333333,0.307728727448332,0.327843042637877,12,12,11,0.613636363636364,0.522727272727273,0.303389938108459,0.343775825476164,-0.0625,-0.0201143151895448,FALSE,FALSE,-0.0625,-0.0909090909090909,-0.0403858873677054,FALSE,FALSE,-0.0909090909090909
2,22,"UK Health","ukhealth.t1preven","2:2211::ukhealth.t1preven","2211","2:2211",0.633333333333333,0.357142857142857,0.311486451589487,0.28946711176092,15,14,14,0.660714285714286,0.357142857142857,0.303934818055407,0.28946711176092,-0.276190476190476,0.0220193398285668,FALSE,TRUE,0.00952380952380955,-0.303571428571429,0.0144677062944877,FALSE,TRUE,-0.0178571428571428
2,22,"UK Health","ukhealth.t1preven","2:2212::ukhealth.t1preven","2212","2:2212",0.692307692307692,0.765625,0.291437639017162,0.232177195262584,13,16,13,0.692307692307692,0.807692307692308,0.291437639017162,0.231702173999075,0.0733173076923077,0.0592604437545778,TRUE,TRUE,0.0733173076923077,0.115384615384615,0.059735465018087,TRUE,TRUE,0.115384615384615
2,22,"UK Health","ukhealth.t1preven","2:2213::ukhealth.t1preven","2213","2:2213",0.607142857142857,0.772727272727273,0.335614902287373,0.207802353648408,14,11,11,0.636363636363636,0.772727272727273,0.359924234451439,0.207802353648408,0.165584415584416,0.127812548638964,TRUE,TRUE,0.165584415584416,0.136363636363636,0.152121880803031,TRUE,TRUE,0.136363636363636
2,22,"UK Health","ukhealth.t1preven","2:2214::ukhealth.t1preven","2214","2:2214",0.640625,0.703125,0.302334665561196,0.319097033309097,16,16,15,0.633333333333333,0.683333333333333,0.311486451589487,0.319970236711092,0.0625,-0.016762367747901,TRUE,FALSE,0.0625,0.05,-0.00848378512160569,TRUE,FALSE,0.05
2,22,"UK Health","ukhealth.t1preven","2:2215::ukhealth.t1preven","2215","2:2215",0.461538461538462,0.446428571428571,0.320256307610174,0.223145593825995,13,14,13,0.461538461538462,0.442307692307692,0.320256307610174,0.231702173999075,0.0151098901098901,0.097110713784179,TRUE,TRUE,0.0151098901098901,0.0192307692307693,0.0885541336110997,TRUE,TRUE,0.0192307692307693
2,22,"UK Health","ukhealth.t1dispub","2:2201::ukhealth.t1dispub","2201","2:2201",0.446428571428571,0.365384615384615,0.223145593825995,0.241854480511711,14,13,13,0.442307692307692,0.365384615384615,0.231702173999075,0.241854480511711,0.0810439560439561,-0.018708886685716,TRUE,FALSE,0.0810439560439561,0.0769230769230769,-0.0101523065126367,TRUE,FALSE,0.0769230769230769
2,22,"UK Health","ukhealth.t1dispub","2:2202::ukhealth.t1dispub","2202","2:2202",0.365384615384615,0.318181818181818,0.241854480511711,0.226133508433323,13,11,11,0.363636363636364,0.318181818181818,0.258931370338657,0.226133508433323,0.0472027972027972,0.0157209720783886,TRUE,TRUE,0.0472027972027972,0.0454545454545455,0.0327978619053339,TRUE,TRUE,0.0454545454545455
2,22,"UK Health","ukhealth.t1dispub","2:2203::ukhealth.t1dispub","2203","2:2203",0.384615384615385,0.346153846153846,0.241854480511711,0.280224269158902,13,13,11,0.340909090909091,0.409090909090909,0.231104069434294,0.256727659026235,0.0384615384615385,-0.0383697886471911,TRUE,FALSE,0.0384615384615385,-0.0681818181818182,-0.0256235895919414,FALSE,FALSE,-0.0681818181818182
2,22,"UK Health","ukhealth.t1dispub","2:2204::ukhealth.t1dispub","2204","2:2204",0.35,0.375,0.295803989154981,0.213712603566278,15,14,14,0.375,0.375,0.290059675557661,0.213712603566278,-0.025,0.0820913855887032,FALSE,TRUE,-0.025,0,0.0763470719913831,FALSE,TRUE,0
2,22,"UK Health","ukhealth.t1dispub","2:2205::ukhealth.t1dispub","2205","2:2205",0.339285714285714,0.318181818181818,0.270454440517445,0.226133508433323,14,11,11,0.363636363636364,0.318181818181818,0.282038037408883,0.226133508433323,0.0211038961038961,0.0443209320841226,TRUE,TRUE,0.0211038961038961,0.0454545454545455,0.0559045289755604,TRUE,TRUE,0.0454545454545455
2,22,"UK Health","ukhealth.t1dispub","2:2206::ukhealth.t1dispub","2206","2:2206",0.232142857142857,0.375,0.301666616072689,0.25,14,12,11,0.204545454545455,0.386363636363636,0.312613615709989,0.258931370338657,-0.142857142857143,0.0516666160726892,FALSE,TRUE,-0.142857142857143,-0.181818181818182,0.0536822453713325,FALSE,TRUE,-0.181818181818182
2,22,"UK Health","ukhealth.t1dispub","2:2207::ukhealth.t1dispub","2207","2:2207",0.357142857142857,0.403846153846154,0.28946711176092,0.217429623155726,14,13,13,0.326923076923077,0.403846153846154,0.277350098112615,0.217429623155726,-0.0467032967032967,0.0720374886051937,FALSE,TRUE,-0.0467032967032967,-0.0769230769230769,0.0599204749568886,FALSE,TRUE,-0.0769230769230769
2,22,"UK Health","ukhealth.t1dispub","2:2208::ukhealth.t1dispub","2208","2:2208",0.316666666666667,0.375,0.274945882120897,0.258198889747161,15,16,15,0.316666666666667,0.366666666666667,0.274945882120897,0.265024706844655,-0.0583333333333333,0.0167469923737358,FALSE,TRUE,-0.0583333333333333,-0.05,0.00992117527624203,FALSE,TRUE,-0.05
2,22,"UK Health","ukhealth.t1dispub","2:2209::ukhealth.t1dispub","2209","2:2209",0.216666666666667,0.40625,0.208452346958198,0.239356776939085,15,16,15,0.216666666666667,0.4,0.208452346958198,0.246402690152291,-0.189583333333333,-0.0309044299808865,FALSE,FALSE,-0.189583333333333,-0.183333333333333,-0.0379503431940926,FALSE,FALSE,-0.183333333333333
2,22,"UK Health","ukhealth.t1dispub","2:2210::ukhealth.t1dispub","2210","2:2210",0.192307692307692,0.326923076923077,0.208012573584461,0.257888367819121,13,13,13,0.192307692307692,0.326923076923077,0.208012573584461,0.257888367819121,-0.134615384615385,-0.04987579423466,FALSE,FALSE,-0.134615384615385,-0.134615384615385,-0.04987579423466,FALSE,FALSE,-0.134615384615385
2,22,"UK Health","ukhealth.t1dispub","2:2211::ukhealth.t1dispub","2211","2:2211",0.366666666666667,0.40625,0.296808419852332,0.25617376914899,15,16,15,0.366666666666667,0.433333333333333,0.296808419852332,0.240287526180814,-0.0395833333333334,0.0406346507033418,FALSE,TRUE,-0.0395833333333334,-0.0666666666666667,0.0565208936715181,FALSE,TRUE,-0.0666666666666667
2,22,"UK Health","ukhealth.t1dispub","2:2212::ukhealth.t1dispub","2212","2:2212",0.4,0.455882352941176,0.126773138209278,0.098238155999172,15,17,15,0.4,0.45,0.126773138209278,0.103509833901353,-0.0558823529411764,0.0285349822101056,FALSE,TRUE,-0.0558823529411764,-0.05,0.0232633043079244,FALSE,TRUE,-0.05
2,22,"UK Health","ukhealth.t1dispub","2:2213::ukhealth.t1dispub","2213","2:2213",0.458333333333333,0.555555555555556,0.316826116156462,0.242956328951888,12,9,8,0.40625,0.5625,0.296933734791355,0.258774584753383,-0.0972222222222223,0.0738697872045743,FALSE,TRUE,0.0138888888888889,-0.15625,0.0381591500379724,FALSE,TRUE,-0.03125
2,22,"UK Health","ukhealth.t1dispub","2:2214::ukhealth.t1dispub","2214","2:2214",0.296875,0.269230769230769,0.319097033309097,0.259437260831385,16,13,13,0.25,0.269230769230769,0.270030862433661,0.259437260831385,0.0276442307692308,0.0596597724777111,TRUE,TRUE,0.0276442307692308,-0.0192307692307692,0.0105936016022755,FALSE,TRUE,-0.0192307692307692
2,22,"UK Health","ukhealth.t1dispub","2:2215::ukhealth.t1dispub","2215","2:2215",0.366666666666667,0.365384615384615,0.39940431835899,0.262507631146709,15,13,13,0.269230769230769,0.365384615384615,0.330112645886762,0.262507631146709,0.00128205128205128,0.136896687212282,TRUE,TRUE,0.00128205128205128,-0.0961538461538461,0.0676050147400538,FALSE,TRUE,-0.0961538461538461
3,23,"UK Monarchy","ukmonarchy.t1supmon","3:2302::ukmonarchy.t1supmon","2302","3:2302",0.606796291139391,0.503351853953467,0.391591620948743,0.351211825211603,18,18,18,0.606796291139391,0.503351853953467,0.391591620948743,0.351211825211603,-0.103444437185923,0.0403797957371401,FALSE,TRUE,-0.103444437185923,-0.103444437185923,0.0403797957371401,FALSE,TRUE,-0.103444437185923
3,23,"UK Monarchy","ukmonarchy.t1supmon","3:2303::ukmonarchy.t1supmon","2303","3:2303",0.715736107693778,0.60088426205847,0.228680109495795,0.192147790914661,18,18,18,0.715736107693778,0.60088426205847,0.228680109495795,0.192147790914661,-0.114851845635308,0.0365323185811339,FALSE,TRUE,-0.114851845635308,-0.114851845635308,0.0365323185811339,FALSE,TRUE,-0.114851845635308
3,23,"UK Monarchy","ukmonarchy.t1supmon","3:2304::ukmonarchy.t1supmon","2304","3:2304",0.704083336626782,0.725014708497945,0.386448511028124,0.364084903585107,17,17,17,0.704083336626782,0.725014708497945,0.386448511028124,0.364084903585107,0.0209313718711629,0.022363607443017,TRUE,TRUE,0.0209313718711629,0.0209313718711629,0.022363607443017,TRUE,TRUE,0.0209313718711629
3,23,"UK Monarchy","ukmonarchy.t1supmon","3:2305::ukmonarchy.t1supmon","2305","3:2305",0.796141023819263,0.647403839689035,0.198448229114511,0.237625434942769,13,13,13,0.796141023819263,0.647403839689035,0.198448229114511,0.237625434942769,-0.148737184130229,-0.039177205828258,FALSE,FALSE,-0.148737184130229,-0.148737184130229,-0.039177205828258,FALSE,FALSE,-0.148737184130229
3,23,"UK Monarchy","ukmonarchy.t1supmon","3:2306::ukmonarchy.t1supmon","2306","3:2306",0.671296295192507,0.538864033786874,0.33057760977218,0.298728761567535,18,19,18,0.671296295192507,0.541023146775034,0.33057760977218,0.307236772923139,-0.132432261405632,0.0318488482046452,FALSE,TRUE,-0.132432261405632,-0.130273148417473,0.0233408368490419,FALSE,TRUE,-0.130273148417473
3,23,"UK Monarchy","ukmonarchy.t1supmon","3:2307::ukmonarchy.t1supmon","2307","3:2307",0.567661766620243,0.545088233316646,0.410459299233733,0.347839154621911,17,17,17,0.567661766620243,0.545088233316646,0.410459299233733,0.347839154621911,-0.0225735333035973,0.0626201446118214,FALSE,TRUE,-0.0225735333035973,-0.0225735333035973,0.0626201446118214,FALSE,TRUE,-0.0225735333035973
3,23,"UK Monarchy","ukmonarchy.t1supmon","3:2308::ukmonarchy.t1supmon","2308","3:2308",0.732879628737768,0.655699067024721,0.347851759255182,0.300051218694307,18,18,18,0.732879628737768,0.655699067024721,0.347851759255182,0.300051218694307,-0.0771805617130465,0.0478005405608745,FALSE,TRUE,-0.0771805617130465,-0.0771805617130465,0.0478005405608745,FALSE,TRUE,-0.0771805617130465
3,23,"UK Monarchy","ukmonarchy.t1supmon","3:2309::ukmonarchy.t1supmon","2309","3:2309",0.721934207175907,0.642539477662036,0.263064455365049,0.364595117749968,19,19,19,0.721934207175907,0.642539477662036,0.263064455365049,0.364595117749968,-0.079394729513871,-0.101530662384919,FALSE,FALSE,-0.079394729513871,-0.079394729513871,-0.101530662384919,FALSE,FALSE,-0.079394729513871
3,23,"UK Monarchy","ukmonarchy.t1supmon","3:2310::ukmonarchy.t1supmon","2310","3:2310",0.604605556776126,0.719630954521043,0.352665363027239,0.231319936876276,15,14,14,0.623970239556262,0.719630954521043,0.357606564932971,0.231319936876276,0.115025397744917,0.121345426150963,TRUE,TRUE,0.115025397744917,0.0956607149647815,0.126286628056695,TRUE,TRUE,0.0956607149647815
3,23,"UK Monarchy","ukmonarchy.t1supmon","3:2311::ukmonarchy.t1supmon","2311","3:2311",0.631127191217322,0.567100874099292,0.306419193891005,0.335806843879991,19,19,19,0.631127191217322,0.567100874099292,0.306419193891005,0.335806843879991,-0.0640263171180299,-0.0293876499889852,FALSE,FALSE,-0.0640263171180299,-0.0640263171180299,-0.0293876499889852,FALSE,FALSE,-0.0640263171180299
3,23,"UK Monarchy","ukmonarchy.t1supmon","3:2312::ukmonarchy.t1supmon","2312","3:2312",0.557588537223637,0.667147050885593,0.313302886453759,0.271998647468611,16,17,16,0.557588537223637,0.694781241938472,0.313302886453759,0.255084277769273,0.109558513661956,0.0413042389851482,TRUE,TRUE,0.109558513661956,0.137192704714835,0.058218608684486,TRUE,TRUE,0.137192704714835
3,23,"UK Monarchy","ukmonarchy.t1supmon","3:2313::ukmonarchy.t1supmon","2313","3:2313",0.709729167632759,0.834385419264436,0.346045476681885,0.240509590736448,16,16,16,0.709729167632759,0.834385419264436,0.346045476681885,0.240509590736448,0.124656251631677,0.105535885945437,TRUE,TRUE,0.124656251631677,0.124656251631677,0.105535885945437,TRUE,TRUE,0.124656251631677
3,23,"UK Monarchy","ukmonarchy.t1supmon","3:2314::ukmonarchy.t1supmon","2314","3:2314",0.638231479459339,0.76710184249613,0.249706907307695,0.20458946571239,18,18,18,0.638231479459339,0.76710184249613,0.249706907307695,0.20458946571239,0.128870363036792,0.0451174415953054,TRUE,TRUE,0.128870363036792,0.128870363036792,0.0451174415953054,TRUE,TRUE,0.128870363036792
3,23,"UK Monarchy","ukmonarchy.t1supmon","3:2315::ukmonarchy.t1supmon","2315","3:2315",0.640555557608604,0.547772220770518,0.321921886056376,0.347614094208563,15,15,15,0.640555557608604,0.547772220770518,0.321921886056376,0.347614094208563,-0.0927833368380864,-0.0256922081521868,FALSE,FALSE,-0.0927833368380864,-0.0927833368380864,-0.0256922081521868,FALSE,FALSE,-0.0927833368380864
3,23,"UK Monarchy","ukmonarchy.t1supmon","3:2316::ukmonarchy.t1supmon","2316","3:2316",0.664464916837843,0.557267541948118,0.308742983178146,0.263386908083963,19,19,19,0.664464916837843,0.557267541948118,0.308742983178146,0.263386908083963,-0.107197374889725,0.0453560750941826,FALSE,TRUE,-0.107197374889725,-0.107197374889725,0.0453560750941826,FALSE,TRUE,-0.107197374889725
3,23,"UK Monarchy","ukmonarchy.t1mpop","3:2302::ukmonarchy.t1mpop","2302","3:2302",0.664351849092378,0.663425929016537,0.186049520871416,0.199327686845505,18,18,18,0.664351849092378,0.663425929016537,0.186049520871416,0.199327686845505,-0.000925920075840359,-0.0132781659740894,FALSE,FALSE,-0.000925920075840359,-0.000925920075840359,-0.0132781659740894,FALSE,FALSE,-0.000925920075840359
3,23,"UK Monarchy","ukmonarchy.t1mpop","3:2303::ukmonarchy.t1mpop","2303","3:2303",0.555555560522609,0.652777774466409,0.140755431350167,0.156556071682617,18,18,18,0.555555560522609,0.652777774466409,0.140755431350167,0.156556071682617,0.0972222139437994,-0.0158006403324499,TRUE,FALSE,0.0972222139437994,0.0972222139437994,-0.0158006403324499,TRUE,FALSE,0.0972222139437994
3,23,"UK Monarchy","ukmonarchy.t1mpop","3:2304::ukmonarchy.t1mpop","2304","3:2304",0.526960784898085,0.515196077963885,0.209859604198066,0.256126922946891,17,17,17,0.526960784898085,0.515196077963885,0.209859604198066,0.256126922946891,-0.0117647069341996,-0.0462673187488256,FALSE,FALSE,-0.0117647069341996,-0.0117647069341996,-0.0462673187488256,FALSE,FALSE,-0.0117647069341996
3,23,"UK Monarchy","ukmonarchy.t1mpop","3:2305::ukmonarchy.t1mpop","2305","3:2305",0.586538459245975,0.621794870266548,0.13335670000242,0.170495548259063,13,13,13,0.586538459245975,0.621794870266548,0.13335670000242,0.170495548259063,0.0352564110205723,-0.0371388482566433,TRUE,FALSE,0.0352564110205723,0.0352564110205723,-0.0371388482566433,TRUE,FALSE,0.0352564110205723
3,23,"UK Monarchy","ukmonarchy.t1mpop","3:2306::ukmonarchy.t1mpop","2306","3:2306",0.639254383350674,0.692105260334517,0.166674275870418,0.145759857990157,19,19,19,0.639254383350674,0.692105260334517,0.166674275870418,0.145759857990157,0.0528508769838433,0.0209144178802605,TRUE,TRUE,0.0528508769838433,0.0528508769838433,0.0209144178802605,TRUE,TRUE,0.0528508769838433
3,23,"UK Monarchy","ukmonarchy.t1mpop","3:2307::ukmonarchy.t1mpop","2307","3:2307",0.595588237047195,0.620098038631327,0.182077078744534,0.202995339956392,17,17,17,0.595588237047195,0.620098038631327,0.182077078744534,0.202995339956392,0.0245098015841316,-0.0209182612118577,TRUE,FALSE,0.0245098015841316,0.0245098015841316,-0.0209182612118577,TRUE,FALSE,0.0245098015841316
3,23,"UK Monarchy","ukmonarchy.t1mpop","3:2308::ukmonarchy.t1mpop","2308","3:2308",0.527777779433462,0.541666665010982,0.162948723711083,0.147832928749053,18,18,18,0.527777779433462,0.541666665010982,0.162948723711083,0.147832928749053,0.0138888855775197,0.0151157949620297,TRUE,TRUE,0.0138888855775197,0.0138888855775197,0.0151157949620297,TRUE,TRUE,0.0138888855775197
3,23,"UK Monarchy","ukmonarchy.t1mpop","3:2309::ukmonarchy.t1mpop","2309","3:2309",0.607456135906671,0.638157895521114,0.180189684336675,0.15899752868274,19,19,19,0.607456135906671,0.638157895521114,0.180189684336675,0.15899752868274,0.0307017596144425,0.0211921556539347,TRUE,TRUE,0.0307017596144425,0.0307017596144425,0.0211921556539347,TRUE,TRUE,0.0307017596144425
3,23,"UK Monarchy","ukmonarchy.t1mpop","3:2310::ukmonarchy.t1mpop","2310","3:2310",0.633333333333333,0.583333333333333,0.167557145660588,0.162903952749412,15,15,15,0.633333333333333,0.583333333333333,0.167557145660588,0.162903952749412,-0.0499999999999999,0.00465319291117611,FALSE,TRUE,-0.0499999999999999,-0.0499999999999999,0.00465319291117611,FALSE,TRUE,-0.0499999999999999
3,23,"UK Monarchy","ukmonarchy.t1mpop","3:2311::ukmonarchy.t1mpop","2311","3:2311",0.561403510601897,0.559210527884333,0.17423135262202,0.200940970650642,19,19,19,0.561403510601897,0.559210527884333,0.17423135262202,0.200940970650642,-0.00219298271756418,-0.0267096180286216,FALSE,FALSE,-0.00219298271756418,-0.00219298271756418,-0.0267096180286216,FALSE,FALSE,-0.00219298271756418
3,23,"UK Monarchy","ukmonarchy.t1mpop","3:2312::ukmonarchy.t1mpop","2312","3:2312",0.598039213348837,0.677450974197949,0.169213080739875,0.190844357311558,17,17,17,0.598039213348837,0.677450974197949,0.169213080739875,0.190844357311558,0.0794117608491112,-0.0216312765716832,TRUE,FALSE,0.0794117608491112,0.0794117608491112,-0.0216312765716832,TRUE,FALSE,0.0794117608491112
3,23,"UK Monarchy","ukmonarchy.t1mpop","3:2313::ukmonarchy.t1mpop","2313","3:2313",0.510416666977108,0.559895833954215,0.220216646599813,0.205800576775306,16,16,16,0.510416666977108,0.559895833954215,0.220216646599813,0.205800576775306,0.0494791669771075,0.0144160698245069,TRUE,TRUE,0.0494791669771075,0.0494791669771075,0.0144160698245069,TRUE,TRUE,0.0494791669771075
3,23,"UK Monarchy","ukmonarchy.t1mpop","3:2314::ukmonarchy.t1mpop","2314","3:2314",0.67129630015956,0.708333338300387,0.127738694050205,0.14362828376053,18,18,18,0.67129630015956,0.708333338300387,0.127738694050205,0.14362828376053,0.0370370381408267,-0.0158895897103247,TRUE,FALSE,0.0370370381408267,0.0370370381408267,-0.0158895897103247,TRUE,FALSE,0.0370370381408267
3,23,"UK Monarchy","ukmonarchy.t1mpop","3:2315::ukmonarchy.t1mpop","2315","3:2315",0.569444440801938,0.666666666666667,0.177243738148917,0.197955816323883,15,15,15,0.569444440801938,0.666666666666667,0.177243738148917,0.197955816323883,0.0972222258647283,-0.0207120781749663,TRUE,FALSE,0.0972222258647283,0.0972222258647283,-0.0207120781749663,TRUE,FALSE,0.0972222258647283
3,23,"UK Monarchy","ukmonarchy.t1mpop","3:2316::ukmonarchy.t1mpop","2316","3:2316",0.581140351922888,0.655701751771726,0.166361809039592,0.132376560891863,19,19,19,0.581140351922888,0.655701751771726,0.166361809039592,0.132376560891863,0.0745613998488376,0.0339852481477291,TRUE,TRUE,0.0745613998488376,0.0745613998488376,0.0339852481477291,TRUE,TRUE,0.0745613998488376
3,23,"UK Monarchy","ukmonarchy.t1pwrm","3:2302::ukmonarchy.t1pwrm","2302","3:2302",0.3125,0.375,0.318688719599549,0.340306954864886,18,18,18,0.3125,0.375,0.318688719599549,0.340306954864886,-0.0625,-0.0216182352653373,FALSE,FALSE,-0.0625,-0.0625,-0.0216182352653373,FALSE,FALSE,-0.0625
3,23,"UK Monarchy","ukmonarchy.t1pwrm","3:2303::ukmonarchy.t1pwrm","2303","3:2303",0.465277777777778,0.333333333333333,0.3056019721132,0.329326407008216,18,18,18,0.465277777777778,0.333333333333333,0.3056019721132,0.329326407008216,0.131944444444444,-0.023724434895016,TRUE,FALSE,0.131944444444444,0.131944444444444,-0.023724434895016,TRUE,FALSE,0.131944444444444
3,23,"UK Monarchy","ukmonarchy.t1pwrm","3:2304::ukmonarchy.t1pwrm","2304","3:2304",0.455882352941176,0.425,0.318508414793264,0.35919055825962,17,15,15,0.4,0.425,0.29200660462198,0.35919055825962,0.0308823529411765,-0.040682143466356,TRUE,FALSE,0.0308823529411765,-0.025,-0.0671839536376399,FALSE,FALSE,-0.025
3,23,"UK Monarchy","ukmonarchy.t1pwrm","3:2305::ukmonarchy.t1pwrm","2305","3:2305",0.336538461538462,0.307692307692308,0.285885937448433,0.308792104987424,13,13,13,0.336538461538462,0.307692307692308,0.285885937448433,0.308792104987424,0.0288461538461539,-0.0229061675389909,TRUE,FALSE,0.0288461538461539,0.0288461538461539,-0.0229061675389909,TRUE,FALSE,0.0288461538461539
3,23,"UK Monarchy","ukmonarchy.t1pwrm","3:2306::ukmonarchy.t1pwrm","2306","3:2306",0.409722222222222,0.328947368421053,0.323143895384367,0.209208687328708,18,19,18,0.409722222222222,0.319444444444444,0.323143895384367,0.211012188725793,0.0807748538011696,0.113935208055659,TRUE,TRUE,0.0807748538011696,0.0902777777777778,0.112131706658574,TRUE,TRUE,0.0902777777777778
3,23,"UK Monarchy","ukmonarchy.t1pwrm","3:2307::ukmonarchy.t1pwrm","2307","3:2307",0.338235294117647,0.3515625,0.327050938198426,0.259079902411077,17,16,16,0.296875,0.3515625,0.288223726758688,0.259079902411077,-0.0133272058823529,0.0679710357873485,FALSE,TRUE,-0.0133272058823529,-0.0546875,0.0291438243476104,FALSE,TRUE,-0.0546875
3,23,"UK Monarchy","ukmonarchy.t1pwrm","3:2308::ukmonarchy.t1pwrm","2308","3:2308",0.486111111111111,0.604166666666667,0.340006728114899,0.291579118513211,18,18,18,0.486111111111111,0.604166666666667,0.340006728114899,0.291579118513211,-0.118055555555556,0.0484276096016877,FALSE,TRUE,0.0902777777777777,-0.118055555555556,0.0484276096016877,FALSE,TRUE,0.0902777777777777
3,23,"UK Monarchy","ukmonarchy.t1pwrm","3:2309::ukmonarchy.t1pwrm","2309","3:2309",0.368421052631579,0.465277777777778,0.331959889777444,0.365832942516206,19,18,18,0.388888888888889,0.465277777777778,0.329016160677448,0.365832942516206,-0.0968567251461989,-0.0338730527387618,FALSE,FALSE,-0.0968567251461989,-0.0763888888888889,-0.0368167818387579,FALSE,FALSE,-0.0763888888888889
3,23,"UK Monarchy","ukmonarchy.t1pwrm","3:2310::ukmonarchy.t1pwrm","2310","3:2310",0.391666666666667,0.55,0.32687189860133,0.333407729792988,15,15,15,0.391666666666667,0.55,0.32687189860133,0.333407729792988,-0.158333333333333,-0.0065358311916584,FALSE,FALSE,-0.0583333333333333,-0.158333333333333,-0.0065358311916584,FALSE,FALSE,-0.0583333333333333
3,23,"UK Monarchy","ukmonarchy.t1pwrm","3:2311::ukmonarchy.t1pwrm","2311","3:2311",0.342105263157895,0.519736842105263,0.223770193312703,0.349263008523386,19,19,19,0.342105263157895,0.519736842105263,0.223770193312703,0.349263008523386,-0.177631578947368,-0.125492815210683,FALSE,FALSE,-0.138157894736842,-0.177631578947368,-0.125492815210683,FALSE,FALSE,-0.138157894736842
3,23,"UK Monarchy","ukmonarchy.t1pwrm","3:2312::ukmonarchy.t1pwrm","2312","3:2312",0.367647058823529,0.359375,0.329151929429342,0.322344923955691,17,16,16,0.34375,0.359375,0.324358340933809,0.322344923955691,0.00827205882352944,0.00680700547365176,TRUE,TRUE,0.00827205882352944,-0.015625,0.00201341697811869,FALSE,TRUE,-0.015625
3,23,"UK Monarchy","ukmonarchy.t1pwrm","3:2313::ukmonarchy.t1pwrm","2313","3:2313",0.375,0.416666666666667,0.299304749934466,0.315756838330353,16,15,15,0.341666666666667,0.416666666666667,0.277370733512971,0.315756838330353,-0.0416666666666667,-0.0164520883958872,FALSE,FALSE,-0.0416666666666667,-0.075,-0.038386104817382,FALSE,FALSE,-0.075
3,23,"UK Monarchy","ukmonarchy.t1pwrm","3:2314::ukmonarchy.t1pwrm","2314","3:2314",0.569444444444444,0.722222222222222,0.288321149011515,0.325270124042727,18,18,18,0.569444444444444,0.722222222222222,0.288321149011515,0.325270124042727,0.152777777777778,-0.0369489750312123,TRUE,FALSE,0.152777777777778,0.152777777777778,-0.0369489750312123,TRUE,FALSE,0.152777777777778
3,23,"UK Monarchy","ukmonarchy.t1pwrm","3:2315::ukmonarchy.t1pwrm","2315","3:2315",0.441666666666667,0.410714285714286,0.353132242867146,0.355007351727003,15,14,14,0.419642857142857,0.410714285714286,0.355611414358395,0.355007351727003,0.030952380952381,-0.0018751088598567,TRUE,FALSE,0.030952380952381,0.00892857142857145,0.000604062631392233,TRUE,TRUE,0.00892857142857145
3,23,"UK Monarchy","ukmonarchy.t1pwrm","3:2316::ukmonarchy.t1pwrm","2316","3:2316",0.335526315789474,0.302631578947368,0.294782851985256,0.244082001368009,19,19,19,0.335526315789474,0.302631578947368,0.294782851985256,0.244082001368009,0.0328947368421052,0.0507008506172469,TRUE,TRUE,0.0328947368421052,0.0328947368421052,0.0507008506172469,TRUE,TRUE,0.0328947368421052
3,23,"UK Monarchy","ukmonarchy.t1reflor","3:2302::ukmonarchy.t1reflor","2302","3:2302",0.796296291881137,0.805555545621448,0.321127279809504,0.250815661687358,18,18,18,0.796296291881137,0.805555545621448,0.321127279809504,0.250815661687358,0.00925925374031067,0.0703116181221461,TRUE,TRUE,0.00925925374031067,0.00925925374031067,0.0703116181221461,TRUE,TRUE,0.00925925374031067
3,23,"UK Monarchy","ukmonarchy.t1reflor","3:2303::ukmonarchy.t1reflor","2303","3:2303",0.602941169458277,0.597222216427326,0.36978950390556,0.310820644517086,17,18,17,0.602941169458277,0.632352935040698,0.36978950390556,0.281147850400478,-0.00571895303095094,0.058968859388474,FALSE,TRUE,-0.00571895303095094,0.0294117655824212,0.0886416535050819,TRUE,TRUE,0.0294117655824212
3,23,"UK Monarchy","ukmonarchy.t1reflor","3:2304::ukmonarchy.t1reflor","2304","3:2304",0.458333333022892,0.546874997206032,0.432477785582821,0.372639168942579,16,16,15,0.488888888557752,0.527777776122093,0.429408351403315,0.377526756734096,-0.0885416641831398,0.0598386166402429,FALSE,TRUE,0.00520833022892475,-0.0388888875643412,0.0518815946692195,FALSE,TRUE,0.0166666646798452
3,23,"UK Monarchy","ukmonarchy.t1reflor","3:2305::ukmonarchy.t1reflor","2305","3:2305",0.525641026405188,0.532051274409661,0.345916344921766,0.352797117938394,13,13,13,0.525641026405188,0.532051274409661,0.345916344921766,0.352797117938394,0.00641024800447321,-0.00688077301662732,TRUE,FALSE,0.00641024800447321,0.00641024800447321,-0.00688077301662732,TRUE,FALSE,0.00641024800447321
3,23,"UK Monarchy","ukmonarchy.t1reflor","3:2306::ukmonarchy.t1reflor","2306","3:2306",0.699074070486758,0.77314813931783,0.30402916039244,0.17103480157747,18,18,17,0.710784309927155,0.789215676924762,0.309173467257855,0.161690412700362,0.0740740688310729,0.13299435881497,TRUE,TRUE,0.0740740688310729,0.0784313669976066,0.147483054557493,TRUE,TRUE,0.0784313669976066
3,23,"UK Monarchy","ukmonarchy.t1reflor","3:2307::ukmonarchy.t1reflor","2307","3:2307",0.681372544344734,0.740196070250343,0.299355921320953,0.195172535573722,17,17,17,0.681372544344734,0.740196070250343,0.299355921320953,0.195172535573722,0.0588235259056091,0.104183385747231,TRUE,TRUE,0.0588235259056091,0.0588235259056091,0.104183385747231,TRUE,TRUE,0.0588235259056091
3,23,"UK Monarchy","ukmonarchy.t1reflor","3:2308::ukmonarchy.t1reflor","2308","3:2308",0.416666663251817,0.537037034829458,0.360041142937007,0.36851386186567,16,18,16,0.416666663251817,0.52083333209157,0.360041142937007,0.384298299257279,-0.12037037157764,-0.00847271892866219,FALSE,FALSE,-0.0462963019187251,-0.104166668839753,-0.024257156320272,FALSE,FALSE,-0.0625000046566129
3,23,"UK Monarchy","ukmonarchy.t1reflor","3:2309::ukmonarchy.t1reflor","2309","3:2309",0.634259259535207,0.620370366507106,0.34671531305818,0.356111693868406,18,18,17,0.612745098331395,0.59803921159576,0.344778982353972,0.353842119444412,-0.0138888930281004,-0.00939638081022592,FALSE,FALSE,-0.0138888930281004,-0.0147058867356357,-0.00906313709044021,FALSE,FALSE,-0.0147058867356357
3,23,"UK Monarchy","ukmonarchy.t1reflor","3:2310::ukmonarchy.t1reflor","2310","3:2310",0.605555554231008,0.605555549263954,0.38118792112503,0.321927883415774,15,15,15,0.605555554231008,0.605555549263954,0.38118792112503,0.321927883415774,-4.96705365726768e-09,0.059260037709256,FALSE,TRUE,-4.96705365726768e-09,-4.96705365726768e-09,0.059260037709256,FALSE,TRUE,-4.96705365726768e-09
3,23,"UK Monarchy","ukmonarchy.t1reflor","3:2311::ukmonarchy.t1reflor","2311","3:2311",0.609649120192779,0.749999995860789,0.374796887945145,0.30384249197292,19,18,18,0.634259256223837,0.749999995860789,0.36952858854546,0.30384249197292,0.14035087566801,0.0709543959722252,TRUE,TRUE,0.14035087566801,0.115740739636951,0.0656860965725398,TRUE,TRUE,0.115740739636951
3,23,"UK Monarchy","ukmonarchy.t1reflor","3:2312::ukmonarchy.t1reflor","2312","3:2312",0.598958327434957,0.729166656732559,0.371706209079907,0.264400085476212,16,16,15,0.588888882597287,0.744444433848063,0.382486983474788,0.266269541782594,0.130208329297602,0.107306123603695,TRUE,TRUE,0.130208329297602,0.155555551250776,0.116217441692194,TRUE,TRUE,0.155555551250776
3,23,"UK Monarchy","ukmonarchy.t1reflor","3:2313::ukmonarchy.t1reflor","2313","3:2313",0.567708330228925,0.40625,0.402789746951956,0.350759755191644,16,16,16,0.567708330228925,0.40625,0.402789746951956,0.350759755191644,-0.161458330228925,0.0520299917603125,FALSE,TRUE,0.0260416697710752,-0.161458330228925,0.0520299917603125,FALSE,TRUE,0.0260416697710752
3,23,"UK Monarchy","ukmonarchy.t1reflor","3:2314::ukmonarchy.t1reflor","2314","3:2314",0.553921565413475,0.642156856024967,0.447738505066976,0.340756792281141,17,17,16,0.588541663251817,0.635416659526527,0.43829292969385,0.350759750264851,0.0882352906114915,0.106981712785835,TRUE,TRUE,0.0882352906114915,0.0468749962747097,0.0875331794289995,TRUE,TRUE,0.0468749962747097
3,23,"UK Monarchy","ukmonarchy.t1reflor","3:2315::ukmonarchy.t1reflor","2315","3:2315",0.583333333688123,0.720238088497094,0.406937697652169,0.24808484565691,14,14,13,0.589743590125671,0.698717941458409,0.422817842424835,0.244235530752052,0.136904754808971,0.15885285199526,TRUE,TRUE,0.136904754808971,0.108974351332738,0.178582311672784,TRUE,TRUE,0.108974351332738
3,23,"UK Monarchy","ukmonarchy.t1reflor","3:2316::ukmonarchy.t1reflor","2316","3:2316",0.65789472978366,0.666666663006732,0.327371137239075,0.259093858325608,19,19,19,0.65789472978366,0.666666663006732,0.327371137239075,0.259093858325608,0.0087719332230719,0.0682772789134664,TRUE,TRUE,0.0087719332230719,0.0087719332230719,0.0682772789134664,TRUE,TRUE,0.0087719332230719
4,25,"UK General Election","ukbge.t1redist","4:2501::ukbge.t1redist","2501","4:2501",0.703333333134651,0.758888890345891,0.288933126325497,0.230418766331237,18,18,18,0.703333333134651,0.758888890345891,0.288933126325497,0.230418766331237,0.0555555572112402,0.0585143599942599,TRUE,TRUE,0.0555555572112402,0.0555555572112402,0.0585143599942599,TRUE,TRUE,0.0555555572112402
4,25,"UK General Election","ukbge.t1redist","4:2502::ukbge.t1redist","2502","4:2502",0.793333333163034,0.738095239514396,0.273337395655045,0.276651746834033,21,21,21,0.793333333163034,0.738095239514396,0.273337395655045,0.276651746834033,-0.0552380936486381,-0.00331435117898737,FALSE,FALSE,-0.0552380936486381,-0.0552380936486381,-0.00331435117898737,FALSE,FALSE,-0.0552380936486381
4,25,"UK General Election","ukbge.t1redist","4:2503::ukbge.t1redist","2503","4:2503",0.693888887763023,0.715294119189767,0.303898953712464,0.241508733431702,18,17,17,0.705294116454966,0.715294119189767,0.309255508362853,0.241508733431702,0.0214052314267439,0.0623902202807621,TRUE,TRUE,0.0214052314267439,0.0100000027348013,0.0677467749311514,TRUE,TRUE,0.0100000027348013
4,25,"UK General Election","ukbge.t1redist","4:2504::ukbge.t1redist","2504","4:2504",0.665333332618078,0.762857147625514,0.315229313937866,0.180572953764655,15,14,13,0.613846153020859,0.744615389750554,0.307233304806773,0.174002647556414,0.0975238150074369,0.134656360173212,TRUE,TRUE,0.0975238150074369,0.130769236729695,0.133230657250359,TRUE,TRUE,0.130769236729695
4,25,"UK General Election","ukbge.t1redist","4:2505::ukbge.t1redist","2505","4:2505",0.779473682767467,0.745789479268225,0.255614150342072,0.269202847419955,19,19,19,0.779473682767467,0.745789479268225,0.255614150342072,0.269202847419955,-0.033684203499242,-0.0135886970778833,FALSE,FALSE,-0.033684203499242,-0.033684203499242,-0.0135886970778833,FALSE,FALSE,-0.033684203499242
4,25,"UK General Election","ukbge.t1redist","4:2506::ukbge.t1redist","2506","4:2506",0.731666666766008,0.806842105953317,0.347787120653323,0.237534851610004,18,19,18,0.731666666766008,0.796111111839612,0.347787120653323,0.239635477447135,0.0751754391873092,0.11025226904332,TRUE,TRUE,0.0751754391873092,0.0644444450736046,0.108151643206188,TRUE,TRUE,0.0644444450736046
4,25,"UK General Election","ukbge.t1redist","4:2507::ukbge.t1redist","2507","4:2507",0.588823533233474,0.735882359392503,0.317802656902638,0.295191857852718,17,17,17,0.588823533233474,0.735882359392503,0.317802656902638,0.295191857852718,0.147058826159028,0.0226107990499196,TRUE,TRUE,0.147058826159028,0.147058826159028,0.0226107990499196,TRUE,TRUE,0.147058826159028
4,25,"UK General Election","ukbge.t1redist","4:2508::ukbge.t1redist","2508","4:2508",0.60900000333786,0.675000001490116,0.242940320261896,0.198215721058864,20,20,20,0.60900000333786,0.675000001490116,0.242940320261896,0.198215721058864,0.065999998152256,0.0447245992030318,TRUE,TRUE,0.065999998152256,0.065999998152256,0.0447245992030318,TRUE,TRUE,0.065999998152256
4,25,"UK General Election","ukbge.t1redist","4:2509::ukbge.t1redist","2509","4:2509",0.696470592828358,0.74000000115484,0.290171093014375,0.226185760569009,17,16,16,0.698125003837049,0.74000000115484,0.299604597975933,0.226185760569009,0.0435294083264821,0.0639853324453657,TRUE,TRUE,0.0435294083264821,0.041874997317791,0.073418837406924,TRUE,TRUE,0.041874997317791
4,25,"UK General Election","ukbge.t1redist","4:2510::ukbge.t1redist","2510","4:2510",0.774705884211204,0.82388888961739,0.269191323853756,0.217475860567572,17,18,17,0.774705884211204,0.832941176260219,0.269191323853756,0.220645773441751,0.0491830054061865,0.0517154632861845,TRUE,TRUE,0.0491830054061865,0.0582352920490152,0.0485455504120054,TRUE,TRUE,0.0582352920490152
4,25,"UK General Election","ukbge.t1redist","4:2511::ukbge.t1redist","2511","4:2511",0.656250001862645,0.726470592267373,0.346253756984464,0.23427924244948,16,17,16,0.656250001862645,0.709375004284084,0.346253756984464,0.230751487121646,0.0702205904047278,0.111974514534984,TRUE,TRUE,0.0702205904047278,0.0531250024214387,0.115502269862819,TRUE,TRUE,0.0531250024214387
4,25,"UK General Election","ukbge.t1redist","4:2512::ukbge.t1redist","2512","4:2512",0.665555554959509,0.713888892696963,0.291612594629934,0.218877853923834,18,18,18,0.665555554959509,0.713888892696963,0.291612594629934,0.218877853923834,0.0483333377374543,0.0727347407060997,TRUE,TRUE,0.0483333377374543,0.0483333377374543,0.0727347407060997,TRUE,TRUE,0.0483333377374543
4,25,"UK General Election","ukbge.t1redist","4:2513::ukbge.t1redist","2513","4:2513",0.68368421102825,0.842222220367856,0.271502205890933,0.132556555127626,19,18,18,0.703333333134651,0.842222220367856,0.265108187085806,0.132556555127626,0.158538009339606,0.138945650763307,TRUE,TRUE,0.158538009339606,0.138888887233204,0.13255163195818,TRUE,TRUE,0.138888887233204
4,25,"UK General Election","ukbge.t1redist","4:2514::ukbge.t1redist","2514","4:2514",0.757999999821186,0.717000002413988,0.298039202460024,0.296223596978877,20,20,20,0.757999999821186,0.717000002413988,0.298039202460024,0.296223596978877,-0.040999997407198,0.00181560548114651,FALSE,TRUE,-0.040999997407198,-0.040999997407198,0.00181560548114651,FALSE,TRUE,-0.040999997407198
4,25,"UK General Election","ukbge.t1redist","4:2515::ukbge.t1redist","2515","4:2515",0.511333338419596,0.644666669766108,0.29858874271629,0.273649060462863,15,15,15,0.511333338419596,0.644666669766108,0.29858874271629,0.273649060462863,0.133333331346512,0.0249396822534275,TRUE,TRUE,0.133333331346512,0.133333331346512,0.0249396822534275,TRUE,TRUE,0.133333331346512
4,25,"UK General Election","ukbge.t1tax","4:2501::ukbge.t1tax","2501","4:2501",0.823333331280284,0.806111115548346,0.193603592937692,0.207708468834867,18,18,18,0.823333331280284,0.806111115548346,0.193603592937692,0.207708468834867,-0.0172222157319386,-0.0141048758971749,FALSE,FALSE,-0.0172222157319386,-0.0172222157319386,-0.0141048758971749,FALSE,FALSE,-0.0172222157319386
4,25,"UK General Election","ukbge.t1tax","4:2502::ukbge.t1tax","2502","4:2502",0.896666665871938,0.849523811113267,0.133391650325199,0.18106562485588,21,21,21,0.896666665871938,0.849523811113267,0.133391650325199,0.18106562485588,-0.0471428547586714,-0.0476739745306806,FALSE,FALSE,-0.0471428547586714,-0.0471428547586714,-0.0476739745306806,FALSE,FALSE,-0.0471428547586714
4,25,"UK General Election","ukbge.t1tax","4:2503::ukbge.t1tax","2503","4:2503",0.803529409801259,0.870555556482739,0.257995665843596,0.16639683638969,17,18,17,0.803529409801259,0.892352942158194,0.257995665843596,0.14258897636857,0.0670261466814802,0.0915988294539061,TRUE,TRUE,0.0670261466814802,0.0888235323569354,0.115406689475026,TRUE,TRUE,0.0888235323569354
4,25,"UK General Election","ukbge.t1tax","4:2504::ukbge.t1tax","2504","4:2504",0.824117650003994,0.881764702937182,0.170332713617251,0.153021047025785,17,17,17,0.824117650003994,0.881764702937182,0.170332713617251,0.153021047025785,0.0576470529331881,0.0173116665914659,TRUE,TRUE,0.0576470529331881,0.0576470529331881,0.0173116665914659,TRUE,TRUE,0.0576470529331881
4,25,"UK General Election","ukbge.t1tax","4:2505::ukbge.t1tax","2505","4:2505",0.849999995608079,0.842105263157895,0.165428734682661,0.140062636271981,19,19,19,0.849999995608079,0.842105263157895,0.165428734682661,0.140062636271981,-0.00789473245018413,0.0253660984106795,FALSE,TRUE,-0.00789473245018413,-0.00789473245018413,0.0253660984106795,FALSE,TRUE,-0.00789473245018413
4,25,"UK General Election","ukbge.t1tax","4:2506::ukbge.t1tax","2506","4:2506",0.754736845430575,0.754736845430575,0.210300532118052,0.27970953722915,19,19,19,0.754736845430575,0.754736845430575,0.210300532118052,0.27970953722915,0,-0.0694090051110986,FALSE,FALSE,0,0,-0.0694090051110986,FALSE,FALSE,0
4,25,"UK General Election","ukbge.t1tax","4:2507::ukbge.t1tax","2507","4:2507",0.8523529382313,0.901176466661341,0.175304355677155,0.118631906914352,17,17,17,0.8523529382313,0.901176466661341,0.175304355677155,0.118631906914352,0.0488235284300412,0.0566724487628028,TRUE,TRUE,0.0488235284300412,0.0488235284300412,0.0566724487628028,TRUE,TRUE,0.0488235284300412
4,25,"UK General Election","ukbge.t1tax","4:2508::ukbge.t1tax","2508","4:2508",0.789473683426255,0.717500003427267,0.21274589780235,0.208954158953805,19,20,19,0.789473683426255,0.720000002729265,0.21274589780235,0.214372465539142,-0.0719736799989876,0.00379173884854486,FALSE,TRUE,-0.0719736799989876,-0.0694736806969893,-0.00162656773679212,FALSE,FALSE,-0.0694736806969893
4,25,"UK General Election","ukbge.t1tax","4:2509::ukbge.t1tax","2509","4:2509",0.765294119715691,0.774705885087743,0.202981448385434,0.194458139678684,17,17,17,0.765294119715691,0.774705885087743,0.202981448385434,0.194458139678684,0.00941176537205191,0.00852330870675014,TRUE,TRUE,0.00941176537205191,0.00941176537205191,0.00852330870675014,TRUE,TRUE,0.00941176537205191
4,25,"UK General Election","ukbge.t1tax","4:2510::ukbge.t1tax","2510","4:2510",0.794117647058823,0.861111111111111,0.190494708480246,0.163415341711825,17,18,17,0.794117647058823,0.872352940194747,0.190494708480246,0.161110573005176,0.0669934640522877,0.0270793667684202,TRUE,TRUE,0.0669934640522877,0.0782352931359236,0.0293841354750699,TRUE,TRUE,0.0782352931359236
4,25,"UK General Election","ukbge.t1tax","4:2511::ukbge.t1tax","2511","4:2511",0.754705880494679,0.744705882142572,0.249927928563056,0.283198638289777,17,17,17,0.754705880494679,0.744705882142572,0.249927928563056,0.283198638289777,-0.00999999835210685,-0.0332707097267215,FALSE,FALSE,-0.00999999835210685,-0.00999999835210685,-0.0332707097267215,FALSE,FALSE,-0.00999999835210685
4,25,"UK General Election","ukbge.t1tax","4:2512::ukbge.t1tax","2512","4:2512",0.728421054388347,0.713888892696963,0.249182285610423,0.278063445357684,19,18,18,0.7133333351877,0.713888892696963,0.247314990357604,0.278063445357684,-0.014532161691384,-0.0288811597472608,FALSE,FALSE,-0.014532161691384,0.000555557509263394,-0.0307484550000802,TRUE,FALSE,0.000555557509263394
4,25,"UK General Election","ukbge.t1tax","4:2513::ukbge.t1tax","2513","4:2513",0.858421046482889,0.798421055078506,0.13885496580933,0.196617591244016,19,19,19,0.858421046482889,0.798421055078506,0.13885496580933,0.196617591244016,-0.0599999914043828,-0.0577626254346867,FALSE,FALSE,-0.0599999914043828,-0.0599999914043828,-0.0577626254346867,FALSE,FALSE,-0.0599999914043828
4,25,"UK General Election","ukbge.t1tax","4:2514::ukbge.t1tax","2514","4:2514",0.81599999666214,0.775,0.193863759465744,0.248839408507102,20,20,20,0.81599999666214,0.775,0.193863759465744,0.248839408507102,-0.0409999966621398,-0.0549756490413574,FALSE,FALSE,-0.0409999966621398,-0.0409999966621398,-0.0549756490413574,FALSE,FALSE,-0.0409999966621398
4,25,"UK General Election","ukbge.t1tax","4:2515::ukbge.t1tax","2515","4:2515",0.811333336432775,0.740625004284084,0.216856321854174,0.264334855631997,15,16,15,0.811333336432775,0.756666671236356,0.216856321854174,0.265428672106086,-0.070708332148691,-0.0474785337778231,FALSE,FALSE,-0.070708332148691,-0.0546666651964187,-0.0485723502519121,FALSE,FALSE,-0.0546666651964187
4,25,"UK General Election","ukbge.t1wage","4:2501::ukbge.t1wage","2501","4:2501",0.784117647830178,0.754705883124295,0.347510048606064,0.289333663597464,17,17,16,0.770625000819564,0.78125,0.354278019617644,0.276619471956004,-0.0294117647058824,0.0581763850086003,FALSE,TRUE,-0.0294117647058824,0.0106249991804361,0.0776585476616407,TRUE,TRUE,0.0106249991804361
4,25,"UK General Election","ukbge.t1wage","4:2502::ukbge.t1wage","2502","4:2502",0.904285711191949,0.746190474856468,0.207619157715092,0.308989904444945,21,21,21,0.904285711191949,0.746190474856468,0.207619157715092,0.308989904444945,-0.158095236335482,-0.101370746729852,FALSE,FALSE,-0.158095236335482,-0.158095236335482,-0.101370746729852,FALSE,FALSE,-0.158095236335482
4,25,"UK General Election","ukbge.t1wage","4:2503::ukbge.t1wage","2503","4:2503",0.712777777678437,0.61066666841507,0.360339797522656,0.444159986722224,18,15,15,0.688666666547457,0.61066666841507,0.387351198343492,0.444159986722224,-0.102111109263367,-0.0838201891995674,FALSE,FALSE,-0.102111109263367,-0.0779999981323878,-0.0568087883787323,FALSE,FALSE,-0.0779999981323878
4,25,"UK General Election","ukbge.t1wage","4:2504::ukbge.t1wage","2504","4:2504",0.812941173420233,0.783529407837812,0.269090240896746,0.326610263133778,17,17,17,0.812941173420233,0.783529407837812,0.269090240896746,0.326610263133778,-0.0294117655824212,-0.057520022237032,FALSE,FALSE,-0.0294117655824212,-0.0294117655824212,-0.057520022237032,FALSE,FALSE,-0.0294117655824212
4,25,"UK General Election","ukbge.t1wage","4:2505::ukbge.t1wage","2505","4:2505",0.920526314722864,0.794999995165401,0.170700309518961,0.210552491073703,19,18,18,0.916111109985246,0.794999995165401,0.174529242925474,0.210552491073703,-0.125526319557463,-0.0398521815547416,FALSE,FALSE,-0.125526319557463,-0.121111114819845,-0.036023248148229,FALSE,FALSE,-0.121111114819845
4,25,"UK General Election","ukbge.t1wage","4:2506::ukbge.t1wage","2506","4:2506",0.7866666648123,0.750555558337106,0.382607155087241,0.329392884583081,18,18,17,0.832941174507141,0.735882355886347,0.338503410375436,0.333411509321451,-0.0361111064751943,0.0532142705041599,FALSE,TRUE,-0.0361111064751943,-0.0970588186207939,0.00509190105398555,FALSE,TRUE,-0.0970588186207939
4,25,"UK General Election","ukbge.t1wage","4:2507::ukbge.t1wage","2507","4:2507",0.814117648145732,0.8125,0.304755203699496,0.284382370447355,17,16,16,0.823125000111759,0.8125,0.312403983860971,0.284382370447355,-0.00161764814573173,0.0203728332521412,FALSE,TRUE,-0.00161764814573173,-0.0106250001117587,0.0280216134136166,FALSE,TRUE,-0.0106250001117587
4,25,"UK General Election","ukbge.t1wage","4:2508::ukbge.t1wage","2508","4:2508",0.788947367354443,0.702222214804755,0.3373243515974,0.31013384937615,19,18,17,0.793529410572613,0.694705875480876,0.346391055687276,0.317984226986995,-0.0867251525496878,0.0271905022212499,FALSE,TRUE,-0.0867251525496878,-0.0988235350917367,0.0284068287002808,FALSE,TRUE,-0.0988235350917367
4,25,"UK General Election","ukbge.t1wage","4:2509::ukbge.t1wage","2509","4:2509",0.822941172648879,0.766000000635783,0.238399996402887,0.31407005182119,17,15,15,0.832666662335396,0.766000000635783,0.234869770295145,0.31407005182119,-0.0569411720130958,-0.0756700554183033,FALSE,FALSE,-0.0569411720130958,-0.0666666616996129,-0.0792002815260453,FALSE,FALSE,-0.0666666616996129
4,25,"UK General Election","ukbge.t1wage","4:2510::ukbge.t1wage","2510","4:2510",0.774117643342299,0.741111114621162,0.342418945967856,0.237261056834601,17,18,17,0.774117643342299,0.74529412038186,0.342418945967856,0.243877980267956,-0.0330065287211362,0.105157889133255,FALSE,TRUE,-0.0330065287211362,-0.0288235229604384,0.0985409656998995,FALSE,TRUE,-0.0288235229604384
4,25,"UK General Election","ukbge.t1wage","4:2511::ukbge.t1wage","2511","4:2511",0.872352940194747,0.810666664441427,0.161110573005176,0.344123454456819,17,15,15,0.855333332220713,0.810666664441427,0.164397888011547,0.344123454456819,-0.0616862757533205,-0.183012881451643,FALSE,FALSE,-0.0616862757533205,-0.0446666677792867,-0.179725566445272,FALSE,FALSE,-0.0446666677792867
4,25,"UK General Election","ukbge.t1wage","4:2512::ukbge.t1wage","2512","4:2512",0.767777774069044,0.768333334061835,0.375336014384879,0.214757040169741,18,18,17,0.754117643131929,0.754705883124295,0.382247609097697,0.213193500268991,0.000555559992790222,0.160578974215139,TRUE,TRUE,0.000555559992790222,0.000588239992366124,0.169054108828706,TRUE,TRUE,0.000588239992366124
4,25,"UK General Election","ukbge.t1wage","4:2513::ukbge.t1wage","2513","4:2513",0.788947368922986,0.81444444341792,0.26014727843461,0.241227792318247,19,18,18,0.814444444245762,0.81444444341792,0.242031163025074,0.241227792318247,0.0254970744949335,0.0189194861163629,TRUE,TRUE,0.0254970744949335,-8.27842350226149e-10,0.000803370706826623,FALSE,TRUE,-8.27842350226149e-10
4,25,"UK General Election","ukbge.t1wage","4:2514::ukbge.t1wage","2514","4:2514",0.8,0.693157895615226,0.360963621823501,0.397604669298375,20,19,19,0.789473684210526,0.693157895615226,0.367687573156051,0.397604669298375,-0.106842104384774,-0.0366410474748739,FALSE,FALSE,-0.106842104384774,-0.0963157885953,-0.0299170961423239,FALSE,FALSE,-0.0963157885953
4,25,"UK General Election","ukbge.t1wage","4:2515::ukbge.t1wage","2515","4:2515",0.478000002106031,0.458750005811453,0.426550951242737,0.396986566435908,15,16,15,0.478000002106031,0.489333339532216,0.426550951242737,0.39092320552073,0.019249996294578,0.029564384806828,TRUE,TRUE,0.019249996294578,-0.0113333374261856,0.0356277457220068,FALSE,TRUE,-0.0113333374261856
4,25,"UK General Election","ukbge.t1eu","4:2501::ukbge.t1eu","2501","4:2501",0.511333336432775,0.511428572237492,0.32432053521051,0.316151302205308,15,14,12,0.514166670540969,0.527499999850988,0.365823065391793,0.338878494283136,9.5235804716709e-05,0.008169233005202,TRUE,TRUE,9.5235804716709e-05,0.0133333293100198,0.0269445711086568,TRUE,TRUE,0.0133333293100198
4,25,"UK General Election","ukbge.t1eu","4:2502::ukbge.t1eu","2502","4:2502",0.524499998986721,0.641052631955398,0.333710790796766,0.309208570799732,20,19,18,0.508333330353101,0.648888889286253,0.348851049837992,0.316225697034616,0.116552632968677,0.0245022199970334,TRUE,TRUE,0.116552632968677,0.140555558933152,0.0326253528033763,TRUE,TRUE,0.140555558933152
4,25,"UK General Election","ukbge.t1eu","4:2503::ukbge.t1eu","2503","4:2503",0.440000004002026,0.501538468094972,0.373672007455169,0.340486080522884,14,13,12,0.402500003576279,0.474166675160329,0.365889328166319,0.340359663350769,-0.0615384640929464,0.0331859269322843,FALSE,TRUE,-0.0584615279030014,-0.0716666715840498,0.0255296648155493,FALSE,TRUE,-0.0716666715840498
4,25,"UK General Election","ukbge.t1eu","4:2504::ukbge.t1eu","2504","4:2504",0.458125000819564,0.678666671117147,0.410401732936452,0.270525061795923,16,15,14,0.523571429508073,0.655714290482657,0.396787233511833,0.265147687976347,-0.220541670297583,0.139876671140528,FALSE,TRUE,0.136791671936711,0.132142860974584,0.131639545535486,TRUE,TRUE,0.132142860974584
4,25,"UK General Election","ukbge.t1eu","4:2505::ukbge.t1eu","2505","4:2505",0.570526315977699,0.754705882247756,0.401309988474978,0.257053435306674,19,17,17,0.608235294328016,0.754705882247756,0.398767401266694,0.257053435306674,0.184179566270058,0.144256553168304,TRUE,TRUE,0.184179566270058,0.14647058791974,0.141713965960019,TRUE,TRUE,0.14647058791974
4,25,"UK General Election","ukbge.t1eu","4:2506::ukbge.t1eu","2506","4:2506",0.517777778208256,0.648333335088359,0.356264200893454,0.290440838831776,18,18,18,0.517777778208256,0.648333335088359,0.356264200893454,0.290440838831776,0.130555556880103,0.0658233620616779,TRUE,TRUE,0.130555556880103,0.130555556880103,0.0658233620616779,TRUE,TRUE,0.130555556880103
4,25,"UK General Election","ukbge.t1eu","4:2507::ukbge.t1eu","2507","4:2507",0.333750002086163,0.583124999888241,0.338740313968621,0.33284067489442,16,16,15,0.344666668772697,0.588666666547457,0.347704034431853,0.343757940824202,-0.249374997802079,0.0058996390742016,FALSE,TRUE,-0.0831249980255961,-0.24399999777476,0.00394609360765097,FALSE,TRUE,-0.0666666646798452
4,25,"UK General Election","ukbge.t1eu","4:2508::ukbge.t1eu","2508","4:2508",0.457368423279963,0.59333333455854,0.341025285754234,0.285718904572749,19,18,17,0.432352941702394,0.579411766984884,0.35287266355767,0.288150795801832,-0.135964911278577,0.0553063811814851,FALSE,TRUE,0.0507017578385029,-0.14705882528249,0.0647218677558384,FALSE,TRUE,0.0117647086872774
4,25,"UK General Election","ukbge.t1eu","4:2509::ukbge.t1eu","2509","4:2509",0.520000003716525,0.721333328882853,0.316445096626486,0.161283535339618,17,15,15,0.544666669766108,0.721333328882853,0.304745012017787,0.161283535339618,0.201333325166328,0.155161561286868,TRUE,TRUE,0.201333325166328,0.176666659116745,0.143461476678169,TRUE,TRUE,0.176666659116745
4,25,"UK General Election","ukbge.t1eu","4:2510::ukbge.t1eu","2510","4:2510",0.388888893855943,0.510588238344473,0.291504997244978,0.284966457955815,18,17,17,0.411764711141586,0.510588238344473,0.283333621270353,0.284966457955815,-0.12169934448853,0.00653853928916293,FALSE,TRUE,-0.100522867799584,-0.0988235272028867,-0.00163283668546244,FALSE,FALSE,-0.0776470505139407
4,25,"UK General Election","ukbge.t1eu","4:2511::ukbge.t1eu","2511","4:2511",0.473846153571055,0.566666667660077,0.351722861878206,0.313087539600761,13,15,13,0.473846153571055,0.590000002430035,0.351722861878206,0.285014616339781,-0.092820514089022,0.0386353222774458,FALSE,TRUE,0.0405128212311329,-0.11615384885898,0.0667082455384251,FALSE,TRUE,0.063846156001091
4,25,"UK General Election","ukbge.t1eu","4:2512::ukbge.t1eu","2512","4:2512",0.499999999172158,0.482777782612377,0.365336264640302,0.267071385289349,18,18,17,0.480588235399302,0.501176475602038,0.366886741309052,0.263269880510667,0.017222216559781,0.098264879350953,TRUE,TRUE,0.017222216559781,-0.0205882402027355,0.103616860798385,FALSE,TRUE,-0.0182352889986599
4,25,"UK General Election","ukbge.t1eu","4:2513::ukbge.t1eu","2513","4:2513",0.405000001192093,0.627647063311409,0.344221530134386,0.267290322063462,14,17,13,0.436153847437639,0.590000005868765,0.337108747880731,0.277938840549611,-0.222647062119316,0.0769312080709241,FALSE,TRUE,0.0326470645035014,-0.153846158431126,0.0591699073311202,FALSE,TRUE,0.0261538533064035
4,25,"UK General Election","ukbge.t1eu","4:2514::ukbge.t1eu","2514","4:2514",0.367000006884336,0.620555558138423,0.323062649414652,0.241136332454506,20,18,18,0.389444451365206,0.620555558138423,0.328803040750243,0.241136332454506,-0.253555551254087,0.0819263169601458,FALSE,TRUE,-0.0124444349772401,-0.231111106773217,0.0876667082957371,FALSE,TRUE,0.0100000095036294
4,25,"UK General Election","ukbge.t1eu","4:2515::ukbge.t1eu","2515","4:2515",0.449230771798354,0.427857140345233,0.392395664699909,0.405883241123909,13,14,12,0.403333336114883,0.415833330402772,0.371614004793065,0.38488388119766,0.0213736314531211,-0.0134875764240001,TRUE,FALSE,0.0213736314531211,-0.0124999942878882,-0.0132698764045945,FALSE,FALSE,-0.0124999942878882
5,26,"Australia Republic Referendum","aus.republican1","5:2601::aus.republican1","2601","5:2601",0.736979166666667,0.893229166666667,0.174615152231669,0.141067975143585,16,16,16,0.736979166666667,0.893229166666667,0.174615152231669,0.141067975143585,0.15625,0.0335471770880839,TRUE,TRUE,0.15625,0.15625,0.0335471770880839,TRUE,TRUE,0.15625
5,26,"Australia Republic Referendum","aus.republican1","5:2602::aus.republican1","2602","5:2602",0.563725490196078,0.588235294117647,0.257743634345742,0.261407429034158,17,17,17,0.563725490196078,0.588235294117647,0.257743634345742,0.261407429034158,0.0245098039215687,-0.00366379468841588,TRUE,FALSE,0.0245098039215687,0.0245098039215687,-0.00366379468841588,TRUE,FALSE,0.0245098039215687
5,26,"Australia Republic Referendum","aus.republican1","5:2603::aus.republican1","2603","5:2603",0.5625,0.767857142857143,0.255678041066809,0.33521674871681,14,14,14,0.5625,0.767857142857143,0.255678041066809,0.33521674871681,0.205357142857143,-0.0795387076500009,TRUE,FALSE,0.205357142857143,0.205357142857143,-0.0795387076500009,TRUE,FALSE,0.205357142857143
5,26,"Australia Republic Referendum","aus.republican1","5:2604::aus.republican1","2604","5:2604",0.6875,0.690104166666667,0.30199950944282,0.307306379120493,16,16,16,0.6875,0.690104166666667,0.30199950944282,0.307306379120493,0.00260416666666663,-0.00530686967767335,TRUE,FALSE,0.00260416666666663,0.00260416666666663,-0.00530686967767335,TRUE,FALSE,0.00260416666666663
5,26,"Australia Republic Referendum","aus.republican1","5:2605::aus.republican1","2605","5:2605",0.55448717948718,0.814102564102564,0.26318507132127,0.212877785517774,13,13,13,0.55448717948718,0.814102564102564,0.26318507132127,0.212877785517774,0.259615384615385,0.0503072858034952,TRUE,TRUE,0.259615384615385,0.259615384615385,0.0503072858034952,TRUE,TRUE,0.259615384615385
5,26,"Australia Republic Referendum","aus.republican1","5:2606::aus.republican1","2606","5:2606",0.713541666666667,0.7890625,0.195359947940358,0.207201788164385,16,16,16,0.713541666666667,0.7890625,0.195359947940358,0.207201788164385,0.0755208333333334,-0.011841840224027,TRUE,FALSE,0.0755208333333334,0.0755208333333334,-0.011841840224027,TRUE,FALSE,0.0755208333333334
5,26,"Australia Republic Referendum","aus.republican1","5:2607::aus.republican1","2607","5:2607",0.744444444444444,0.791666666666667,0.234577183516332,0.228760462506853,15,15,15,0.744444444444444,0.791666666666667,0.234577183516332,0.228760462506853,0.0472222222222222,0.00581672100947947,TRUE,TRUE,0.0472222222222222,0.0472222222222222,0.00581672100947947,TRUE,TRUE,0.0472222222222222
5,26,"Australia Republic Referendum","aus.republican1","5:2608::aus.republican1","2608","5:2608",0.6875,0.65625,0.268565681449669,0.261192027543961,12,12,12,0.6875,0.65625,0.268565681449669,0.261192027543961,-0.03125,0.00737365390570838,FALSE,TRUE,-0.03125,-0.03125,0.00737365390570838,FALSE,TRUE,-0.03125
5,26,"Australia Republic Referendum","aus.republican1","5:2609::aus.republican1","2609","5:2609",0.708333333333333,0.8203125,0.174801474695025,0.157907871346977,16,16,16,0.708333333333333,0.8203125,0.174801474695025,0.157907871346977,0.111979166666667,0.0168936033480486,TRUE,TRUE,0.111979166666667,0.111979166666667,0.0168936033480486,TRUE,TRUE,0.111979166666667
5,26,"Australia Republic Referendum","aus.republican1","5:2610::aus.republican1","2610","5:2610",0.630952380952381,0.633928571428571,0.235053834791746,0.287831271163056,14,14,14,0.630952380952381,0.633928571428571,0.235053834791746,0.287831271163056,0.00297619047619047,-0.0527774363713104,TRUE,FALSE,0.00297619047619047,0.00297619047619047,-0.0527774363713104,TRUE,FALSE,0.00297619047619047
5,26,"Australia Republic Referendum","aus.republican1","5:2611::aus.republican1","2611","5:2611",0.755952380952381,0.866071428571429,0.276316363251858,0.163575967273915,14,14,14,0.755952380952381,0.866071428571429,0.276316363251858,0.163575967273915,0.110119047619048,0.112740395977942,TRUE,TRUE,0.110119047619048,0.110119047619048,0.112740395977942,TRUE,TRUE,0.110119047619048
5,26,"Australia Republic Referendum","aus.republican1","5:2612::aus.republican1","2612","5:2612",0.729166666666667,0.851190476190476,0.256720565436329,0.271861601111172,14,14,14,0.729166666666667,0.851190476190476,0.256720565436329,0.271861601111172,0.12202380952381,-0.0151410356748429,TRUE,FALSE,0.12202380952381,0.12202380952381,-0.0151410356748429,TRUE,FALSE,0.12202380952381
5,26,"Australia Republic Referendum","aus.republican1","5:2613::aus.republican1","2613","5:2613",0.6640625,0.765625,0.246488651042178,0.234656466792218,16,16,16,0.6640625,0.765625,0.246488651042178,0.234656466792218,0.1015625,0.0118321842499598,TRUE,TRUE,0.1015625,0.1015625,0.0118321842499598,TRUE,TRUE,0.1015625
5,26,"Australia Republic Referendum","aus.republican1","5:2614::aus.republican1","2614","5:2614",0.803571428571429,0.794642857142857,0.210836609017684,0.203116928317131,14,14,14,0.803571428571429,0.794642857142857,0.210836609017684,0.203116928317131,-0.00892857142857151,0.00771968070055279,FALSE,TRUE,-0.00892857142857151,-0.00892857142857151,0.00771968070055279,FALSE,TRUE,-0.00892857142857151
5,26,"Australia Republic Referendum","aus.republican1","5:2615::aus.republican1","2615","5:2615",0.657738095238095,0.702380952380952,0.227736546642024,0.23277012089598,14,14,14,0.657738095238095,0.702380952380952,0.227736546642024,0.23277012089598,0.0446428571428571,-0.00503357425395634,TRUE,FALSE,0.0446428571428571,0.0446428571428571,-0.00503357425395634,TRUE,FALSE,0.0446428571428571
5,26,"Australia Republic Referendum","aus.republican1","5:2616::aus.republican1","2616","5:2616",0.633333333333333,0.8,0.323975797645931,0.203637555397461,15,15,15,0.633333333333333,0.8,0.323975797645931,0.203637555397461,0.166666666666667,0.12033824224847,TRUE,TRUE,0.166666666666667,0.166666666666667,0.12033824224847,TRUE,TRUE,0.166666666666667
5,26,"Australia Republic Referendum","aus.republican1","5:2617::aus.republican1","2617","5:2617",0.711309523809524,0.758928571428571,0.277573566572152,0.273558074540892,14,14,14,0.711309523809524,0.758928571428571,0.277573566572152,0.273558074540892,0.0476190476190476,0.00401549203126012,TRUE,TRUE,0.0476190476190476,0.0476190476190476,0.00401549203126012,TRUE,TRUE,0.0476190476190476
5,26,"Australia Republic Referendum","aus.republican1","5:2618::aus.republican1","2618","5:2618",0.756944444444444,0.920138888888889,0.211590696618785,0.0964298518611656,12,12,12,0.756944444444444,0.920138888888889,0.211590696618785,0.0964298518611656,0.163194444444444,0.11516084475762,TRUE,TRUE,0.163194444444444,0.163194444444444,0.11516084475762,TRUE,TRUE,0.163194444444444
5,26,"Australia Republic Referendum","aus.republican1","5:2619::aus.republican1","2619","5:2619",0.588888888888889,0.680555555555556,0.29288295150183,0.252795220050584,15,15,15,0.588888888888889,0.680555555555556,0.29288295150183,0.252795220050584,0.0916666666666667,0.0400877314512457,TRUE,TRUE,0.0916666666666667,0.0916666666666667,0.0400877314512457,TRUE,TRUE,0.0916666666666667
5,26,"Australia Republic Referendum","aus.republican1","5:2620::aus.republican1","2620","5:2620",0.604166666666667,0.6796875,0.240562612162344,0.253548314301604,16,16,16,0.604166666666667,0.6796875,0.240562612162344,0.253548314301604,0.0755208333333334,-0.0129857021392603,TRUE,FALSE,0.0755208333333334,0.0755208333333334,-0.0129857021392603,TRUE,FALSE,0.0755208333333334
5,26,"Australia Republic Referendum","aus.republican1","5:2621::aus.republican1","2621","5:2621",0.615384615384615,0.759615384615385,0.237020621315477,0.229579077240398,13,13,13,0.615384615384615,0.759615384615385,0.237020621315477,0.229579077240398,0.144230769230769,0.00744154407507922,TRUE,TRUE,0.144230769230769,0.144230769230769,0.00744154407507922,TRUE,TRUE,0.144230769230769
5,26,"Australia Republic Referendum","aus.republican1","5:2622::aus.republican1","2622","5:2622",0.744444444444444,0.872222222222222,0.228145270716411,0.169226375419336,15,15,15,0.744444444444444,0.872222222222222,0.228145270716411,0.169226375419336,0.127777777777778,0.058918895297075,TRUE,TRUE,0.127777777777778,0.127777777777778,0.058918895297075,TRUE,TRUE,0.127777777777778
5,26,"Australia Republic Referendum","aus.republican1","5:2623::aus.republican1","2623","5:2623",0.641025641025641,0.778846153846154,0.241486080479863,0.184297194336907,13,13,13,0.641025641025641,0.778846153846154,0.241486080479863,0.184297194336907,0.137820512820513,0.0571888861429559,TRUE,TRUE,0.137820512820513,0.137820512820513,0.0571888861429559,TRUE,TRUE,0.137820512820513
5,26,"Australia Republic Referendum","aus.republican1","5:2624::aus.republican1","2624","5:2624",0.647435897435897,0.717948717948718,0.268211338196807,0.241854480511711,13,13,13,0.647435897435897,0.717948717948718,0.268211338196807,0.241854480511711,0.0705128205128205,0.0263568576850956,TRUE,TRUE,0.0705128205128205,0.0705128205128205,0.0263568576850956,TRUE,TRUE,0.0705128205128205
5,26,"Australia Republic Referendum","aus.popparl1","5:2601::aus.popparl1","2601","5:2601",0.683333333333333,0.363636363636364,0.29072978781647,0.323334895341432,15,11,10,0.6,0.4,0.316227766016838,0.316227766016838,-0.31969696969697,-0.0326051075249619,FALSE,FALSE,-0.046969696969697,-0.2,-5.55111512312578e-17,FALSE,FALSE,0
5,26,"Australia Republic Referendum","aus.popparl1","5:2602::aus.popparl1","2602","5:2602",0.705882352941177,0.275,0.282777713573962,0.275126233653653,17,10,10,0.7,0.275,0.258198889747161,0.275126233653653,-0.430882352941176,0.00765147992030896,FALSE,TRUE,0.0191176470588235,-0.425,-0.0169273439064918,FALSE,FALSE,0.025
5,26,"Australia Republic Referendum","aus.popparl1","5:2603::aus.popparl1","2603","5:2603",0.545454545454545,0.285714285714286,0.350324524872685,0.224933852710609,11,7,6,0.5,0.291666666666667,0.387298334620742,0.245798020062544,-0.25974025974026,0.125390672162076,FALSE,TRUE,0.168831168831169,NA,0.141500314558198,NA,TRUE,0.208333333333333
5,26,"Australia Republic Referendum","aus.popparl1","5:2604::aus.popparl1","2604","5:2604",0.660714285714286,0.363636363636364,0.287682097133257,0.323334895341432,14,11,10,0.625,0.375,0.338501600193165,0.338501600193165,-0.297077922077922,-0.0356527982081742,FALSE,FALSE,-0.0243506493506493,-0.25,0,FALSE,FALSE,0
5,26,"Australia Republic Referendum","aus.popparl1","5:2605::aus.popparl1","2605","5:2605",0.8125,0.4,0.21650635094611,0.37638632635454,12,10,9,0.861111111111111,0.416666666666667,0.131761569173682,0.395284707521047,-0.4125,-0.159879975408431,FALSE,FALSE,-0.2125,-0.444444444444444,-0.263523138347365,FALSE,FALSE,-0.277777777777778
5,26,"Australia Republic Referendum","aus.popparl1","5:2606::aus.popparl1","2606","5:2606",0.55,0.277777777777778,0.380319414627832,0.363241578628389,15,9,9,0.527777777777778,0.277777777777778,0.458333333333333,0.363241578628389,-0.272222222222222,0.017077835999443,FALSE,TRUE,0.172222222222222,-0.25,0.0950917547049439,FALSE,TRUE,0.194444444444444
5,26,"Australia Republic Referendum","aus.popparl1","5:2607::aus.popparl1","2607","5:2607",0.5,0.25,0.353553390593274,0.25,14,13,12,0.479166666666667,0.25,0.344738592225612,0.261116483933547,NA,0.103553390593274,NA,TRUE,0.25,0.229166666666667,0.0836221082920655,TRUE,TRUE,0.229166666666667
5,26,"Australia Republic Referendum","aus.popparl1","5:2608::aus.popparl1","2608","5:2608",0.625,0.25,0.400891862868637,0.204124145231932,8,10,7,0.571428571428571,0.178571428571429,0.400891862868637,0.121987509118567,-0.375,0.196767717636705,FALSE,TRUE,0.125,-0.392857142857143,0.27890435375007,FALSE,TRUE,0.25
5,26,"Australia Republic Referendum","aus.popparl1","5:2609::aus.popparl1","2609","5:2609",0.734375,0.384615384615385,0.309148696692492,0.262507631146709,16,13,13,0.769230769230769,0.384615384615385,0.259437260831385,0.262507631146709,-0.349759615384615,0.0466410655457838,FALSE,TRUE,-0.118990384615385,-0.384615384615385,-0.00307037031532326,FALSE,FALSE,-0.153846153846154
5,26,"Australia Republic Referendum","aus.popparl1","5:2610::aus.popparl1","2610","5:2610",0.479166666666667,0.4375,0.344738592225612,0.339200262649984,12,12,11,0.522727272727273,0.386363636363636,0.32508740083525,0.303389938108459,0.0416666666666667,0.00553832957562822,TRUE,TRUE,0.0416666666666667,-0.136363636363636,0.0216974627267906,FALSE,TRUE,0.0909090909090909
5,26,"Australia Republic Referendum","aus.popparl1","5:2611::aus.popparl1","2611","5:2611",0.653846153846154,0.181818181818182,0.298231969601362,0.226133508433323,13,11,11,0.636363636363636,0.181818181818182,0.323334895341432,0.226133508433323,-0.472027972027972,0.0720984611680392,FALSE,TRUE,0.164335664335664,-0.454545454545455,0.097201386908109,FALSE,TRUE,0.181818181818182
5,26,"Australia Republic Referendum","aus.popparl1","5:2612::aus.popparl1","2612","5:2612",0.6875,0.388888888888889,0.284545091489748,0.28259708263022,12,9,8,0.78125,0.40625,0.247757802241279,0.296933734791355,-0.298611111111111,0.00194800885952856,FALSE,TRUE,-0.0763888888888889,-0.375,-0.0491759325500765,FALSE,FALSE,-0.1875
5,26,"Australia Republic Referendum","aus.popparl1","5:2613::aus.popparl1","2613","5:2613",0.730769230769231,0.409090909090909,0.296885542997677,0.280016233295662,13,11,10,0.725,0.45,0.275126233653653,0.258198889747161,-0.321678321678322,0.0168693097020147,FALSE,TRUE,-0.13986013986014,-0.275,0.0169273439064919,FALSE,TRUE,-0.175
5,26,"Australia Republic Referendum","aus.popparl1","5:2614::aus.popparl1","2614","5:2614",0.589285714285714,0.125,0.31936148521974,0.136930639376292,14,6,6,0.583333333333333,0.125,0.37638632635454,0.136930639376292,-0.464285714285714,0.182430845843449,FALSE,TRUE,0.285714285714286,-0.458333333333333,0.239455686978249,FALSE,TRUE,0.291666666666667
5,26,"Australia Republic Referendum","aus.popparl1","5:2615::aus.popparl1","2615","5:2615",0.75,0.519230769230769,0.25,0.31393899456374,13,13,12,0.729166666666667,0.541666666666667,0.249051229973905,0.316826116156462,-0.230769230769231,-0.0639389945637405,FALSE,FALSE,-0.230769230769231,-0.1875,-0.0677748861825564,FALSE,FALSE,-0.1875
5,26,"Australia Republic Referendum","aus.popparl1","5:2616::aus.popparl1","2616","5:2616",0.766666666666667,0.25,0.175932887637249,0.240192230707631,15,14,14,0.767857142857143,0.25,0.182511477886843,0.240192230707631,-0.516666666666667,-0.0642593430703815,FALSE,FALSE,-0.0166666666666667,-0.517857142857143,-0.0576807528207878,FALSE,FALSE,-0.0178571428571429
5,26,"Australia Republic Referendum","aus.popparl1","5:2617::aus.popparl1","2617","5:2617",0.604166666666667,0.225,0.327843042637877,0.218898758942728,12,10,8,0.5625,0.25,0.258774584753383,0.231455024943138,-0.379166666666667,0.108944283695148,FALSE,TRUE,0.170833333333333,-0.3125,0.027319559810245,FALSE,TRUE,0.1875
5,26,"Australia Republic Referendum","aus.popparl1","5:2618::aus.popparl1","2618","5:2618",0.6875,0.214285714285714,0.284545091489748,0.0944911182523068,12,7,7,0.678571428571429,0.214285714285714,0.313391585264004,0.0944911182523068,-0.473214285714286,0.190053973237441,FALSE,TRUE,0.0982142857142857,-0.464285714285714,0.218900467011698,FALSE,TRUE,0.107142857142857
5,26,"Australia Republic Referendum","aus.popparl1","5:2619::aus.popparl1","2619","5:2619",0.666666666666667,0.442307692307692,0.278174320132093,0.308792104987424,15,13,13,0.692307692307692,0.442307692307692,0.272982107049584,0.308792104987424,-0.224358974358974,-0.0306177848553303,FALSE,FALSE,-0.108974358974359,-0.25,-0.0358099979378393,FALSE,FALSE,-0.134615384615385
5,26,"Australia Republic Referendum","aus.popparl1","5:2620::aus.popparl1","2620","5:2620",0.634615384615385,0.519230769230769,0.332531085880588,0.360288346061446,13,13,11,0.590909090909091,0.545454545454545,0.340454242019527,0.350324524872685,-0.115384615384615,-0.0277572601808579,FALSE,FALSE,-0.115384615384615,-0.0454545454545455,-0.00987028285315794,FALSE,FALSE,-0.0454545454545455
5,26,"Australia Republic Referendum","aus.popparl1","5:2621::aus.popparl1","2621","5:2621",0.75,0.25,0.25,0,13,10,10,0.775,0.25,0.218898758942728,0,-0.5,0.25,FALSE,TRUE,0,-0.525,0.218898758942728,FALSE,TRUE,-0.025
5,26,"Australia Republic Referendum","aus.popparl1","5:2622::aus.popparl1","2622","5:2622",0.642857142857143,0.403846153846154,0.400891862868637,0.298231969601362,14,13,12,0.645833333333333,0.416666666666667,0.405338429493482,0.307728727448332,-0.239010989010989,0.102659893267275,FALSE,TRUE,-0.0467032967032968,-0.229166666666667,0.0976097020451501,FALSE,TRUE,-0.0625
5,26,"Australia Republic Referendum","aus.popparl1","5:2623::aus.popparl1","2623","5:2623",0.833333333333333,0.3125,0.123091490979333,0.284545091489748,12,12,11,0.818181818181818,0.318181818181818,0.116774841624228,0.297718598069324,-0.520833333333333,-0.161453600510415,FALSE,FALSE,-0.145833333333333,-0.5,-0.180943756445095,FALSE,FALSE,-0.136363636363636
5,26,"Australia Republic Referendum","aus.popparl1","5:2624::aus.popparl1","2624","5:2624",0.645833333333333,0.409090909090909,0.310028102343036,0.39167472590032,12,11,10,0.65,0.425,0.293446947694317,0.409097923621119,-0.236742424242424,-0.0816466235572837,FALSE,FALSE,-0.0549242424242424,-0.225,-0.115650975926802,FALSE,FALSE,-0.075
6,27,"UK Crime","ukcrime.rootcauset1","6:2701::ukcrime.rootcauset1","2701","6:2701",0.784313725490196,0.879901960784314,0.1474871214052,0.0831800060032025,17,17,17,0.784313725490196,0.879901960784314,0.1474871214052,0.0831800060032025,0.0955882352941176,0.0643071154019973,TRUE,TRUE,0.0955882352941176,0.0955882352941176,0.0643071154019973,TRUE,TRUE,0.0955882352941176
6,27,"UK Crime","ukcrime.rootcauset1","6:2702::ukcrime.rootcauset1","2702","6:2702",0.82843137254902,0.848039215686274,0.151584765647708,0.13253437092741,17,17,17,0.82843137254902,0.848039215686274,0.151584765647708,0.13253437092741,0.0196078431372548,0.0190503947202986,TRUE,TRUE,0.0196078431372548,0.0196078431372548,0.0190503947202986,TRUE,TRUE,0.0196078431372548
6,27,"UK Crime","ukcrime.rootcauset1","6:2703::ukcrime.rootcauset1","2703","6:2703",0.808823529411765,0.877450980392157,0.247846113704515,0.106709167390758,17,17,17,0.808823529411765,0.877450980392157,0.247846113704515,0.106709167390758,0.0686274509803921,0.141136946313757,TRUE,TRUE,0.0686274509803921,0.0686274509803921,0.141136946313757,TRUE,TRUE,0.0686274509803921
6,27,"UK Crime","ukcrime.rootcauset1","6:2704::ukcrime.rootcauset1","2704","6:2704",0.75,0.8,0.169616748199702,0.140152977645347,15,15,15,0.75,0.8,0.169616748199702,0.140152977645347,0.05,0.0294637705543555,TRUE,TRUE,0.05,0.05,0.0294637705543555,TRUE,TRUE,0.05
6,27,"UK Crime","ukcrime.rootcauset1","6:2705::ukcrime.rootcauset1","2705","6:2705",0.78125,0.8359375,0.212731355539398,0.129519008686413,16,16,16,0.78125,0.8359375,0.212731355539398,0.129519008686413,0.0546875,0.0832123468529848,TRUE,TRUE,0.0546875,0.0546875,0.0832123468529848,TRUE,TRUE,0.0546875
6,27,"UK Crime","ukcrime.rootcauset1","6:2706::ukcrime.rootcauset1","2706","6:2706",0.797619047619048,0.833333333333333,0.152312255577229,0.126592420885458,14,14,14,0.797619047619048,0.833333333333333,0.152312255577229,0.126592420885458,0.0357142857142858,0.0257198346917709,TRUE,TRUE,0.0357142857142858,0.0357142857142858,0.0257198346917709,TRUE,TRUE,0.0357142857142858
6,27,"UK Crime","ukcrime.rootcauset1","6:2707::ukcrime.rootcauset1","2707","6:2707",0.68939393939394,0.787878787878788,0.190361166568641,0.0940126791362944,11,11,11,0.68939393939394,0.787878787878788,0.190361166568641,0.0940126791362944,0.0984848484848484,0.0963484874323462,TRUE,TRUE,0.0984848484848484,0.0984848484848484,0.0963484874323462,TRUE,TRUE,0.0984848484848484
6,27,"UK Crime","ukcrime.rootcauset1","6:2708::ukcrime.rootcauset1","2708","6:2708",0.75,0.83974358974359,0.186338998124983,0.138031541876147,13,13,13,0.75,0.83974358974359,0.186338998124983,0.138031541876147,0.0897435897435898,0.0483074562488354,TRUE,TRUE,0.0897435897435898,0.0897435897435898,0.0483074562488354,TRUE,TRUE,0.0897435897435898
6,27,"UK Crime","ukcrime.rootcauset1","6:2709::ukcrime.rootcauset1","2709","6:2709",0.802083333333333,0.848958333333333,0.171796067734069,0.136824942224782,16,16,16,0.802083333333333,0.848958333333333,0.171796067734069,0.136824942224782,0.046875,0.0349711255092877,TRUE,TRUE,0.046875,0.046875,0.0349711255092877,TRUE,TRUE,0.046875
6,27,"UK Crime","ukcrime.rootcauset1","6:2710::ukcrime.rootcauset1","2710","6:2710",0.833333333333333,0.858333333333333,0.20167945650116,0.147566234792359,15,15,15,0.833333333333333,0.858333333333333,0.20167945650116,0.147566234792359,0.0249999999999999,0.0541132217088006,TRUE,TRUE,0.0249999999999999,0.0249999999999999,0.0541132217088006,TRUE,TRUE,0.0249999999999999
6,27,"UK Crime","ukcrime.rootcauset1","6:2711::ukcrime.rootcauset1","2711","6:2711",0.773148148148148,0.784313725490196,0.139459611705406,0.184133725205813,18,17,17,0.769607843137255,0.784313725490196,0.142915487618757,0.184133725205813,0.0111655773420479,-0.0446741135004076,TRUE,FALSE,0.0111655773420479,0.0147058823529411,-0.0412182375870559,TRUE,FALSE,0.0147058823529411
6,27,"UK Crime","ukcrime.rootcauset1","6:2712::ukcrime.rootcauset1","2712","6:2712",0.827777777777778,0.861111111111111,0.135351785433757,0.143187448830704,15,15,15,0.827777777777778,0.861111111111111,0.135351785433757,0.143187448830704,0.0333333333333334,-0.007835663396947,TRUE,FALSE,0.0333333333333334,0.0333333333333334,-0.007835663396947,TRUE,FALSE,0.0333333333333334
6,27,"UK Crime","ukcrime.rootcauset1","6:2713::ukcrime.rootcauset1","2713","6:2713",0.833333333333333,0.868055555555556,0.158910431540932,0.109281014212626,12,12,12,0.833333333333333,0.868055555555556,0.158910431540932,0.109281014212626,0.0347222222222222,0.0496294173283065,TRUE,TRUE,0.0347222222222222,0.0347222222222222,0.0496294173283065,TRUE,TRUE,0.0347222222222222
6,27,"UK Crime","ukcrime.rootcauset1","6:2714::ukcrime.rootcauset1","2714","6:2714",0.768518518518518,0.800925925925926,0.16802280510569,0.111213188405135,18,18,18,0.768518518518518,0.800925925925926,0.16802280510569,0.111213188405135,0.0324074074074074,0.0568096167005549,TRUE,TRUE,0.0324074074074074,0.0324074074074074,0.0568096167005549,TRUE,TRUE,0.0324074074074074
6,27,"UK Crime","ukcrime.rootcauset1","6:2715::ukcrime.rootcauset1","2715","6:2715",0.744791666666667,0.765625,0.191167829115908,0.19297560294849,16,16,16,0.744791666666667,0.765625,0.191167829115908,0.19297560294849,0.0208333333333334,-0.00180777383258249,TRUE,FALSE,0.0208333333333334,0.0208333333333334,-0.00180777383258249,TRUE,FALSE,0.0208333333333334
6,27,"UK Crime","ukcrime.rootcauset1","6:2716::ukcrime.rootcauset1","2716","6:2716",0.798611111111111,0.902777777777778,0.156743748499271,0.122233700103848,12,12,12,0.798611111111111,0.902777777777778,0.156743748499271,0.122233700103848,0.104166666666667,0.0345100483954229,TRUE,TRUE,0.104166666666667,0.104166666666667,0.0345100483954229,TRUE,TRUE,0.104166666666667
6,27,"UK Crime","ukcrime.rootcauset1","6:2717::ukcrime.rootcauset1","2717","6:2717",0.846153846153846,0.846153846153846,0.117093237254874,0.0952953124828109,13,13,13,0.846153846153846,0.846153846153846,0.117093237254874,0.0952953124828109,0,0.0217979247720631,FALSE,TRUE,0,0,0.0217979247720631,FALSE,TRUE,0
6,27,"UK Crime","ukcrime.rootcauset1","6:2718::ukcrime.rootcauset1","2718","6:2718",0.774509803921569,0.82843137254902,0.231549554260921,0.157207036380633,17,17,17,0.774509803921569,0.82843137254902,0.231549554260921,0.157207036380633,0.0539215686274509,0.0743425178802883,TRUE,TRUE,0.0539215686274509,0.0539215686274509,0.0743425178802883,TRUE,TRUE,0.0539215686274509
6,27,"UK Crime","ukcrime.rootcauset1","6:2719::ukcrime.rootcauset1","2719","6:2719",0.743589743589744,0.807692307692308,0.202591824349966,0.174750534441956,13,13,13,0.743589743589744,0.807692307692308,0.202591824349966,0.174750534441956,0.0641025641025641,0.0278412899080095,TRUE,TRUE,0.0641025641025641,0.0641025641025641,0.0278412899080095,TRUE,TRUE,0.0641025641025641
6,27,"UK Crime","ukcrime.rootcauset1","6:2720::ukcrime.rootcauset1","2720","6:2720",0.791666666666667,0.833333333333333,0.141534629268074,0.122299897617557,14,14,14,0.791666666666667,0.833333333333333,0.141534629268074,0.122299897617557,0.0416666666666667,0.0192347316505173,TRUE,TRUE,0.0416666666666667,0.0416666666666667,0.0192347316505173,TRUE,TRUE,0.0416666666666667
6,27,"UK Crime","ukcrime.policet1","6:2701::ukcrime.policet1","2701","6:2701",0.625,0.529411764705882,0.229639663385923,0.195303308607256,17,17,17,0.625,0.529411764705882,0.229639663385923,0.195303308607256,-0.0955882352941176,0.0343363547786667,FALSE,TRUE,-0.0955882352941176,-0.0955882352941176,0.0343363547786667,FALSE,TRUE,-0.0955882352941176
6,27,"UK Crime","ukcrime.policet1","6:2702::ukcrime.policet1","2702","6:2702",0.676470588235294,0.558823529411765,0.182532229225094,0.207842559192685,17,17,17,0.676470588235294,0.558823529411765,0.182532229225094,0.207842559192685,-0.117647058823529,-0.0253103299675906,FALSE,FALSE,-0.117647058823529,-0.117647058823529,-0.0253103299675906,FALSE,FALSE,-0.117647058823529
6,27,"UK Crime","ukcrime.policet1","6:2703::ukcrime.policet1","2703","6:2703",0.654411764705882,0.580882352941177,0.255904537577865,0.253649828097946,17,17,17,0.654411764705882,0.580882352941177,0.255904537577865,0.253649828097946,-0.0735294117647058,0.00225470947991924,FALSE,TRUE,-0.0735294117647058,-0.0735294117647058,0.00225470947991924,FALSE,TRUE,-0.0735294117647058
6,27,"UK Crime","ukcrime.policet1","6:2704::ukcrime.policet1","2704","6:2704",0.675,0.591666666666667,0.181757294999992,0.223939298748142,15,15,15,0.675,0.591666666666667,0.181757294999992,0.223939298748142,-0.0833333333333334,-0.0421820037481493,FALSE,FALSE,-0.0833333333333334,-0.0833333333333334,-0.0421820037481493,FALSE,FALSE,-0.0833333333333334
6,27,"UK Crime","ukcrime.policet1","6:2705::ukcrime.policet1","2705","6:2705",0.59375,0.53125,0.21650635094611,0.221265300789196,16,16,16,0.59375,0.53125,0.21650635094611,0.221265300789196,-0.0625,-0.00475894984308625,FALSE,FALSE,-0.0625,-0.0625,-0.00475894984308625,FALSE,FALSE,-0.0625
6,27,"UK Crime","ukcrime.policet1","6:2706::ukcrime.policet1","2706","6:2706",0.633928571428571,0.598214285714286,0.166007165872077,0.177986679955996,14,14,14,0.633928571428571,0.598214285714286,0.166007165872077,0.177986679955996,-0.0357142857142857,-0.0119795140839197,FALSE,FALSE,-0.0357142857142857,-0.0357142857142857,-0.0119795140839197,FALSE,FALSE,-0.0357142857142857
6,27,"UK Crime","ukcrime.policet1","6:2707::ukcrime.policet1","2707","6:2707",0.681818181818182,0.670454545454545,0.141019018704442,0.225504484938266,11,11,11,0.681818181818182,0.670454545454545,0.141019018704442,0.225504484938266,-0.0113636363636364,-0.0844854662338247,FALSE,FALSE,-0.0113636363636364,-0.0113636363636364,-0.0844854662338247,FALSE,FALSE,-0.0113636363636364
6,27,"UK Crime","ukcrime.policet1","6:2708::ukcrime.policet1","2708","6:2708",0.586538461538462,0.528846153846154,0.147766491118372,0.145718819508581,13,13,13,0.586538461538462,0.528846153846154,0.147766491118372,0.145718819508581,-0.0576923076923077,0.00204767160979114,FALSE,TRUE,-0.0576923076923077,-0.0576923076923077,0.00204767160979114,FALSE,TRUE,-0.0576923076923077
6,27,"UK Crime","ukcrime.policet1","6:2709::ukcrime.policet1","2709","6:2709",0.7109375,0.640625,0.169058360238903,0.170018381359193,16,16,16,0.7109375,0.640625,0.169058360238903,0.170018381359193,-0.0703125,-0.000960021120290144,FALSE,FALSE,-0.0703125,-0.0703125,-0.000960021120290144,FALSE,FALSE,-0.0703125
6,27,"UK Crime","ukcrime.policet1","6:2710::ukcrime.policet1","2710","6:2710",0.683333333333333,0.625,0.18819316317727,0.125,15,15,15,0.683333333333333,0.625,0.18819316317727,0.125,-0.0583333333333333,0.0631931631772702,FALSE,TRUE,-0.0583333333333333,-0.0583333333333333,0.0631931631772702,FALSE,TRUE,-0.0583333333333333
6,27,"UK Crime","ukcrime.policet1","6:2711::ukcrime.policet1","2711","6:2711",0.680555555555556,0.527777777777778,0.219550938005477,0.240845460716436,18,18,18,0.680555555555556,0.527777777777778,0.219550938005477,0.240845460716436,-0.152777777777778,-0.0212945227109588,FALSE,FALSE,-0.152777777777778,-0.152777777777778,-0.0212945227109588,FALSE,FALSE,-0.152777777777778
6,27,"UK Crime","ukcrime.policet1","6:2712::ukcrime.policet1","2712","6:2712",0.716666666666667,0.616666666666667,0.203027678150636,0.208452346958198,15,15,15,0.716666666666667,0.616666666666667,0.203027678150636,0.208452346958198,-0.1,-0.00542466880756234,FALSE,FALSE,-0.1,-0.1,-0.00542466880756234,FALSE,FALSE,-0.1
6,27,"UK Crime","ukcrime.policet1","6:2713::ukcrime.policet1","2713","6:2713",0.552083333333333,0.53125,0.209560778050115,0.177778270990477,12,12,12,0.552083333333333,0.53125,0.209560778050115,0.177778270990477,-0.0208333333333334,0.0317825070596379,FALSE,TRUE,-0.0208333333333334,-0.0208333333333334,0.0317825070596379,FALSE,TRUE,-0.0208333333333334
6,27,"UK Crime","ukcrime.policet1","6:2714::ukcrime.policet1","2714","6:2714",0.666666666666667,0.611111111111111,0.234834109156931,0.226420714311392,18,18,18,0.666666666666667,0.611111111111111,0.234834109156931,0.226420714311392,-0.0555555555555555,0.00841339484553896,FALSE,TRUE,-0.0555555555555555,-0.0555555555555555,0.00841339484553896,FALSE,TRUE,-0.0555555555555555
6,27,"UK Crime","ukcrime.policet1","6:2715::ukcrime.policet1","2715","6:2715",0.6484375,0.609375,0.165948975591897,0.19297560294849,16,16,16,0.6484375,0.609375,0.165948975591897,0.19297560294849,-0.0390625,-0.0270266273565933,FALSE,FALSE,-0.0390625,-0.0390625,-0.0270266273565933,FALSE,FALSE,-0.0390625
6,27,"UK Crime","ukcrime.policet1","6:2716::ukcrime.policet1","2716","6:2716",0.708333333333333,0.708333333333333,0.187184077281907,0.187184077281907,12,12,12,0.708333333333333,0.708333333333333,0.187184077281907,0.187184077281907,0,0,FALSE,FALSE,0,0,0,FALSE,FALSE,0
6,27,"UK Crime","ukcrime.policet1","6:2717::ukcrime.policet1","2717","6:2717",0.615384615384615,0.548076923076923,0.180144173030723,0.180699318177307,13,13,13,0.615384615384615,0.548076923076923,0.180144173030723,0.180699318177307,-0.0673076923076923,-0.000555145146583835,FALSE,FALSE,-0.0673076923076923,-0.0673076923076923,-0.000555145146583835,FALSE,FALSE,-0.0673076923076923
6,27,"UK Crime","ukcrime.policet1","6:2718::ukcrime.policet1","2718","6:2718",0.595588235294118,0.573529411764706,0.270739048445069,0.254102370523933,17,17,17,0.595588235294118,0.573529411764706,0.270739048445069,0.254102370523933,-0.0220588235294118,0.0166366779211351,FALSE,TRUE,-0.0220588235294118,-0.0220588235294118,0.0166366779211351,FALSE,TRUE,-0.0220588235294118
6,27,"UK Crime","ukcrime.policet1","6:2719::ukcrime.policet1","2719","6:2719",0.625,0.576923076923077,0.125,0.27261494870313,13,13,13,0.625,0.576923076923077,0.125,0.27261494870313,-0.0480769230769231,-0.14761494870313,FALSE,FALSE,-0.0480769230769231,-0.0480769230769231,-0.14761494870313,FALSE,FALSE,-0.0480769230769231
6,27,"UK Crime","ukcrime.policet1","6:2720::ukcrime.policet1","2720","6:2720",0.607142857142857,0.598214285714286,0.175802711601936,0.111572796912998,14,14,14,0.607142857142857,0.598214285714286,0.175802711601936,0.111572796912998,-0.0089285714285714,0.0642299146889382,FALSE,TRUE,-0.0089285714285714,-0.0089285714285714,0.0642299146889382,FALSE,TRUE,-0.0089285714285714
6,27,"UK Crime","ukcrime.punisht1","6:2701::ukcrime.punisht1","2701","6:2701",0.623529411764706,0.605987394957983,0.0843806733749837,0.147956254671165,17,17,17,0.623529411764706,0.605987394957983,0.0843806733749837,0.147956254671165,-0.0175420168067227,-0.0635755812961809,FALSE,FALSE,-0.0175420168067227,-0.0175420168067227,-0.0635755812961809,FALSE,FALSE,-0.0175420168067227
6,27,"UK Crime","ukcrime.punisht1","6:2702::ukcrime.punisht1","2702","6:2702",0.627088107970461,0.492647058823529,0.156827936734389,0.191257806340189,17,17,17,0.627088107970461,0.492647058823529,0.156827936734389,0.191257806340189,-0.134441049146931,-0.0344298696057994,FALSE,FALSE,-0.11973516679399,-0.134441049146931,-0.0344298696057994,FALSE,FALSE,-0.11973516679399
6,27,"UK Crime","ukcrime.punisht1","6:2703::ukcrime.punisht1","2703","6:2703",0.680322128851541,0.5796918767507,0.167269380894952,0.163442707823964,17,17,17,0.680322128851541,0.5796918767507,0.167269380894952,0.163442707823964,-0.10063025210084,0.00382667307098838,FALSE,TRUE,-0.10063025210084,-0.10063025210084,0.00382667307098838,FALSE,TRUE,-0.10063025210084
6,27,"UK Crime","ukcrime.punisht1","6:2704::ukcrime.punisht1","2704","6:2704",0.580714285714286,0.503028083028083,0.161658350902716,0.172777697238286,15,15,15,0.580714285714286,0.503028083028083,0.161658350902716,0.172777697238286,-0.0776862026862027,-0.0111193463355695,FALSE,FALSE,-0.0776862026862027,-0.0776862026862027,-0.0111193463355695,FALSE,FALSE,-0.0776862026862027
6,27,"UK Crime","ukcrime.punisht1","6:2705::ukcrime.punisht1","2705","6:2705",0.543824404761905,0.522321428571429,0.181940295472938,0.203955823844579,16,16,16,0.543824404761905,0.522321428571429,0.181940295472938,0.203955823844579,-0.0215029761904761,-0.0220155283716408,FALSE,FALSE,-0.0215029761904761,-0.0215029761904761,-0.0220155283716408,FALSE,FALSE,-0.0215029761904761
6,27,"UK Crime","ukcrime.punisht1","6:2706::ukcrime.punisht1","2706","6:2706",0.479081632653061,0.34515306122449,0.192399127299974,0.172229549379888,14,14,14,0.479081632653061,0.34515306122449,0.192399127299974,0.172229549379888,0.133928571428571,0.0201695779200857,TRUE,TRUE,0.133928571428571,0.133928571428571,0.0201695779200857,TRUE,TRUE,0.133928571428571
6,27,"UK Crime","ukcrime.punisht1","6:2707::ukcrime.punisht1","2707","6:2707",0.524891774891775,0.461580086580087,0.175814797799073,0.236972406536063,11,11,11,0.524891774891775,0.461580086580087,0.175814797799073,0.236972406536063,-0.0633116883116883,-0.0611576087369898,FALSE,FALSE,0.0135281385281386,-0.0633116883116883,-0.0611576087369898,FALSE,FALSE,0.0135281385281386
6,27,"UK Crime","ukcrime.punisht1","6:2708::ukcrime.punisht1","2708","6:2708",0.619230769230769,0.67051282051282,0.168028623256927,0.180810142669895,13,13,13,0.619230769230769,0.67051282051282,0.168028623256927,0.180810142669895,0.0512820512820512,-0.012781519412968,TRUE,FALSE,0.0512820512820512,0.0512820512820512,-0.012781519412968,TRUE,FALSE,0.0512820512820512
6,27,"UK Crime","ukcrime.punisht1","6:2709::ukcrime.punisht1","2709","6:2709",0.584375,0.527046130952381,0.134916812504211,0.119327442711992,16,16,16,0.584375,0.527046130952381,0.134916812504211,0.119327442711992,-0.057328869047619,0.0155893697922188,FALSE,TRUE,-0.057328869047619,-0.057328869047619,0.0155893697922188,FALSE,TRUE,-0.057328869047619
6,27,"UK Crime","ukcrime.punisht1","6:2710::ukcrime.punisht1","2710","6:2710",0.566904761904762,0.480515873015873,0.162116083577737,0.189732613600412,15,15,15,0.566904761904762,0.480515873015873,0.162116083577737,0.189732613600412,-0.0863888888888889,-0.0276165300226752,FALSE,FALSE,-0.0474206349206349,-0.0863888888888889,-0.0276165300226752,FALSE,FALSE,-0.0474206349206349
6,27,"UK Crime","ukcrime.punisht1","6:2711::ukcrime.punisht1","2711","6:2711",0.593855218855219,0.527945665445665,0.144227099859865,0.187207310388184,18,18,18,0.593855218855219,0.527945665445665,0.144227099859865,0.187207310388184,-0.0659095534095534,-0.0429802105283185,FALSE,FALSE,-0.0659095534095534,-0.0659095534095534,-0.0429802105283185,FALSE,FALSE,-0.0659095534095534
6,27,"UK Crime","ukcrime.punisht1","6:2712::ukcrime.punisht1","2712","6:2712",0.647460317460318,0.614798534798535,0.136610795503956,0.14710352774667,15,15,15,0.647460317460318,0.614798534798535,0.136610795503956,0.14710352774667,-0.0326617826617827,-0.010492732242714,FALSE,FALSE,-0.0326617826617827,-0.0326617826617827,-0.010492732242714,FALSE,FALSE,-0.0326617826617827
6,27,"UK Crime","ukcrime.punisht1","6:2713::ukcrime.punisht1","2713","6:2713",0.541287878787879,0.526488095238095,0.13433465263316,0.149817903796852,12,12,12,0.541287878787879,0.526488095238095,0.13433465263316,0.149817903796852,-0.0147997835497835,-0.0154832511636927,FALSE,FALSE,-0.0147997835497835,-0.0147997835497835,-0.0154832511636927,FALSE,FALSE,-0.0147997835497835
6,27,"UK Crime","ukcrime.punisht1","6:2714::ukcrime.punisht1","2714","6:2714",0.62526455026455,0.553505291005291,0.18313612822846,0.197593090083476,18,18,18,0.62526455026455,0.553505291005291,0.18313612822846,0.197593090083476,-0.0717592592592593,-0.0144569618550157,FALSE,FALSE,-0.0717592592592593,-0.0717592592592593,-0.0144569618550157,FALSE,FALSE,-0.0717592592592593
6,27,"UK Crime","ukcrime.punisht1","6:2715::ukcrime.punisht1","2715","6:2715",0.611607142857143,0.535491071428571,0.143656164943867,0.183874802717643,16,16,16,0.611607142857143,0.535491071428571,0.143656164943867,0.183874802717643,-0.0761160714285715,-0.0402186377737759,FALSE,FALSE,-0.0761160714285715,-0.0761160714285715,-0.0402186377737759,FALSE,FALSE,-0.0761160714285715
6,27,"UK Crime","ukcrime.punisht1","6:2716::ukcrime.punisht1","2716","6:2716",0.669444444444445,0.634027777777778,0.164352622467013,0.140546297654943,12,12,12,0.669444444444445,0.634027777777778,0.164352622467013,0.140546297654943,-0.0354166666666668,0.0238063248120702,FALSE,TRUE,-0.0354166666666668,-0.0354166666666668,0.0238063248120702,FALSE,TRUE,-0.0354166666666668
6,27,"UK Crime","ukcrime.punisht1","6:2717::ukcrime.punisht1","2717","6:2717",0.62948717948718,0.580128205128205,0.167933221703054,0.190744716856187,13,13,13,0.62948717948718,0.580128205128205,0.167933221703054,0.190744716856187,-0.0493589743589744,-0.0228114951531335,FALSE,FALSE,-0.0493589743589744,-0.0493589743589744,-0.0228114951531335,FALSE,FALSE,-0.0493589743589744
6,27,"UK Crime","ukcrime.punisht1","6:2718::ukcrime.punisht1","2718","6:2718",0.591036414565826,0.519957983193277,0.156493357905144,0.166005026733812,17,17,17,0.591036414565826,0.519957983193277,0.156493357905144,0.166005026733812,-0.071078431372549,-0.00951166882866861,FALSE,FALSE,-0.071078431372549,-0.071078431372549,-0.00951166882866861,FALSE,FALSE,-0.071078431372549
6,27,"UK Crime","ukcrime.punisht1","6:2719::ukcrime.punisht1","2719","6:2719",0.593040293040293,0.526923076923077,0.0928391391707339,0.147123414673869,13,13,13,0.593040293040293,0.526923076923077,0.0928391391707339,0.147123414673869,-0.0661172161172161,-0.0542842755031348,FALSE,FALSE,-0.0661172161172161,-0.0661172161172161,-0.0542842755031348,FALSE,FALSE,-0.0661172161172161
6,27,"UK Crime","ukcrime.punisht1","6:2720::ukcrime.punisht1","2720","6:2720",0.561777210884354,0.541176085818943,0.151481897793347,0.129467547826175,14,14,14,0.561777210884354,0.541176085818943,0.151481897793347,0.129467547826175,-0.0206011250654108,0.0220143499671716,FALSE,TRUE,-0.0206011250654108,-0.0206011250654108,0.0220143499671716,FALSE,TRUE,-0.0206011250654108
6,27,"UK Crime","ukcrime.procrightst1","6:2701::ukcrime.procrightst1","2701","6:2701",0.501838235294118,0.573529411764706,0.171686895730109,0.133473162165217,17,17,17,0.501838235294118,0.573529411764706,0.171686895730109,0.133473162165217,0.0716911764705882,0.0382137335648914,TRUE,TRUE,0.0716911764705882,0.0716911764705882,0.0382137335648914,TRUE,TRUE,0.0716911764705882
6,27,"UK Crime","ukcrime.procrightst1","6:2702::ukcrime.procrightst1","2702","6:2702",0.402836134453782,0.362394957983193,0.172493736511371,0.162320189209568,17,17,17,0.402836134453782,0.362394957983193,0.172493736511371,0.162320189209568,0.0404411764705883,0.0101735473018028,TRUE,TRUE,0.0404411764705883,0.0404411764705883,0.0101735473018028,TRUE,TRUE,0.0404411764705883
6,27,"UK Crime","ukcrime.procrightst1","6:2703::ukcrime.procrightst1","2703","6:2703",0.482352941176471,0.440913865546218,0.174891641873072,0.187749152938227,17,17,17,0.482352941176471,0.440913865546218,0.174891641873072,0.187749152938227,0.0414390756302521,-0.0128575110651547,TRUE,FALSE,0.0414390756302521,0.0414390756302521,-0.0128575110651547,TRUE,FALSE,0.0414390756302521
6,27,"UK Crime","ukcrime.procrightst1","6:2704::ukcrime.procrightst1","2704","6:2704",0.420833333333333,0.370833333333333,0.177511736701173,0.150272569812642,15,15,15,0.420833333333333,0.370833333333333,0.177511736701173,0.150272569812642,0.05,0.0272391668885317,TRUE,TRUE,0.05,0.05,0.0272391668885317,TRUE,TRUE,0.05
6,27,"UK Crime","ukcrime.procrightst1","6:2705::ukcrime.procrightst1","2705","6:2705",0.41796875,0.387462797619048,0.185711960550921,0.190969935308921,16,16,16,0.41796875,0.387462797619048,0.185711960550921,0.190969935308921,0.0305059523809524,-0.00525797475800033,TRUE,FALSE,0.0305059523809524,0.0305059523809524,-0.00525797475800033,TRUE,FALSE,0.0305059523809524
6,27,"UK Crime","ukcrime.procrightst1","6:2706::ukcrime.procrightst1","2706","6:2706",0.428571428571429,0.344196428571429,0.181568259800641,0.151126862734955,14,14,14,0.428571428571429,0.344196428571429,0.181568259800641,0.151126862734955,0.084375,0.0304413970656859,TRUE,TRUE,0.084375,0.084375,0.0304413970656859,TRUE,TRUE,0.084375
6,27,"UK Crime","ukcrime.procrightst1","6:2707::ukcrime.procrightst1","2707","6:2707",0.403409090909091,0.35551948051948,0.183528004427365,0.182798983750215,11,11,11,0.403409090909091,0.35551948051948,0.183528004427365,0.182798983750215,0.0478896103896104,0.000729020677150138,TRUE,TRUE,0.0478896103896104,0.0478896103896104,0.000729020677150138,TRUE,TRUE,0.0478896103896104
6,27,"UK Crime","ukcrime.procrightst1","6:2708::ukcrime.procrightst1","2708","6:2708",0.444711538461538,0.487980769230769,0.167876717109419,0.172837485732578,13,13,13,0.444711538461538,0.487980769230769,0.167876717109419,0.172837485732578,-0.0432692307692308,-0.00496076862315861,FALSE,FALSE,-0.0432692307692308,-0.0432692307692308,-0.00496076862315861,FALSE,FALSE,-0.0432692307692308
6,27,"UK Crime","ukcrime.procrightst1","6:2709::ukcrime.procrightst1","2709","6:2709",0.486421130952381,0.421037946428571,0.201122278611292,0.130254349861917,16,16,16,0.486421130952381,0.421037946428571,0.201122278611292,0.130254349861917,0.0653831845238095,0.0708679287493751,TRUE,TRUE,0.0653831845238095,0.0653831845238095,0.0708679287493751,TRUE,TRUE,0.0653831845238095
6,27,"UK Crime","ukcrime.procrightst1","6:2710::ukcrime.procrightst1","2710","6:2710",0.41077380952381,0.408333333333333,0.158423464513176,0.178315079604022,15,15,15,0.41077380952381,0.408333333333333,0.158423464513176,0.178315079604022,0.00244047619047622,-0.0198916150908452,TRUE,FALSE,0.00244047619047622,0.00244047619047622,-0.0198916150908452,TRUE,FALSE,0.00244047619047622
6,27,"UK Crime","ukcrime.procrightst1","6:2711::ukcrime.procrightst1","2711","6:2711",0.456597222222222,0.40952380952381,0.168163089144597,0.20605790191977,18,18,18,0.456597222222222,0.40952380952381,0.168163089144597,0.20605790191977,0.0470734126984127,-0.0378948127751729,TRUE,FALSE,0.0470734126984127,0.0470734126984127,-0.0378948127751729,TRUE,FALSE,0.0470734126984127
6,27,"UK Crime","ukcrime.procrightst1","6:2712::ukcrime.procrightst1","2712","6:2712",0.447916666666667,0.354166666666667,0.148310174088278,0.121508108454996,15,15,15,0.447916666666667,0.354166666666667,0.148310174088278,0.121508108454996,0.09375,0.0268020656332821,TRUE,TRUE,0.09375,0.09375,0.0268020656332821,TRUE,TRUE,0.09375
6,27,"UK Crime","ukcrime.procrightst1","6:2713::ukcrime.procrightst1","2713","6:2713",0.475818452380952,0.4453125,0.144627553670418,0.162721112678606,12,12,12,0.475818452380952,0.4453125,0.144627553670418,0.162721112678606,0.0305059523809524,-0.0180935590081885,TRUE,FALSE,0.0305059523809524,0.0305059523809524,-0.0180935590081885,TRUE,FALSE,0.0305059523809524
6,27,"UK Crime","ukcrime.procrightst1","6:2714::ukcrime.procrightst1","2714","6:2714",0.476686507936508,0.360615079365079,0.153632453458361,0.177197680403863,18,18,18,0.476686507936508,0.360615079365079,0.153632453458361,0.177197680403863,0.116071428571429,-0.0235652269455015,TRUE,FALSE,0.116071428571429,0.116071428571429,-0.0235652269455015,TRUE,FALSE,0.116071428571429
6,27,"UK Crime","ukcrime.procrightst1","6:2715::ukcrime.procrightst1","2715","6:2715",0.455078125,0.386439732142857,0.147005150667984,0.1907246014326,16,16,16,0.455078125,0.386439732142857,0.147005150667984,0.1907246014326,0.0686383928571429,-0.0437194507646161,TRUE,FALSE,0.0686383928571429,0.0686383928571429,-0.0437194507646161,TRUE,FALSE,0.0686383928571429
6,27,"UK Crime","ukcrime.procrightst1","6:2716::ukcrime.procrightst1","2716","6:2716",0.408854166666667,0.383522727272727,0.208764941172791,0.160620688834964,12,11,11,0.417613636363636,0.383522727272727,0.216629330990645,0.160620688834964,0.0253314393939393,0.0481442523378272,TRUE,TRUE,0.0253314393939393,0.0340909090909091,0.0560086421556817,TRUE,TRUE,0.0340909090909091
6,27,"UK Crime","ukcrime.procrightst1","6:2717::ukcrime.procrightst1","2717","6:2717",0.442307692307692,0.461538461538462,0.1623026414939,0.151034758904816,13,13,13,0.442307692307692,0.461538461538462,0.1623026414939,0.151034758904816,-0.0192307692307693,0.011267882589084,FALSE,TRUE,-0.0192307692307693,-0.0192307692307693,0.011267882589084,FALSE,TRUE,-0.0192307692307693
6,27,"UK Crime","ukcrime.procrightst1","6:2718::ukcrime.procrightst1","2718","6:2718",0.48406862745098,0.433823529411765,0.155506632974668,0.155027385804137,17,17,17,0.48406862745098,0.433823529411765,0.155506632974668,0.155027385804137,0.0502450980392157,0.000479247170530661,TRUE,TRUE,0.0502450980392157,0.0502450980392157,0.000479247170530661,TRUE,TRUE,0.0502450980392157
6,27,"UK Crime","ukcrime.procrightst1","6:2719::ukcrime.procrightst1","2719","6:2719",0.375,0.34375,0.148231765320393,0.21537576175141,13,13,13,0.375,0.34375,0.148231765320393,0.21537576175141,0.03125,-0.0671439964310169,TRUE,FALSE,0.03125,0.03125,-0.0671439964310169,TRUE,FALSE,0.03125
6,27,"UK Crime","ukcrime.procrightst1","6:2720::ukcrime.procrightst1","2720","6:2720",0.428571428571429,0.371811224489796,0.190452937568764,0.157966713022678,14,14,14,0.428571428571429,0.371811224489796,0.190452937568764,0.157966713022678,0.0567602040816326,0.0324862245460859,TRUE,TRUE,0.0567602040816326,0.0567602040816326,0.0324862245460859,TRUE,TRUE,0.0567602040816326
6,27,"UK Crime","ukcrime.selfprotectt1","6:2701::ukcrime.selfprotectt1","2701","6:2701",0.691176470588235,0.541666666666667,0.124180319028367,0.161374306091976,17,17,17,0.691176470588235,0.541666666666667,0.124180319028367,0.161374306091976,-0.149509803921569,-0.037193987063609,FALSE,FALSE,-0.149509803921569,-0.149509803921569,-0.037193987063609,FALSE,FALSE,-0.149509803921569
6,27,"UK Crime","ukcrime.selfprotectt1","6:2702::ukcrime.selfprotectt1","2702","6:2702",0.720588235294118,0.666666666666667,0.186201933745917,0.174304172194599,17,17,17,0.720588235294118,0.666666666666667,0.186201933745917,0.174304172194599,-0.053921568627451,0.0118977615513182,FALSE,TRUE,-0.053921568627451,-0.053921568627451,0.0118977615513182,FALSE,TRUE,-0.053921568627451
6,27,"UK Crime","ukcrime.selfprotectt1","6:2703::ukcrime.selfprotectt1","2703","6:2703",0.691176470588235,0.720588235294118,0.163418095253277,0.117634292608004,17,17,17,0.691176470588235,0.720588235294118,0.163418095253277,0.117634292608004,0.0294117647058824,0.0457838026452726,TRUE,TRUE,0.0294117647058824,0.0294117647058824,0.0457838026452726,TRUE,TRUE,0.0294117647058824
6,27,"UK Crime","ukcrime.selfprotectt1","6:2704::ukcrime.selfprotectt1","2704","6:2704",0.75,0.711111111111111,0.137292411841319,0.136809835965588,15,15,15,0.75,0.711111111111111,0.137292411841319,0.136809835965588,-0.0388888888888889,0.000482575875730556,FALSE,TRUE,-0.0388888888888889,-0.0388888888888889,0.000482575875730556,FALSE,TRUE,-0.0388888888888889
6,27,"UK Crime","ukcrime.selfprotectt1","6:2705::ukcrime.selfprotectt1","2705","6:2705",0.635416666666667,0.6015625,0.151764315329419,0.149821460103042,16,16,16,0.635416666666667,0.6015625,0.151764315329419,0.149821460103042,-0.0338541666666666,0.00194285522637727,FALSE,TRUE,-0.0338541666666666,-0.0338541666666666,0.00194285522637727,FALSE,TRUE,-0.0338541666666666
6,27,"UK Crime","ukcrime.selfprotectt1","6:2706::ukcrime.selfprotectt1","2706","6:2706",0.761904761904762,0.696428571428571,0.149275826185194,0.133201629091667,14,14,14,0.761904761904762,0.696428571428571,0.149275826185194,0.133201629091667,-0.0654761904761905,0.0160741970935272,FALSE,TRUE,-0.0654761904761905,-0.0654761904761905,0.0160741970935272,FALSE,TRUE,-0.0654761904761905
6,27,"UK Crime","ukcrime.selfprotectt1","6:2707::ukcrime.selfprotectt1","2707","6:2707",0.621212121212121,0.636363636363636,0.131040898851149,0.145643816250884,11,11,11,0.621212121212121,0.636363636363636,0.131040898851149,0.145643816250884,0.0151515151515151,-0.0146029173997344,TRUE,FALSE,0.0151515151515151,0.0151515151515151,-0.0146029173997344,TRUE,FALSE,0.0151515151515151
6,27,"UK Crime","ukcrime.selfprotectt1","6:2708::ukcrime.selfprotectt1","2708","6:2708",0.653846153846154,0.634615384615385,0.112042040339414,0.129718630415693,13,13,13,0.653846153846154,0.634615384615385,0.112042040339414,0.129718630415693,-0.0192307692307693,-0.017676590076279,FALSE,FALSE,-0.0192307692307693,-0.0192307692307693,-0.017676590076279,FALSE,FALSE,-0.0192307692307693
6,27,"UK Crime","ukcrime.selfprotectt1","6:2709::ukcrime.selfprotectt1","2709","6:2709",0.744791666666667,0.692708333333333,0.144237298047863,0.154316743768806,16,16,16,0.744791666666667,0.692708333333333,0.144237298047863,0.154316743768806,-0.0520833333333333,-0.010079445720943,FALSE,FALSE,-0.0520833333333333,-0.0520833333333333,-0.010079445720943,FALSE,FALSE,-0.0520833333333333
6,27,"UK Crime","ukcrime.selfprotectt1","6:2710::ukcrime.selfprotectt1","2710","6:2710",0.766666666666667,0.719444444444444,0.164268460101527,0.23063203933135,15,15,15,0.766666666666667,0.719444444444444,0.164268460101527,0.23063203933135,-0.0472222222222222,-0.0663635792298234,FALSE,FALSE,-0.0472222222222222,-0.0472222222222222,-0.0663635792298234,FALSE,FALSE,-0.0472222222222222
6,27,"UK Crime","ukcrime.selfprotectt1","6:2711::ukcrime.selfprotectt1","2711","6:2711",0.75462962962963,0.703703703703704,0.147063362311948,0.234350413258919,18,18,18,0.75462962962963,0.703703703703704,0.147063362311948,0.234350413258919,-0.0509259259259259,-0.0872870509469708,FALSE,FALSE,-0.0509259259259259,-0.0509259259259259,-0.0872870509469708,FALSE,FALSE,-0.0509259259259259
6,27,"UK Crime","ukcrime.selfprotectt1","6:2712::ukcrime.selfprotectt1","2712","6:2712",0.7,0.711111111111111,0.140152977645347,0.188631944754887,15,15,15,0.7,0.711111111111111,0.140152977645347,0.188631944754887,0.0111111111111112,-0.0484789671095395,TRUE,FALSE,0.0111111111111112,0.0111111111111112,-0.0484789671095395,TRUE,FALSE,0.0111111111111112
6,27,"UK Crime","ukcrime.selfprotectt1","6:2713::ukcrime.selfprotectt1","2713","6:2713",0.631944444444444,0.659722222222222,0.135112809831161,0.211590696618785,12,12,12,0.631944444444444,0.659722222222222,0.135112809831161,0.211590696618785,0.0277777777777778,-0.0764778867876248,TRUE,FALSE,0.0277777777777778,0.0277777777777778,-0.0764778867876248,TRUE,FALSE,0.0277777777777778
6,27,"UK Crime","ukcrime.selfprotectt1","6:2714::ukcrime.selfprotectt1","2714","6:2714",0.625,0.564814814814815,0.172093036093549,0.152740637196755,18,18,18,0.625,0.564814814814815,0.172093036093549,0.152740637196755,-0.0601851851851852,0.0193523988967932,FALSE,TRUE,-0.0601851851851852,-0.0601851851851852,0.0193523988967932,FALSE,TRUE,-0.0601851851851852
6,27,"UK Crime","ukcrime.selfprotectt1","6:2715::ukcrime.selfprotectt1","2715","6:2715",0.708333333333333,0.713541666666667,0.169421674244188,0.166579838493716,16,16,16,0.708333333333333,0.713541666666667,0.169421674244188,0.166579838493716,0.00520833333333326,0.00284183575047162,TRUE,TRUE,0.00520833333333326,0.00520833333333326,0.00284183575047162,TRUE,TRUE,0.00520833333333326
6,27,"UK Crime","ukcrime.selfprotectt1","6:2716::ukcrime.selfprotectt1","2716","6:2716",0.701388888888889,0.631944444444444,0.152662950420121,0.148470031212869,12,12,12,0.701388888888889,0.631944444444444,0.152662950420121,0.148470031212869,-0.0694444444444444,0.00419291920725279,FALSE,TRUE,-0.0694444444444444,-0.0694444444444444,0.00419291920725279,FALSE,TRUE,-0.0694444444444444
6,27,"UK Crime","ukcrime.selfprotectt1","6:2717::ukcrime.selfprotectt1","2717","6:2717",0.692307692307692,0.673076923076923,0.218858082781652,0.175005087431139,13,13,13,0.692307692307692,0.673076923076923,0.218858082781652,0.175005087431139,-0.0192307692307692,0.0438529953505128,FALSE,TRUE,-0.0192307692307692,-0.0192307692307692,0.0438529953505128,FALSE,TRUE,-0.0192307692307692
6,27,"UK Crime","ukcrime.selfprotectt1","6:2718::ukcrime.selfprotectt1","2718","6:2718",0.637254901960784,0.637254901960784,0.19751313350888,0.181480161504248,17,17,17,0.637254901960784,0.637254901960784,0.19751313350888,0.181480161504248,0,0.0160329720046324,FALSE,TRUE,0,0,0.0160329720046324,FALSE,TRUE,0
6,27,"UK Crime","ukcrime.selfprotectt1","6:2719::ukcrime.selfprotectt1","2719","6:2719",0.692307692307692,0.641025641025641,0.178031336273019,0.160959993967817,13,13,13,0.692307692307692,0.641025641025641,0.178031336273019,0.160959993967817,-0.0512820512820513,0.0170713423052019,FALSE,TRUE,-0.0512820512820513,-0.0512820512820513,0.0170713423052019,FALSE,TRUE,-0.0512820512820513
6,27,"UK Crime","ukcrime.selfprotectt1","6:2720::ukcrime.selfprotectt1","2720","6:2720",0.714285714285714,0.69047619047619,0.175150380181305,0.13645610510442,14,14,14,0.714285714285714,0.69047619047619,0.175150380181305,0.13645610510442,-0.0238095238095238,0.0386942750768846,FALSE,TRUE,-0.0238095238095238,-0.0238095238095238,0.0386942750768846,FALSE,TRUE,-0.0238095238095238
7,28,"Tomorrow's Europe (EU)","eu.support_eu_membership_t1","7:2801::eu.support_eu_membership_t1","2801","7:2801",0.619047619047619,0.794736842105263,0.263854216602744,0.180965571343546,21,19,19,0.642105263157895,0.794736842105263,0.23169853371637,0.180965571343546,0.175689223057644,0.0828886452591981,TRUE,TRUE,0.175689223057644,0.152631578947368,0.0507329623728242,TRUE,TRUE,0.152631578947368
7,28,"Tomorrow's Europe (EU)","eu.support_eu_membership_t1","7:2802::eu.support_eu_membership_t1","2802","7:2802",0.8,0.826315789473684,0.188561808316413,0.152177182050536,19,19,19,0.8,0.826315789473684,0.188561808316413,0.152177182050536,0.0263157894736842,0.0363846262658763,TRUE,TRUE,0.0263157894736842,0.0263157894736842,0.0363846262658763,TRUE,TRUE,0.0263157894736842
7,28,"Tomorrow's Europe (EU)","eu.support_eu_membership_t1","7:2803::eu.support_eu_membership_t1","2803","7:2803",0.688235294117647,0.776470588235294,0.264297069935462,0.207754096724667,17,17,17,0.688235294117647,0.776470588235294,0.264297069935462,0.207754096724667,0.0882352941176471,0.0565429732107951,TRUE,TRUE,0.0882352941176471,0.0882352941176471,0.0565429732107951,TRUE,TRUE,0.0882352941176471
7,28,"Tomorrow's Europe (EU)","eu.support_eu_membership_t1","7:2804::eu.support_eu_membership_t1","2804","7:2804",0.7,0.829411764705882,0.308220700148449,0.135852428586835,17,17,17,0.7,0.829411764705882,0.308220700148449,0.135852428586835,0.129411764705882,0.172368271561614,TRUE,TRUE,0.129411764705882,0.129411764705882,0.172368271561614,TRUE,TRUE,0.129411764705882
7,28,"Tomorrow's Europe (EU)","eu.support_eu_membership_t1","7:2805::eu.support_eu_membership_t1","2805","7:2805",0.6,0.794117647058823,0.291547594742265,0.248672948456638,17,17,17,0.6,0.794117647058823,0.291547594742265,0.248672948456638,0.194117647058824,0.0428746462856272,TRUE,TRUE,0.194117647058824,0.194117647058824,0.0428746462856272,TRUE,TRUE,0.194117647058824
7,28,"Tomorrow's Europe (EU)","eu.support_eu_membership_t1","7:2806::eu.support_eu_membership_t1","2806","7:2806",0.81578947368421,0.868421052631579,0.229160685727375,0.152943822580374,19,19,19,0.81578947368421,0.868421052631579,0.229160685727375,0.152943822580374,0.0526315789473685,0.0762168631470009,TRUE,TRUE,0.0526315789473685,0.0526315789473685,0.0762168631470009,TRUE,TRUE,0.0526315789473685
7,28,"Tomorrow's Europe (EU)","eu.support_eu_membership_t1","7:2807::eu.support_eu_membership_t1","2807","7:2807",0.71578947368421,0.785714285714286,0.211510855762212,0.165183880223569,19,21,19,0.71578947368421,0.8,0.211510855762212,0.159861050777091,0.0699248120300752,0.0463269755386431,TRUE,TRUE,0.0699248120300752,0.0842105263157895,0.0516498049851211,TRUE,TRUE,0.0842105263157895
7,28,"Tomorrow's Europe (EU)","eu.support_eu_membership_t1","7:2808::eu.support_eu_membership_t1","2808","7:2808",0.76,0.852631578947368,0.237087592074721,0.134859684498088,20,19,19,0.747368421052632,0.852631578947368,0.236569043369376,0.134859684498088,0.0926315789473684,0.102227907576633,TRUE,TRUE,0.0926315789473684,0.105263157894737,0.101709358871288,TRUE,TRUE,0.105263157894737
7,28,"Tomorrow's Europe (EU)","eu.support_eu_membership_t1","7:2809::eu.support_eu_membership_t1","2809","7:2809",0.838461538461538,0.876923076923077,0.160926802918084,0.187766904049703,13,13,13,0.838461538461538,0.876923076923077,0.160926802918084,0.187766904049703,0.0384615384615384,-0.0268401011316186,TRUE,FALSE,0.0384615384615384,0.0384615384615384,-0.0268401011316186,TRUE,FALSE,0.0384615384615384
7,28,"Tomorrow's Europe (EU)","eu.support_eu_membership_t1","7:2810::eu.support_eu_membership_t1","2810","7:2810",0.84,0.815,0.139170474787692,0.187153188029148,20,20,20,0.84,0.815,0.139170474787692,0.187153188029148,-0.025,-0.0479827132414563,FALSE,FALSE,-0.025,-0.025,-0.0479827132414563,FALSE,FALSE,-0.025
7,28,"Tomorrow's Europe (EU)","eu.support_eu_membership_t1","7:2811::eu.support_eu_membership_t1","2811","7:2811",0.7,0.805882352941176,0.324037034920393,0.204543969097399,17,17,17,0.7,0.805882352941176,0.324037034920393,0.204543969097399,0.105882352941177,0.119493065822994,TRUE,TRUE,0.105882352941177,0.105882352941177,0.119493065822994,TRUE,TRUE,0.105882352941177
7,28,"Tomorrow's Europe (EU)","eu.support_eu_membership_t1","7:2812::eu.support_eu_membership_t1","2812","7:2812",0.68,0.722727272727273,0.250473236305325,0.228726949256132,20,22,20,0.68,0.745,0.250473236305325,0.228208122923837,0.0427272727272727,0.0217462870491927,TRUE,TRUE,0.0427272727272727,0.065,0.0222651133814881,TRUE,TRUE,0.065
7,28,"Tomorrow's Europe (EU)","eu.support_eu_membership_t1","7:2813::eu.support_eu_membership_t1","2813","7:2813",0.842857142857143,0.880952380952381,0.163007449435382,0.0928388260322567,21,21,21,0.842857142857143,0.880952380952381,0.163007449435382,0.0928388260322567,0.0380952380952381,0.0701686234031252,TRUE,TRUE,0.0380952380952381,0.0380952380952381,0.0701686234031252,TRUE,TRUE,0.0380952380952381
7,28,"Tomorrow's Europe (EU)","eu.support_eu_membership_t1","7:2814::eu.support_eu_membership_t1","2814","7:2814",0.794117647058824,0.829411764705882,0.18864844365676,0.172353944988042,17,17,17,0.794117647058824,0.829411764705882,0.18864844365676,0.172353944988042,0.0352941176470588,0.0162944986687172,TRUE,TRUE,0.0352941176470588,0.0352941176470588,0.0162944986687172,TRUE,TRUE,0.0352941176470588
7,28,"Tomorrow's Europe (EU)","eu.support_eu_membership_t1","7:2815::eu.support_eu_membership_t1","2815","7:2815",0.757142857142857,0.852380952380952,0.188603893309307,0.169171651345749,21,21,21,0.757142857142857,0.852380952380952,0.188603893309307,0.169171651345749,0.0952380952380952,0.0194322419635585,TRUE,TRUE,0.0952380952380952,0.0952380952380952,0.0194322419635585,TRUE,TRUE,0.0952380952380952
7,28,"Tomorrow's Europe (EU)","eu.support_eu_membership_t1","7:2816::eu.support_eu_membership_t1","2816","7:2816",0.74,0.83125,0.274642624930238,0.221265300789196,15,16,15,0.74,0.84,0.274642624930238,0.226147865660627,0.09125,0.0533773241410422,TRUE,TRUE,0.09125,0.1,0.0484947592696107,TRUE,TRUE,0.1
7,28,"Tomorrow's Europe (EU)","eu.support_eu_membership_t1","7:2817::eu.support_eu_membership_t1","2817","7:2817",0.7,0.87,0.249209275826352,0.16254554017745,20,20,20,0.7,0.87,0.249209275826352,0.16254554017745,0.17,0.0866637356489021,TRUE,TRUE,0.17,0.17,0.0866637356489021,TRUE,TRUE,0.17
7,28,"Tomorrow's Europe (EU)","eu.support_eu_membership_t1","7:2818::eu.support_eu_membership_t1","2818","7:2818",0.75,0.864285714285714,0.221011659977825,0.169193302545856,14,14,14,0.75,0.864285714285714,0.221011659977825,0.169193302545856,0.114285714285714,0.0518183574319691,TRUE,TRUE,0.114285714285714,0.114285714285714,0.0518183574319691,TRUE,TRUE,0.114285714285714
7,28,"Tomorrow's Europe (EU)","eu.att_towards_privatization_t1","7:2801::eu.att_towards_privatization_t1","2801","7:2801",0.423809523809524,0.42,0.344825697860183,0.209259345512239,21,20,20,0.445,0.42,0.339465524177733,0.209259345512239,0.00380952380952382,0.135566352347944,TRUE,TRUE,0.00380952380952382,0.025,0.130206178665494,TRUE,TRUE,0.025
7,28,"Tomorrow's Europe (EU)","eu.att_towards_privatization_t1","7:2802::eu.att_towards_privatization_t1","2802","7:2802",0.547368421052632,0.522222222222222,0.302523499643015,0.290143079421081,19,18,18,0.55,0.522222222222222,0.311070258755724,0.290143079421081,-0.0251461988304094,0.012380420221934,FALSE,TRUE,-0.0251461988304094,-0.0277777777777778,0.0209271793346428,FALSE,TRUE,-0.0277777777777778
7,28,"Tomorrow's Europe (EU)","eu.att_towards_privatization_t1","7:2803::eu.att_towards_privatization_t1","2803","7:2803",0.564705882352941,0.425,0.242232265786859,0.152752523165195,17,16,16,0.5375,0.425,0.221735578260835,0.152752523165195,-0.139705882352941,0.0894797426216639,FALSE,TRUE,0.0102941176470588,-0.1125,0.06898305509564,FALSE,TRUE,0.0375
7,28,"Tomorrow's Europe (EU)","eu.att_towards_privatization_t1","7:2804::eu.att_towards_privatization_t1","2804","7:2804",0.4875,0.552941176470588,0.330403793359983,0.237480649366489,16,17,16,0.4875,0.58125,0.330403793359983,0.213600093632938,-0.0654411764705882,0.0929231439934943,FALSE,TRUE,0.0404411764705883,-0.09375,0.116803699727045,FALSE,TRUE,0.0687500000000001
7,28,"Tomorrow's Europe (EU)","eu.att_towards_privatization_t1","7:2805::eu.att_towards_privatization_t1","2805","7:2805",0.352941176470588,0.329411764705882,0.252778675571199,0.231205281844817,17,17,17,0.352941176470588,0.329411764705882,0.252778675571199,0.231205281844817,0.0235294117647059,0.0215733937263821,TRUE,TRUE,0.0235294117647059,0.0235294117647059,0.0215733937263821,TRUE,TRUE,0.0235294117647059
7,28,"Tomorrow's Europe (EU)","eu.att_towards_privatization_t1","7:2806::eu.att_towards_privatization_t1","2806","7:2806",0.515789473684211,0.257894736842105,0.316689749851205,0.26939394836411,19,19,19,0.515789473684211,0.257894736842105,0.316689749851205,0.26939394836411,-0.257894736842105,0.0472958014870951,FALSE,TRUE,0.226315789473684,-0.257894736842105,0.0472958014870951,FALSE,TRUE,0.226315789473684
7,28,"Tomorrow's Europe (EU)","eu.att_towards_privatization_t1","7:2807::eu.att_towards_privatization_t1","2807","7:2807",0.49047619047619,0.335,0.338976049160943,0.285205373832889,21,20,20,0.485,0.335,0.346827729116647,0.285205373832889,0.15547619047619,0.0537706753280539,TRUE,TRUE,0.15547619047619,0.15,0.0616223552837584,TRUE,TRUE,0.15
7,28,"Tomorrow's Europe (EU)","eu.att_towards_privatization_t1","7:2808::eu.att_towards_privatization_t1","2808","7:2808",0.444444444444444,0.521052631578947,0.247866715185262,0.269936098134398,18,19,18,0.444444444444444,0.522222222222222,0.247866715185262,0.277712410609494,-0.0766081871345029,-0.0220693829491357,FALSE,FALSE,-0.0345029239766083,-0.0777777777777778,-0.0298456954242311,FALSE,FALSE,-0.0333333333333333
7,28,"Tomorrow's Europe (EU)","eu.att_towards_privatization_t1","7:2809::eu.att_towards_privatization_t1","2809","7:2809",0.461538461538462,0.376923076923077,0.427275207055245,0.316632926677581,13,13,13,0.461538461538462,0.376923076923077,0.427275207055245,0.316632926677581,0.0846153846153846,0.110642280377664,TRUE,TRUE,0.0846153846153846,0.0846153846153846,0.110642280377664,TRUE,TRUE,0.0846153846153846
7,28,"Tomorrow's Europe (EU)","eu.att_towards_privatization_t1","7:2810::eu.att_towards_privatization_t1","2810","7:2810",0.525,0.33,0.289963700087478,0.301050791308325,20,20,20,0.525,0.33,0.289963700087478,0.301050791308325,-0.195,-0.0110870912208463,FALSE,FALSE,0.145,-0.195,-0.0110870912208463,FALSE,FALSE,0.145
7,28,"Tomorrow's Europe (EU)","eu.att_towards_privatization_t1","7:2811::eu.att_towards_privatization_t1","2811","7:2811",0.35,0.252941176470588,0.255603860169077,0.226709194395661,16,17,16,0.35,0.25625,0.255603860169077,0.233719917850405,0.0970588235294118,0.028894665773417,TRUE,TRUE,0.0970588235294118,0.09375,0.0218839423186726,TRUE,TRUE,0.09375
7,28,"Tomorrow's Europe (EU)","eu.att_towards_privatization_t1","7:2812::eu.att_towards_privatization_t1","2812","7:2812",0.668181818181818,0.413636363636364,0.291770235167795,0.278252120251118,22,22,22,0.668181818181818,0.413636363636364,0.291770235167795,0.278252120251118,-0.254545454545455,0.0135181149166769,FALSE,TRUE,-0.0818181818181818,-0.254545454545455,0.0135181149166769,FALSE,TRUE,-0.0818181818181818
7,28,"Tomorrow's Europe (EU)","eu.att_towards_privatization_t1","7:2813::eu.att_towards_privatization_t1","2813","7:2813",0.55,0.46,0.313721297701605,0.245806941788833,20,20,19,0.536842105263158,0.452631578947368,0.316597407015053,0.250263019536184,-0.09,0.0679143559127713,FALSE,TRUE,-0.0100000000000001,-0.0842105263157895,0.0663343874788688,FALSE,TRUE,0.0105263157894737
7,28,"Tomorrow's Europe (EU)","eu.att_towards_privatization_t1","7:2814::eu.att_towards_privatization_t1","2814","7:2814",0.717647058823529,0.44375,0.242989953798627,0.326534837345114,17,16,16,0.7125,0.44375,0.25,0.326534837345114,-0.273897058823529,-0.083544883546487,FALSE,FALSE,-0.161397058823529,-0.26875,-0.0765348373451139,FALSE,FALSE,-0.15625
7,28,"Tomorrow's Europe (EU)","eu.att_towards_privatization_t1","7:2815::eu.att_towards_privatization_t1","2815","7:2815",0.51,0.447619047619048,0.300700935534925,0.267617352985653,20,21,20,0.51,0.455,0.300700935534925,0.272367785404801,-0.0623809523809524,0.0330835825492717,FALSE,TRUE,0.0423809523809524,-0.055,0.0283331501301236,FALSE,TRUE,0.035
7,28,"Tomorrow's Europe (EU)","eu.att_towards_privatization_t1","7:2816::eu.att_towards_privatization_t1","2816","7:2816",0.713333333333333,0.5875,0.261497518881064,0.284897642437888,15,16,15,0.713333333333333,0.573333333333333,0.261497518881064,0.28900486072696,-0.125833333333333,-0.023400123556824,FALSE,FALSE,-0.125833333333333,-0.14,-0.027507341845896,FALSE,FALSE,-0.14
7,28,"Tomorrow's Europe (EU)","eu.att_towards_privatization_t1","7:2817::eu.att_towards_privatization_t1","2817","7:2817",0.655555555555556,0.415,0.351839238393336,0.262126927872337,18,20,18,0.655555555555556,0.405555555555556,0.351839238393336,0.266727934138277,-0.240555555555556,0.0897123105209987,FALSE,TRUE,-0.0705555555555555,-0.25,0.0851113042550585,FALSE,TRUE,-0.0611111111111111
7,28,"Tomorrow's Europe (EU)","eu.att_towards_privatization_t1","7:2818::eu.att_towards_privatization_t1","2818","7:2818",0.514285714285714,0.335714285714286,0.379994216265991,0.312821263435117,14,14,14,0.514285714285714,0.335714285714286,0.379994216265991,0.312821263435117,-0.178571428571428,0.0671729528308735,FALSE,TRUE,0.15,-0.178571428571428,0.0671729528308735,FALSE,TRUE,0.15
7,28,"Tomorrow's Europe (EU)","eu.attitude_towards_migration_t1","7:2801::eu.attitude_towards_migration_t1","2801","7:2801",0.75,0.8375,0.295803989154981,0.1467857371531,21,20,20,0.75,0.8375,0.303488489333442,0.1467857371531,0.0875,0.149018252001881,TRUE,TRUE,0.0875,0.0875,0.156702752180342,TRUE,TRUE,0.0875
7,28,"Tomorrow's Europe (EU)","eu.attitude_towards_migration_t1","7:2802::eu.attitude_towards_migration_t1","2802","7:2802",0.842105263157895,0.881578947368421,0.20767439652196,0.128247294010644,19,19,19,0.842105263157895,0.881578947368421,0.20767439652196,0.128247294010644,0.0394736842105263,0.0794271025113156,TRUE,TRUE,0.0394736842105263,0.0394736842105263,0.0794271025113156,TRUE,TRUE,0.0394736842105263
7,28,"Tomorrow's Europe (EU)","eu.attitude_towards_migration_t1","7:2803::eu.attitude_towards_migration_t1","2803","7:2803",0.764705882352941,0.75,0.312132136423399,0.176776695296637,17,17,17,0.764705882352941,0.75,0.312132136423399,0.176776695296637,-0.0147058823529411,0.135355441126762,FALSE,TRUE,-0.0147058823529411,-0.0147058823529411,0.135355441126762,FALSE,TRUE,-0.0147058823529411
7,28,"Tomorrow's Europe (EU)","eu.attitude_towards_migration_t1","7:2804::eu.attitude_towards_migration_t1","2804","7:2804",0.779411764705882,0.838235294117647,0.329326407008216,0.175472052408555,17,17,17,0.779411764705882,0.838235294117647,0.329326407008216,0.175472052408555,0.0588235294117647,0.153854354599661,TRUE,TRUE,0.0588235294117647,0.0588235294117647,0.153854354599661,TRUE,TRUE,0.0588235294117647
7,28,"Tomorrow's Europe (EU)","eu.attitude_towards_migration_t1","7:2805::eu.attitude_towards_migration_t1","2805","7:2805",0.720588235294118,0.75,0.304681608163245,0.25,17,17,17,0.720588235294118,0.75,0.304681608163245,0.25,0.0294117647058824,0.054681608163245,TRUE,TRUE,0.0294117647058824,0.0294117647058824,0.054681608163245,TRUE,TRUE,0.0294117647058824
7,28,"Tomorrow's Europe (EU)","eu.attitude_towards_migration_t1","7:2806::eu.attitude_towards_migration_t1","2806","7:2806",0.855263157894737,0.881578947368421,0.254348152059614,0.152943822580375,19,19,19,0.855263157894737,0.881578947368421,0.254348152059614,0.152943822580375,0.0263157894736842,0.101404329479239,TRUE,TRUE,0.0263157894736842,0.0263157894736842,0.101404329479239,TRUE,TRUE,0.0263157894736842
7,28,"Tomorrow's Europe (EU)","eu.attitude_towards_migration_t1","7:2807::eu.attitude_towards_migration_t1","2807","7:2807",0.675,0.785714285714286,0.335410196624968,0.163663417676994,20,21,20,0.675,0.8,0.335410196624968,0.153896752812773,0.110714285714286,0.171746778947974,TRUE,TRUE,0.110714285714286,0.125,0.181513443812195,TRUE,TRUE,0.125
7,28,"Tomorrow's Europe (EU)","eu.attitude_towards_migration_t1","7:2808::eu.attitude_towards_migration_t1","2808","7:2808",0.75,0.7125,0.303488489333442,0.247021733542021,20,20,20,0.75,0.7125,0.303488489333442,0.247021733542021,-0.0375,0.0564667557914209,FALSE,TRUE,-0.0375,-0.0375,0.0564667557914209,FALSE,TRUE,-0.0375
7,28,"Tomorrow's Europe (EU)","eu.attitude_towards_migration_t1","7:2809::eu.attitude_towards_migration_t1","2809","7:2809",0.846153846153846,0.826923076923077,0.217429623155726,0.187766904049703,13,13,13,0.846153846153846,0.826923076923077,0.217429623155726,0.187766904049703,-0.0192307692307693,0.0296627191060233,FALSE,TRUE,-0.0192307692307693,-0.0192307692307693,0.0296627191060233,FALSE,TRUE,-0.0192307692307693
7,28,"Tomorrow's Europe (EU)","eu.attitude_towards_migration_t1","7:2810::eu.attitude_towards_migration_t1","2810","7:2810",0.907894736842105,0.592105263157895,0.149316180092537,0.335519149103601,19,19,18,0.902777777777778,0.597222222222222,0.151921247228546,0.344482656535267,-0.315789473684211,-0.186202969011064,FALSE,FALSE,-0.315789473684211,-0.305555555555556,-0.192561409306721,FALSE,FALSE,-0.305555555555556
7,28,"Tomorrow's Europe (EU)","eu.attitude_towards_migration_t1","7:2811::eu.attitude_towards_migration_t1","2811","7:2811",0.794117647058823,0.573529411764706,0.202239302051104,0.402770734669095,17,17,17,0.794117647058823,0.573529411764706,0.202239302051104,0.402770734669095,-0.220588235294118,-0.200531432617991,FALSE,FALSE,-0.220588235294118,-0.220588235294118,-0.200531432617991,FALSE,FALSE,-0.220588235294118
7,28,"Tomorrow's Europe (EU)","eu.attitude_towards_migration_t1","7:2812::eu.attitude_towards_migration_t1","2812","7:2812",0.880952380952381,0.795454545454545,0.269479215560398,0.213200716355611,21,22,21,0.880952380952381,0.797619047619048,0.269479215560398,0.218217890235992,-0.0854978354978355,0.0562784992047879,FALSE,TRUE,-0.0854978354978355,-0.0833333333333333,0.051261325324406,FALSE,TRUE,-0.0833333333333333
7,28,"Tomorrow's Europe (EU)","eu.attitude_towards_migration_t1","7:2813::eu.attitude_towards_migration_t1","2813","7:2813",0.773809523809524,0.869047619047619,0.315285207240622,0.12794157892979,21,21,21,0.773809523809524,0.869047619047619,0.315285207240622,0.12794157892979,0.0952380952380952,0.187343628310832,TRUE,TRUE,0.0952380952380952,0.0952380952380952,0.187343628310832,TRUE,TRUE,0.0952380952380952
7,28,"Tomorrow's Europe (EU)","eu.attitude_towards_migration_t1","7:2814::eu.attitude_towards_migration_t1","2814","7:2814",0.88235294117647,0.86764705882353,0.156066068211699,0.128623938856882,17,17,17,0.88235294117647,0.86764705882353,0.156066068211699,0.128623938856882,-0.0147058823529411,0.0274421293548178,FALSE,TRUE,-0.0147058823529411,-0.0147058823529411,0.0274421293548178,FALSE,TRUE,-0.0147058823529411
7,28,"Tomorrow's Europe (EU)","eu.attitude_towards_migration_t1","7:2815::eu.attitude_towards_migration_t1","2815","7:2815",0.880952380952381,0.8,0.187400767391832,0.191942973987479,21,20,20,0.8875,0.8,0.189788663629062,0.191942973987479,-0.0809523809523809,-0.00454220659564641,FALSE,FALSE,-0.0809523809523809,-0.0874999999999999,-0.00215431035841657,FALSE,FALSE,-0.0874999999999999
7,28,"Tomorrow's Europe (EU)","eu.attitude_towards_migration_t1","7:2816::eu.attitude_towards_migration_t1","2816","7:2816",0.883333333333333,0.8125,0.208452346958198,0.266145323711189,15,16,15,0.883333333333333,0.833333333333333,0.208452346958198,0.261634059236142,-0.0708333333333333,-0.0576929767529905,FALSE,FALSE,-0.0708333333333333,-0.0499999999999999,-0.0531817122779438,FALSE,FALSE,-0.0499999999999999
7,28,"Tomorrow's Europe (EU)","eu.attitude_towards_migration_t1","7:2817::eu.attitude_towards_migration_t1","2817","7:2817",0.85,0.8375,0.220644987539522,0.247021733542021,20,20,20,0.85,0.8375,0.220644987539522,0.247021733542021,-0.0125,-0.0263767460024991,FALSE,FALSE,-0.0125,-0.0125,-0.0263767460024991,FALSE,FALSE,-0.0125
7,28,"Tomorrow's Europe (EU)","eu.attitude_towards_migration_t1","7:2818::eu.attitude_towards_migration_t1","2818","7:2818",0.857142857142857,0.711538461538462,0.234403615469248,0.379777262656375,14,13,13,0.846153846153846,0.711538461538462,0.240192230707631,0.379777262656375,-0.145604395604396,-0.145373647187127,FALSE,FALSE,-0.145604395604396,-0.134615384615385,-0.139585031948744,FALSE,FALSE,-0.134615384615385
7,28,"Tomorrow's Europe (EU)","eu.mil_att_11_12_t1","7:2801::eu.mil_att_11_12_t1","2801","7:2801",0.466071428571429,0.490625,0.17854196185451,0.190518466780022,21,20,20,0.463125,0.490625,0.182655620384084,0.190518466780022,-0.0245535714285714,-0.0119765049255129,FALSE,FALSE,-0.0245535714285714,-0.0275,-0.0078628463959381,FALSE,FALSE,-0.0275
7,28,"Tomorrow's Europe (EU)","eu.mil_att_11_12_t1","7:2802::eu.mil_att_11_12_t1","2802","7:2802",0.530482456140351,0.48421052631579,0.218325437337691,0.20107532556161,19,19,19,0.530482456140351,0.48421052631579,0.218325437337691,0.20107532556161,-0.0462719298245614,0.0172501117760805,FALSE,TRUE,-0.0146929824561403,-0.0462719298245614,0.0172501117760805,FALSE,TRUE,-0.0146929824561403
7,28,"Tomorrow's Europe (EU)","eu.mil_att_11_12_t1","7:2803::eu.mil_att_11_12_t1","2803","7:2803",0.526225490196078,0.435294117647059,0.194620383171321,0.134573639091151,17,17,17,0.526225490196078,0.435294117647059,0.194620383171321,0.134573639091151,-0.0909313725490196,0.0600467440801698,FALSE,TRUE,0.0384803921568627,-0.0909313725490196,0.0600467440801698,FALSE,TRUE,0.0384803921568627
7,28,"Tomorrow's Europe (EU)","eu.mil_att_11_12_t1","7:2804::eu.mil_att_11_12_t1","2804","7:2804",0.641176470588235,0.627205882352941,0.220473775451333,0.190098416848314,17,17,17,0.641176470588235,0.627205882352941,0.220473775451333,0.190098416848314,-0.0139705882352942,0.0303753586030189,FALSE,TRUE,-0.0139705882352942,-0.0139705882352942,0.0303753586030189,FALSE,TRUE,-0.0139705882352942
7,28,"Tomorrow's Europe (EU)","eu.mil_att_11_12_t1","7:2805::eu.mil_att_11_12_t1","2805","7:2805",0.479901960784314,0.524264705882353,0.18796375111182,0.155653272296057,17,17,17,0.479901960784314,0.524264705882353,0.18796375111182,0.155653272296057,-0.0443627450980392,0.0323104788157624,FALSE,TRUE,0.00416666666666671,-0.0443627450980392,0.0323104788157624,FALSE,TRUE,0.00416666666666671
7,28,"Tomorrow's Europe (EU)","eu.mil_att_11_12_t1","7:2806::eu.mil_att_11_12_t1","2806","7:2806",0.610745614035088,0.567763157894737,0.201356873841632,0.19113675793504,19,19,19,0.610745614035088,0.567763157894737,0.201356873841632,0.19113675793504,-0.0429824561403509,0.0102201159065917,FALSE,TRUE,-0.0429824561403509,-0.0429824561403509,0.0102201159065917,FALSE,TRUE,-0.0429824561403509
7,28,"Tomorrow's Europe (EU)","eu.mil_att_11_12_t1","7:2807::eu.mil_att_11_12_t1","2807","7:2807",0.546626984126984,0.482936507936508,0.195614323668638,0.157651518618602,21,21,21,0.546626984126984,0.482936507936508,0.195614323668638,0.157651518618602,-0.0636904761904762,0.0379628050500362,FALSE,TRUE,-0.0295634920634921,-0.0636904761904762,0.0379628050500362,FALSE,TRUE,-0.0295634920634921
7,28,"Tomorrow's Europe (EU)","eu.mil_att_11_12_t1","7:2808::eu.mil_att_11_12_t1","2808","7:2808",0.554375,0.53,0.196527209512951,0.184667197098484,20,20,20,0.554375,0.53,0.196527209512951,0.184667197098484,-0.0243749999999999,0.0118600124144666,FALSE,TRUE,-0.0243749999999999,-0.0243749999999999,0.0118600124144666,FALSE,TRUE,-0.0243749999999999
7,28,"Tomorrow's Europe (EU)","eu.mil_att_11_12_t1","7:2809::eu.mil_att_11_12_t1","2809","7:2809",0.331730769230769,0.366346153846154,0.231200185209756,0.0960664667073845,13,13,13,0.331730769230769,0.366346153846154,0.231200185209756,0.0960664667073845,-0.0346153846153847,0.135133718502372,FALSE,TRUE,-0.0346153846153847,-0.0346153846153847,0.135133718502372,FALSE,TRUE,-0.0346153846153847
7,28,"Tomorrow's Europe (EU)","eu.mil_att_11_12_t1","7:2810::eu.mil_att_11_12_t1","2810","7:2810",0.56875,0.535625,0.152258220761553,0.205766978259645,20,20,20,0.56875,0.535625,0.152258220761553,0.205766978259645,-0.033125,-0.0535087574980925,FALSE,FALSE,-0.033125,-0.033125,-0.0535087574980925,FALSE,FALSE,-0.033125
7,28,"Tomorrow's Europe (EU)","eu.mil_att_11_12_t1","7:2811::eu.mil_att_11_12_t1","2811","7:2811",0.631127450980392,0.563235294117647,0.226586409883274,0.213026488790645,17,17,17,0.631127450980392,0.563235294117647,0.226586409883274,0.213026488790645,-0.0678921568627451,0.013559921092629,FALSE,TRUE,-0.0678921568627451,-0.0678921568627451,0.013559921092629,FALSE,TRUE,-0.0678921568627451
7,28,"Tomorrow's Europe (EU)","eu.mil_att_11_12_t1","7:2812::eu.mil_att_11_12_t1","2812","7:2812",0.531628787878788,0.484469696969697,0.229754509727796,0.18498615446805,22,22,22,0.531628787878788,0.484469696969697,0.229754509727796,0.18498615446805,-0.0471590909090909,0.0447683552597454,FALSE,TRUE,-0.0160984848484848,-0.0471590909090909,0.0447683552597454,FALSE,TRUE,-0.0160984848484848
7,28,"Tomorrow's Europe (EU)","eu.mil_att_11_12_t1","7:2813::eu.mil_att_11_12_t1","2813","7:2813",0.539285714285714,0.495238095238095,0.183851405449385,0.159024182048487,21,21,21,0.539285714285714,0.495238095238095,0.183851405449385,0.159024182048487,-0.044047619047619,0.0248272234008979,FALSE,TRUE,-0.0345238095238095,-0.044047619047619,0.0248272234008979,FALSE,TRUE,-0.0345238095238095
7,28,"Tomorrow's Europe (EU)","eu.mil_att_11_12_t1","7:2814::eu.mil_att_11_12_t1","2814","7:2814",0.636519607843137,0.577941176470588,0.322350072182321,0.230341518345107,17,17,17,0.636519607843137,0.577941176470588,0.322350072182321,0.230341518345107,-0.0585784313725489,0.0920085538372139,FALSE,TRUE,-0.0585784313725489,-0.0585784313725489,0.0920085538372139,FALSE,TRUE,-0.0585784313725489
7,28,"Tomorrow's Europe (EU)","eu.mil_att_11_12_t1","7:2815::eu.mil_att_11_12_t1","2815","7:2815",0.626190476190476,0.661309523809524,0.209944366213437,0.158848628904256,21,21,21,0.626190476190476,0.661309523809524,0.209944366213437,0.158848628904256,0.0351190476190476,0.0510957373091818,TRUE,TRUE,0.0351190476190476,0.0351190476190476,0.0510957373091818,TRUE,TRUE,0.0351190476190476
7,28,"Tomorrow's Europe (EU)","eu.mil_att_11_12_t1","7:2816::eu.mil_att_11_12_t1","2816","7:2816",0.678125,0.69140625,0.152445345397402,0.13044145797381,16,16,16,0.678125,0.69140625,0.152445345397402,0.13044145797381,0.01328125,0.0220038874235921,TRUE,TRUE,0.01328125,0.01328125,0.0220038874235921,TRUE,TRUE,0.01328125
7,28,"Tomorrow's Europe (EU)","eu.mil_att_11_12_t1","7:2817::eu.mil_att_11_12_t1","2817","7:2817",0.551041666666667,0.61875,0.201610271040165,0.209341857156888,20,20,20,0.551041666666667,0.61875,0.201610271040165,0.209341857156888,0.0677083333333334,-0.00773158611672239,TRUE,FALSE,0.0677083333333334,0.0677083333333334,-0.00773158611672239,TRUE,FALSE,0.0677083333333334
7,28,"Tomorrow's Europe (EU)","eu.mil_att_11_12_t1","7:2818::eu.mil_att_11_12_t1","2818","7:2818",0.531845238095238,0.503571428571429,0.217813821780175,0.278449888955519,14,14,14,0.531845238095238,0.503571428571429,0.217813821780175,0.278449888955519,-0.0282738095238095,-0.0606360671753433,FALSE,FALSE,-0.0282738095238095,-0.0282738095238095,-0.0606360671753433,FALSE,FALSE,-0.0282738095238095
7,28,"Tomorrow's Europe (EU)","eu.t1q11b","7:2801::eu.t1q11b","2801","7:2801",0.523809523809524,0.425,0.343736471595264,0.363643839636069,21,20,20,0.5,0.425,0.334428027029969,0.363643839636069,-0.0988095238095238,-0.0199073680408049,FALSE,FALSE,0.0511904761904762,NA,-0.0292158126060998,NA,FALSE,0.075
7,28,"Tomorrow's Europe (EU)","eu.t1q11b","7:2802::eu.t1q11b","2802","7:2802",0.381578947368421,0.367647058823529,0.304690428648393,0.365693338259065,19,17,17,0.411764705882353,0.367647058823529,0.305434839493583,0.365693338259065,0.0139318885448916,-0.0610029096106718,TRUE,FALSE,0.0139318885448916,0.0441176470588235,-0.0602584987654822,TRUE,FALSE,0.0441176470588235
7,28,"Tomorrow's Europe (EU)","eu.t1q11b","7:2803::eu.t1q11b","2803","7:2803",0.397058823529412,0.352941176470588,0.293933766048628,0.266030184045964,17,17,17,0.397058823529412,0.352941176470588,0.293933766048628,0.266030184045964,0.0441176470588236,0.0279035820026639,TRUE,TRUE,0.0441176470588236,0.0441176470588236,0.0279035820026639,TRUE,TRUE,0.0441176470588236
7,28,"Tomorrow's Europe (EU)","eu.t1q11b","7:2804::eu.t1q11b","2804","7:2804",0.442307692307692,0.279411764705882,0.340860524901165,0.263426237024601,13,17,13,0.442307692307692,0.25,0.340860524901165,0.270030862433661,0.16289592760181,0.0774342878765637,TRUE,TRUE,0.16289592760181,0.192307692307692,0.0708296624675037,TRUE,TRUE,0.192307692307692
7,28,"Tomorrow's Europe (EU)","eu.t1q11b","7:2805::eu.t1q11b","2805","7:2805",0.382352941176471,0.352941176470588,0.354850838588637,0.217565068022257,17,17,17,0.382352941176471,0.352941176470588,0.354850838588637,0.217565068022257,0.0294117647058823,0.13728577056638,TRUE,TRUE,0.0294117647058823,0.0294117647058823,0.13728577056638,TRUE,TRUE,0.0294117647058823
7,28,"Tomorrow's Europe (EU)","eu.t1q11b","7:2806::eu.t1q11b","2806","7:2806",0.368421052631579,0.328947368421053,0.35715329976379,0.264215710207527,19,19,19,0.368421052631579,0.328947368421053,0.35715329976379,0.264215710207527,0.0394736842105263,0.0929375895562631,TRUE,TRUE,0.0394736842105263,0.0394736842105263,0.0929375895562631,TRUE,TRUE,0.0394736842105263
7,28,"Tomorrow's Europe (EU)","eu.t1q11b","7:2807::eu.t1q11b","2807","7:2807",0.404761904761905,0.552631578947368,0.374801534783665,0.359194192375458,21,19,19,0.447368421052632,0.552631578947368,0.3687342027541,0.359194192375458,-0.147869674185464,0.0156073424082068,FALSE,TRUE,-0.0426065162907269,-0.105263157894737,0.00954001037864233,FALSE,TRUE,-5.55111512312578e-17
7,28,"Tomorrow's Europe (EU)","eu.t1q11b","7:2808::eu.t1q11b","2808","7:2808",0.302631578947368,0.3375,0.2835654364078,0.317006973192439,19,20,19,0.302631578947368,0.342105263157895,0.2835654364078,0.325005622983296,-0.0348684210526316,-0.0334415367846385,FALSE,FALSE,-0.0348684210526316,-0.0394736842105263,-0.0414401865754955,FALSE,FALSE,-0.0394736842105263
7,28,"Tomorrow's Europe (EU)","eu.t1q11b","7:2809::eu.t1q11b","2809","7:2809",0.346153846153846,0.576923076923077,0.361398636354614,0.359174623625348,13,13,13,0.346153846153846,0.576923076923077,0.361398636354614,0.359174623625348,-0.230769230769231,0.00222401272926592,FALSE,TRUE,-0.076923076923077,-0.230769230769231,0.00222401272926592,FALSE,TRUE,-0.076923076923077
7,28,"Tomorrow's Europe (EU)","eu.t1q11b","7:2810::eu.t1q11b","2810","7:2810",0.328947368421053,0.45,0.333881128827513,0.309923589903943,19,20,19,0.328947368421053,0.447368421052632,0.333881128827513,0.318186564861685,-0.121052631578947,0.0239575389235705,FALSE,TRUE,-0.121052631578947,-0.118421052631579,0.015694563965828,FALSE,TRUE,-0.118421052631579
7,28,"Tomorrow's Europe (EU)","eu.t1q11b","7:2811::eu.t1q11b","2811","7:2811",0.367647058823529,0.375,0.332105582077536,0.302765035409749,17,16,16,0.390625,0.375,0.328744454959573,0.302765035409749,-0.00735294117647056,0.0293405466677866,FALSE,TRUE,-0.00735294117647056,0.015625,0.0259794195498238,TRUE,TRUE,0.015625
7,28,"Tomorrow's Europe (EU)","eu.t1q11b","7:2812::eu.t1q11b","2812","7:2812",0.3375,0.409090909090909,0.317006973192439,0.283950181594775,20,22,20,0.3375,0.4,0.317006973192439,0.28562028528874,-0.071590909090909,0.0330567915976639,FALSE,TRUE,-0.071590909090909,-0.0625,0.0313866879036991,FALSE,TRUE,-0.0625
7,28,"Tomorrow's Europe (EU)","eu.t1q11b","7:2813::eu.t1q11b","2813","7:2813",0.328947368421053,0.452380952380952,0.344123600805843,0.269479215560398,19,21,19,0.328947368421053,0.43421052631579,0.344123600805843,0.274394602098545,-0.1234335839599,0.0746443852454444,FALSE,TRUE,-0.1234335839599,-0.105263157894737,0.0697289987072979,FALSE,TRUE,-0.105263157894737
7,28,"Tomorrow's Europe (EU)","eu.t1q11b","7:2814::eu.t1q11b","2814","7:2814",0.294117647058824,0.3,0.333486484424958,0.270581384641083,17,15,15,0.266666666666667,0.3,0.29072978781647,0.270581384641083,-0.00588235294117645,0.0629050997838749,FALSE,TRUE,-0.00588235294117645,-0.0333333333333333,0.0201484031753867,FALSE,TRUE,-0.0333333333333333
7,28,"Tomorrow's Europe (EU)","eu.t1q11b","7:2815::eu.t1q11b","2815","7:2815",0.5,0.3625,0.341565025531987,0.236128310347083,16,20,15,0.466666666666667,0.383333333333333,0.325503273335893,0.247607600468006,NA,0.105436715184903,NA,TRUE,0.1375,0.0833333333333333,0.0778956728678865,TRUE,TRUE,0.0833333333333333
7,28,"Tomorrow's Europe (EU)","eu.t1q11b","7:2816::eu.t1q11b","2816","7:2816",0.354166666666667,0.359375,0.376260507756222,0.273385411705404,12,16,12,0.354166666666667,0.354166666666667,0.376260507756222,0.270906167362708,-0.00520833333333337,0.102875096050817,FALSE,TRUE,-0.00520833333333337,0,0.105354340393514,FALSE,TRUE,-5.55111512312578e-17
7,28,"Tomorrow's Europe (EU)","eu.t1q11b","7:2817::eu.t1q11b","2817","7:2817",0.460526315789474,0.3875,0.37512181257427,0.38452807713516,19,20,19,0.460526315789474,0.407894736842105,0.37512181257427,0.383790726356731,0.0730263157894737,-0.00940626456088944,TRUE,FALSE,0.0730263157894737,0.0526315789473684,-0.00866891378246054,TRUE,FALSE,0.0526315789473684
7,28,"Tomorrow's Europe (EU)","eu.t1q11b","7:2818::eu.t1q11b","2818","7:2818",0.425,0.291666666666667,0.354534123103044,0.316826116156462,10,12,9,0.472222222222222,0.333333333333333,0.341056365494685,0.330718913883074,0.133333333333333,0.0377080069465822,TRUE,TRUE,0.133333333333333,0.138888888888889,0.0103374516116116,TRUE,TRUE,0.138888888888889
7,28,"Tomorrow's Europe (EU)","eu.turkey_enlargement_att_t1","7:2801::eu.turkey_enlargement_att_t1","2801","7:2801",0.535714285714286,0.575,0.38959686123699,0.363643839636069,21,20,20,0.5625,0.575,0.379360611666803,0.363643839636069,0.0392857142857143,0.0259530216009207,TRUE,TRUE,0.0392857142857143,0.0125,0.0157167720307334,TRUE,TRUE,0.0125
7,28,"Tomorrow's Europe (EU)","eu.turkey_enlargement_att_t1","7:2802::eu.turkey_enlargement_att_t1","2802","7:2802",0.552631578947368,0.394736842105263,0.395977582211462,0.326128270965286,19,19,19,0.552631578947368,0.394736842105263,0.395977582211462,0.326128270965286,-0.157894736842105,0.069849311246176,FALSE,TRUE,0.0526315789473684,-0.157894736842105,0.069849311246176,FALSE,TRUE,0.0526315789473684
7,28,"Tomorrow's Europe (EU)","eu.turkey_enlargement_att_t1","7:2803::eu.turkey_enlargement_att_t1","2803","7:2803",0.544117647058824,0.544117647058824,0.44401659348961,0.387654143914544,17,17,17,0.544117647058824,0.544117647058824,0.44401659348961,0.387654143914544,0,0.0563624495750665,FALSE,TRUE,0,0,0.0563624495750665,FALSE,TRUE,0
7,28,"Tomorrow's Europe (EU)","eu.turkey_enlargement_att_t1","7:2804::eu.turkey_enlargement_att_t1","2804","7:2804",0.558823529411765,0.544117647058823,0.370065574475342,0.387654143914544,17,17,17,0.558823529411765,0.544117647058823,0.370065574475342,0.387654143914544,-0.0147058823529412,-0.0175885694392018,FALSE,FALSE,-0.0147058823529412,-0.0147058823529412,-0.0175885694392018,FALSE,FALSE,-0.0147058823529412
7,28,"Tomorrow's Europe (EU)","eu.turkey_enlargement_att_t1","7:2805::eu.turkey_enlargement_att_t1","2805","7:2805",0.661764705882353,0.647058823529412,0.374386753473558,0.365064458450189,17,17,17,0.661764705882353,0.647058823529412,0.374386753473558,0.365064458450189,-0.0147058823529411,0.00932229502336929,FALSE,TRUE,-0.0147058823529411,-0.0147058823529411,0.00932229502336929,FALSE,TRUE,-0.0147058823529411
7,28,"Tomorrow's Europe (EU)","eu.turkey_enlargement_att_t1","7:2806::eu.turkey_enlargement_att_t1","2806","7:2806",0.486842105263158,0.544117647058823,0.386164222860616,0.321559847142204,19,17,17,0.514705882352941,0.544117647058823,0.390017910599289,0.321559847142204,-0.0572755417956656,0.0646043757184124,FALSE,TRUE,0.0309597523219813,0.0294117647058824,0.0684580634570853,TRUE,TRUE,0.0294117647058824
7,28,"Tomorrow's Europe (EU)","eu.turkey_enlargement_att_t1","7:2807::eu.turkey_enlargement_att_t1","2807","7:2807",0.523809523809524,0.3125,0.37835798115642,0.379360611666803,21,20,20,0.55,0.3125,0.368138989770812,0.379360611666803,-0.211309523809524,-0.00100263051038246,FALSE,FALSE,0.163690476190476,-0.2375,-0.011221621895991,FALSE,FALSE,0.1375
7,28,"Tomorrow's Europe (EU)","eu.turkey_enlargement_att_t1","7:2808::eu.turkey_enlargement_att_t1","2808","7:2808",0.526315789473684,0.657894736842105,0.35251809293702,0.365248453451261,19,19,19,0.526315789473684,0.657894736842105,0.35251809293702,0.365248453451261,0.131578947368421,-0.0127303605142414,TRUE,FALSE,0.131578947368421,0.131578947368421,-0.0127303605142414,TRUE,FALSE,0.131578947368421
7,28,"Tomorrow's Europe (EU)","eu.turkey_enlargement_att_t1","7:2809::eu.turkey_enlargement_att_t1","2809","7:2809",0.6875,0.5,0.428063822769031,0.420812705765087,12,13,12,0.6875,0.520833333333333,0.428063822769031,0.432465623086408,-0.1875,0.00725111700394437,FALSE,TRUE,-0.1875,-0.166666666666667,-0.00440180031737702,FALSE,FALSE,-0.166666666666667
7,28,"Tomorrow's Europe (EU)","eu.turkey_enlargement_att_t1","7:2810::eu.turkey_enlargement_att_t1","2810","7:2810",0.4125,0.3625,0.438860666055328,0.384528077135159,20,20,20,0.4125,0.3625,0.438860666055328,0.384528077135159,0.05,0.0543325889201687,TRUE,TRUE,0.05,0.05,0.0543325889201687,TRUE,TRUE,0.05
7,28,"Tomorrow's Europe (EU)","eu.turkey_enlargement_att_t1","7:2811::eu.turkey_enlargement_att_t1","2811","7:2811",0.485294117647059,0.294117647058823,0.399908077673151,0.356143559950363,17,17,17,0.485294117647059,0.294117647058823,0.399908077673151,0.356143559950363,0.191176470588235,0.0437645177227886,TRUE,TRUE,0.191176470588235,0.191176470588235,0.0437645177227886,TRUE,TRUE,0.191176470588235
7,28,"Tomorrow's Europe (EU)","eu.turkey_enlargement_att_t1","7:2812::eu.turkey_enlargement_att_t1","2812","7:2812",0.607142857142857,0.534090909090909,0.407518623588455,0.364295263434812,21,22,21,0.607142857142857,0.547619047619048,0.407518623588455,0.367585429008071,-0.073051948051948,0.0432233601536426,FALSE,TRUE,-0.073051948051948,-0.0595238095238094,0.0399331945803835,FALSE,TRUE,-0.0595238095238094
7,28,"Tomorrow's Europe (EU)","eu.turkey_enlargement_att_t1","7:2813::eu.turkey_enlargement_att_t1","2813","7:2813",0.578947368421053,0.333333333333333,0.400109634098263,0.299304749934466,19,21,19,0.578947368421053,0.342105263157895,0.400109634098263,0.314140431218772,-0.245614035087719,0.100804884163797,FALSE,TRUE,0.087719298245614,-0.236842105263158,0.0859692028794911,FALSE,TRUE,0.0789473684210526
7,28,"Tomorrow's Europe (EU)","eu.turkey_enlargement_att_t1","7:2814::eu.turkey_enlargement_att_t1","2814","7:2814",0.602941176470588,0.5,0.385871816570645,0.441941738241592,17,17,17,0.602941176470588,0.5,0.385871816570645,0.441941738241592,-0.102941176470588,-0.0560699216709473,FALSE,FALSE,-0.102941176470588,-0.102941176470588,-0.0560699216709473,FALSE,FALSE,-0.102941176470588
7,28,"Tomorrow's Europe (EU)","eu.turkey_enlargement_att_t1","7:2815::eu.turkey_enlargement_att_t1","2815","7:2815",0.394736842105263,0.55952380952381,0.393663257409068,0.370006434950477,19,21,19,0.394736842105263,0.513157894736842,0.393663257409068,0.358175199705689,-0.164786967418546,0.0236568224585906,FALSE,TRUE,-0.0457393483709273,-0.118421052631579,0.0354880577033786,FALSE,TRUE,-0.0921052631578947
7,28,"Tomorrow's Europe (EU)","eu.turkey_enlargement_att_t1","7:2816::eu.turkey_enlargement_att_t1","2816","7:2816",0.59375,0.578125,0.363719214046587,0.28458668860882,16,16,16,0.59375,0.578125,0.363719214046587,0.28458668860882,-0.015625,0.0791325254377668,FALSE,TRUE,-0.015625,-0.015625,0.0791325254377668,FALSE,TRUE,-0.015625
7,28,"Tomorrow's Europe (EU)","eu.turkey_enlargement_att_t1","7:2817::eu.turkey_enlargement_att_t1","2817","7:2817",0.6,0.55,0.424574089994593,0.402296041818905,20,20,20,0.6,0.55,0.424574089994593,0.402296041818905,-0.0499999999999999,0.0222780481756883,FALSE,TRUE,-0.0499999999999999,-0.0499999999999999,0.0222780481756883,FALSE,TRUE,-0.0499999999999999
7,28,"Tomorrow's Europe (EU)","eu.turkey_enlargement_att_t1","7:2818::eu.turkey_enlargement_att_t1","2818","7:2818",0.625,0.571428571428571,0.401319937590562,0.397450667337511,14,14,14,0.625,0.571428571428571,0.401319937590562,0.397450667337511,-0.0535714285714286,0.0038692702530505,FALSE,TRUE,-0.0535714285714286,-0.0535714285714286,0.0038692702530505,FALSE,TRUE,-0.0535714285714286
7,28,"Tomorrow's Europe (EU)","eu.eu_veto_support_t1","7:2801::eu.eu_veto_support_t1","2801","7:2801",0.55952380952381,0.54625,0.27754236055918,0.293265978610759,21,20,20,0.5875,0.54625,0.252552756343783,0.293265978610759,-0.0132738095238095,-0.0157236180515792,FALSE,FALSE,-0.0132738095238095,-0.04125,-0.0407132222669765,FALSE,FALSE,-0.04125
7,28,"Tomorrow's Europe (EU)","eu.eu_veto_support_t1","7:2802::eu.eu_veto_support_t1","2802","7:2802",0.490350877192982,0.699537037037037,0.288812264916973,0.248976207984495,19,18,18,0.506481481481482,0.699537037037037,0.288244001172713,0.248976207984495,-0.209186159844055,0.039836056932478,FALSE,TRUE,0.18988791423002,0.193055555555556,0.0392677931882185,TRUE,TRUE,0.193055555555556
7,28,"Tomorrow's Europe (EU)","eu.eu_veto_support_t1","7:2803::eu.eu_veto_support_t1","2803","7:2803",0.432352941176471,0.602941176470588,0.248709906612219,0.237316105276337,17,17,17,0.432352941176471,0.602941176470588,0.248709906612219,0.237316105276337,-0.170588235294118,0.0113938013358824,FALSE,TRUE,0.0352941176470588,-0.170588235294118,0.0113938013358824,FALSE,TRUE,0.0352941176470588
7,28,"Tomorrow's Europe (EU)","eu.eu_veto_support_t1","7:2804::eu.eu_veto_support_t1","2804","7:2804",0.608823529411765,0.680882352941176,0.194040342227498,0.229729700505001,17,17,17,0.608823529411765,0.680882352941176,0.194040342227498,0.229729700505001,0.0720588235294117,-0.035689358277503,TRUE,FALSE,0.0720588235294117,0.0720588235294117,-0.035689358277503,TRUE,FALSE,0.0720588235294117
7,28,"Tomorrow's Europe (EU)","eu.eu_veto_support_t1","7:2805::eu.eu_veto_support_t1","2805","7:2805",0.60735294117647,0.562254901960784,0.180443183986148,0.30056540537543,17,17,17,0.60735294117647,0.562254901960784,0.180443183986148,0.30056540537543,-0.0450980392156862,-0.120122221389282,FALSE,FALSE,-0.0450980392156862,-0.0450980392156862,-0.120122221389282,FALSE,FALSE,-0.0450980392156862
7,28,"Tomorrow's Europe (EU)","eu.eu_veto_support_t1","7:2806::eu.eu_veto_support_t1","2806","7:2806",0.610526315789474,0.507894736842105,0.289073686957544,0.244388782870619,19,19,19,0.610526315789474,0.507894736842105,0.289073686957544,0.244388782870619,-0.102631578947368,0.044684904086925,FALSE,TRUE,-0.102631578947368,-0.102631578947368,0.044684904086925,FALSE,TRUE,-0.102631578947368
7,28,"Tomorrow's Europe (EU)","eu.eu_veto_support_t1","7:2807::eu.eu_veto_support_t1","2807","7:2807",0.606666666666667,0.58625,0.290009074268194,0.278207963675793,20,20,19,0.63859649122807,0.596052631578947,0.259335132311845,0.282260611193944,-0.0204166666666667,0.0118011105924004,FALSE,TRUE,-0.0204166666666667,-0.0425438596491228,-0.0229254788820993,FALSE,FALSE,-0.0425438596491228
7,28,"Tomorrow's Europe (EU)","eu.eu_veto_support_t1","7:2808::eu.eu_veto_support_t1","2808","7:2808",0.615416666666667,0.637916666666667,0.226647235364223,0.195461573226522,20,20,20,0.615416666666667,0.637916666666667,0.226647235364223,0.195461573226522,0.0225000000000001,0.0311856621377009,TRUE,TRUE,0.0225000000000001,0.0225000000000001,0.0311856621377009,TRUE,TRUE,0.0225000000000001
7,28,"Tomorrow's Europe (EU)","eu.eu_veto_support_t1","7:2809::eu.eu_veto_support_t1","2809","7:2809",0.625,0.7,0.246855220726644,0.258492131056599,13,12,12,0.59375,0.7,0.229407586860354,0.258492131056599,0.075,-0.011636910329955,TRUE,FALSE,0.075,0.10625,-0.0290845441962446,TRUE,FALSE,0.10625
7,28,"Tomorrow's Europe (EU)","eu.eu_veto_support_t1","7:2810::eu.eu_veto_support_t1","2810","7:2810",0.626666666666667,0.610526315789474,0.213293581822763,0.238385161828745,20,19,19,0.63859649122807,0.610526315789474,0.212172233174406,0.238385161828745,-0.016140350877193,-0.0250915800059822,FALSE,FALSE,-0.016140350877193,-0.0280701754385965,-0.0262129286543393,FALSE,FALSE,-0.0280701754385965
7,28,"Tomorrow's Europe (EU)","eu.eu_veto_support_t1","7:2811::eu.eu_veto_support_t1","2811","7:2811",0.670588235294118,0.590196078431373,0.202761269361141,0.217730467258372,17,17,17,0.670588235294118,0.590196078431373,0.202761269361141,0.217730467258372,-0.0803921568627451,-0.014969197897231,FALSE,FALSE,-0.0803921568627451,-0.0803921568627451,-0.014969197897231,FALSE,FALSE,-0.0803921568627451
7,28,"Tomorrow's Europe (EU)","eu.eu_veto_support_t1","7:2812::eu.eu_veto_support_t1","2812","7:2812",0.567045454545455,0.535714285714286,0.237845783824555,0.28707266377298,22,21,21,0.561904761904762,0.535714285714286,0.24246379209315,0.28707266377298,-0.0313311688311688,-0.0492268799484249,FALSE,FALSE,-0.0313311688311688,-0.0261904761904762,-0.0446088716798294,FALSE,FALSE,-0.0261904761904762
7,28,"Tomorrow's Europe (EU)","eu.eu_veto_support_t1","7:2813::eu.eu_veto_support_t1","2813","7:2813",0.658333333333333,0.657142857142857,0.314377692168725,0.284620674884009,21,21,21,0.658333333333333,0.657142857142857,0.314377692168725,0.284620674884009,-0.00119047619047619,0.0297570172847159,FALSE,TRUE,-0.00119047619047619,-0.00119047619047619,0.0297570172847159,FALSE,TRUE,-0.00119047619047619
7,28,"Tomorrow's Europe (EU)","eu.eu_veto_support_t1","7:2814::eu.eu_veto_support_t1","2814","7:2814",0.597058823529412,0.413235294117647,0.404745517360637,0.386098033116553,17,17,17,0.597058823529412,0.413235294117647,0.404745517360637,0.386098033116553,-0.183823529411765,0.018647484244084,FALSE,TRUE,-0.0102941176470588,-0.183823529411765,0.018647484244084,FALSE,TRUE,-0.0102941176470588
7,28,"Tomorrow's Europe (EU)","eu.eu_veto_support_t1","7:2815::eu.eu_veto_support_t1","2815","7:2815",0.598809523809524,0.696428571428571,0.224927236911766,0.255475746682258,21,21,21,0.598809523809524,0.696428571428571,0.224927236911766,0.255475746682258,0.0976190476190476,-0.0305485097704913,TRUE,FALSE,0.0976190476190476,0.0976190476190476,-0.0305485097704913,TRUE,FALSE,0.0976190476190476
7,28,"Tomorrow's Europe (EU)","eu.eu_veto_support_t1","7:2816::eu.eu_veto_support_t1","2816","7:2816",0.605208333333333,0.4921875,0.30146056495373,0.344567210424904,16,16,16,0.605208333333333,0.4921875,0.30146056495373,0.344567210424904,-0.113020833333333,-0.0431066454711737,FALSE,FALSE,-0.0973958333333334,-0.113020833333333,-0.0431066454711737,FALSE,FALSE,-0.0973958333333334
7,28,"Tomorrow's Europe (EU)","eu.eu_veto_support_t1","7:2817::eu.eu_veto_support_t1","2817","7:2817",0.541666666666667,0.48875,0.315311427474959,0.347024475854521,19,20,19,0.541666666666667,0.514473684210526,0.315311427474959,0.336373200217499,-0.0529166666666666,-0.0317130483795624,FALSE,FALSE,-0.0304166666666666,-0.0271929824561403,-0.0210617727425397,FALSE,FALSE,-0.0271929824561403
7,28,"Tomorrow's Europe (EU)","eu.eu_veto_support_t1","7:2818::eu.eu_veto_support_t1","2818","7:2818",0.515384615384615,0.59047619047619,0.299398435328114,0.206514034385187,13,14,13,0.515384615384615,0.572435897435897,0.299398435328114,0.20314040868578,0.0750915750915752,0.0928844009429269,TRUE,TRUE,0.0750915750915752,0.0570512820512821,0.0962580266423345,TRUE,TRUE,0.0570512820512821
8,29,"Central Power & Light","cpl.t1res","8:29101::cpl.t1res","29101","8:29101",0.676923076923077,0.773076923076923,0.308636372218846,0.183275049010343,13,13,13,0.676923076923077,0.773076923076923,0.308636372218846,0.183275049010343,0.0961538461538461,0.125361323208503,TRUE,TRUE,0.0961538461538461,0.0961538461538461,0.125361323208503,TRUE,TRUE,0.0961538461538461
8,29,"Central Power & Light","cpl.t1res","8:29102::cpl.t1res","29102","8:29102",0.683333333333333,0.729166666666667,0.208166599946613,0.192422751127602,12,12,12,0.683333333333333,0.729166666666667,0.208166599946613,0.192422751127602,0.0458333333333333,0.015743848819011,TRUE,TRUE,0.0458333333333333,0.0458333333333333,0.015743848819011,TRUE,TRUE,0.0458333333333333
8,29,"Central Power & Light","cpl.t1res","8:29103::cpl.t1res","29103","8:29103",0.686363636363636,0.858333333333333,0.198860389583885,0.154968227437599,11,12,11,0.686363636363636,0.886363636363636,0.198860389583885,0.126670653844742,0.171969696969697,0.0438921621462857,TRUE,TRUE,0.171969696969697,0.2,0.0721897357391427,TRUE,TRUE,0.2
8,29,"Central Power & Light","cpl.t1res","8:29104::cpl.t1res","29104","8:29104",0.561538461538462,0.684615384615385,0.317643567379281,0.275669348574682,13,13,13,0.561538461538462,0.684615384615385,0.317643567379281,0.275669348574682,0.123076923076923,0.0419742188045988,TRUE,TRUE,0.123076923076923,0.123076923076923,0.0419742188045988,TRUE,TRUE,0.123076923076923
8,29,"Central Power & Light","cpl.t1res","8:29105::cpl.t1res","29105","8:29105",0.540909090909091,0.713636363636364,0.222281557734984,0.211057941204435,11,11,11,0.540909090909091,0.713636363636364,0.222281557734984,0.211057941204435,0.172727272727273,0.0112236165305492,TRUE,TRUE,0.172727272727273,0.172727272727273,0.0112236165305492,TRUE,TRUE,0.172727272727273
8,29,"Central Power & Light","cpl.t1res","8:29106::cpl.t1res","29106","8:29106",0.632142857142857,0.7,0.201539405249028,0.21483446221183,14,14,14,0.632142857142857,0.7,0.201539405249028,0.21483446221183,0.0678571428571428,-0.013295056962802,TRUE,FALSE,0.0678571428571428,0.0678571428571428,-0.013295056962802,TRUE,FALSE,0.0678571428571428
8,29,"Central Power & Light","cpl.t1res","8:29107::cpl.t1res","29107","8:29107",0.695833333333333,0.791666666666667,0.253572952864146,0.179435140641318,12,12,12,0.695833333333333,0.791666666666667,0.253572952864146,0.179435140641318,0.0958333333333333,0.0741378122228277,TRUE,TRUE,0.0958333333333333,0.0958333333333333,0.0741378122228277,TRUE,TRUE,0.0958333333333333
8,29,"Central Power & Light","cpl.t1res","8:29108::cpl.t1res","29108","8:29108",0.643333333333333,0.746666666666667,0.163517874368814,0.184648959096005,15,15,15,0.643333333333333,0.746666666666667,0.163517874368814,0.184648959096005,0.103333333333333,-0.0211310847271909,TRUE,FALSE,0.103333333333333,0.103333333333333,-0.0211310847271909,TRUE,FALSE,0.103333333333333
8,29,"Central Power & Light","cpl.t1res","8:29109::cpl.t1res","29109","8:29109",0.692307692307692,0.776923076923077,0.276771682262771,0.242053183391055,13,13,13,0.692307692307692,0.776923076923077,0.276771682262771,0.242053183391055,0.0846153846153846,0.034718498871716,TRUE,TRUE,0.0846153846153846,0.0846153846153846,0.034718498871716,TRUE,TRUE,0.0846153846153846
8,29,"Central Power & Light","cpl.t1res","8:29110::cpl.t1res","29110","8:29110",0.630769230769231,0.661538461538462,0.187681536050723,0.278503325948008,13,13,13,0.630769230769231,0.661538461538462,0.187681536050723,0.278503325948008,0.0307692307692308,-0.090821789897285,TRUE,FALSE,0.0307692307692308,0.0307692307692308,-0.090821789897285,TRUE,FALSE,0.0307692307692308
8,29,"Central Power & Light","cpl.t1res","8:29111::cpl.t1res","29111","8:29111",0.5375,0.65,0.262959554442746,0.23741027013092,12,12,12,0.5375,0.65,0.262959554442746,0.23741027013092,0.1125,0.0255492843118257,TRUE,TRUE,0.1125,0.1125,0.0255492843118257,TRUE,TRUE,0.1125
8,29,"Central Power & Light","cpl.t1res","8:29112::cpl.t1res","29112","8:29112",0.596666666666667,0.846666666666667,0.192230020944651,0.114121906415068,15,15,15,0.596666666666667,0.846666666666667,0.192230020944651,0.114121906415068,0.25,0.078108114529583,TRUE,TRUE,0.25,0.25,0.078108114529583,TRUE,TRUE,0.25
8,29,"Central Power & Light","cpl.t1res","8:29113::cpl.t1res","29113","8:29113",0.66875,0.821875,0.285700892543233,0.15380588415272,16,16,16,0.66875,0.821875,0.285700892543233,0.15380588415272,0.153125,0.131895008390513,TRUE,TRUE,0.153125,0.153125,0.131895008390513,TRUE,TRUE,0.153125
8,29,"Central Power & Light","cpl.t1res","8:29114::cpl.t1res","29114","8:29114",0.715625,0.76875,0.189489445616372,0.21203380233664,16,16,16,0.715625,0.76875,0.189489445616372,0.21203380233664,0.0531250000000001,-0.0225443567202681,TRUE,FALSE,0.0531250000000001,0.0531250000000001,-0.0225443567202681,TRUE,FALSE,0.0531250000000001
8,29,"Central Power & Light","cpl.t1res","8:29115::cpl.t1res","29115","8:29115",0.721875,0.8,0.22580873174732,0.200890873006075,16,15,15,0.736666666666667,0.8,0.225568065960039,0.200890873006075,0.078125,0.0249178587412457,TRUE,TRUE,0.078125,0.0633333333333334,0.024677192953964,TRUE,TRUE,0.0633333333333334
8,29,"Central Power & Light","cpl.t1res","8:29116::cpl.t1res","29116","8:29116",0.65,0.792307692307692,0.176776695296637,0.13821202589704,13,13,13,0.65,0.792307692307692,0.176776695296637,0.13821202589704,0.142307692307692,0.0385646693995967,TRUE,TRUE,0.142307692307692,0.142307692307692,0.0385646693995967,TRUE,TRUE,0.142307692307692
8,29,"Central Power & Light","cpl.t1cons","8:29101::cpl.t1cons","29101","8:29101",0.842105263157895,0.903846153846154,0.187317162316339,0.12984211319512,13,13,13,0.842105263157895,0.903846153846154,0.187317162316339,0.12984211319512,0.0617408906882592,0.0574750491212188,TRUE,TRUE,0.0617408906882592,0.0617408906882592,0.0574750491212188,TRUE,TRUE,0.0617408906882592
8,29,"Central Power & Light","cpl.t1cons","8:29102::cpl.t1cons","29102","8:29102",0.856459330143541,0.854166666666667,0.149033653807664,0.148413325383926,11,12,11,0.856459330143541,0.877272727272727,0.149033653807664,0.131079434625795,-0.00229266347687407,0.000620328423737826,FALSE,TRUE,-0.00229266347687407,0.0208133971291866,0.0179542191818686,TRUE,TRUE,0.0208133971291866
8,29,"Central Power & Light","cpl.t1cons","8:29103::cpl.t1cons","29103","8:29103",0.820175438596491,0.920833333333333,0.162544507332392,0.101036297108185,12,12,12,0.820175438596491,0.920833333333333,0.162544507332392,0.101036297108185,0.100657894736842,0.0615082102242079,TRUE,TRUE,0.100657894736842,0.100657894736842,0.0615082102242079,TRUE,TRUE,0.100657894736842
8,29,"Central Power & Light","cpl.t1cons","8:29104::cpl.t1cons","29104","8:29104",0.704453441295547,0.8,0.240746052588154,0.189296944860009,13,13,13,0.704453441295547,0.8,0.240746052588154,0.189296944860009,0.0955465587044535,0.0514491077281448,TRUE,TRUE,0.0955465587044535,0.0955465587044535,0.0514491077281448,TRUE,TRUE,0.0955465587044535
8,29,"Central Power & Light","cpl.t1cons","8:29105::cpl.t1cons","29105","8:29105",0.851674641148325,0.945454545454545,0.207635657111817,0.110576999087843,11,11,11,0.851674641148325,0.945454545454545,0.207635657111817,0.110576999087843,0.0937799043062201,0.097058658023974,TRUE,TRUE,0.0937799043062201,0.0937799043062201,0.097058658023974,TRUE,TRUE,0.0937799043062201
8,29,"Central Power & Light","cpl.t1cons","8:29106::cpl.t1cons","29106","8:29106",0.819548872180451,0.910714285714286,0.263331348273023,0.128868703947634,14,14,14,0.819548872180451,0.910714285714286,0.263331348273023,0.128868703947634,0.0911654135338346,0.134462644325389,TRUE,TRUE,0.0911654135338346,0.0911654135338346,0.134462644325389,TRUE,TRUE,0.0911654135338346
8,29,"Central Power & Light","cpl.t1cons","8:29107::cpl.t1cons","29107","8:29107",0.820175438596491,0.858333333333333,0.188378457847972,0.171667402175535,12,12,12,0.820175438596491,0.858333333333333,0.188378457847972,0.171667402175535,0.0381578947368422,0.0167110556724369,TRUE,TRUE,0.0381578947368422,0.0381578947368422,0.0167110556724369,TRUE,TRUE,0.0381578947368422
8,29,"Central Power & Light","cpl.t1cons","8:29108::cpl.t1cons","29108","8:29108",0.810526315789474,0.823333333333333,0.238548572513771,0.175119007154183,15,15,15,0.810526315789474,0.823333333333333,0.238548572513771,0.175119007154183,0.0128070175438597,0.0634295653595881,TRUE,TRUE,0.0128070175438597,0.0128070175438597,0.0634295653595881,TRUE,TRUE,0.0128070175438597
8,29,"Central Power & Light","cpl.t1cons","8:29109::cpl.t1cons","29109","8:29109",0.82995951417004,0.884615384615385,0.153677370302364,0.143446586145935,13,13,13,0.82995951417004,0.884615384615385,0.153677370302364,0.143446586145935,0.054655870445344,0.0102307841564293,TRUE,TRUE,0.054655870445344,0.054655870445344,0.0102307841564293,TRUE,TRUE,0.054655870445344
8,29,"Central Power & Light","cpl.t1cons","8:29110::cpl.t1cons","29110","8:29110",0.838056680161943,0.819230769230769,0.181638101807994,0.213637603527623,13,13,13,0.838056680161943,0.819230769230769,0.181638101807994,0.213637603527623,-0.0188259109311741,-0.0319995017196288,FALSE,FALSE,-0.0188259109311741,-0.0188259109311741,-0.0319995017196288,FALSE,FALSE,-0.0188259109311741
8,29,"Central Power & Light","cpl.t1cons","8:29111::cpl.t1cons","29111","8:29111",0.662280701754386,0.795833333333333,0.223813172318826,0.199383519576689,12,12,12,0.662280701754386,0.795833333333333,0.223813172318826,0.199383519576689,0.133552631578947,0.0244296527421369,TRUE,TRUE,0.133552631578947,0.133552631578947,0.0244296527421369,TRUE,TRUE,0.133552631578947
8,29,"Central Power & Light","cpl.t1cons","8:29112::cpl.t1cons","29112","8:29112",0.83859649122807,0.87,0.165800413371815,0.116189500386222,15,15,15,0.83859649122807,0.87,0.165800413371815,0.116189500386222,0.0314035087719299,0.0496109129855921,TRUE,TRUE,0.0314035087719299,0.0314035087719299,0.0496109129855921,TRUE,TRUE,0.0314035087719299
8,29,"Central Power & Light","cpl.t1cons","8:29113::cpl.t1cons","29113","8:29113",0.832236842105263,0.816666666666667,0.17212886795581,0.153141702198914,16,15,15,0.849122807017544,0.816666666666667,0.163879880468184,0.153141702198914,-0.0155701754385965,0.0189871657568962,FALSE,TRUE,-0.0155701754385965,-0.0324561403508772,0.0107381782692695,FALSE,TRUE,-0.0324561403508772
8,29,"Central Power & Light","cpl.t1cons","8:29114::cpl.t1cons","29114","8:29114",0.825657894736842,0.828125,0.170511966041244,0.187055027554282,16,16,16,0.825657894736842,0.828125,0.170511966041244,0.187055027554282,0.00246710526315796,-0.0165430615130387,TRUE,FALSE,0.00246710526315796,0.00246710526315796,-0.0165430615130387,TRUE,FALSE,0.00246710526315796
8,29,"Central Power & Light","cpl.t1cons","8:29115::cpl.t1cons","29115","8:29115",0.832236842105263,0.8875,0.152805406159047,0.117615191762516,16,16,16,0.832236842105263,0.8875,0.152805406159047,0.117615191762516,0.0552631578947369,0.035190214396531,TRUE,TRUE,0.0552631578947369,0.0552631578947369,0.035190214396531,TRUE,TRUE,0.0552631578947369
8,29,"Central Power & Light","cpl.t1cons","8:29116::cpl.t1cons","29116","8:29116",0.785425101214575,0.865384615384615,0.185411546511154,0.116161911759362,13,13,13,0.785425101214575,0.865384615384615,0.185411546511154,0.116161911759362,0.0799595141700405,0.0692496347517918,TRUE,TRUE,0.0799595141700405,0.0799595141700405,0.0692496347517918,TRUE,TRUE,0.0799595141700405
8,29,"Central Power & Light","cpl.t1poor","8:29101::cpl.t1poor","29101","8:29101",0.688461538461538,0.819230769230769,0.31993088195854,0.236984934066195,13,13,13,0.688461538461538,0.819230769230769,0.31993088195854,0.236984934066195,0.130769230769231,0.0829459478923446,TRUE,TRUE,0.130769230769231,0.130769230769231,0.0829459478923446,TRUE,TRUE,0.130769230769231
8,29,"Central Power & Light","cpl.t1poor","8:29102::cpl.t1poor","29102","8:29102",0.672727272727273,0.810416666666667,0.23860389389492,0.14160537889972,11,12,11,0.672727272727273,0.815909090909091,0.23860389389492,0.147170278620008,0.137689393939394,0.0969985149951997,TRUE,TRUE,0.137689393939394,0.143181818181818,0.0914336152749114,TRUE,TRUE,0.143181818181818
8,29,"Central Power & Light","cpl.t1poor","8:29103::cpl.t1poor","29103","8:29103",0.525,0.620833333333333,0.277160931262294,0.188545067355904,12,12,12,0.525,0.620833333333333,0.277160931262294,0.188545067355904,0.0958333333333333,0.0886158639063894,TRUE,TRUE,0.0958333333333333,0.0958333333333333,0.0886158639063894,TRUE,TRUE,0.0958333333333333
8,29,"Central Power & Light","cpl.t1poor","8:29104::cpl.t1poor","29104","8:29104",0.669230769230769,0.594230769230769,0.306722228801607,0.320668872267056,13,13,13,0.669230769230769,0.594230769230769,0.306722228801607,0.320668872267056,-0.075,-0.0139466434654488,FALSE,FALSE,-0.075,-0.075,-0.0139466434654488,FALSE,FALSE,-0.075
8,29,"Central Power & Light","cpl.t1poor","8:29105::cpl.t1poor","29105","8:29105",0.636363636363636,0.636363636363636,0.19441053095307,0.200737277418656,11,11,11,0.636363636363636,0.636363636363636,0.19441053095307,0.200737277418656,0,-0.00632674646558634,FALSE,FALSE,0,0,-0.00632674646558634,FALSE,FALSE,0
8,29,"Central Power & Light","cpl.t1poor","8:29106::cpl.t1poor","29106","8:29106",0.582142857142857,0.496428571428571,0.274462511701818,0.271012549889857,14,14,14,0.582142857142857,0.496428571428571,0.274462511701818,0.271012549889857,-0.0857142857142858,0.00344996181196061,FALSE,TRUE,-0.0785714285714286,-0.0857142857142858,0.00344996181196061,FALSE,TRUE,-0.0785714285714286
8,29,"Central Power & Light","cpl.t1poor","8:29107::cpl.t1poor","29107","8:29107",0.639583333333333,0.7,0.273541241143014,0.200850464502597,12,12,12,0.639583333333333,0.7,0.273541241143014,0.200850464502597,0.0604166666666666,0.0726907766404168,TRUE,TRUE,0.0604166666666666,0.0604166666666666,0.0726907766404168,TRUE,TRUE,0.0604166666666666
8,29,"Central Power & Light","cpl.t1poor","8:29108::cpl.t1poor","29108","8:29108",0.668333333333333,0.605,0.306836779939774,0.201157365548184,15,15,15,0.668333333333333,0.605,0.306836779939774,0.201157365548184,-0.0633333333333334,0.10567941439159,FALSE,TRUE,-0.0633333333333334,-0.0633333333333334,0.10567941439159,FALSE,TRUE,-0.0633333333333334
8,29,"Central Power & Light","cpl.t1poor","8:29109::cpl.t1poor","29109","8:29109",0.661538461538462,0.644230769230769,0.336126121018241,0.283239049169353,13,13,13,0.661538461538462,0.644230769230769,0.336126121018241,0.283239049169353,-0.0173076923076922,0.0528870718488884,FALSE,TRUE,-0.0173076923076922,-0.0173076923076922,0.0528870718488884,FALSE,TRUE,-0.0173076923076922
8,29,"Central Power & Light","cpl.t1poor","8:29110::cpl.t1poor","29110","8:29110",0.525,0.551923076923077,0.30430932727517,0.349473046537798,13,13,13,0.525,0.551923076923077,0.30430932727517,0.349473046537798,0.0269230769230769,-0.0451637192626282,TRUE,FALSE,0.0269230769230769,0.0269230769230769,-0.0451637192626282,TRUE,FALSE,0.0269230769230769
8,29,"Central Power & Light","cpl.t1poor","8:29111::cpl.t1poor","29111","8:29111",0.477083333333333,0.354166666666667,0.28692300466512,0.246067556626717,12,12,12,0.477083333333333,0.354166666666667,0.28692300466512,0.246067556626717,0.122916666666667,0.0408554480384036,TRUE,TRUE,0.122916666666667,0.122916666666667,0.0408554480384036,TRUE,TRUE,0.122916666666667
8,29,"Central Power & Light","cpl.t1poor","8:29112::cpl.t1poor","29112","8:29112",0.685,0.738333333333333,0.307901886042569,0.242175162896218,15,15,15,0.685,0.738333333333333,0.307901886042569,0.242175162896218,0.0533333333333332,0.0657267231463519,TRUE,TRUE,0.0533333333333332,0.0533333333333332,0.0657267231463519,TRUE,TRUE,0.0533333333333332
8,29,"Central Power & Light","cpl.t1poor","8:29113::cpl.t1poor","29113","8:29113",0.635,0.576666666666667,0.311218802223039,0.25660326984518,15,15,14,0.648214285714286,0.575,0.318570165818224,0.266205530775348,-0.0583333333333333,0.054615532377859,FALSE,TRUE,-0.0583333333333333,-0.0732142857142858,0.052364635042876,FALSE,TRUE,-0.0732142857142858
8,29,"Central Power & Light","cpl.t1poor","8:29114::cpl.t1poor","29114","8:29114",0.5828125,0.50625,0.209705895243791,0.237609623823054,16,16,16,0.5828125,0.50625,0.209705895243791,0.237609623823054,-0.0765625,-0.0279037285792629,FALSE,FALSE,-0.0765625,-0.0765625,-0.0279037285792629,FALSE,FALSE,-0.0765625
8,29,"Central Power & Light","cpl.t1poor","8:29115::cpl.t1poor","29115","8:29115",0.684375,0.75,0.226545617187062,0.214281745995002,16,16,16,0.684375,0.75,0.226545617187062,0.214281745995002,0.065625,0.0122638711920593,TRUE,TRUE,0.065625,0.065625,0.0122638711920593,TRUE,TRUE,0.065625
8,29,"Central Power & Light","cpl.t1poor","8:29116::cpl.t1poor","29116","8:29116",0.671153846153846,0.709615384615385,0.21574631945638,0.211772888751739,13,13,13,0.671153846153846,0.709615384615385,0.21574631945638,0.211772888751739,0.0384615384615385,0.00397343070464101,TRUE,TRUE,0.0384615384615385,0.0384615384615385,0.00397343070464101,TRUE,TRUE,0.0384615384615385
8,29,"Central Power & Light","cpl.t1renew","8:29101::cpl.t1renew","29101","8:29101",0.892307692307692,0.769230769230769,0.164375274202755,0.313274680817052,13,13,13,0.892307692307692,0.769230769230769,0.164375274202755,0.313274680817052,-0.123076923076923,-0.148899406614297,FALSE,FALSE,-0.123076923076923,-0.123076923076923,-0.148899406614297,FALSE,FALSE,-0.123076923076923
8,29,"Central Power & Light","cpl.t1renew","8:29102::cpl.t1renew","29102","8:29102",0.813636363636364,0.7375,0.309912010973203,0.232696642160404,11,12,11,0.813636363636364,0.736363636363636,0.309912010973203,0.244019373299446,-0.0761363636363636,0.0772153688127984,FALSE,TRUE,-0.0761363636363636,-0.0772727272727273,0.0658926376737564,FALSE,TRUE,-0.0772727272727273
8,29,"Central Power & Light","cpl.t1renew","8:29103::cpl.t1renew","29103","8:29103",0.9375,0.925,0.143217888674438,0.187689298382387,12,12,12,0.9375,0.925,0.143217888674438,0.187689298382387,-0.0125,-0.0444714097079494,FALSE,FALSE,-0.0125,-0.0125,-0.0444714097079494,FALSE,FALSE,-0.0125
8,29,"Central Power & Light","cpl.t1renew","8:29104::cpl.t1renew","29104","8:29104",0.926923076923077,0.85,0.183275049010343,0.289395922569756,13,13,13,0.926923076923077,0.85,0.183275049010343,0.289395922569756,-0.076923076923077,-0.106120873559413,FALSE,FALSE,-0.076923076923077,-0.076923076923077,-0.106120873559413,FALSE,FALSE,-0.076923076923077
8,29,"Central Power & Light","cpl.t1renew","8:29105::cpl.t1renew","29105","8:29105",0.85,0.863636363636364,0.290688837074973,0.216899641644366,11,11,11,0.85,0.863636363636364,0.290688837074973,0.216899641644366,0.0136363636363637,0.0737891954306063,TRUE,TRUE,0.0136363636363637,0.0136363636363637,0.0737891954306063,TRUE,TRUE,0.0136363636363637
8,29,"Central Power & Light","cpl.t1renew","8:29106::cpl.t1renew","29106","8:29106",0.842857142857143,0.767857142857143,0.268082322931095,0.264289426763352,14,14,14,0.842857142857143,0.767857142857143,0.268082322931095,0.264289426763352,-0.075,0.00379289616774309,FALSE,TRUE,-0.075,-0.075,0.00379289616774309,FALSE,TRUE,-0.075
8,29,"Central Power & Light","cpl.t1renew","8:29107::cpl.t1renew","29107","8:29107",0.891666666666667,0.858333333333333,0.234359216640273,0.195207737054812,12,12,12,0.891666666666667,0.858333333333333,0.234359216640273,0.195207737054812,-0.0333333333333333,0.0391514795854611,FALSE,TRUE,-0.0333333333333333,-0.0333333333333333,0.0391514795854611,FALSE,TRUE,-0.0333333333333333
8,29,"Central Power & Light","cpl.t1renew","8:29108::cpl.t1renew","29108","8:29108",0.92,0.946666666666667,0.094112394811432,0.100829889748361,15,15,15,0.92,0.946666666666667,0.094112394811432,0.100829889748361,0.0266666666666666,-0.00671749493692916,TRUE,FALSE,0.0266666666666666,0.0266666666666666,-0.00671749493692916,TRUE,FALSE,0.0266666666666666
8,29,"Central Power & Light","cpl.t1renew","8:29109::cpl.t1renew","29109","8:29109",0.926923076923077,0.915384615384615,0.114774025472129,0.150533240217091,13,13,13,0.926923076923077,0.915384615384615,0.114774025472129,0.150533240217091,-0.0115384615384616,-0.0357592147449619,FALSE,FALSE,-0.0115384615384616,-0.0115384615384616,-0.0357592147449619,FALSE,FALSE,-0.0115384615384616
8,29,"Central Power & Light","cpl.t1renew","8:29110::cpl.t1renew","29110","8:29110",0.726923076923077,0.742307692307692,0.309310647930324,0.273744218999959,13,13,13,0.726923076923077,0.742307692307692,0.309310647930324,0.273744218999959,0.0153846153846154,0.0355664289303652,TRUE,TRUE,0.0153846153846154,0.0153846153846154,0.0355664289303652,TRUE,TRUE,0.0153846153846154
8,29,"Central Power & Light","cpl.t1renew","8:29111::cpl.t1renew","29111","8:29111",0.833333333333333,0.825,0.172328087371066,0.184020749818156,12,12,12,0.833333333333333,0.825,0.172328087371066,0.184020749818156,-0.00833333333333341,-0.0116926624470902,FALSE,FALSE,-0.00833333333333341,-0.00833333333333341,-0.0116926624470902,FALSE,FALSE,-0.00833333333333341
8,29,"Central Power & Light","cpl.t1renew","8:29112::cpl.t1renew","29112","8:29112",0.916666666666667,0.92,0.112863170423727,0.14976171549689,15,15,15,0.916666666666667,0.92,0.112863170423727,0.14976171549689,0.00333333333333341,-0.0368985450731631,TRUE,FALSE,0.00333333333333341,0.00333333333333341,-0.0368985450731631,TRUE,FALSE,0.00333333333333341
8,29,"Central Power & Light","cpl.t1renew","8:29113::cpl.t1renew","29113","8:29113",0.903125,0.825,0.130981868974297,0.171269767715535,16,16,16,0.903125,0.825,0.130981868974297,0.171269767715535,-0.078125,-0.0402878987412377,FALSE,FALSE,-0.078125,-0.078125,-0.0402878987412377,FALSE,FALSE,-0.078125
8,29,"Central Power & Light","cpl.t1renew","8:29114::cpl.t1renew","29114","8:29114",0.9,0.9,0.16532795690183,0.151657508881031,16,16,16,0.9,0.9,0.16532795690183,0.151657508881031,0,0.0136704480207989,FALSE,TRUE,0,0,0.0136704480207989,FALSE,TRUE,0
8,29,"Central Power & Light","cpl.t1renew","8:29115::cpl.t1renew","29115","8:29115",0.89375,0.85625,0.195682566077478,0.144769932421526,16,16,16,0.89375,0.85625,0.195682566077478,0.144769932421526,-0.0375000000000001,0.0509126336559518,FALSE,TRUE,-0.0375000000000001,-0.0375000000000001,0.0509126336559518,FALSE,TRUE,-0.0375000000000001
8,29,"Central Power & Light","cpl.t1renew","8:29116::cpl.t1renew","29116","8:29116",0.8625,0.8,0.2885110680089,0.207163381577601,12,13,12,0.8625,0.8,0.2885110680089,0.216375095189307,-0.0625,0.0813476864312996,FALSE,TRUE,-0.0625,-0.0625,0.0721359728195931,FALSE,TRUE,-0.0625
8,29,"Central Power & Light","cpl.t1fossil","8:29101::cpl.t1fossil","29101","8:29101",0.575,0.703703703703704,0.280016233295663,0.265203618417713,12,12,11,0.581818181818182,0.676767676767677,0.292636914343293,0.260363210001595,0.128703703703704,0.0148126148779492,TRUE,TRUE,0.128703703703704,0.094949494949495,0.0322737043416981,TRUE,TRUE,0.094949494949495
8,29,"Central Power & Light","cpl.t1fossil","8:29102::cpl.t1fossil","29102","8:29102",0.62,0.777777777777778,0.304776785350999,0.288188739751255,10,12,10,0.62,0.822222222222222,0.304776785350999,0.297220779966502,0.157777777777778,0.0165880455997443,TRUE,TRUE,0.157777777777778,0.202222222222222,0.00755600538449713,TRUE,TRUE,0.202222222222222
8,29,"Central Power & Light","cpl.t1fossil","8:29103::cpl.t1fossil","29103","8:29103",0.666666666666667,0.518518518518518,0.299494523651051,0.402944642086983,12,12,12,0.666666666666667,0.518518518518518,0.299494523651051,0.402944642086983,-0.148148148148148,-0.103450118435932,FALSE,FALSE,-0.148148148148148,-0.148148148148148,-0.103450118435932,FALSE,FALSE,-0.148148148148148
8,29,"Central Power & Light","cpl.t1fossil","8:29104::cpl.t1fossil","29104","8:29104",0.784615384615385,0.675213675213675,0.223032710030591,0.288538029322489,13,13,13,0.784615384615385,0.675213675213675,0.223032710030591,0.288538029322489,-0.109401709401709,-0.0655053192918978,FALSE,FALSE,-0.109401709401709,-0.109401709401709,-0.0655053192918978,FALSE,FALSE,-0.109401709401709
8,29,"Central Power & Light","cpl.t1fossil","8:29105::cpl.t1fossil","29105","8:29105",0.609090909090909,0.656565656565657,0.317661912902839,0.23546405693861,11,11,11,0.609090909090909,0.656565656565657,0.317661912902839,0.23546405693861,0.0474747474747474,0.0821978559642295,TRUE,TRUE,0.0474747474747474,0.0474747474747474,0.0821978559642295,TRUE,TRUE,0.0474747474747474
8,29,"Central Power & Light","cpl.t1fossil","8:29106::cpl.t1fossil","29106","8:29106",0.692307692307692,0.47008547008547,0.27827306272059,0.287438832834192,13,13,12,0.675,0.472222222222222,0.283244192751189,0.300112212459507,-0.222222222222222,-0.00916577011360203,FALSE,FALSE,-0.162393162393162,-0.202777777777778,-0.0168680197083176,FALSE,FALSE,-0.147222222222222
8,29,"Central Power & Light","cpl.t1fossil","8:29107::cpl.t1fossil","29107","8:29107",0.691666666666667,0.703703703703704,0.250302846870576,0.172999765369227,12,12,12,0.691666666666667,0.703703703703704,0.250302846870576,0.172999765369227,0.0120370370370371,0.0773030815013489,TRUE,TRUE,0.0120370370370371,0.0120370370370371,0.0773030815013489,TRUE,TRUE,0.0120370370370371
8,29,"Central Power & Light","cpl.t1fossil","8:29108::cpl.t1fossil","29108","8:29108",0.72,0.703703703703704,0.178085051911399,0.220895510530668,15,15,15,0.72,0.703703703703704,0.178085051911399,0.220895510530668,-0.0162962962962963,-0.0428104586192686,FALSE,FALSE,-0.0162962962962963,-0.0162962962962963,-0.0428104586192686,FALSE,FALSE,-0.0162962962962963
8,29,"Central Power & Light","cpl.t1fossil","8:29109::cpl.t1fossil","29109","8:29109",0.584615384615385,0.740740740740741,0.307804466737554,0.23370981332092,13,12,12,0.566666666666667,0.740740740740741,0.314305390962164,0.23370981332092,0.156125356125356,0.0740946534166341,TRUE,TRUE,0.156125356125356,0.174074074074074,0.0805955776412445,TRUE,TRUE,0.174074074074074
8,29,"Central Power & Light","cpl.t1fossil","8:29110::cpl.t1fossil","29110","8:29110",0.723076923076923,0.837606837606838,0.242053183391055,0.1903828967023,13,13,13,0.723076923076923,0.837606837606838,0.242053183391055,0.1903828967023,0.114529914529915,0.0516702866887552,TRUE,TRUE,0.114529914529915,0.114529914529915,0.0516702866887552,TRUE,TRUE,0.114529914529915
8,29,"Central Power & Light","cpl.t1fossil","8:29111::cpl.t1fossil","29111","8:29111",0.616666666666667,0.62037037037037,0.301008406204977,0.257146271629775,12,12,12,0.616666666666667,0.62037037037037,0.301008406204977,0.257146271629775,0.00370370370370365,0.0438621345752025,TRUE,TRUE,0.00370370370370365,0.00370370370370365,0.0438621345752025,TRUE,TRUE,0.00370370370370365
8,29,"Central Power & Light","cpl.t1fossil","8:29112::cpl.t1fossil","29112","8:29112",0.66,0.837037037037037,0.226147865660627,0.187184969524774,15,15,15,0.66,0.837037037037037,0.226147865660627,0.187184969524774,0.177037037037037,0.0389628961358533,TRUE,TRUE,0.177037037037037,0.177037037037037,0.0389628961358533,TRUE,TRUE,0.177037037037037
8,29,"Central Power & Light","cpl.t1fossil","8:29113::cpl.t1fossil","29113","8:29113",0.645454545454546,0.711111111111111,0.347458303580837,0.247741117652402,11,15,11,0.645454545454546,0.666666666666667,0.347458303580837,0.253372316688697,0.0656565656565656,0.0997171859284343,TRUE,TRUE,0.0656565656565656,0.0212121212121211,0.0940859868921392,TRUE,TRUE,0.0212121212121211
8,29,"Central Power & Light","cpl.t1fossil","8:29114::cpl.t1fossil","29114","8:29114",0.653846153846154,0.729166666666667,0.345483681754977,0.25,13,16,13,0.653846153846154,0.709401709401709,0.345483681754977,0.242324398847227,0.0753205128205128,0.0954836817549772,TRUE,TRUE,0.0753205128205128,0.0555555555555556,0.10315928290775,TRUE,TRUE,0.0555555555555556
8,29,"Central Power & Light","cpl.t1fossil","8:29115::cpl.t1fossil","29115","8:29115",0.75,0.868055555555556,0.260768096208106,0.173175379122312,16,16,16,0.75,0.868055555555556,0.260768096208106,0.173175379122312,0.118055555555556,0.0875927170857943,TRUE,TRUE,0.118055555555556,0.118055555555556,0.0875927170857943,TRUE,TRUE,0.118055555555556
8,29,"Central Power & Light","cpl.t1fossil","8:29116::cpl.t1fossil","29116","8:29116",0.73,0.717948717948718,0.249666444147653,0.210893575131287,10,13,10,0.73,0.755555555555556,0.249666444147653,0.22098420578039,-0.012051282051282,0.0387728690163669,FALSE,TRUE,-0.012051282051282,0.0255555555555556,0.0286822383672638,TRUE,TRUE,0.0255555555555556
8,29,"Central Power & Light","cpl.t1buypwr","8:29101::cpl.t1buypwr","29101","8:29101",0.63,0.630769230769231,0.194650684275419,0.317239697454505,10,13,10,0.63,0.67,0.194650684275419,0.266874918683308,0.000769230769230744,-0.122589013179086,TRUE,FALSE,0.000769230769230744,0.04,-0.0722242344078888,TRUE,FALSE,0.04
8,29,"Central Power & Light","cpl.t1buypwr","8:29102::cpl.t1buypwr","29102","8:29102",0.563636363636364,0.558333333333333,0.326413012218347,0.311764285473769,11,12,11,0.563636363636364,0.581818181818182,0.326413012218347,0.315652282799228,-0.00530303030303025,0.0146487267445778,FALSE,TRUE,-0.00530303030303025,0.0181818181818182,0.010760729419119,TRUE,TRUE,0.0181818181818182
8,29,"Central Power & Light","cpl.t1buypwr","8:29103::cpl.t1buypwr","29103","8:29103",0.436363636363636,0.483333333333333,0.329462371972058,0.345972498469126,11,12,11,0.436363636363636,0.481818181818182,0.329462371972058,0.36281725928677,-0.046969696969697,-0.0165101264970687,FALSE,FALSE,-0.046969696969697,-0.0454545454545455,-0.0333548873147127,FALSE,FALSE,-0.0454545454545455
8,29,"Central Power & Light","cpl.t1buypwr","8:29104::cpl.t1buypwr","29104","8:29104",0.4,0.538461538461538,0.411206650105405,0.375363072101447,12,13,12,0.4,0.508333333333333,0.411206650105405,0.375277674973257,-0.138461538461538,0.0358435780039584,FALSE,TRUE,-0.0615384615384615,-0.108333333333333,0.0359289751321484,FALSE,TRUE,-0.0916666666666667
8,29,"Central Power & Light","cpl.t1buypwr","8:29105::cpl.t1buypwr","29105","8:29105",0.6,0.754545454545455,0.35213633723318,0.233938608885478,11,11,11,0.6,0.754545454545455,0.35213633723318,0.233938608885478,0.154545454545455,0.118197728347702,TRUE,TRUE,0.154545454545455,0.154545454545455,0.118197728347702,TRUE,TRUE,0.154545454545455
8,29,"Central Power & Light","cpl.t1buypwr","8:29106::cpl.t1buypwr","29106","8:29106",0.476923076923077,0.730769230769231,0.337030775434149,0.314601905547883,13,13,12,0.45,0.708333333333333,0.337099931231621,0.317542648054294,-0.253846153846154,0.0224288698862659,FALSE,TRUE,0.207692307692308,-0.258333333333333,0.0195572831773269,FALSE,TRUE,0.158333333333333
8,29,"Central Power & Light","cpl.t1buypwr","8:29107::cpl.t1buypwr","29107","8:29107",0.375,0.383333333333333,0.241679727964699,0.265718009562883,12,12,12,0.375,0.383333333333333,0.241679727964699,0.265718009562883,-0.00833333333333336,-0.0240382815981844,FALSE,FALSE,-0.00833333333333336,-0.00833333333333336,-0.0240382815981844,FALSE,FALSE,-0.00833333333333336
8,29,"Central Power & Light","cpl.t1buypwr","8:29108::cpl.t1buypwr","29108","8:29108",0.366666666666667,0.58,0.228868854108532,0.233605283697584,15,15,15,0.366666666666667,0.58,0.228868854108532,0.233605283697584,-0.213333333333333,-0.00473642958905199,FALSE,FALSE,-0.0533333333333333,-0.213333333333333,-0.00473642958905199,FALSE,FALSE,-0.0533333333333333
8,29,"Central Power & Light","cpl.t1buypwr","8:29109::cpl.t1buypwr","29109","8:29109",0.346153846153846,0.558333333333333,0.312557686983231,0.391868097783688,13,12,12,0.375,0.558333333333333,0.307851794330855,0.391868097783688,-0.212179487179487,-0.0793104108004566,FALSE,FALSE,-0.0955128205128205,-0.183333333333333,-0.0840163034528327,FALSE,FALSE,-0.0666666666666667
8,29,"Central Power & Light","cpl.t1buypwr","8:29110::cpl.t1buypwr","29110","8:29110",0.408333333333333,0.423076923076923,0.253908835942542,0.280338623078847,12,13,12,0.408333333333333,0.4,0.253908835942542,0.279610118167813,-0.0147435897435897,-0.0264297871363041,FALSE,FALSE,-0.0147435897435897,0.0083333333333333,-0.0257012822252702,TRUE,FALSE,0.0083333333333333
8,29,"Central Power & Light","cpl.t1buypwr","8:29111::cpl.t1buypwr","29111","8:29111",0.466666666666667,0.483333333333333,0.23094010767585,0.30401355631656,12,12,12,0.466666666666667,0.483333333333333,0.23094010767585,0.30401355631656,-0.0166666666666667,-0.0730734486407101,FALSE,FALSE,-0.0166666666666667,-0.0166666666666667,-0.0730734486407101,FALSE,FALSE,-0.0166666666666667
8,29,"Central Power & Light","cpl.t1buypwr","8:29112::cpl.t1buypwr","29112","8:29112",0.48,0.526666666666667,0.227407752098045,0.30347197250362,15,15,15,0.48,0.526666666666667,0.227407752098045,0.30347197250362,-0.0466666666666667,-0.0760642204055758,FALSE,FALSE,0.00666666666666671,-0.0466666666666667,-0.0760642204055758,FALSE,FALSE,0.00666666666666671
8,29,"Central Power & Light","cpl.t1buypwr","8:29113::cpl.t1buypwr","29113","8:29113",0.490909090909091,0.393333333333333,0.254772625902178,0.281492620219599,11,15,10,0.54,0.41,0.206559111797729,0.288482620312251,0.0975757575757576,-0.0267199943174212,TRUE,FALSE,0.0975757575757576,-0.13,-0.0819235085145218,FALSE,FALSE,0.0499999999999999
8,29,"Central Power & Light","cpl.t1buypwr","8:29114::cpl.t1buypwr","29114","8:29114",0.41875,0.3,0.318786762585902,0.294392028877595,16,16,16,0.41875,0.3,0.318786762585902,0.294392028877595,0.11875,0.0243947337083067,TRUE,TRUE,0.11875,0.11875,0.0243947337083067,TRUE,TRUE,0.11875
8,29,"Central Power & Light","cpl.t1buypwr","8:29115::cpl.t1buypwr","29115","8:29115",0.4,0.51875,0.313785816221094,0.268871096748361,14,16,14,0.4,0.514285714285714,0.313785816221094,0.28784916685157,-0.11875,0.0449147194727332,FALSE,TRUE,-0.0812499999999999,-0.114285714285714,0.0259366493695247,FALSE,TRUE,-0.0857142857142856
8,29,"Central Power & Light","cpl.t1buypwr","8:29116::cpl.t1buypwr","29116","8:29116",0.427272727272727,0.523076923076923,0.337908002541843,0.346780060350087,11,13,11,0.427272727272727,0.472727272727273,0.337908002541843,0.355220802011676,-0.0958041958041959,-0.0088720578082444,FALSE,FALSE,-0.0496503496503496,-0.0454545454545455,-0.0173127994698329,FALSE,FALSE,-0.0454545454545455
19,986,"West Texas Utilities","wtu.t1att1","19:986201::wtu.t1att1","986201","19:986201",0.380952380952381,0.671428571428571,0.353014231468149,0.253264401649456,21,21,21,0.380952380952381,0.671428571428571,0.353014231468149,0.253264401649456,-0.29047619047619,0.0997498298186923,FALSE,TRUE,0.0523809523809523,-0.29047619047619,0.0997498298186923,FALSE,TRUE,0.0523809523809523
19,986,"West Texas Utilities","wtu.t1att1","19:986202::wtu.t1att1","986202","19:986202",0.49375,0.615,0.299930547516143,0.262126927872337,16,20,16,0.49375,0.6625,0.299930547516143,0.265518360947035,-0.12125,0.0378036196438058,FALSE,TRUE,0.10875,-0.16875,0.0344121865691079,FALSE,TRUE,0.15625
19,986,"West Texas Utilities","wtu.t1att1","19:986203::wtu.t1att1","986203","19:986203",0.477777777777778,0.8,0.204523997025965,0.19436506316151,18,19,18,0.477777777777778,0.8,0.204523997025965,0.2,-0.322222222222222,0.0101589338644554,FALSE,TRUE,0.277777777777778,-0.322222222222222,0.00452399702596545,FALSE,TRUE,0.277777777777778
19,986,"West Texas Utilities","wtu.t1att1","19:986204::wtu.t1att1","986204","19:986204",0.44,0.705263157894737,0.287352446607696,0.209426954145848,15,19,15,0.44,0.7,0.287352446607696,0.207019667802706,-0.265263157894737,0.0779254924618479,FALSE,TRUE,0.145263157894737,-0.26,0.0803327788049893,FALSE,TRUE,0.14
19,986,"West Texas Utilities","wtu.t1att1","19:986205::wtu.t1att1","986205","19:986205",0.5,0.678947368421053,0.258957184741825,0.23470773165417,18,19,18,0.5,0.688888888888889,0.258957184741825,0.237360209978517,NA,0.0242494530876557,NA,TRUE,0.178947368421053,NA,0.0215969747633079,NA,TRUE,0.188888888888889
19,986,"West Texas Utilities","wtu.t1att1","19:986206::wtu.t1att1","986206","19:986206",0.347058823529412,0.695,0.271840134681267,0.250210437747698,17,20,17,0.347058823529412,0.682352941176471,0.271840134681267,0.257961465430515,-0.347941176470588,0.021629696933569,FALSE,TRUE,0.0420588235294117,-0.335294117647059,0.013878669250752,FALSE,TRUE,0.0294117647058824
19,986,"West Texas Utilities","wtu.t1att1","19:986207::wtu.t1att1","986207","19:986207",0.542105263157895,0.736842105263158,0.271448357015318,0.275298880644674,19,19,19,0.542105263157895,0.736842105263158,0.271448357015318,0.275298880644674,0.194736842105263,-0.00385052362935562,TRUE,FALSE,0.194736842105263,0.194736842105263,-0.00385052362935562,TRUE,FALSE,0.194736842105263
19,986,"West Texas Utilities","wtu.t1att1","19:986208::wtu.t1att1","986208","19:986208",0.514285714285714,0.665,0.31350552512789,0.236809939336213,21,20,20,0.49,0.665,0.300700935534925,0.236809939336213,0.150714285714286,0.0766955857916769,TRUE,TRUE,0.150714285714286,-0.175,0.0638909961987113,FALSE,TRUE,0.155
19,986,"West Texas Utilities","wtu.t1att1","19:986209::wtu.t1att1","986209","19:986209",0.406666666666667,0.64375,0.278943585352888,0.236555138040444,15,16,14,0.435714285714286,0.628571428571429,0.264886457118583,0.230145677706606,-0.237083333333333,0.0423884473124441,FALSE,TRUE,0.0504166666666667,-0.192857142857143,0.0347407794119774,FALSE,TRUE,0.0642857142857143
19,986,"West Texas Utilities","wtu.t1att1","19:986210::wtu.t1att1","986210","19:986210",0.594117647058824,0.805882352941176,0.263321543543474,0.204543969097399,17,17,17,0.594117647058824,0.805882352941176,0.263321543543474,0.204543969097399,0.211764705882353,0.0587775744460751,TRUE,TRUE,0.211764705882353,0.211764705882353,0.0587775744460751,TRUE,TRUE,0.211764705882353
19,986,"West Texas Utilities","wtu.t1att1","19:986211::wtu.t1att1","986211","19:986211",0.557142857142857,0.75,0.269920623252731,0.177281052085584,7,8,6,0.65,0.733333333333333,0.122474487139159,0.163299316185545,0.192857142857143,0.0926395711671475,TRUE,TRUE,0.192857142857143,0.0833333333333334,-0.0408248290463863,TRUE,FALSE,0.0833333333333334
19,986,"West Texas Utilities","wtu.t1att1","19:986212::wtu.t1att1","986212","19:986212",0.555555555555556,0.577777777777778,0.37453675090407,0.334580998331412,9,9,9,0.555555555555556,0.577777777777778,0.37453675090407,0.334580998331412,0.0222222222222221,0.0399557525726583,TRUE,TRUE,0.0222222222222221,0.0222222222222221,0.0399557525726583,TRUE,TRUE,0.0222222222222221
19,986,"West Texas Utilities","wtu.t1att1","19:986213::wtu.t1att1","986213","19:986213",0.577777777777778,0.633333333333333,0.248886408717801,0.212132034355964,9,9,9,0.577777777777778,0.633333333333333,0.248886408717801,0.212132034355964,0.0555555555555556,0.0367543743618371,TRUE,TRUE,0.0555555555555556,0.0555555555555556,0.0367543743618371,TRUE,TRUE,0.0555555555555556
19,986,"West Texas Utilities","wtu.t1att1","19:986214::wtu.t1att1","986214","19:986214",0.33,0.58,0.336815148775177,0.335989417822777,10,10,10,0.33,0.58,0.336815148775177,0.335989417822777,-0.25,0.000825730952399351,FALSE,TRUE,-0.09,-0.25,0.000825730952399351,FALSE,TRUE,-0.09
19,986,"West Texas Utilities","wtu.t1att3","19:986201::wtu.t1att3","986201","19:986201",0.671875,0.764705882352941,0.211583744463162,0.207139021901871,20,21,20,0.671875,0.761764705882353,0.211583744463162,0.212069783685539,0.0928308823529411,0.00444472256129133,TRUE,TRUE,0.0928308823529411,0.0898897058823529,-0.000486039222376861,TRUE,FALSE,0.0898897058823529
19,986,"West Texas Utilities","wtu.t1att3","19:986202::wtu.t1att3","986202","19:986202",0.76875,0.735294117647059,0.203888998438392,0.201523969787305,20,20,20,0.76875,0.735294117647059,0.203888998438392,0.201523969787305,-0.0334558823529413,0.00236502865108718,FALSE,TRUE,-0.0334558823529413,-0.0334558823529413,0.00236502865108718,FALSE,TRUE,-0.0334558823529413
19,986,"West Texas Utilities","wtu.t1att3","19:986203::wtu.t1att3","986203","19:986203",0.740131578947368,0.78328173374613,0.257072830261153,0.186070715742172,19,19,19,0.740131578947368,0.78328173374613,0.257072830261153,0.186070715742172,0.0431501547987617,0.0710021145189812,TRUE,TRUE,0.0431501547987617,0.0431501547987617,0.0710021145189812,TRUE,TRUE,0.0431501547987617
19,986,"West Texas Utilities","wtu.t1att3","19:986204::wtu.t1att3","986204","19:986204",0.766447368421053,0.814241486068111,0.248119756856825,0.230559520266502,19,19,19,0.766447368421053,0.814241486068111,0.248119756856825,0.230559520266502,0.0477941176470588,0.0175602365903228,TRUE,TRUE,0.0477941176470588,0.0477941176470588,0.0175602365903228,TRUE,TRUE,0.0477941176470588
19,986,"West Texas Utilities","wtu.t1att3","19:986205::wtu.t1att3","986205","19:986205",0.677631578947368,0.829721362229102,0.251094097131006,0.165096102687755,19,19,19,0.677631578947368,0.829721362229102,0.251094097131006,0.165096102687755,0.152089783281734,0.0859979944432514,TRUE,TRUE,0.152089783281734,0.152089783281734,0.0859979944432514,TRUE,TRUE,0.152089783281734
19,986,"West Texas Utilities","wtu.t1att3","19:986206::wtu.t1att3","986206","19:986206",0.784375,0.729411764705882,0.199170772731659,0.235603511755261,20,20,20,0.784375,0.729411764705882,0.199170772731659,0.235603511755261,-0.0549632352941177,-0.0364327390236016,FALSE,FALSE,-0.0549632352941177,-0.0549632352941177,-0.0364327390236016,FALSE,FALSE,-0.0549632352941177
19,986,"West Texas Utilities","wtu.t1att3","19:986207::wtu.t1att3","986207","19:986207",0.865131578947368,0.814241486068111,0.174631504261693,0.191378131844332,19,19,19,0.865131578947368,0.814241486068111,0.174631504261693,0.191378131844332,-0.0508900928792571,-0.0167466275826385,FALSE,FALSE,-0.0508900928792571,-0.0508900928792571,-0.0167466275826385,FALSE,FALSE,-0.0508900928792571
19,986,"West Texas Utilities","wtu.t1att3","19:986208::wtu.t1att3","986208","19:986208",0.744047619047619,0.739495798319328,0.244393990554284,0.183743680136525,21,21,21,0.744047619047619,0.739495798319328,0.244393990554284,0.183743680136525,-0.0045518207282913,0.0606503104177591,FALSE,TRUE,-0.0045518207282913,-0.0045518207282913,0.0606503104177591,FALSE,TRUE,-0.0045518207282913
19,986,"West Texas Utilities","wtu.t1att3","19:986209::wtu.t1att3","986209","19:986209",0.738970588235294,0.833910034602076,0.225601728064929,0.125190674845159,17,17,17,0.738970588235294,0.833910034602076,0.225601728064929,0.125190674845159,0.094939446366782,0.10041105321977,TRUE,TRUE,0.094939446366782,0.094939446366782,0.10041105321977,TRUE,TRUE,0.094939446366782
19,986,"West Texas Utilities","wtu.t1att3","19:986210::wtu.t1att3","986210","19:986210",0.8125,0.847750865051903,0.20131404260508,0.183745658246626,17,17,17,0.8125,0.847750865051903,0.20131404260508,0.183745658246626,0.0352508650519031,0.0175683843584536,TRUE,TRUE,0.0352508650519031,0.0352508650519031,0.0175683843584536,TRUE,TRUE,0.0352508650519031
19,986,"West Texas Utilities","wtu.t1att3","19:986211::wtu.t1att3","986211","19:986211",0.75,0.830065359477124,0.237992909558247,0.0950525462238496,9,9,9,0.75,0.830065359477124,0.237992909558247,0.0950525462238496,0.0800653594771241,0.142940363334398,TRUE,TRUE,0.0800653594771241,0.0800653594771241,0.142940363334398,TRUE,TRUE,0.0800653594771241
19,986,"West Texas Utilities","wtu.t1att3","19:986212::wtu.t1att3","986212","19:986212",0.756944444444444,0.679738562091503,0.302083333333333,0.174278321908149,9,9,9,0.756944444444444,0.679738562091503,0.302083333333333,0.174278321908149,-0.0772058823529411,0.127805011425185,FALSE,TRUE,-0.0772058823529411,-0.0772058823529411,0.127805011425185,FALSE,TRUE,-0.0772058823529411
19,986,"West Texas Utilities","wtu.t1att3","19:986213::wtu.t1att3","986213","19:986213",0.770833333333333,0.862745098039216,0.19263793759278,0.117647058823529,9,9,9,0.770833333333333,0.862745098039216,0.19263793759278,0.117647058823529,0.0919117647058824,0.0749908787692511,TRUE,TRUE,0.0919117647058824,0.0919117647058824,0.0749908787692511,TRUE,TRUE,0.0919117647058824
19,986,"West Texas Utilities","wtu.t1att3","19:986214::wtu.t1att3","986214","19:986214",0.778409090909091,0.695187165775401,0.225976416709999,0.25207537431856,11,11,11,0.778409090909091,0.695187165775401,0.225976416709999,0.25207537431856,-0.0832219251336899,-0.0260989576085614,FALSE,FALSE,-0.0832219251336899,-0.0832219251336899,-0.0260989576085614,FALSE,FALSE,-0.0832219251336899
19,986,"West Texas Utilities","wtu.t1att4","19:986201::wtu.t1att4","986201","19:986201",0.633333333333333,0.780952380952381,0.311982905514602,0.183354977077383,21,21,21,0.633333333333333,0.780952380952381,0.311982905514602,0.183354977077383,0.147619047619048,0.128627928437219,TRUE,TRUE,0.147619047619048,0.147619047619048,0.128627928437219,TRUE,TRUE,0.147619047619048
19,986,"West Texas Utilities","wtu.t1att4","19:986202::wtu.t1att4","986202","19:986202",0.688888888888889,0.755,0.290818093313832,0.237254027751291,18,20,18,0.688888888888889,0.744444444444444,0.290818093313832,0.243073995565674,0.0661111111111111,0.0535640655625408,TRUE,TRUE,0.0661111111111111,0.0555555555555556,0.0477440977481579,TRUE,TRUE,0.0555555555555556
19,986,"West Texas Utilities","wtu.t1att4","19:986203::wtu.t1att4","986203","19:986203",0.605555555555556,0.673684210526316,0.342090841430825,0.286438097371371,18,19,18,0.605555555555556,0.683333333333333,0.342090841430825,0.291547594742265,0.0681286549707603,0.0556527440594538,TRUE,TRUE,0.0681286549707603,0.0777777777777778,0.0505432466885598,TRUE,TRUE,0.0777777777777778
19,986,"West Texas Utilities","wtu.t1att4","19:986204::wtu.t1att4","986204","19:986204",0.763157894736842,0.794736842105263,0.27327342090496,0.239150543499571,19,19,19,0.763157894736842,0.794736842105263,0.27327342090496,0.239150543499571,0.031578947368421,0.0341228774053887,TRUE,TRUE,0.031578947368421,0.031578947368421,0.0341228774053887,TRUE,TRUE,0.031578947368421
19,986,"West Texas Utilities","wtu.t1att4","19:986205::wtu.t1att4","986205","19:986205",0.647368421052632,0.705263157894737,0.277625689358555,0.279828686105002,19,19,19,0.647368421052632,0.705263157894737,0.277625689358555,0.279828686105002,0.0578947368421052,-0.00220299674644658,TRUE,FALSE,0.0578947368421052,0.0578947368421052,-0.00220299674644658,TRUE,FALSE,0.0578947368421052
19,986,"West Texas Utilities","wtu.t1att4","19:986206::wtu.t1att4","986206","19:986206",0.61,0.74,0.32589956476772,0.218608036641406,20,20,20,0.61,0.74,0.32589956476772,0.218608036641406,0.13,0.107291528126314,TRUE,TRUE,0.13,0.13,0.107291528126314,TRUE,TRUE,0.13
19,986,"West Texas Utilities","wtu.t1att4","19:986207::wtu.t1att4","986207","19:986207",0.61578947368421,0.68421052631579,0.311382504851325,0.265127134901011,19,19,19,0.61578947368421,0.68421052631579,0.311382504851325,0.265127134901011,0.0684210526315789,0.0462553699503143,TRUE,TRUE,0.0684210526315789,0.0684210526315789,0.0462553699503143,TRUE,TRUE,0.0684210526315789
19,986,"West Texas Utilities","wtu.t1att4","19:986208::wtu.t1att4","986208","19:986208",0.70952380952381,0.79047619047619,0.299841227826932,0.214253965902062,21,21,21,0.70952380952381,0.79047619047619,0.299841227826932,0.214253965902062,0.0809523809523809,0.0855872619248698,TRUE,TRUE,0.0809523809523809,0.0809523809523809,0.0855872619248698,TRUE,TRUE,0.0809523809523809
19,986,"West Texas Utilities","wtu.t1att4","19:986209::wtu.t1att4","986209","19:986209",0.50625,0.647058823529412,0.306526235962492,0.234834109156931,16,17,16,0.50625,0.65625,0.306526235962492,0.239356776939085,0.140808823529412,0.0716921268055609,TRUE,TRUE,0.140808823529412,0.15,0.0671694590234075,TRUE,TRUE,0.15
19,986,"West Texas Utilities","wtu.t1att4","19:986210::wtu.t1att4","986210","19:986210",0.841176470588235,0.864705882352941,0.215229016193832,0.169341284358644,17,17,17,0.841176470588235,0.864705882352941,0.215229016193832,0.169341284358644,0.0235294117647059,0.0458877318351874,TRUE,TRUE,0.0235294117647059,0.0235294117647059,0.0458877318351874,TRUE,TRUE,0.0235294117647059
19,986,"West Texas Utilities","wtu.t1att4","19:986211::wtu.t1att4","986211","19:986211",0.777777777777778,0.844444444444444,0.24381231397213,0.174005108481843,9,9,9,0.777777777777778,0.844444444444444,0.24381231397213,0.174005108481843,0.0666666666666667,0.0698072054902874,TRUE,TRUE,0.0666666666666667,0.0666666666666667,0.0698072054902874,TRUE,TRUE,0.0666666666666667
19,986,"West Texas Utilities","wtu.t1att4","19:986212::wtu.t1att4","986212","19:986212",0.766666666666667,0.944444444444444,0.234520787991171,0.0726483157256779,9,9,9,0.766666666666667,0.944444444444444,0.234520787991171,0.0726483157256779,0.177777777777778,0.161872472265494,TRUE,TRUE,0.177777777777778,0.177777777777778,0.161872472265494,TRUE,TRUE,0.177777777777778
19,986,"West Texas Utilities","wtu.t1att4","19:986213::wtu.t1att4","986213","19:986213",0.666666666666667,0.755555555555556,0.264575131106459,0.206827894099848,9,9,9,0.666666666666667,0.755555555555556,0.264575131106459,0.206827894099848,0.0888888888888889,0.0577472370066115,TRUE,TRUE,0.0888888888888889,0.0888888888888889,0.0577472370066115,TRUE,TRUE,0.0888888888888889
19,986,"West Texas Utilities","wtu.t1att4","19:986214::wtu.t1att4","986214","19:986214",0.781818181818182,0.854545454545454,0.213626692237566,0.16348477827392,11,11,11,0.781818181818182,0.854545454545454,0.213626692237566,0.16348477827392,0.0727272727272726,0.0501419139636459,TRUE,TRUE,0.0727272727272726,0.0727272727272726,0.0501419139636459,TRUE,TRUE,0.0727272727272726
19,986,"West Texas Utilities","wtu.t1att5","19:986201::wtu.t1att5","986201","19:986201",0.911111111111111,0.873015873015873,0.123528374308332,0.173723614341557,21,21,21,0.911111111111111,0.873015873015873,0.123528374308332,0.173723614341557,-0.0380952380952381,-0.0501952400332259,FALSE,FALSE,-0.0380952380952381,-0.0380952380952381,-0.0501952400332259,FALSE,FALSE,-0.0380952380952381
19,986,"West Texas Utilities","wtu.t1att5","19:986202::wtu.t1att5","986202","19:986202",0.796666666666667,0.753333333333333,0.29929742292312,0.282925402934645,20,20,20,0.796666666666667,0.753333333333333,0.29929742292312,0.282925402934645,-0.0433333333333333,0.0163720199884755,FALSE,TRUE,-0.0433333333333333,-0.0433333333333333,0.0163720199884755,FALSE,TRUE,-0.0433333333333333
19,986,"West Texas Utilities","wtu.t1att5","19:986203::wtu.t1att5","986203","19:986203",0.842105263157895,0.792982456140351,0.257442815240411,0.255212075299774,19,19,19,0.842105263157895,0.792982456140351,0.257442815240411,0.255212075299774,-0.0491228070175438,0.00223073994063716,FALSE,TRUE,-0.0491228070175438,-0.0491228070175438,0.00223073994063716,FALSE,TRUE,-0.0491228070175438
19,986,"West Texas Utilities","wtu.t1att5","19:986204::wtu.t1att5","986204","19:986204",0.859649122807018,0.954385964912281,0.1897298102821,0.12581120792277,19,19,19,0.859649122807018,0.954385964912281,0.1897298102821,0.12581120792277,0.0947368421052631,0.0639186023593304,TRUE,TRUE,0.0947368421052631,0.0947368421052631,0.0639186023593304,TRUE,TRUE,0.0947368421052631
19,986,"West Texas Utilities","wtu.t1att5","19:986205::wtu.t1att5","986205","19:986205",0.880701754385965,0.866666666666667,0.148372150340794,0.210818510677892,19,19,19,0.880701754385965,0.866666666666667,0.148372150340794,0.210818510677892,-0.0140350877192982,-0.0624463603370981,FALSE,FALSE,-0.0140350877192982,-0.0140350877192982,-0.0624463603370981,FALSE,FALSE,-0.0140350877192982
19,986,"West Texas Utilities","wtu.t1att5","19:986206::wtu.t1att5","986206","19:986206",0.96,0.853333333333333,0.0791770537968749,0.246234804500437,20,20,20,0.96,0.853333333333333,0.0791770537968749,0.246234804500437,-0.106666666666667,-0.167057750703562,FALSE,FALSE,-0.106666666666667,-0.106666666666667,-0.167057750703562,FALSE,FALSE,-0.106666666666667
19,986,"West Texas Utilities","wtu.t1att5","19:986207::wtu.t1att5","986207","19:986207",0.926315789473684,0.940350877192982,0.143835874990814,0.115244746201142,19,19,19,0.926315789473684,0.940350877192982,0.143835874990814,0.115244746201142,0.0140350877192983,0.0285911287896719,TRUE,TRUE,0.0140350877192983,0.0140350877192983,0.0285911287896719,TRUE,TRUE,0.0140350877192983
19,986,"West Texas Utilities","wtu.t1att5","19:986208::wtu.t1att5","986208","19:986208",0.834920634920635,0.825396825396825,0.184534305897061,0.205994811667339,21,21,21,0.834920634920635,0.825396825396825,0.184534305897061,0.205994811667339,-0.0095238095238096,-0.021460505770278,FALSE,FALSE,-0.0095238095238096,-0.0095238095238096,-0.021460505770278,FALSE,FALSE,-0.0095238095238096
19,986,"West Texas Utilities","wtu.t1att5","19:986209::wtu.t1att5","986209","19:986209",0.874509803921569,0.87843137254902,0.188388418111176,0.194701044506767,17,17,17,0.874509803921569,0.87843137254902,0.188388418111176,0.194701044506767,0.00392156862745097,-0.00631262639559088,TRUE,FALSE,0.00392156862745097,0.00392156862745097,-0.00631262639559088,TRUE,FALSE,0.00392156862745097
19,986,"West Texas Utilities","wtu.t1att5","19:986210::wtu.t1att5","986210","19:986210",0.917647058823529,0.870588235294118,0.225498721066472,0.246611016509912,17,17,17,0.917647058823529,0.870588235294118,0.225498721066472,0.246611016509912,-0.0470588235294117,-0.0211122954434408,FALSE,FALSE,-0.0470588235294117,-0.0470588235294117,-0.0211122954434408,FALSE,FALSE,-0.0470588235294117
19,986,"West Texas Utilities","wtu.t1att5","19:986211::wtu.t1att5","986211","19:986211",0.940740740740741,0.977777777777778,0.0777777777777778,0.0471404520791032,9,9,9,0.940740740740741,0.977777777777778,0.0777777777777778,0.0471404520791032,0.037037037037037,0.0306373256986746,TRUE,TRUE,0.037037037037037,0.037037037037037,0.0306373256986746,TRUE,TRUE,0.037037037037037
19,986,"West Texas Utilities","wtu.t1att5","19:986212::wtu.t1att5","986212","19:986212",0.955555555555556,0.888888888888889,0.074535599249993,0.19436506316151,9,9,9,0.955555555555556,0.888888888888889,0.074535599249993,0.19436506316151,-0.0666666666666668,-0.119829463911517,FALSE,FALSE,-0.0666666666666668,-0.0666666666666668,-0.119829463911517,FALSE,FALSE,-0.0666666666666668
19,986,"West Texas Utilities","wtu.t1att5","19:986213::wtu.t1att5","986213","19:986213",0.844444444444444,0.851851851851852,0.185592145427667,0.232803631552855,9,9,9,0.844444444444444,0.851851851851852,0.185592145427667,0.232803631552855,0.00740740740740742,-0.0472114861251878,TRUE,FALSE,0.00740740740740742,0.00740740740740742,-0.0472114861251878,TRUE,FALSE,0.00740740740740742
19,986,"West Texas Utilities","wtu.t1att5","19:986214::wtu.t1att5","986214","19:986214",0.836363636363636,0.721212121212121,0.273842836294651,0.249119662131687,11,11,11,0.836363636363636,0.721212121212121,0.273842836294651,0.249119662131687,-0.115151515151515,0.0247231741629636,FALSE,TRUE,-0.115151515151515,-0.115151515151515,0.0247231741629636,FALSE,TRUE,-0.115151515151515
19,986,"West Texas Utilities","wtu.t1att6","19:986201::wtu.t1att6","986201","19:986201",0.69047619047619,0.746031746031746,0.256719227765982,0.208293647013641,21,21,21,0.69047619047619,0.746031746031746,0.256719227765982,0.208293647013641,0.0555555555555556,0.0484255807523403,TRUE,TRUE,0.0555555555555556,0.0555555555555556,0.0484255807523403,TRUE,TRUE,0.0555555555555556
19,986,"West Texas Utilities","wtu.t1att6","19:986202::wtu.t1att6","986202","19:986202",0.67,0.683333333333333,0.240831891575846,0.198352538916463,20,20,20,0.67,0.683333333333333,0.240831891575846,0.198352538916463,0.0133333333333333,0.0424793526593831,TRUE,TRUE,0.0133333333333333,0.0133333333333333,0.0424793526593831,TRUE,TRUE,0.0133333333333333
19,986,"West Texas Utilities","wtu.t1att6","19:986203::wtu.t1att6","986203","19:986203",0.621052631578947,0.701754385964912,0.35210312152427,0.30999055602887,19,19,19,0.621052631578947,0.701754385964912,0.35210312152427,0.30999055602887,0.0807017543859648,0.042112565495399,TRUE,TRUE,0.0807017543859648,0.0807017543859648,0.042112565495399,TRUE,TRUE,0.0807017543859648
19,986,"West Texas Utilities","wtu.t1att6","19:986204::wtu.t1att6","986204","19:986204",0.663157894736842,0.730994152046784,0.236197954445441,0.270435784764743,19,19,19,0.663157894736842,0.730994152046784,0.236197954445441,0.270435784764743,0.0678362573099415,-0.0342378303193026,TRUE,FALSE,0.0678362573099415,0.0678362573099415,-0.0342378303193026,TRUE,FALSE,0.0678362573099415
19,986,"West Texas Utilities","wtu.t1att6","19:986205::wtu.t1att6","986205","19:986205",0.5,0.818713450292398,0.240098019199512,0.162332645978338,18,19,18,0.5,0.82716049382716,0.240098019199512,0.162685444031324,NA,0.0777653732211741,NA,TRUE,0.318713450292398,NA,0.077412575168188,NA,TRUE,0.32716049382716
19,986,"West Texas Utilities","wtu.t1att6","19:986206::wtu.t1att6","986206","19:986206",0.636842105263158,0.838888888888889,0.238538434629142,0.217717499713761,19,20,19,0.636842105263158,0.871345029239766,0.238538434629142,0.166720805588565,0.202046783625731,0.0208209349153816,TRUE,TRUE,0.202046783625731,0.234502923976608,0.0718176290405779,TRUE,TRUE,0.234502923976608
19,986,"West Texas Utilities","wtu.t1att6","19:986207::wtu.t1att6","986207","19:986207",0.652631578947368,0.801169590643275,0.298828120520869,0.211399891404006,19,19,19,0.652631578947368,0.801169590643275,0.298828120520869,0.211399891404006,0.148538011695906,0.087428229116863,TRUE,TRUE,0.148538011695906,0.148538011695906,0.087428229116863,TRUE,TRUE,0.148538011695906
19,986,"West Texas Utilities","wtu.t1att6","19:986208::wtu.t1att6","986208","19:986208",0.70952380952381,0.82010582010582,0.266279480818109,0.177347362561845,21,21,21,0.70952380952381,0.82010582010582,0.266279480818109,0.177347362561845,0.110582010582011,0.0889321182562643,TRUE,TRUE,0.110582010582011,0.110582010582011,0.0889321182562643,TRUE,TRUE,0.110582010582011
19,986,"West Texas Utilities","wtu.t1att6","19:986209::wtu.t1att6","986209","19:986209",0.49375,0.718954248366013,0.302145108626082,0.215587222254518,16,17,16,0.49375,0.701388888888889,0.302145108626082,0.209717623201965,-0.225204248366013,0.0865578863715634,FALSE,TRUE,0.212704248366013,-0.207638888888889,0.0924274854241164,FALSE,TRUE,0.195138888888889
19,986,"West Texas Utilities","wtu.t1att6","19:986210::wtu.t1att6","986210","19:986210",0.629411764705882,0.816993464052288,0.24689245098411,0.207651389332334,17,17,17,0.629411764705882,0.816993464052288,0.24689245098411,0.207651389332334,0.187581699346405,0.0392410616517761,TRUE,TRUE,0.187581699346405,0.187581699346405,0.0392410616517761,TRUE,TRUE,0.187581699346405
19,986,"West Texas Utilities","wtu.t1att6","19:986211::wtu.t1att6","986211","19:986211",0.7,0.790123456790123,0.173205080756888,0.218330113380585,9,9,9,0.7,0.790123456790123,0.173205080756888,0.218330113380585,0.0901234567901235,-0.0451250326236974,TRUE,FALSE,0.0901234567901235,0.0901234567901235,-0.0451250326236974,TRUE,FALSE,0.0901234567901235
19,986,"West Texas Utilities","wtu.t1att6","19:986212::wtu.t1att6","986212","19:986212",0.65,0.728395061728395,0.316227766016838,0.215961181290567,8,9,8,0.65,0.763888888888889,0.316227766016838,0.200857948172123,0.078395061728395,0.100266584726271,TRUE,TRUE,0.078395061728395,0.113888888888889,0.115369817844715,TRUE,TRUE,0.113888888888889
19,986,"West Texas Utilities","wtu.t1att6","19:986213::wtu.t1att6","986213","19:986213",0.7,0.876543209876543,0.180277563773199,0.187942436390597,9,9,9,0.7,0.876543209876543,0.180277563773199,0.187942436390597,0.176543209876543,-0.00766487261739718,TRUE,FALSE,0.176543209876543,0.176543209876543,-0.00766487261739718,TRUE,FALSE,0.176543209876543
19,986,"West Texas Utilities","wtu.t1att6","19:986214::wtu.t1att6","986214","19:986214",0.809090909090909,0.818181818181818,0.186839746598766,0.134005042034562,11,11,11,0.809090909090909,0.818181818181818,0.186839746598766,0.134005042034562,0.00909090909090904,0.0528347045642039,TRUE,TRUE,0.00909090909090904,0.00909090909090904,0.0528347045642039,TRUE,TRUE,0.00909090909090904
19,986,"West Texas Utilities","wtu.t1att7","19:986201::wtu.t1att7","986201","19:986201",0.61,0.757142857142857,0.302446167458816,0.211119465164699,20,21,20,0.61,0.755,0.302446167458816,0.216369566884265,0.147142857142857,0.0913267022941172,TRUE,TRUE,0.147142857142857,0.145,0.0860766005745517,TRUE,TRUE,0.145
19,986,"West Texas Utilities","wtu.t1att7","19:986202::wtu.t1att7","986202","19:986202",0.682352941176471,0.725,0.267477321743468,0.204874801306862,17,20,17,0.682352941176471,0.717647058823529,0.267477321743468,0.203823741617749,0.0426470588235294,0.0626025204366059,TRUE,TRUE,0.0426470588235294,0.0352941176470588,0.0636535801257194,TRUE,TRUE,0.0352941176470588
19,986,"West Texas Utilities","wtu.t1att7","19:986203::wtu.t1att7","986203","19:986203",0.631578947368421,0.705263157894737,0.20014614543419,0.243752342918714,19,19,19,0.631578947368421,0.705263157894737,0.20014614543419,0.243752342918714,0.0736842105263158,-0.0436061974845249,TRUE,FALSE,0.0736842105263158,0.0736842105263158,-0.0436061974845249,TRUE,FALSE,0.0736842105263158
19,986,"West Texas Utilities","wtu.t1att7","19:986204::wtu.t1att7","986204","19:986204",0.6,0.5,0.291547594742265,0.301846171271247,17,19,17,0.6,0.505882352941176,0.291547594742265,0.319121035492989,-0.1,-0.0102985765289823,FALSE,FALSE,-0.1,-0.0941176470588235,-0.0275734407507242,FALSE,FALSE,-0.0941176470588235
19,986,"West Texas Utilities","wtu.t1att7","19:986205::wtu.t1att7","986205","19:986205",0.664705882352941,0.594736842105263,0.254806731834611,0.234458440312816,17,19,17,0.664705882352941,0.594117647058824,0.254806731834611,0.238407708126473,-0.069969040247678,0.0203482915217953,FALSE,TRUE,-0.069969040247678,-0.0705882352941176,0.0163990237081377,FALSE,TRUE,-0.0705882352941176
19,986,"West Texas Utilities","wtu.t1att7","19:986206::wtu.t1att7","986206","19:986206",0.61,0.715,0.282656570491657,0.18144159564879,20,20,20,0.61,0.715,0.282656570491657,0.18144159564879,0.105,0.101214974842868,TRUE,TRUE,0.105,0.105,0.101214974842868,TRUE,TRUE,0.105
19,986,"West Texas Utilities","wtu.t1att7","19:986207::wtu.t1att7","986207","19:986207",0.589473684210526,0.642105263157895,0.326419526993008,0.289282233340238,19,19,19,0.589473684210526,0.642105263157895,0.326419526993008,0.289282233340238,0.0526315789473685,0.0371372936527704,TRUE,TRUE,0.0526315789473685,0.0526315789473685,0.0371372936527704,TRUE,TRUE,0.0526315789473685
19,986,"West Texas Utilities","wtu.t1att7","19:986208::wtu.t1att7","986208","19:986208",0.742857142857143,0.695238095238095,0.231455024943138,0.26167955685569,21,21,21,0.742857142857143,0.695238095238095,0.231455024943138,0.26167955685569,-0.0476190476190477,-0.0302245319125525,FALSE,FALSE,-0.0476190476190477,-0.0476190476190477,-0.0302245319125525,FALSE,FALSE,-0.0476190476190477
19,986,"West Texas Utilities","wtu.t1att7","19:986209::wtu.t1att7","986209","19:986209",0.553333333333333,0.6,0.309069263311332,0.222111083319436,15,16,14,0.535714285714286,0.592857142857143,0.312821263435117,0.230265016930445,0.0466666666666666,0.0869581799918963,TRUE,TRUE,0.0466666666666666,0.0571428571428572,0.0825562465046722,TRUE,TRUE,0.0571428571428572
19,986,"West Texas Utilities","wtu.t1att7","19:986210::wtu.t1att7","986210","19:986210",0.647058823529412,0.535294117647059,0.331884104505668,0.310123315131635,17,17,17,0.647058823529412,0.535294117647059,0.331884104505668,0.310123315131635,-0.111764705882353,0.0217607893740335,FALSE,TRUE,-0.111764705882353,-0.111764705882353,0.0217607893740335,FALSE,TRUE,-0.111764705882353
19,986,"West Texas Utilities","wtu.t1att7","19:986211::wtu.t1att7","986211","19:986211",0.7,0.675,0.173205080756888,0.260494036125864,9,8,8,0.6625,0.675,0.140788595317336,0.260494036125864,-0.0249999999999999,-0.0872889553689761,FALSE,FALSE,-0.0249999999999999,0.0125000000000001,-0.119705440808528,TRUE,FALSE,0.0125000000000001
19,986,"West Texas Utilities","wtu.t1att7","19:986212::wtu.t1att7","986212","19:986212",0.566666666666667,0.566666666666667,0.31224989991992,0.324037034920393,9,9,9,0.566666666666667,0.566666666666667,0.31224989991992,0.324037034920393,0,-0.0117871350004731,FALSE,FALSE,0,0,-0.0117871350004731,FALSE,FALSE,0
19,986,"West Texas Utilities","wtu.t1att7","19:986213::wtu.t1att7","986213","19:986213",0.6125,0.611111111111111,0.0991031208965115,0.252212432507026,8,9,8,0.6125,0.625,0.0991031208965115,0.265921578128376,-0.00138888888888877,-0.153109311610514,FALSE,FALSE,-0.00138888888888877,0.0125000000000001,-0.166818457231864,TRUE,FALSE,0.0125000000000001
19,986,"West Texas Utilities","wtu.t1att7","19:986214::wtu.t1att7","986214","19:986214",0.736363636363636,0.681818181818182,0.307482445914323,0.292636914343293,11,11,11,0.736363636363636,0.681818181818182,0.307482445914323,0.292636914343293,-0.0545454545454545,0.0148455315710302,FALSE,TRUE,-0.0545454545454545,-0.0545454545454545,0.0148455315710302,FALSE,TRUE,-0.0545454545454545
21,3000,"Southwestern Electric Power","swp.t1att1","21:3000301::swp.t1att1","3000301","21:3000301",0.584615384615385,0.65,0.341189472888975,0.295478751025674,13,14,13,0.584615384615385,0.661538461538462,0.341189472888975,0.304243492229666,0.0653846153846154,0.0457107218633006,TRUE,TRUE,0.0653846153846154,0.0769230769230769,0.0369459806593092,TRUE,TRUE,0.0769230769230769
21,3000,"Southwestern Electric Power","swp.t1att1","21:3000302::swp.t1att1","3000302","21:3000302",0.357142857142857,0.486666666666667,0.250274574492422,0.287518115371304,14,15,14,0.357142857142857,0.485714285714286,0.250274574492422,0.298347094859308,-0.12952380952381,-0.0372435408788828,FALSE,FALSE,-0.12952380952381,-0.128571428571429,-0.0480725203668866,FALSE,FALSE,-0.128571428571429
21,3000,"Southwestern Electric Power","swp.t1att1","21:3000303::swp.t1att1","3000303","21:3000303",0.464705882352941,0.4875,0.335300567533423,0.275378527364305,17,16,16,0.43125,0.4875,0.315634282041733,0.275378527364305,-0.0227941176470588,0.0599220401691175,FALSE,TRUE,-0.0227941176470588,-0.05625,0.0402557546774275,FALSE,TRUE,-0.05625
21,3000,"Southwestern Electric Power","swp.t1att1","21:3000304::swp.t1att1","3000304","21:3000304",0.538888888888889,0.466666666666667,0.28520145385507,0.276533159377486,18,18,18,0.538888888888889,0.466666666666667,0.28520145385507,0.276533159377486,-0.0722222222222222,0.00866829447758416,FALSE,TRUE,-0.00555555555555554,-0.0722222222222222,0.00866829447758416,FALSE,TRUE,-0.00555555555555554
21,3000,"Southwestern Electric Power","swp.t1att1","21:3000305::swp.t1att1","3000305","21:3000305",0.35625,0.625,0.324486774255387,0.251661147842358,16,16,16,0.35625,0.625,0.324486774255387,0.251661147842358,-0.26875,0.072825626413029,FALSE,TRUE,-0.01875,-0.26875,0.072825626413029,FALSE,TRUE,-0.01875
21,3000,"Southwestern Electric Power","swp.t1att1","21:3000307::swp.t1att1","3000307","21:3000307",0.406666666666667,0.575,0.317280107581088,0.238047614284762,15,16,15,0.406666666666667,0.58,0.317280107581088,0.245531493470215,-0.168333333333333,0.0792324932963261,FALSE,TRUE,-0.0183333333333334,-0.173333333333333,0.0717486141108727,FALSE,TRUE,-0.0133333333333334
21,3000,"Southwestern Electric Power","swp.t1att1","21:3000308::swp.t1att1","3000308","21:3000308",0.6,0.658823529411765,0.299018000638561,0.242535625036333,18,17,17,0.588235294117647,0.658823529411765,0.303896267131517,0.242535625036333,0.0588235294117647,0.0564823756022278,TRUE,TRUE,0.0588235294117647,0.0705882352941176,0.0613606420951844,TRUE,TRUE,0.0705882352941176
21,3000,"Southwestern Electric Power","swp.t1att1","21:3000309::swp.t1att1","3000309","21:3000309",0.4375,0.81875,0.224722050542442,0.175949803447839,16,16,16,0.4375,0.81875,0.224722050542442,0.175949803447839,-0.38125,0.0487722470946029,FALSE,TRUE,0.25625,-0.38125,0.0487722470946029,FALSE,TRUE,0.25625
21,3000,"Southwestern Electric Power","swp.t1att1","21:3000310::swp.t1att1","3000310","21:3000310",0.5,0.427777777777778,0.254373509534584,0.356132089763724,18,18,18,0.5,0.427777777777778,0.254373509534584,0.356132089763724,NA,-0.10175858022914,NA,FALSE,0.0722222222222222,NA,-0.10175858022914,NA,FALSE,0.0722222222222222
21,3000,"Southwestern Electric Power","swp.t1att1","21:3000311::swp.t1att1","3000311","21:3000311",0.526666666666667,0.45,0.179151438998513,0.278088714861523,15,16,15,0.526666666666667,0.466666666666667,0.179151438998513,0.279455252402309,-0.0766666666666666,-0.0989372758630093,FALSE,FALSE,0.0233333333333334,-0.0599999999999999,-0.100303813403795,FALSE,FALSE,0.00666666666666671
21,3000,"Southwestern Electric Power","swp.t1att1","21:3000312::swp.t1att1","3000312","21:3000312",0.605882352941176,0.505882352941176,0.243594407353941,0.296796622780849,17,17,17,0.605882352941176,0.505882352941176,0.243594407353941,0.296796622780849,-0.1,-0.0532022154269083,FALSE,FALSE,-0.1,-0.1,-0.0532022154269083,FALSE,FALSE,-0.1
21,3000,"Southwestern Electric Power","swp.t1att1","21:3000313::swp.t1att1","3000313","21:3000313",0.535714285714286,0.775,0.307863963107441,0.191485421551268,14,16,14,0.535714285714286,0.771428571428571,0.307863963107441,0.201641614403725,0.239285714285714,0.116378541556173,TRUE,TRUE,0.239285714285714,0.235714285714286,0.106222348703716,TRUE,TRUE,0.235714285714286
21,3000,"Southwestern Electric Power","swp.t1att1","21:3000314::swp.t1att1","3000314","21:3000314",0.558823529411765,0.635294117647059,0.331773310276407,0.220627447495173,17,17,17,0.558823529411765,0.635294117647059,0.331773310276407,0.220627447495173,0.0764705882352941,0.111145862781234,TRUE,TRUE,0.0764705882352941,0.0764705882352941,0.111145862781234,TRUE,TRUE,0.0764705882352941
21,3000,"Southwestern Electric Power","swp.t1att1","21:3000315::swp.t1att1","3000315","21:3000315",0.5,0.772222222222222,0.310597147822214,0.190372871138089,18,18,18,0.5,0.772222222222222,0.310597147822214,0.190372871138089,NA,0.120224276684125,NA,TRUE,0.272222222222222,NA,0.120224276684125,NA,TRUE,0.272222222222222
21,3000,"Southwestern Electric Power","swp.t1att3","21:3000301::swp.t1att3","3000301","21:3000301",0.724489795918367,0.892857142857143,0.282755480200322,0.091687476825319,14,14,14,0.724489795918367,0.892857142857143,0.282755480200322,0.091687476825319,0.168367346938776,0.191068003375003,TRUE,TRUE,0.168367346938776,0.168367346938776,0.191068003375003,TRUE,TRUE,0.168367346938776
21,3000,"Southwestern Electric Power","swp.t1att3","21:3000302::swp.t1att3","3000302","21:3000302",0.816326530612245,0.85,0.183105698417616,0.207019667802706,14,15,14,0.816326530612245,0.864285714285714,0.183105698417616,0.207019667802706,0.0336734693877551,-0.0239139693850904,TRUE,FALSE,0.0336734693877551,0.0479591836734694,-0.0239139693850903,TRUE,FALSE,0.0479591836734694
21,3000,"Southwestern Electric Power","swp.t1att3","21:3000303::swp.t1att3","3000303","21:3000303",0.714285714285714,0.820588235294118,0.262445329583912,0.145836834691861,17,17,17,0.714285714285714,0.820588235294118,0.262445329583912,0.145836834691861,0.106302521008403,0.116608494892051,TRUE,TRUE,0.106302521008403,0.106302521008403,0.116608494892051,TRUE,TRUE,0.106302521008403
21,3000,"Southwestern Electric Power","swp.t1att3","21:3000304::swp.t1att3","3000304","21:3000304",0.793650793650794,0.858333333333333,0.179850693193188,0.164719012081716,18,18,18,0.793650793650794,0.858333333333333,0.179850693193188,0.164719012081716,0.0646825396825397,0.0151316811114719,TRUE,TRUE,0.0646825396825397,0.0646825396825397,0.0151316811114719,TRUE,TRUE,0.0646825396825397
21,3000,"Southwestern Electric Power","swp.t1att3","21:3000305::swp.t1att3","3000305","21:3000305",0.848214285714286,0.83125,0.154027561806056,0.238659450542679,16,16,16,0.848214285714286,0.83125,0.154027561806056,0.238659450542679,-0.0169642857142857,-0.0846318887366229,FALSE,FALSE,-0.0169642857142857,-0.0169642857142857,-0.0846318887366229,FALSE,FALSE,-0.0169642857142857
21,3000,"Southwestern Electric Power","swp.t1att3","21:3000307::swp.t1att3","3000307","21:3000307",0.723214285714286,0.8375,0.274636432521301,0.129743336373524,16,16,16,0.723214285714286,0.8375,0.274636432521301,0.129743336373524,0.114285714285714,0.144893096147777,TRUE,TRUE,0.114285714285714,0.114285714285714,0.144893096147777,TRUE,TRUE,0.114285714285714
21,3000,"Southwestern Electric Power","swp.t1att3","21:3000308::swp.t1att3","3000308","21:3000308",0.781746031746032,0.819444444444444,0.208568294874327,0.191079663775339,18,18,18,0.781746031746032,0.819444444444444,0.208568294874327,0.191079663775339,0.0376984126984127,0.0174886310989873,TRUE,TRUE,0.0376984126984127,0.0376984126984127,0.0174886310989873,TRUE,TRUE,0.0376984126984127
21,3000,"Southwestern Electric Power","swp.t1att3","21:3000309::swp.t1att3","3000309","21:3000309",0.647321428571429,0.884375,0.228077964352388,0.128735840645357,16,16,16,0.647321428571429,0.884375,0.228077964352388,0.128735840645357,0.237053571428571,0.0993421237070315,TRUE,TRUE,0.237053571428571,0.237053571428571,0.0993421237070315,TRUE,TRUE,0.237053571428571
21,3000,"Southwestern Electric Power","swp.t1att3","21:3000310::swp.t1att3","3000310","21:3000310",0.80952380952381,0.925,0.174963553055941,0.0861769724940212,18,18,18,0.80952380952381,0.925,0.174963553055941,0.0861769724940212,0.115476190476191,0.0887865805619201,TRUE,TRUE,0.115476190476191,0.115476190476191,0.0887865805619201,TRUE,TRUE,0.115476190476191
21,3000,"Southwestern Electric Power","swp.t1att3","21:3000311::swp.t1att3","3000311","21:3000311",0.705357142857143,0.8375,0.256712603010093,0.140830867828517,16,16,16,0.705357142857143,0.8375,0.256712603010093,0.140830867828517,0.132142857142857,0.115881735181576,TRUE,TRUE,0.132142857142857,0.132142857142857,0.115881735181576,TRUE,TRUE,0.132142857142857
21,3000,"Southwestern Electric Power","swp.t1att3","21:3000312::swp.t1att3","3000312","21:3000312",0.861344537815126,0.861764705882353,0.18117844864139,0.164439779787224,17,17,17,0.861344537815126,0.861764705882353,0.18117844864139,0.164439779787224,0.000420168067226889,0.0167386688541666,TRUE,TRUE,0.000420168067226889,0.000420168067226889,0.0167386688541666,TRUE,TRUE,0.000420168067226889
21,3000,"Southwestern Electric Power","swp.t1att3","21:3000313::swp.t1att3","3000313","21:3000313",0.736607142857143,0.865625,0.209824594707622,0.155690665530511,16,16,16,0.736607142857143,0.865625,0.209824594707622,0.155690665530511,0.129017857142857,0.054133929177111,TRUE,TRUE,0.129017857142857,0.129017857142857,0.054133929177111,TRUE,TRUE,0.129017857142857
21,3000,"Southwestern Electric Power","swp.t1att3","21:3000314::swp.t1att3","3000314","21:3000314",0.714285714285714,0.802941176470588,0.262445329583912,0.140835218690246,17,17,17,0.714285714285714,0.802941176470588,0.262445329583912,0.140835218690246,0.088655462184874,0.121610110893666,TRUE,TRUE,0.088655462184874,0.088655462184874,0.121610110893666,TRUE,TRUE,0.088655462184874
21,3000,"Southwestern Electric Power","swp.t1att3","21:3000315::swp.t1att3","3000315","21:3000315",0.595238095238095,0.866666666666667,0.31470560186679,0.153392997769474,18,18,18,0.595238095238095,0.866666666666667,0.31470560186679,0.153392997769474,0.271428571428571,0.161312604097316,TRUE,TRUE,0.271428571428571,0.271428571428571,0.161312604097316,TRUE,TRUE,0.271428571428571
21,3000,"Southwestern Electric Power","swp.t1att4","21:3000301::swp.t1att4","3000301","21:3000301",0.692857142857143,0.838461538461538,0.340732888196753,0.246774058396412,14,13,13,0.715384615384615,0.838461538461538,0.343623228372185,0.246774058396412,0.145604395604396,0.0939588298003409,TRUE,TRUE,0.145604395604396,0.123076923076923,0.0968491699757731,TRUE,TRUE,0.123076923076923
21,3000,"Southwestern Electric Power","swp.t1att4","21:3000302::swp.t1att4","3000302","21:3000302",0.693333333333333,0.706666666666667,0.28900486072696,0.291465917308321,15,15,15,0.693333333333333,0.706666666666667,0.28900486072696,0.291465917308321,0.0133333333333333,-0.00246105658136098,TRUE,FALSE,0.0133333333333333,0.0133333333333333,-0.00246105658136098,TRUE,FALSE,0.0133333333333333
21,3000,"Southwestern Electric Power","swp.t1att4","21:3000303::swp.t1att4","3000303","21:3000303",0.61764705882353,0.817647058823529,0.335848355135259,0.237790070539244,17,17,17,0.61764705882353,0.817647058823529,0.335848355135259,0.237790070539244,0.2,0.0980582845960143,TRUE,TRUE,0.2,0.2,0.0980582845960143,TRUE,TRUE,0.2
21,3000,"Southwestern Electric Power","swp.t1att4","21:3000304::swp.t1att4","3000304","21:3000304",0.666666666666667,0.711111111111111,0.289014552859723,0.292833799256384,18,18,18,0.666666666666667,0.711111111111111,0.289014552859723,0.292833799256384,0.0444444444444445,-0.00381924639666043,TRUE,FALSE,0.0444444444444445,0.0444444444444445,-0.00381924639666043,TRUE,FALSE,0.0444444444444445
21,3000,"Southwestern Electric Power","swp.t1att4","21:3000305::swp.t1att4","3000305","21:3000305",0.75,0.78125,0.270801280154532,0.225739525412218,16,16,16,0.75,0.78125,0.270801280154532,0.225739525412218,0.03125,0.0450617547423142,TRUE,TRUE,0.03125,0.03125,0.0450617547423142,TRUE,TRUE,0.03125
21,3000,"Southwestern Electric Power","swp.t1att4","21:3000307::swp.t1att4","3000307","21:3000307",0.6625,0.775,0.294108823397055,0.269567554922076,16,16,16,0.6625,0.775,0.294108823397055,0.269567554922076,0.1125,0.0245412684749785,TRUE,TRUE,0.1125,0.1125,0.0245412684749785,TRUE,TRUE,0.1125
21,3000,"Southwestern Electric Power","swp.t1att4","21:3000308::swp.t1att4","3000308","21:3000308",0.722222222222222,0.738888888888889,0.279822539468806,0.240438053386605,18,18,18,0.722222222222222,0.738888888888889,0.279822539468806,0.240438053386605,0.0166666666666667,0.0393844860822006,TRUE,TRUE,0.0166666666666667,0.0166666666666667,0.0393844860822006,TRUE,TRUE,0.0166666666666667
21,3000,"Southwestern Electric Power","swp.t1att4","21:3000309::swp.t1att4","3000309","21:3000309",0.686666666666667,0.775,0.269567554922076,0.232379000772445,15,16,15,0.686666666666667,0.793333333333333,0.269567554922076,0.228243812830136,0.0883333333333334,0.0371885541496313,TRUE,TRUE,0.0883333333333334,0.106666666666667,0.0413237420919405,TRUE,TRUE,0.106666666666667
21,3000,"Southwestern Electric Power","swp.t1att4","21:3000310::swp.t1att4","3000310","21:3000310",0.6,0.672222222222222,0.367823487079141,0.296658955616904,18,18,18,0.6,0.672222222222222,0.367823487079141,0.296658955616904,0.0722222222222223,0.0711645314622364,TRUE,TRUE,0.0722222222222223,0.0722222222222223,0.0711645314622364,TRUE,TRUE,0.0722222222222223
21,3000,"Southwestern Electric Power","swp.t1att4","21:3000311::swp.t1att4","3000311","21:3000311",0.653333333333333,0.64375,0.261497518881064,0.193110503770941,15,16,15,0.653333333333333,0.653333333333333,0.261497518881064,0.195910572407291,-0.00958333333333328,0.0683870151101228,FALSE,TRUE,-0.00958333333333328,0,0.065586946473773,FALSE,TRUE,0
21,3000,"Southwestern Electric Power","swp.t1att4","21:3000312::swp.t1att4","3000312","21:3000312",0.664705882352941,0.782352941176471,0.320041357621535,0.294183816086233,17,17,17,0.664705882352941,0.782352941176471,0.320041357621535,0.294183816086233,0.117647058823529,0.0258575415353016,TRUE,TRUE,0.117647058823529,0.117647058823529,0.0258575415353016,TRUE,TRUE,0.117647058823529
21,3000,"Southwestern Electric Power","swp.t1att4","21:3000313::swp.t1att4","3000313","21:3000313",0.675,0.666666666666667,0.327617663341483,0.291955639161321,16,15,15,0.66,0.666666666666667,0.333380948980078,0.291955639161321,-0.00833333333333341,0.0356620241801625,FALSE,TRUE,-0.00833333333333341,0.0066666666666666,0.041425309818757,TRUE,TRUE,0.0066666666666666
21,3000,"Southwestern Electric Power","swp.t1att4","21:3000314::swp.t1att4","3000314","21:3000314",0.747058823529412,0.7875,0.300244997999183,0.260448331408234,17,16,16,0.73125,0.7875,0.302696217353306,0.260448331408234,0.0404411764705882,0.0397966665909489,TRUE,TRUE,0.0404411764705882,0.05625,0.0422478859450722,TRUE,TRUE,0.05625
21,3000,"Southwestern Electric Power","swp.t1att4","21:3000315::swp.t1att4","3000315","21:3000315",0.677777777777778,0.8,0.288108548897308,0.216930457818656,18,18,18,0.677777777777778,0.8,0.288108548897308,0.216930457818656,0.122222222222222,0.0711780910786516,TRUE,TRUE,0.122222222222222,0.122222222222222,0.0711780910786516,TRUE,TRUE,0.122222222222222
21,3000,"Southwestern Electric Power","swp.t1att5","21:3000301::swp.t1att5","3000301","21:3000301",0.837301587301587,0.867857142857143,0.165184701529285,0.190754718519261,14,14,14,0.837301587301587,0.867857142857143,0.165184701529285,0.190754718519261,0.0305555555555556,-0.0255700169899764,TRUE,FALSE,0.0305555555555556,0.0305555555555556,-0.0255700169899764,TRUE,FALSE,0.0305555555555556
21,3000,"Southwestern Electric Power","swp.t1att5","21:3000302::swp.t1att5","3000302","21:3000302",0.920634920634921,0.89,0.103853313791669,0.151421832734158,14,15,14,0.920634920634921,0.917857142857143,0.103853313791669,0.110256942668448,-0.0306349206349206,-0.0475685189424897,FALSE,FALSE,-0.0306349206349206,-0.00277777777777777,-0.0064036288767793,FALSE,FALSE,-0.00277777777777777
21,3000,"Southwestern Electric Power","swp.t1att5","21:3000303::swp.t1att5","3000303","21:3000303",0.947712418300654,0.835294117647059,0.0820986971786482,0.264436137069492,17,17,17,0.947712418300654,0.835294117647059,0.0820986971786482,0.264436137069492,-0.112418300653595,-0.182337439890844,FALSE,FALSE,-0.112418300653595,-0.112418300653595,-0.182337439890844,FALSE,FALSE,-0.112418300653595
21,3000,"Southwestern Electric Power","swp.t1att5","21:3000304::swp.t1att5","3000304","21:3000304",0.925925925925926,0.922222222222222,0.120516921010365,0.112749360533236,18,18,18,0.925925925925926,0.922222222222222,0.120516921010365,0.112749360533236,-0.00370370370370365,0.0077675604771287,FALSE,TRUE,-0.00370370370370365,-0.00370370370370365,0.0077675604771287,FALSE,TRUE,-0.00370370370370365
21,3000,"Southwestern Electric Power","swp.t1att5","21:3000305::swp.t1att5","3000305","21:3000305",0.944444444444444,0.85,0.133024333304207,0.212916258968951,16,16,16,0.944444444444444,0.85,0.133024333304207,0.212916258968951,-0.0944444444444444,-0.0798919256647436,FALSE,FALSE,-0.0944444444444444,-0.0944444444444444,-0.0798919256647436,FALSE,FALSE,-0.0944444444444444
21,3000,"Southwestern Electric Power","swp.t1att5","21:3000307::swp.t1att5","3000307","21:3000307",0.930555555555556,0.83125,0.167896695653972,0.174045013334673,16,16,16,0.930555555555556,0.83125,0.167896695653972,0.174045013334673,-0.0993055555555555,-0.00614831768070104,FALSE,FALSE,-0.0993055555555555,-0.0993055555555555,-0.00614831768070104,FALSE,FALSE,-0.0993055555555555
21,3000,"Southwestern Electric Power","swp.t1att5","21:3000308::swp.t1att5","3000308","21:3000308",0.87037037037037,0.822222222222222,0.166121111465867,0.217081051698521,18,18,18,0.87037037037037,0.822222222222222,0.166121111465867,0.217081051698521,-0.0481481481481482,-0.0509599402326539,FALSE,FALSE,-0.0481481481481482,-0.0481481481481482,-0.0509599402326539,FALSE,FALSE,-0.0481481481481482
21,3000,"Southwestern Electric Power","swp.t1att5","21:3000309::swp.t1att5","3000309","21:3000309",0.864583333333333,0.821875,0.151764315329419,0.180710403685012,16,16,16,0.864583333333333,0.821875,0.151764315329419,0.180710403685012,-0.0427083333333333,-0.0289460883555928,FALSE,FALSE,-0.0427083333333333,-0.0427083333333333,-0.0289460883555928,FALSE,FALSE,-0.0427083333333333
21,3000,"Southwestern Electric Power","swp.t1att5","21:3000310::swp.t1att5","3000310","21:3000310",0.898148148148148,0.875,0.119381728481097,0.18169949334644,18,18,18,0.898148148148148,0.875,0.119381728481097,0.18169949334644,-0.0231481481481481,-0.0623177648653429,FALSE,FALSE,-0.0231481481481481,-0.0231481481481481,-0.0623177648653429,FALSE,FALSE,-0.0231481481481481
21,3000,"Southwestern Electric Power","swp.t1att5","21:3000311::swp.t1att5","3000311","21:3000311",0.885416666666667,0.796875,0.262520820259954,0.206130015605038,16,16,16,0.885416666666667,0.796875,0.262520820259954,0.206130015605038,-0.0885416666666666,0.0563908046549152,FALSE,TRUE,-0.0885416666666666,-0.0885416666666666,0.0563908046549152,FALSE,TRUE,-0.0885416666666666
21,3000,"Southwestern Electric Power","swp.t1att5","21:3000312::swp.t1att5","3000312","21:3000312",0.911764705882353,0.873529411764706,0.246157839438868,0.200091890654975,17,17,17,0.911764705882353,0.873529411764706,0.246157839438868,0.200091890654975,-0.038235294117647,0.0460659487838928,FALSE,TRUE,-0.038235294117647,-0.038235294117647,0.0460659487838928,FALSE,TRUE,-0.038235294117647
21,3000,"Southwestern Electric Power","swp.t1att5","21:3000313::swp.t1att5","3000313","21:3000313",0.857638888888889,0.8,0.197691148318423,0.286356421265527,16,16,16,0.857638888888889,0.8,0.197691148318423,0.286356421265527,-0.0576388888888888,-0.0886652729471039,FALSE,FALSE,-0.0576388888888888,-0.0576388888888888,-0.0886652729471039,FALSE,FALSE,-0.0576388888888888
21,3000,"Southwestern Electric Power","swp.t1att5","21:3000314::swp.t1att5","3000314","21:3000314",0.944444444444444,0.773529411764706,0.103934927410387,0.231919737637577,17,17,17,0.944444444444444,0.773529411764706,0.103934927410387,0.231919737637577,-0.170915032679739,-0.127984810227189,FALSE,FALSE,-0.170915032679739,-0.170915032679739,-0.127984810227189,FALSE,FALSE,-0.170915032679739
21,3000,"Southwestern Electric Power","swp.t1att5","21:3000315::swp.t1att5","3000315","21:3000315",0.796296296296296,0.802777777777778,0.286465450990995,0.222599760994416,18,18,18,0.796296296296296,0.802777777777778,0.286465450990995,0.222599760994416,0.00648148148148153,0.0638656899965788,TRUE,TRUE,0.00648148148148153,0.00648148148148153,0.0638656899965788,TRUE,TRUE,0.00648148148148153
21,3000,"Southwestern Electric Power","swp.t1att6","21:3000301::swp.t1att6","3000301","21:3000301",0.669230769230769,0.838461538461538,0.252931530209974,0.119292787840545,13,13,12,0.641666666666667,0.841666666666667,0.242930342928074,0.124011240937215,0.169230769230769,0.133638742369429,TRUE,TRUE,0.169230769230769,0.2,0.118919101990859,TRUE,TRUE,0.2
21,3000,"Southwestern Electric Power","swp.t1att6","21:3000302::swp.t1att6","3000302","21:3000302",0.806666666666667,0.84,0.208623607302265,0.145405835999994,15,15,15,0.806666666666667,0.84,0.208623607302265,0.145405835999994,0.0333333333333333,0.0632177713022706,TRUE,TRUE,0.0333333333333333,0.0333333333333333,0.0632177713022706,TRUE,TRUE,0.0333333333333333
21,3000,"Southwestern Electric Power","swp.t1att6","21:3000303::swp.t1att6","3000303","21:3000303",0.7,0.80625,0.247655674946756,0.211246301742776,16,16,15,0.713333333333333,0.806666666666667,0.250333111406914,0.218653890451379,0.10625,0.0364093732039801,TRUE,TRUE,0.10625,0.0933333333333333,0.0316792209555352,TRUE,TRUE,0.0933333333333333
21,3000,"Southwestern Electric Power","swp.t1att6","21:3000304::swp.t1att6","3000304","21:3000304",0.755555555555556,0.811111111111111,0.254886877381787,0.184355439584991,18,18,18,0.755555555555556,0.811111111111111,0.254886877381787,0.184355439584991,0.0555555555555556,0.0705314377967958,TRUE,TRUE,0.0555555555555556,0.0555555555555556,0.0705314377967958,TRUE,TRUE,0.0555555555555556
21,3000,"Southwestern Electric Power","swp.t1att6","21:3000305::swp.t1att6","3000305","21:3000305",0.74375,0.7875,0.233719917850405,0.158640053790544,16,16,16,0.74375,0.7875,0.233719917850405,0.158640053790544,0.04375,0.075079864059861,TRUE,TRUE,0.04375,0.04375,0.075079864059861,TRUE,TRUE,0.04375
21,3000,"Southwestern Electric Power","swp.t1att6","21:3000307::swp.t1att6","3000307","21:3000307",0.675,0.875,0.248997991959775,0.184390889145858,16,16,16,0.675,0.875,0.248997991959775,0.184390889145858,0.2,0.0646071028139169,TRUE,TRUE,0.2,0.2,0.0646071028139169,TRUE,TRUE,0.2
21,3000,"Southwestern Electric Power","swp.t1att6","21:3000308::swp.t1att6","3000308","21:3000308",0.741176470588235,0.764705882352941,0.318313570888463,0.205976869061153,17,17,16,0.7875,0.75625,0.262995563967658,0.209662427090152,0.0235294117647059,0.11233670182731,TRUE,TRUE,0.0235294117647059,-0.03125,0.0533331368775062,FALSE,TRUE,-0.03125
21,3000,"Southwestern Electric Power","swp.t1att6","21:3000309::swp.t1att6","3000309","21:3000309",0.56875,0.8,0.319830684373258,0.178885438199983,16,16,16,0.56875,0.8,0.319830684373258,0.178885438199983,0.23125,0.140945246173275,TRUE,TRUE,0.23125,0.23125,0.140945246173275,TRUE,TRUE,0.23125
21,3000,"Southwestern Electric Power","swp.t1att6","21:3000310::swp.t1att6","3000310","21:3000310",0.566666666666667,0.844444444444444,0.286972021591776,0.17895849739772,18,18,18,0.566666666666667,0.844444444444444,0.286972021591776,0.17895849739772,0.277777777777778,0.108013524194056,TRUE,TRUE,0.277777777777778,0.277777777777778,0.108013524194056,TRUE,TRUE,0.277777777777778
21,3000,"Southwestern Electric Power","swp.t1att6","21:3000311::swp.t1att6","3000311","21:3000311",0.65,0.76875,0.316227766016838,0.181544301296773,16,16,16,0.65,0.76875,0.316227766016838,0.181544301296773,0.11875,0.134683464720065,TRUE,TRUE,0.11875,0.11875,0.134683464720065,TRUE,TRUE,0.11875
21,3000,"Southwestern Electric Power","swp.t1att6","21:3000312::swp.t1att6","3000312","21:3000312",0.7,0.88235294117647,0.339116499156263,0.166715679067863,17,17,17,0.7,0.88235294117647,0.339116499156263,0.166715679067863,0.18235294117647,0.1724008200884,TRUE,TRUE,0.18235294117647,0.18235294117647,0.1724008200884,TRUE,TRUE,0.18235294117647
21,3000,"Southwestern Electric Power","swp.t1att6","21:3000313::swp.t1att6","3000313","21:3000313",0.61875,0.80625,0.301592992845214,0.229401394939089,16,16,16,0.61875,0.80625,0.301592992845214,0.229401394939089,0.1875,0.0721915979061248,TRUE,TRUE,0.1875,0.1875,0.0721915979061248,TRUE,TRUE,0.1875
21,3000,"Southwestern Electric Power","swp.t1att6","21:3000314::swp.t1att6","3000314","21:3000314",0.6125,0.788235294117647,0.182117178395303,0.278123967281625,16,17,16,0.6125,0.775,0.182117178395303,0.281661735657035,0.175735294117647,-0.0960067888863222,TRUE,FALSE,0.175735294117647,0.1625,-0.0995445572617316,TRUE,FALSE,0.1625
21,3000,"Southwestern Electric Power","swp.t1att6","21:3000315::swp.t1att6","3000315","21:3000315",0.65,0.822222222222222,0.299509402778846,0.212977644658267,18,18,18,0.65,0.822222222222222,0.299509402778846,0.212977644658267,0.172222222222222,0.0865317581205794,TRUE,TRUE,0.172222222222222,0.172222222222222,0.0865317581205794,TRUE,TRUE,0.172222222222222
21,3000,"Southwestern Electric Power","swp.t1att7","21:3000301::swp.t1att7","3000301","21:3000301",0.607142857142857,0.507142857142857,0.329251565534005,0.349646603376534,14,14,14,0.607142857142857,0.507142857142857,0.329251565534005,0.349646603376534,-0.1,-0.0203950378425286,FALSE,FALSE,-0.1,-0.1,-0.0203950378425286,FALSE,FALSE,-0.1
21,3000,"Southwestern Electric Power","swp.t1att7","21:3000302::swp.t1att7","3000302","21:3000302",0.753846153846154,0.62,0.218385685639668,0.185933936040274,13,15,13,0.753846153846154,0.6,0.218385685639668,0.163299316185545,-0.133846153846154,0.0324517495993939,FALSE,TRUE,-0.133846153846154,-0.153846153846154,0.0550863694541223,FALSE,TRUE,-0.153846153846154
21,3000,"Southwestern Electric Power","swp.t1att7","21:3000303::swp.t1att7","3000303","21:3000303",0.635294117647059,0.688235294117647,0.23963820769701,0.228807651044432,17,17,17,0.635294117647059,0.688235294117647,0.23963820769701,0.228807651044432,0.0529411764705883,0.010830556652578,TRUE,TRUE,0.0529411764705883,0.0529411764705883,0.010830556652578,TRUE,TRUE,0.0529411764705883
21,3000,"Southwestern Electric Power","swp.t1att7","21:3000304::swp.t1att7","3000304","21:3000304",0.738888888888889,0.582352941176471,0.235494195979156,0.257961465430515,18,17,17,0.741176470588235,0.582352941176471,0.242535625036333,0.257961465430515,-0.156535947712418,-0.0224672694513587,FALSE,FALSE,-0.156535947712418,-0.158823529411765,-0.0154258403941821,FALSE,FALSE,-0.158823529411765
21,3000,"Southwestern Electric Power","swp.t1att7","21:3000305::swp.t1att7","3000305","21:3000305",0.675,0.7125,0.243584345419268,0.247318957353994,16,16,16,0.675,0.7125,0.243584345419268,0.247318957353994,0.0375,-0.0037346119347258,TRUE,FALSE,0.0375,0.0375,-0.0037346119347258,TRUE,FALSE,0.0375
21,3000,"Southwestern Electric Power","swp.t1att7","21:3000307::swp.t1att7","3000307","21:3000307",0.586666666666667,0.76875,0.3136573805619,0.233005722390388,15,16,15,0.586666666666667,0.753333333333333,0.3136573805619,0.232583830253176,0.182083333333333,0.0806516581715115,TRUE,TRUE,0.182083333333333,0.166666666666667,0.0810735503087238,TRUE,TRUE,0.166666666666667
21,3000,"Southwestern Electric Power","swp.t1att7","21:3000308::swp.t1att7","3000308","21:3000308",0.794444444444445,0.7,0.198441641213028,0.282842712474619,18,18,18,0.794444444444445,0.7,0.198441641213028,0.282842712474619,-0.0944444444444446,-0.0844010712615908,FALSE,FALSE,-0.0944444444444446,-0.0944444444444446,-0.0844010712615908,FALSE,FALSE,-0.0944444444444446
21,3000,"Southwestern Electric Power","swp.t1att7","21:3000309::swp.t1att7","3000309","21:3000309",0.575,0.6,0.286356421265527,0.256347977784662,16,15,15,0.553333333333333,0.6,0.282505794293717,0.256347977784662,0.025,0.0300084434808647,TRUE,TRUE,0.025,0.0466666666666666,0.0261578165090544,TRUE,TRUE,0.0466666666666666
21,3000,"Southwestern Electric Power","swp.t1att7","21:3000310::swp.t1att7","3000310","21:3000310",0.661111111111111,0.516666666666667,0.252374345878333,0.257247877713763,18,18,18,0.661111111111111,0.516666666666667,0.252374345878333,0.257247877713763,-0.144444444444444,-0.00487353183543054,FALSE,FALSE,-0.144444444444444,-0.144444444444444,-0.00487353183543054,FALSE,FALSE,-0.144444444444444
21,3000,"Southwestern Electric Power","swp.t1att7","21:3000311::swp.t1att7","3000311","21:3000311",0.586666666666667,0.69375,0.244559857314163,0.269490259564237,15,16,15,0.586666666666667,0.7,0.244559857314163,0.277746029931766,0.107083333333333,-0.0249304022500741,TRUE,FALSE,0.107083333333333,0.113333333333333,-0.0331861726176024,TRUE,FALSE,0.113333333333333
21,3000,"Southwestern Electric Power","swp.t1att7","21:3000312::swp.t1att7","3000312","21:3000312",0.682352941176471,0.729411764705882,0.310715493091443,0.249411071031222,17,17,17,0.682352941176471,0.729411764705882,0.310715493091443,0.249411071031222,0.0470588235294117,0.0613044220602217,TRUE,TRUE,0.0470588235294117,0.0470588235294117,0.0613044220602217,TRUE,TRUE,0.0470588235294117
21,3000,"Southwestern Electric Power","swp.t1att7","21:3000313::swp.t1att7","3000313","21:3000313",0.666666666666667,0.61875,0.315473944286703,0.367366755890259,15,16,15,0.666666666666667,0.62,0.315473944286703,0.380225497003329,-0.0479166666666666,-0.0518928116035567,FALSE,FALSE,-0.0479166666666666,-0.0466666666666666,-0.0647515527166264,FALSE,FALSE,-0.0466666666666666
21,3000,"Southwestern Electric Power","swp.t1att7","21:3000314::swp.t1att7","3000314","21:3000314",0.611764705882353,0.641176470588235,0.208813172899773,0.287356102095927,17,17,17,0.611764705882353,0.641176470588235,0.208813172899773,0.287356102095927,0.0294117647058824,-0.0785429291961536,TRUE,FALSE,0.0294117647058824,0.0294117647058824,-0.0785429291961536,TRUE,FALSE,0.0294117647058824
21,3000,"Southwestern Electric Power","swp.t1att7","21:3000315::swp.t1att7","3000315","21:3000315",0.7,0.627777777777778,0.254373509534584,0.292666354012964,18,18,18,0.7,0.627777777777778,0.254373509534584,0.292666354012964,-0.0722222222222222,-0.0382928444783802,FALSE,FALSE,-0.0722222222222222,-0.0722222222222222,-0.0382928444783802,FALSE,FALSE,-0.0722222222222222
10,53,"Bulgarian National","bulgaria.bulgaria.t1tghpc","10:5301::bulgaria.bulgaria.t1tghpc","5301","10:5301",0.806372546097812,0.81119791418314,0.160998119707509,0.15261394559723,17,16,16,0.804687498137355,0.81119791418314,0.166123247344967,0.15261394559723,0.0048253680853283,0.00838417411027897,TRUE,TRUE,0.0048253680853283,0.00651041604578495,0.0135093017477368,TRUE,TRUE,0.00651041604578495
10,53,"Bulgarian National","bulgaria.bulgaria.t1tghpc","10:5302::bulgaria.bulgaria.t1tghpc","5302","10:5302",0.776960783145007,0.66015625,0.216226102238367,0.269464355702023,17,16,16,0.7734375,0.66015625,0.222812800061178,0.269464355702023,-0.116804533145007,-0.0532382534636555,FALSE,FALSE,-0.116804533145007,-0.11328125,-0.0466515556408444,FALSE,FALSE,-0.11328125
10,53,"Bulgarian National","bulgaria.bulgaria.t1tghpc","10:5303::bulgaria.bulgaria.t1tghpc","5303","10:5303",0.732142857142857,0.760416666666667,0.318149482801078,0.196340414540261,14,12,12,0.770833333333333,0.760416666666667,0.250473037319873,0.196340414540261,0.0282738095238095,0.121809068260817,TRUE,TRUE,0.0282738095238095,-0.0104166666666667,0.0541326227796114,FALSE,TRUE,-0.0104166666666667
10,53,"Bulgarian National","bulgaria.bulgaria.t1tghpc","10:5304::bulgaria.bulgaria.t1tghpc","5304","10:5304",0.70833333209157,0.566666666666667,0.223994666856098,0.238084079106276,16,15,15,0.718055554231008,0.566666666666667,0.228335432595612,0.238084079106276,-0.141666665424903,-0.0140894122501779,FALSE,FALSE,-0.141666665424903,-0.151388887564341,-0.00974864651066351,FALSE,FALSE,-0.151388887564341
10,53,"Bulgarian National","bulgaria.bulgaria.t1tghpc","10:5305::bulgaria.bulgaria.t1tghpc","5305","10:5305",0.822303922737346,0.80859375,0.185918917183118,0.202161174870448,17,16,16,0.81119791790843,0.80859375,0.186101067684201,0.202161174870448,-0.013710172737346,-0.0162422576873303,FALSE,FALSE,-0.013710172737346,-0.0026041679084301,-0.0160601071862469,FALSE,FALSE,-0.0026041679084301
10,53,"Bulgarian National","bulgaria.bulgaria.t1tghpc","10:5306::bulgaria.bulgaria.t1tghpc","5306","10:5306",0.767156863913817,0.522058823529412,0.169608685426087,0.154586735600211,17,17,17,0.767156863913817,0.522058823529412,0.169608685426087,0.154586735600211,-0.245098040384405,0.0150219498258762,FALSE,TRUE,-0.245098040384405,-0.245098040384405,0.0150219498258762,FALSE,TRUE,-0.245098040384405
10,53,"Bulgarian National","bulgaria.bulgaria.t1tghpc","10:5307::bulgaria.bulgaria.t1tghpc","5307","10:5307",0.866666666666667,0.655555556217829,0.25096539791848,0.241017531729368,15,15,15,0.866666666666667,0.655555556217829,0.25096539791848,0.241017531729368,-0.211111110448837,0.00994786618911223,FALSE,TRUE,-0.211111110448837,-0.211111110448837,0.00994786618911223,FALSE,TRUE,-0.211111110448837
10,53,"Bulgarian National","bulgaria.bulgaria.t1tghpc","10:5308::bulgaria.bulgaria.t1tghpc","5308","10:5308",0.792892156278386,0.75122548902736,0.1704439460289,0.17807178230819,17,17,17,0.792892156278386,0.75122548902736,0.1704439460289,0.17807178230819,-0.041666667251026,-0.00762783627928984,FALSE,FALSE,-0.041666667251026,-0.041666667251026,-0.00762783627928984,FALSE,FALSE,-0.041666667251026
10,53,"Bulgarian National","bulgaria.bulgaria.t1tghpc","10:5309::bulgaria.bulgaria.t1tghpc","5309","10:5309",0.857843139592339,0.686274507466485,0.16358400783882,0.209174160802178,17,17,17,0.857843139592339,0.686274507466485,0.16358400783882,0.209174160802178,-0.171568632125854,-0.0455901529633582,FALSE,FALSE,-0.171568632125854,-0.171568632125854,-0.0455901529633582,FALSE,FALSE,-0.171568632125854
10,53,"Bulgarian National","bulgaria.bulgaria.t1tghpc","10:5310::bulgaria.bulgaria.t1tghpc","5310","10:5310",0.773284312556772,0.669117647058823,0.200081681259199,0.240022508385363,17,17,17,0.773284312556772,0.669117647058823,0.200081681259199,0.240022508385363,-0.104166665497948,-0.039940827126164,FALSE,FALSE,-0.104166665497948,-0.104166665497948,-0.039940827126164,FALSE,FALSE,-0.104166665497948
10,53,"Bulgarian National","bulgaria.bulgaria.t1tghpc","10:5311::bulgaria.bulgaria.t1tghpc","5311","10:5311",0.768382352941177,0.498774511849179,0.188493080891893,0.221273955092964,17,17,17,0.768382352941177,0.498774511849179,0.188493080891893,0.221273955092964,-0.269607841091998,-0.0327808742010709,FALSE,FALSE,-0.267156864790355,-0.269607841091998,-0.0327808742010709,FALSE,FALSE,-0.267156864790355
10,53,"Bulgarian National","bulgaria.bulgaria.t1tghpc","10:5312::bulgaria.bulgaria.t1tghpc","5312","10:5312",0.852777779102325,0.625,0.127812280385399,0.161949617385867,15,15,15,0.852777779102325,0.625,0.127812280385399,0.161949617385867,-0.227777779102325,-0.034137337000468,FALSE,FALSE,-0.227777779102325,-0.227777779102325,-0.034137337000468,FALSE,FALSE,-0.227777779102325
10,53,"Bulgarian National","bulgaria.bulgaria.t1tghpc","10:5313::bulgaria.bulgaria.t1tghpc","5313","10:5313",0.802083333333333,0.553240739636951,0.159983979075405,0.183609170395333,18,18,18,0.802083333333333,0.553240739636951,0.159983979075405,0.183609170395333,-0.248842593696382,-0.0236251913199285,FALSE,FALSE,-0.248842593696382,-0.248842593696382,-0.0236251913199285,FALSE,FALSE,-0.248842593696382
10,53,"Bulgarian National","bulgaria.bulgaria.t1tghpc","10:5314::bulgaria.bulgaria.t1tghpc","5314","10:5314",0.861111112435659,0.7734375,0.106132246187996,0.134774116580299,15,16,15,0.861111112435659,0.775,0.106132246187996,0.139354378679476,-0.0876736124356587,-0.0286418703923029,FALSE,FALSE,-0.0876736124356587,-0.0861111124356587,-0.0332221324914802,FALSE,FALSE,-0.0861111124356587
10,53,"Bulgarian National","bulgaria.bulgaria.t1tghpc","10:5315::bulgaria.bulgaria.t1tghpc","5315","10:5315",0.788888891537984,0.705555554231008,0.240760134631717,0.297024206533669,15,15,15,0.788888891537984,0.705555554231008,0.240760134631717,0.297024206533669,-0.0833333373069763,-0.0562640719019524,FALSE,FALSE,-0.0833333373069763,-0.0833333373069763,-0.0562640719019524,FALSE,FALSE,-0.0833333373069763
10,53,"Bulgarian National","bulgaria.bulgaria.t1tghpc","10:5316::bulgaria.bulgaria.t1tghpc","5316","10:5316",0.762254900792066,0.713235290611491,0.197924730060495,0.191441417993688,17,17,17,0.762254900792066,0.713235290611491,0.197924730060495,0.191441417993688,-0.0490196101805743,0.00648331206680736,FALSE,TRUE,-0.0490196101805743,-0.0490196101805743,0.00648331206680736,FALSE,TRUE,-0.0490196101805743
10,53,"Bulgarian National","bulgaria.bulgaria.t1tghpc","10:5317::bulgaria.bulgaria.t1tghpc","5317","10:5317",0.81770833209157,0.608072916045785,0.137878267414682,0.200868881475438,16,16,16,0.81770833209157,0.608072916045785,0.137878267414682,0.200868881475438,-0.209635416045785,-0.0629906140607555,FALSE,FALSE,-0.209635416045785,-0.209635416045785,-0.0629906140607555,FALSE,FALSE,-0.209635416045785
10,53,"Bulgarian National","bulgaria.bulgaria.t1clibe","10:5301::bulgaria.bulgaria.t1clibe","5301","10:5301",0.449264709344682,0.406250005122274,0.267674834021829,0.303307388458867,17,16,16,0.449218754423782,0.406250005122274,0.276453310569594,0.303307388458867,0.0430147042224074,-0.0356325544370382,TRUE,FALSE,0.0430147042224074,0.0429687493015081,-0.0268540778892732,TRUE,FALSE,0.0429687493015081
10,53,"Bulgarian National","bulgaria.bulgaria.t1clibe","10:5302::bulgaria.bulgaria.t1clibe","5302","10:5302",0.568137258729514,0.519607841968536,0.302969038070875,0.288268011927168,17,17,17,0.568137258729514,0.519607841968536,0.302969038070875,0.288268011927168,-0.0485294167609776,0.0147010261437069,FALSE,TRUE,-0.0485294167609776,-0.0485294167609776,0.0147010261437069,FALSE,TRUE,-0.0485294167609776
10,53,"Bulgarian National","bulgaria.bulgaria.t1clibe","10:5303::bulgaria.bulgaria.t1clibe","5303","10:5303",0.483333334326744,0.45535714738071,0.291180912707837,0.317468744635775,14,14,14,0.483333334326744,0.45535714738071,0.291180912707837,0.317468744635775,0.0279761869460344,-0.0262878319279379,TRUE,FALSE,0.0279761869460344,0.0279761869460344,-0.0262878319279379,TRUE,FALSE,0.0279761869460344
10,53,"Bulgarian National","bulgaria.bulgaria.t1clibe","10:5304::bulgaria.bulgaria.t1clibe","5304","10:5304",0.383072922937572,0.456388883541028,0.199167650086999,0.237801944207661,16,15,15,0.387777784466743,0.456388883541028,0.205235704102028,0.237801944207661,-0.0733159606034557,-0.0386342941206624,FALSE,FALSE,-0.0733159606034557,-0.0686110990742842,-0.0325662401056327,FALSE,FALSE,-0.0686110990742842
10,53,"Bulgarian National","bulgaria.bulgaria.t1clibe","10:5305::bulgaria.bulgaria.t1clibe","5305","10:5305",0.451715691124692,0.5502450989888,0.228241782308551,0.248395326697792,17,17,17,0.451715691124692,0.5502450989888,0.228241782308551,0.248395326697792,-0.0985294078641078,-0.0201535443892415,FALSE,FALSE,0.00196079011349115,-0.0985294078641078,-0.0201535443892415,FALSE,FALSE,0.00196079011349115
10,53,"Bulgarian National","bulgaria.bulgaria.t1clibe","10:5306::bulgaria.bulgaria.t1clibe","5306","10:5306",0.411029416191227,0.341176471070332,0.189049970727807,0.260549476885086,17,17,17,0.411029416191227,0.341176471070332,0.189049970727807,0.260549476885086,0.0698529451208956,-0.0714995061572786,TRUE,FALSE,0.0698529451208956,0.0698529451208956,-0.0714995061572786,TRUE,FALSE,0.0698529451208956
10,53,"Bulgarian National","bulgaria.bulgaria.t1clibe","10:5307::bulgaria.bulgaria.t1clibe","5307","10:5307",0.465277780344089,0.343333339691162,0.265453276129228,0.254857575540861,15,15,15,0.465277780344089,0.343333339691162,0.265453276129228,0.254857575540861,0.121944440652927,0.0105957005883666,TRUE,TRUE,0.121944440652927,0.121944440652927,0.0105957005883666,TRUE,TRUE,0.121944440652927
10,53,"Bulgarian National","bulgaria.bulgaria.t1clibe","10:5308::bulgaria.bulgaria.t1clibe","5308","10:5308",0.463725491481669,0.537009809823597,0.200648708689493,0.168163093314996,17,17,17,0.463725491481669,0.537009809823597,0.200648708689493,0.168163093314996,-0.0732843183419283,0.032485615374497,FALSE,TRUE,0.000735301305265945,-0.0732843183419283,0.032485615374497,FALSE,TRUE,0.000735301305265945
10,53,"Bulgarian National","bulgaria.bulgaria.t1clibe","10:5309::bulgaria.bulgaria.t1clibe","5309","10:5309",0.542647055843297,0.447058821425718,0.214287458220601,0.18664017573087,17,17,17,0.542647055843297,0.447058821425718,0.214287458220601,0.18664017573087,-0.0955882344175788,0.0276472824897314,FALSE,TRUE,0.0102941227309844,-0.0955882344175788,0.0276472824897314,FALSE,TRUE,0.0102941227309844
10,53,"Bulgarian National","bulgaria.bulgaria.t1clibe","10:5310::bulgaria.bulgaria.t1clibe","5310","10:5310",0.492156864089124,0.349218750139698,0.261414262001186,0.258298464442447,17,16,16,0.522916668094695,0.349218750139698,0.236084961329967,0.258298464442447,0.142938113949426,0.00311579755873898,TRUE,TRUE,0.142938113949426,-0.173697917954996,-0.0222135031124804,FALSE,FALSE,0.127864581765607
10,53,"Bulgarian National","bulgaria.bulgaria.t1clibe","10:5311::bulgaria.bulgaria.t1clibe","5311","10:5311",0.416176470544408,0.34632353134015,0.298556574737465,0.257685182881906,17,17,17,0.416176470544408,0.34632353134015,0.298556574737465,0.257685182881906,0.0698529392042581,0.0408713918555589,TRUE,TRUE,0.0698529392042581,0.0698529392042581,0.0408713918555589,TRUE,TRUE,0.0698529392042581
10,53,"Bulgarian National","bulgaria.bulgaria.t1clibe","10:5312::bulgaria.bulgaria.t1clibe","5312","10:5312",0.465833335121473,0.403333333134651,0.220007441905752,0.200416230995127,15,15,15,0.465833335121473,0.403333333134651,0.220007441905752,0.200416230995127,0.0625000019868215,0.0195912109106255,TRUE,TRUE,0.0625000019868215,0.0625000019868215,0.0195912109106255,TRUE,TRUE,0.0625000019868215
10,53,"Bulgarian National","bulgaria.bulgaria.t1clibe","10:5313::bulgaria.bulgaria.t1clibe","5313","10:5313",0.543749998013178,0.485416665052374,0.231453605440794,0.247422369582572,18,18,18,0.543749998013178,0.485416665052374,0.231453605440794,0.247422369582572,-0.0583333329608043,-0.0159687641417781,FALSE,FALSE,-0.0291666630655527,-0.0583333329608043,-0.0159687641417781,FALSE,FALSE,-0.0291666630655527
10,53,"Bulgarian National","bulgaria.bulgaria.t1clibe","10:5314::bulgaria.bulgaria.t1clibe","5314","10:5314",0.4734375057742,0.485937505261973,0.229939985637564,0.279578366208071,16,16,16,0.4734375057742,0.485937505261973,0.229939985637564,0.279578366208071,-0.0124999994877726,-0.0496383805705073,FALSE,FALSE,-0.0124999994877726,-0.0124999994877726,-0.0496383805705073,FALSE,FALSE,-0.0124999994877726
10,53,"Bulgarian National","bulgaria.bulgaria.t1clibe","10:5315::bulgaria.bulgaria.t1clibe","5315","10:5315",0.430555556714535,0.427777780592442,0.265168154727014,0.25671858430885,15,15,15,0.430555556714535,0.427777780592442,0.265168154727014,0.25671858430885,0.00277777612209323,0.00844957041816341,TRUE,TRUE,0.00277777612209323,0.00277777612209323,0.00844957041816341,TRUE,TRUE,0.00277777612209323
10,53,"Bulgarian National","bulgaria.bulgaria.t1clibe","10:5316::bulgaria.bulgaria.t1clibe","5316","10:5316",0.418137255836936,0.514705883448615,0.218957944996002,0.245436285826541,17,17,17,0.418137255836936,0.514705883448615,0.218957944996002,0.245436285826541,-0.0965686276116792,-0.0264783408305391,FALSE,FALSE,-0.0671568607144496,-0.0965686276116792,-0.0264783408305391,FALSE,FALSE,-0.0671568607144496
10,53,"Bulgarian National","bulgaria.bulgaria.t1clibe","10:5317::bulgaria.bulgaria.t1clibe","5317","10:5317",0.462500004097819,0.4968750057742,0.221735579268871,0.217921052585489,16,16,16,0.462500004097819,0.4968750057742,0.221735579268871,0.217921052585489,-0.0343750016763806,0.00381452668338175,FALSE,TRUE,-0.0343750016763806,-0.0343750016763806,0.00381452668338175,FALSE,TRUE,-0.0343750016763806
10,53,"Bulgarian National","bulgaria.bulgaria.t1q8_7","10:5301::bulgaria.bulgaria.t1q8_7","5301","10:5301",0.821428571428571,0.730769230769231,0.206355076463889,0.278790887538239,14,13,11,0.795454545454545,0.795454545454545,0.218465724376326,0.187689298382387,-0.0906593406593407,-0.0724358110743496,FALSE,FALSE,-0.0906593406593407,0,0.0307764259939386,FALSE,TRUE,0
10,53,"Bulgarian National","bulgaria.bulgaria.t1q8_7","10:5302::bulgaria.bulgaria.t1q8_7","5302","10:5302",0.783333333333333,0.642857142857143,0.281365716935569,0.25408746439059,15,14,13,0.75,0.634615384615385,0.288675134594813,0.262507631146709,-0.14047619047619,0.0272782525449784,FALSE,TRUE,-0.14047619047619,-0.115384615384615,0.0261675034481043,FALSE,TRUE,-0.115384615384615
10,53,"Bulgarian National","bulgaria.bulgaria.t1q8_7","10:5303::bulgaria.bulgaria.t1q8_7","5303","10:5303",0.596153846153846,0.659090909090909,0.315212585978058,0.3215728391968,13,11,10,0.6,0.625,0.316227766016838,0.317323879410996,0.0629370629370629,-0.00636025321874223,TRUE,FALSE,0.0629370629370629,0.025,-0.00109611339415822,TRUE,FALSE,0.025
10,53,"Bulgarian National","bulgaria.bulgaria.t1q8_7","10:5304::bulgaria.bulgaria.t1q8_7","5304","10:5304",0.734375,0.571428571428571,0.265655635488251,0.248622579049423,16,14,14,0.714285714285714,0.571428571428571,0.274862603039138,0.248622579049423,-0.162946428571429,0.0170330564388279,FALSE,TRUE,-0.162946428571429,-0.142857142857143,0.0262400239897142,FALSE,TRUE,-0.142857142857143
10,53,"Bulgarian National","bulgaria.bulgaria.t1q8_7","10:5305::bulgaria.bulgaria.t1q8_7","5305","10:5305",0.716666666666667,0.692307692307692,0.281365716935569,0.208012573584461,15,13,11,0.704545454545455,0.704545454545455,0.312613615709989,0.218465724376326,-0.0243589743589744,0.0733531433511079,FALSE,TRUE,-0.0243589743589744,0,0.0941478913336634,FALSE,TRUE,0
10,53,"Bulgarian National","bulgaria.bulgaria.t1q8_7","10:5306::bulgaria.bulgaria.t1q8_7","5306","10:5306",0.705882352941177,0.5625,0.333486484424958,0.335410196624968,17,16,16,0.75,0.5625,0.288675134594813,0.335410196624968,-0.143382352941177,-0.00192371220001059,FALSE,FALSE,-0.143382352941177,-0.1875,-0.0467350620301556,FALSE,FALSE,-0.1875
10,53,"Bulgarian National","bulgaria.bulgaria.t1q8_7","10:5307::bulgaria.bulgaria.t1q8_7","5307","10:5307",0.732142857142857,0.607142857142857,0.317203612634112,0.376142946874611,14,14,13,0.711538461538462,0.615384615384615,0.320256307610174,0.390184045988031,-0.125,-0.058939334240499,FALSE,FALSE,-0.125,-0.0961538461538461,-0.0699277383778565,FALSE,FALSE,-0.0961538461538461
10,53,"Bulgarian National","bulgaria.bulgaria.t1q8_7","10:5308::bulgaria.bulgaria.t1q8_7","5308","10:5308",0.703125,0.660714285714286,0.245267710879357,0.232195682916016,16,14,14,0.678571428571429,0.660714285714286,0.248622579049423,0.232195682916016,-0.0424107142857143,0.013072027963341,FALSE,TRUE,-0.0424107142857143,-0.0178571428571429,0.0164268961334072,FALSE,TRUE,-0.0178571428571429
10,53,"Bulgarian National","bulgaria.bulgaria.t1q8_7","10:5309::bulgaria.bulgaria.t1q8_7","5309","10:5309",0.720588235294118,0.578125,0.291579118513211,0.269548233160598,17,16,16,0.734375,0.578125,0.295363476640788,0.269548233160598,-0.142463235294118,0.0220308853526132,FALSE,TRUE,-0.142463235294118,-0.15625,0.0258152434801902,FALSE,TRUE,-0.15625
10,53,"Bulgarian National","bulgaria.bulgaria.t1q8_7","10:5310::bulgaria.bulgaria.t1q8_7","5310","10:5310",0.75,0.660714285714286,0.288675134594813,0.303934818055407,16,14,13,0.75,0.634615384615385,0.270030862433661,0.299572344757639,-0.0892857142857143,-0.0152596834605946,FALSE,FALSE,-0.0892857142857143,-0.115384615384615,-0.0295414823239782,FALSE,FALSE,-0.115384615384615
10,53,"Bulgarian National","bulgaria.bulgaria.t1q8_7","10:5311::bulgaria.bulgaria.t1q8_7","5311","10:5311",0.647058823529412,0.766666666666667,0.354202708662045,0.199702159179495,17,15,15,0.616666666666667,0.766666666666667,0.364332396635401,0.199702159179495,0.119607843137255,0.15450054948255,TRUE,TRUE,0.119607843137255,0.15,0.164630237455906,TRUE,TRUE,0.15
10,53,"Bulgarian National","bulgaria.bulgaria.t1q8_7","10:5312::bulgaria.bulgaria.t1q8_7","5312","10:5312",0.683333333333333,0.642857142857143,0.346753652090494,0.272352389700961,15,14,14,0.660714285714286,0.642857142857143,0.348170256444354,0.272352389700961,-0.0404761904761904,0.0744012623895327,FALSE,TRUE,-0.0404761904761904,-0.0178571428571428,0.0758178667433932,FALSE,TRUE,-0.0178571428571428
10,53,"Bulgarian National","bulgaria.bulgaria.t1q8_7","10:5313::bulgaria.bulgaria.t1q8_7","5313","10:5313",0.647058823529412,0.573529411764706,0.354202708662045,0.35094410481711,17,17,16,0.640625,0.546875,0.364791607176846,0.344223159205381,-0.073529411764706,0.00325860384493537,FALSE,TRUE,-0.073529411764706,-0.09375,0.0205684479714651,FALSE,TRUE,-0.09375
10,53,"Bulgarian National","bulgaria.bulgaria.t1q8_7","10:5314::bulgaria.bulgaria.t1q8_7","5314","10:5314",0.807692307692308,0.734375,0.291437639017162,0.232177195262584,13,16,13,0.807692307692308,0.75,0.291437639017162,0.25,-0.0733173076923077,0.0592604437545778,FALSE,TRUE,-0.0733173076923077,-0.0576923076923077,0.0414376390171617,FALSE,TRUE,-0.0576923076923077
10,53,"Bulgarian National","bulgaria.bulgaria.t1q8_7","10:5315::bulgaria.bulgaria.t1q8_7","5315","10:5315",0.733333333333333,0.772727272727273,0.305699821642704,0.235969951862135,15,11,11,0.727272727272727,0.772727272727273,0.305256970734197,0.235969951862135,0.0393939393939394,0.0697298697805691,TRUE,TRUE,0.0393939393939394,0.0454545454545454,0.0692870188720619,TRUE,TRUE,0.0454545454545454
10,53,"Bulgarian National","bulgaria.bulgaria.t1q8_7","10:5316::bulgaria.bulgaria.t1q8_7","5316","10:5316",0.583333333333333,0.484375,0.243975018237133,0.309148696692492,15,16,15,0.583333333333333,0.466666666666667,0.243975018237133,0.311486451589486,-0.0989583333333334,-0.0651736784553591,FALSE,FALSE,-0.0677083333333334,-0.116666666666667,-0.0675114333523532,FALSE,FALSE,-0.05
10,53,"Bulgarian National","bulgaria.bulgaria.t1q8_7","10:5317::bulgaria.bulgaria.t1q8_7","5317","10:5317",0.766666666666667,0.535714285714286,0.240287526180814,0.351605423203872,15,14,13,0.75,0.557692307692308,0.25,0.355812540676357,-0.230952380952381,-0.111317897023058,FALSE,FALSE,-0.230952380952381,-0.192307692307692,-0.105812540676357,FALSE,FALSE,-0.192307692307692
10,53,"Bulgarian National","bulgaria.bulgaria.t1q8_1","10:5301::bulgaria.bulgaria.t1q8_1","5301","10:5301",0.897058823529412,0.95,0.217565068022257,0.103509833901353,17,15,15,0.883333333333333,0.95,0.228868854108532,0.103509833901353,0.0529411764705882,0.114055234120904,TRUE,TRUE,0.0529411764705882,0.0666666666666667,0.125359020207179,TRUE,TRUE,0.0666666666666667
10,53,"Bulgarian National","bulgaria.bulgaria.t1q8_1","10:5302::bulgaria.bulgaria.t1q8_1","5302","10:5302",0.96875,0.86764705882353,0.0853912563829966,0.251831526316819,16,17,16,0.96875,0.875,0.0853912563829966,0.258198889747161,-0.101102941176471,-0.166440269933823,FALSE,FALSE,-0.101102941176471,-0.09375,-0.172807633364164,FALSE,FALSE,-0.09375
10,53,"Bulgarian National","bulgaria.bulgaria.t1q8_1","10:5303::bulgaria.bulgaria.t1q8_1","5303","10:5303",0.875,0.884615384615385,0.162610908896998,0.165056322943381,14,13,13,0.865384615384615,0.884615384615385,0.165056322943381,0.165056322943381,0.00961538461538458,-0.00244541404638346,TRUE,FALSE,0.00961538461538458,0.0192307692307692,0,TRUE,FALSE,0.0192307692307692
10,53,"Bulgarian National","bulgaria.bulgaria.t1q8_1","10:5304::bulgaria.bulgaria.t1q8_1","5304","10:5304",0.9,0.875,0.158113883008419,0.204124145231932,15,16,15,0.9,0.883333333333333,0.158113883008419,0.208452346958198,-0.025,-0.0460102622235125,FALSE,FALSE,-0.025,-0.0166666666666667,-0.050338463949779,FALSE,FALSE,-0.0166666666666667
10,53,"Bulgarian National","bulgaria.bulgaria.t1q8_1","10:5305::bulgaria.bulgaria.t1q8_1","5305","10:5305",0.890625,0.910714285714286,0.257694101601104,0.124311289524712,16,14,14,0.875,0.910714285714286,0.272982107049584,0.124311289524712,0.0200892857142857,0.133382812076392,TRUE,TRUE,0.0200892857142857,0.0357142857142857,0.148670817524873,TRUE,TRUE,0.0357142857142857
10,53,"Bulgarian National","bulgaria.bulgaria.t1q8_1","10:5306::bulgaria.bulgaria.t1q8_1","5306","10:5306",0.911764705882353,0.911764705882353,0.175472052408555,0.196476311998344,17,17,17,0.911764705882353,0.911764705882353,0.175472052408555,0.196476311998344,0,-0.0210042595897891,FALSE,FALSE,0,0,-0.0210042595897891,FALSE,FALSE,0
10,53,"Bulgarian National","bulgaria.bulgaria.t1q8_1","10:5307::bulgaria.bulgaria.t1q8_1","5307","10:5307",1,0.916666666666667,0,0.261634059236142,14,15,14,1,0.910714285714286,0,0.270454440517445,-0.0833333333333334,-0.261634059236142,FALSE,FALSE,-0.0833333333333334,-0.0892857142857143,-0.270454440517445,FALSE,FALSE,-0.0892857142857143
10,53,"Bulgarian National","bulgaria.bulgaria.t1q8_1","10:5308::bulgaria.bulgaria.t1q8_1","5308","10:5308",0.926470588235294,0.941176470588235,0.246296091535945,0.188111747139206,17,17,17,0.926470588235294,0.941176470588235,0.246296091535945,0.188111747139206,0.0147058823529411,0.0581843443967381,TRUE,TRUE,0.0147058823529411,0.0147058823529411,0.0581843443967381,TRUE,TRUE,0.0147058823529411
10,53,"Bulgarian National","bulgaria.bulgaria.t1q8_1","10:5309::bulgaria.bulgaria.t1q8_1","5309","10:5309",0.921875,0.88235294117647,0.119678388469542,0.156066068211699,16,17,16,0.921875,0.890625,0.119678388469542,0.157288217401474,-0.0395220588235294,-0.0363876797421571,FALSE,FALSE,-0.0395220588235294,-0.03125,-0.0376098289319317,FALSE,FALSE,-0.03125
10,53,"Bulgarian National","bulgaria.bulgaria.t1q8_1","10:5310::bulgaria.bulgaria.t1q8_1","5310","10:5310",0.823529411764706,0.875,0.27620058780872,0.223606797749979,17,16,16,0.828125,0.875,0.28458668860882,0.223606797749979,0.0514705882352942,0.0525937900587408,TRUE,TRUE,0.0514705882352942,0.046875,0.0609798908588408,TRUE,TRUE,0.046875
10,53,"Bulgarian National","bulgaria.bulgaria.t1q8_1","10:5311::bulgaria.bulgaria.t1q8_1","5311","10:5311",0.897058823529412,0.984375,0.234834109156931,0.0625,17,16,16,0.890625,0.984375,0.240983229015354,0.0625,0.0873161764705882,0.172334109156931,TRUE,TRUE,0.0873161764705882,0.09375,0.178483229015354,TRUE,TRUE,0.09375
10,53,"Bulgarian National","bulgaria.bulgaria.t1q8_1","10:5312::bulgaria.bulgaria.t1q8_1","5312","10:5312",0.916666666666667,0.85,0.121987509118567,0.351018925008732,15,15,15,0.916666666666667,0.85,0.121987509118567,0.351018925008732,-0.0666666666666667,-0.229031415890165,FALSE,FALSE,-0.0666666666666667,-0.0666666666666667,-0.229031415890165,FALSE,FALSE,-0.0666666666666667
10,53,"Bulgarian National","bulgaria.bulgaria.t1q8_1","10:5313::bulgaria.bulgaria.t1q8_1","5313","10:5313",0.875,0.888888888888889,0.214373231428136,0.260404411476342,18,18,18,0.875,0.888888888888889,0.214373231428136,0.260404411476342,0.0138888888888888,-0.0460311800482057,TRUE,FALSE,0.0138888888888888,0.0138888888888888,-0.0460311800482057,TRUE,FALSE,0.0138888888888888
10,53,"Bulgarian National","bulgaria.bulgaria.t1q8_1","10:5314::bulgaria.bulgaria.t1q8_1","5314","10:5314",0.921875,0.921875,0.150519932234904,0.150519932234904,16,16,16,0.921875,0.921875,0.150519932234904,0.150519932234904,0,0,FALSE,FALSE,0,0,0,FALSE,FALSE,0
10,53,"Bulgarian National","bulgaria.bulgaria.t1q8_1","10:5315::bulgaria.bulgaria.t1q8_1","5315","10:5315",0.966666666666667,0.964285714285714,0.0879664438186246,0.0907841299003204,15,14,14,0.982142857142857,0.964285714285714,0.0668153104781061,0.0907841299003204,-0.00238095238095237,-0.00281768608169579,FALSE,FALSE,-0.00238095238095237,-0.0178571428571428,-0.0239688194222143,FALSE,FALSE,-0.0178571428571428
10,53,"Bulgarian National","bulgaria.bulgaria.t1q8_1","10:5316::bulgaria.bulgaria.t1q8_1","5316","10:5316",0.890625,0.866666666666667,0.223023728184544,0.281365716935569,16,15,15,0.883333333333333,0.866666666666667,0.228868854108532,0.281365716935569,-0.0239583333333333,-0.0583419887510249,FALSE,FALSE,-0.0239583333333333,-0.0166666666666666,-0.0524968628270371,FALSE,FALSE,-0.0166666666666666
10,53,"Bulgarian National","bulgaria.bulgaria.t1q8_1","10:5317::bulgaria.bulgaria.t1q8_1","5317","10:5317",0.984375,0.9375,0.0625,0.111803398874989,16,16,16,0.984375,0.9375,0.0625,0.111803398874989,-0.046875,-0.0493033988749895,FALSE,FALSE,-0.046875,-0.046875,-0.0493033988749895,FALSE,FALSE,-0.046875
10,53,"Bulgarian National","bulgaria.bulgaria.t1q8_8","10:5301::bulgaria.bulgaria.t1q8_8","5301","10:5301",0.633333333333333,0.640625,0.296808419852332,0.341183601598905,15,16,14,0.625,0.625,0.306186217847897,0.350137335692945,0.0072916666666667,-0.0443751817465728,TRUE,FALSE,0.0072916666666667,0,-0.0439511178450475,FALSE,FALSE,0
10,53,"Bulgarian National","bulgaria.bulgaria.t1q8_8","10:5302::bulgaria.bulgaria.t1q8_8","5302","10:5302",0.807692307692308,0.769230769230769,0.181252763020496,0.160128153805087,13,13,11,0.795454545454545,0.727272727272727,0.187689298382387,0.134839972492648,-0.0384615384615384,0.0211246092154089,FALSE,TRUE,-0.0384615384615384,-0.0681818181818181,0.0528493258897386,FALSE,TRUE,-0.0681818181818181
10,53,"Bulgarian National","bulgaria.bulgaria.t1q8_8","10:5303::bulgaria.bulgaria.t1q8_8","5303","10:5303",0.681818181818182,0.772727272727273,0.372339043932225,0.305256970734197,11,11,9,0.694444444444444,0.75,0.410369075074838,0.330718913883074,0.0909090909090909,0.0670820731980287,TRUE,TRUE,0.0909090909090909,0.0555555555555556,0.0796501611917638,TRUE,TRUE,0.0555555555555556
10,53,"Bulgarian National","bulgaria.bulgaria.t1q8_8","10:5304::bulgaria.bulgaria.t1q8_8","5304","10:5304",0.65,0.625,0.310529501704059,0.328564370336385,15,12,12,0.729166666666667,0.625,0.270906167362708,0.328564370336385,-0.025,-0.0180348686323261,FALSE,FALSE,-0.025,-0.104166666666667,-0.0576582029736776,FALSE,FALSE,-0.104166666666667
10,53,"Bulgarian National","bulgaria.bulgaria.t1q8_8","10:5305::bulgaria.bulgaria.t1q8_8","5305","10:5305",0.596153846153846,0.704545454545455,0.240192230707631,0.245412454303511,13,11,10,0.55,0.675,0.258198889747161,0.237170824512628,0.108391608391608,-0.00522022359588001,TRUE,FALSE,0.108391608391608,0.125,0.0210280652345327,TRUE,TRUE,0.125
10,53,"Bulgarian National","bulgaria.bulgaria.t1q8_8","10:5306::bulgaria.bulgaria.t1q8_8","5306","10:5306",0.9375,0.816666666666667,0.144337567297406,0.199702159179495,16,15,14,0.928571428571429,0.839285714285714,0.152812461375532,0.186236585917123,-0.120833333333333,-0.0553645918820886,FALSE,FALSE,-0.120833333333333,-0.0892857142857143,-0.0334241245415914,FALSE,FALSE,-0.0892857142857143
10,53,"Bulgarian National","bulgaria.bulgaria.t1q8_8","10:5307::bulgaria.bulgaria.t1q8_8","5307","10:5307",0.857142857142857,0.875,0.28946711176092,0.23513498578149,14,14,13,0.846153846153846,0.923076923076923,0.298231969601362,0.157606292989029,0.0178571428571429,0.0543321259794297,TRUE,TRUE,0.0178571428571429,0.076923076923077,0.140625676612333,TRUE,TRUE,0.076923076923077
10,53,"Bulgarian National","bulgaria.bulgaria.t1q8_8","10:5308::bulgaria.bulgaria.t1q8_8","5308","10:5308",0.785714285714286,0.833333333333333,0.216109455376892,0.243975018237133,14,15,12,0.791666666666667,0.8125,0.20871177748418,0.263822426505543,0.0476190476190477,-0.0278655628602417,TRUE,FALSE,0.0476190476190477,0.0208333333333334,-0.0551106490213627,TRUE,FALSE,0.0208333333333334
10,53,"Bulgarian National","bulgaria.bulgaria.t1q8_8","10:5309::bulgaria.bulgaria.t1q8_8","5309","10:5309",0.8,0.785714285714286,0.193649167310371,0.274862603039138,15,14,13,0.826923076923077,0.846153846153846,0.187766904049703,0.162610908896998,-0.0142857142857143,-0.0812134357287667,FALSE,FALSE,-0.0142857142857143,0.0192307692307693,0.0251559951527049,TRUE,TRUE,0.0192307692307693
10,53,"Bulgarian National","bulgaria.bulgaria.t1q8_8","10:5310::bulgaria.bulgaria.t1q8_8","5310","10:5310",0.875,0.733333333333333,0.189888631328187,0.29072978781647,14,15,12,0.916666666666667,0.75,0.162834736819732,0.301511344577764,-0.141666666666667,-0.100841156488282,FALSE,FALSE,-0.141666666666667,-0.166666666666667,-0.138676607758031,FALSE,FALSE,-0.166666666666667
10,53,"Bulgarian National","bulgaria.bulgaria.t1q8_8","10:5311::bulgaria.bulgaria.t1q8_8","5311","10:5311",0.828125,0.866666666666667,0.176038584785647,0.185805838239302,16,15,14,0.821428571428571,0.875,0.181568259800641,0.189888631328187,0.0385416666666667,-0.00976725345365492,TRUE,FALSE,0.0385416666666667,0.0535714285714286,-0.00832037152754672,TRUE,FALSE,0.0535714285714286
10,53,"Bulgarian National","bulgaria.bulgaria.t1q8_8","10:5312::bulgaria.bulgaria.t1q8_8","5312","10:5312",0.892857142857143,0.678571428571429,0.161551543164716,0.359333938170164,14,14,13,0.884615384615385,0.653846153846154,0.165056322943381,0.361398636354614,-0.214285714285714,-0.197782395005448,FALSE,FALSE,-0.214285714285714,-0.230769230769231,-0.196342313411233,FALSE,FALSE,-0.230769230769231
10,53,"Bulgarian National","bulgaria.bulgaria.t1q8_8","10:5313::bulgaria.bulgaria.t1q8_8","5313","10:5313",0.703125,0.71875,0.319097033309097,0.286865241300975,16,16,15,0.683333333333333,0.7,0.319970236711092,0.286605752110555,0.015625,0.0322317920081215,TRUE,TRUE,0.015625,0.0166666666666666,0.0333644846005368,TRUE,TRUE,0.0166666666666666
10,53,"Bulgarian National","bulgaria.bulgaria.t1q8_8","10:5314::bulgaria.bulgaria.t1q8_8","5314","10:5314",0.826923076923077,0.716666666666667,0.236832733357835,0.228868854108532,13,15,13,0.826923076923077,0.75,0.236832733357835,0.228217732293819,-0.11025641025641,0.00796387924930375,FALSE,TRUE,-0.11025641025641,-0.0769230769230769,0.00861500106401625,FALSE,TRUE,-0.0769230769230769
10,53,"Bulgarian National","bulgaria.bulgaria.t1q8_8","10:5315::bulgaria.bulgaria.t1q8_8","5315","10:5315",0.8,0.85,0.316227766016838,0.2275647474582,15,15,15,0.8,0.85,0.316227766016838,0.2275647474582,0.0499999999999999,0.0886630185586381,TRUE,TRUE,0.0499999999999999,0.0499999999999999,0.0886630185586381,TRUE,TRUE,0.0499999999999999
10,53,"Bulgarian National","bulgaria.bulgaria.t1q8_8","10:5316::bulgaria.bulgaria.t1q8_8","5316","10:5316",0.653846153846154,0.671875,0.375533808099405,0.298869397340488,13,16,12,0.6875,0.604166666666667,0.371192794796843,0.310028102343036,0.0180288461538461,0.0766644107589171,TRUE,TRUE,0.0180288461538461,-0.0833333333333334,0.0611646924538062,FALSE,TRUE,-0.0833333333333334
10,53,"Bulgarian National","bulgaria.bulgaria.t1q8_8","10:5317::bulgaria.bulgaria.t1q8_8","5317","10:5317",0.703125,0.8125,0.344223159205381,0.193649167310371,16,16,16,0.703125,0.8125,0.344223159205381,0.193649167310371,0.109375,0.150573991895011,TRUE,TRUE,0.109375,0.109375,0.150573991895011,TRUE,TRUE,0.109375
10,53,"Bulgarian National","bulgaria.bulgaria.t1q8_11","10:5301::bulgaria.bulgaria.t1q8_11","5301","10:5301",0.625,0.903846153846154,0.365148371670111,0.280224269158902,16,13,12,0.604166666666667,0.895833333333333,0.391069822487757,0.291125038220329,0.278846153846154,0.0849241025112082,TRUE,TRUE,0.278846153846154,0.291666666666667,0.0999447842674286,TRUE,TRUE,0.291666666666667
10,53,"Bulgarian National","bulgaria.bulgaria.t1q8_11","10:5302::bulgaria.bulgaria.t1q8_11","5302","10:5302",0.75,0.714285714285714,0.25,0.307863963107441,15,14,13,0.75,0.692307692307692,0.25,0.308792104987424,-0.0357142857142857,-0.057863963107441,FALSE,FALSE,-0.0357142857142857,-0.0576923076923077,-0.0587921049874237,FALSE,FALSE,-0.0576923076923077
10,53,"Bulgarian National","bulgaria.bulgaria.t1q8_11","10:5303::bulgaria.bulgaria.t1q8_11","5303","10:5303",0.839285714285714,0.75,0.232195682916016,0.301511344577764,14,12,12,0.8125,0.75,0.241326824790856,0.301511344577764,-0.0892857142857143,-0.0693156616617474,FALSE,FALSE,-0.0892857142857143,-0.0625,-0.060184519786908,FALSE,FALSE,-0.0625
10,53,"Bulgarian National","bulgaria.bulgaria.t1q8_11","10:5304::bulgaria.bulgaria.t1q8_11","5304","10:5304",0.8,0.541666666666667,0.286605752110555,0.334278961710761,15,12,12,0.854166666666667,0.541666666666667,0.249051229973905,0.334278961710761,-0.258333333333333,-0.0476732096002053,FALSE,FALSE,-0.258333333333333,-0.3125,-0.0852277317368553,FALSE,FALSE,-0.3125
10,53,"Bulgarian National","bulgaria.bulgaria.t1q8_11","10:5305::bulgaria.bulgaria.t1q8_11","5305","10:5305",0.65,0.714285714285714,0.310529501704059,0.390477307244003,15,14,12,0.645833333333333,0.666666666666667,0.327843042637877,0.403582442480824,0.0642857142857143,-0.0799478055399436,TRUE,FALSE,0.0642857142857143,0.0208333333333333,-0.0757393998429476,TRUE,FALSE,0.0208333333333333
10,53,"Bulgarian National","bulgaria.bulgaria.t1q8_11","10:5306::bulgaria.bulgaria.t1q8_11","5306","10:5306",0.691176470588235,0.40625,0.272852578165875,0.301039864469807,17,16,16,0.71875,0.40625,0.25617376914899,0.301039864469807,-0.284926470588235,-0.0281872863039327,FALSE,FALSE,-0.0974264705882353,-0.3125,-0.0448660953208174,FALSE,FALSE,-0.125
10,53,"Bulgarian National","bulgaria.bulgaria.t1q8_11","10:5307::bulgaria.bulgaria.t1q8_11","5307","10:5307",0.857142857142857,0.589285714285714,0.320970369383185,0.38738699167458,14,14,13,0.846153846153846,0.557692307692308,0.331324072511553,0.383973823894152,-0.267857142857143,-0.0664166222913956,FALSE,FALSE,-0.267857142857143,-0.288461538461538,-0.052649751382599,FALSE,FALSE,-0.288461538461538
10,53,"Bulgarian National","bulgaria.bulgaria.t1q8_11","10:5308::bulgaria.bulgaria.t1q8_11","5308","10:5308",0.767857142857143,0.823529411764706,0.332014331744153,0.246296091535945,14,17,14,0.767857142857143,0.803571428571429,0.332014331744153,0.262725570271957,0.0556722689075629,0.0857182402082085,TRUE,TRUE,0.0556722689075629,0.0357142857142857,0.0692887614721955,TRUE,TRUE,0.0357142857142857
10,53,"Bulgarian National","bulgaria.bulgaria.t1q8_11","10:5309::bulgaria.bulgaria.t1q8_11","5309","10:5309",0.875,0.65,0.223606797749979,0.263899331455874,16,15,14,0.857142857142857,0.660714285714286,0.234403615469248,0.270454440517445,-0.225,-0.0402925337058948,FALSE,FALSE,-0.225,-0.196428571428571,-0.0360508250481977,FALSE,FALSE,-0.196428571428571
10,53,"Bulgarian National","bulgaria.bulgaria.t1q8_11","10:5310::bulgaria.bulgaria.t1q8_11","5310","10:5310",0.678571428571429,0.671875,0.409368315313261,0.384260653723485,14,16,13,0.653846153846154,0.673076923076923,0.415061008799479,0.359174623625348,-0.0066964285714286,0.0251076615897762,FALSE,TRUE,-0.0066964285714286,0.0192307692307693,0.0558863851741309,TRUE,TRUE,0.0192307692307693
10,53,"Bulgarian National","bulgaria.bulgaria.t1q8_11","10:5311::bulgaria.bulgaria.t1q8_11","5311","10:5311",0.588235294117647,0.5625,0.352902877824013,0.381881307912987,17,16,16,0.5625,0.5625,0.347610893576904,0.381881307912987,-0.0257352941176471,-0.0289784300889732,FALSE,FALSE,-0.0257352941176471,0,-0.0342704143360832,FALSE,FALSE,0
10,53,"Bulgarian National","bulgaria.bulgaria.t1q8_11","10:5312::bulgaria.bulgaria.t1q8_11","5312","10:5312",0.866666666666667,0.767857142857143,0.185805838239302,0.267902926490134,15,14,14,0.857142857142857,0.767857142857143,0.188982236504614,0.267902926490134,-0.0988095238095238,-0.0820970882508321,FALSE,FALSE,-0.0988095238095238,-0.0892857142857142,-0.0789206899855201,FALSE,FALSE,-0.0892857142857142
10,53,"Bulgarian National","bulgaria.bulgaria.t1q8_11","10:5313::bulgaria.bulgaria.t1q8_11","5313","10:5313",0.808823529411765,0.671875,0.207842559192685,0.3125,17,16,15,0.8,0.65,0.215472901842834,0.310529501704059,-0.136948529411765,-0.104657440807315,FALSE,FALSE,-0.136948529411765,-0.15,-0.0950565998612257,FALSE,FALSE,-0.15
10,53,"Bulgarian National","bulgaria.bulgaria.t1q8_11","10:5314::bulgaria.bulgaria.t1q8_11","5314","10:5314",0.785714285714286,0.783333333333333,0.323103086329432,0.281365716935569,14,15,13,0.769230769230769,0.769230769230769,0.330112645886762,0.296885542997677,-0.00238095238095237,0.0417373693938631,FALSE,TRUE,-0.00238095238095237,0,0.0332271028890852,FALSE,TRUE,0
10,53,"Bulgarian National","bulgaria.bulgaria.t1q8_11","10:5315::bulgaria.bulgaria.t1q8_11","5315","10:5315",0.85,0.711538461538462,0.295803989154981,0.393252381934854,15,13,13,0.826923076923077,0.711538461538462,0.312660215339928,0.393252381934854,-0.138461538461538,-0.0974483927798727,FALSE,FALSE,-0.138461538461538,-0.115384615384615,-0.0805921665949253,FALSE,FALSE,-0.115384615384615
10,53,"Bulgarian National","bulgaria.bulgaria.t1q8_11","10:5316::bulgaria.bulgaria.t1q8_11","5316","10:5316",0.666666666666667,0.590909090909091,0.349319065502886,0.422385003177304,15,11,9,0.611111111111111,0.666666666666667,0.397474667257061,0.414578098794425,-0.0757575757575757,-0.0730659376744178,FALSE,FALSE,-0.0757575757575757,0.0555555555555555,-0.0171034315373643,TRUE,FALSE,0.0555555555555555
10,53,"Bulgarian National","bulgaria.bulgaria.t1q8_11","10:5317::bulgaria.bulgaria.t1q8_11","5317","10:5317",0.85,0.733333333333333,0.246402690152291,0.240287526180814,15,15,15,0.85,0.733333333333333,0.246402690152291,0.240287526180814,-0.116666666666667,0.0061151639714768,FALSE,TRUE,-0.116666666666667,-0.116666666666667,0.0061151639714768,FALSE,TRUE,-0.116666666666667
10,53,"Bulgarian National","bulgaria.bulgaria.t1q10_3","10:5301::bulgaria.bulgaria.t1q10_3","5301","10:5301",0.897058823529412,0.75,0.266030184045964,0.379777262656375,17,14,14,0.964285714285714,0.75,0.133630620956212,0.379777262656375,-0.147058823529412,-0.113747078610411,FALSE,FALSE,-0.147058823529412,-0.214285714285714,-0.246146641700163,FALSE,FALSE,-0.214285714285714
10,53,"Bulgarian National","bulgaria.bulgaria.t1q10_3","10:5302::bulgaria.bulgaria.t1q10_3","5302","10:5302",0.65625,0.616666666666667,0.39660013447636,0.37638632635454,16,15,14,0.678571428571429,0.607142857142857,0.372473171834246,0.388714421007121,-0.0395833333333333,0.0202138081218193,FALSE,TRUE,-0.0395833333333333,-0.0714285714285715,-0.0162412491728747,FALSE,FALSE,-0.0714285714285715
10,53,"Bulgarian National","bulgaria.bulgaria.t1q10_3","10:5303::bulgaria.bulgaria.t1q10_3","5303","10:5303",0.788461538461538,0.625,0.336126121018241,0.470734435845636,13,12,11,0.840909090909091,0.590909090909091,0.256727659026235,0.477921636786922,-0.163461538461538,-0.134608314827395,FALSE,FALSE,-0.163461538461538,-0.25,-0.221193977760687,FALSE,FALSE,-0.25
10,53,"Bulgarian National","bulgaria.bulgaria.t1q10_3","10:5304::bulgaria.bulgaria.t1q10_3","5304","10:5304",0.75,0.566666666666667,0.341565025531987,0.437797517885457,16,15,15,0.733333333333333,0.566666666666667,0.346753652090494,0.437797517885457,-0.183333333333333,-0.09623249235347,FALSE,FALSE,-0.183333333333333,-0.166666666666667,-0.0910438657949628,FALSE,FALSE,-0.166666666666667
10,53,"Bulgarian National","bulgaria.bulgaria.t1q10_3","10:5305::bulgaria.bulgaria.t1q10_3","5305","10:5305",0.794117647058823,0.678571428571429,0.29626970026332,0.409368315313261,17,14,14,0.75,0.678571428571429,0.310086836473021,0.409368315313261,-0.115546218487395,-0.113098615049941,FALSE,FALSE,-0.115546218487395,-0.0714285714285714,-0.09928147884024,FALSE,FALSE,-0.0714285714285714
10,53,"Bulgarian National","bulgaria.bulgaria.t1q10_3","10:5306::bulgaria.bulgaria.t1q10_3","5306","10:5306",0.691176470588235,0.421875,0.390606617214513,0.425428705347128,17,16,16,0.6875,0.421875,0.403112887414928,0.425428705347128,-0.269301470588235,-0.0348220881326153,FALSE,FALSE,-0.113051470588235,-0.265625,-0.0223158179322003,FALSE,FALSE,-0.109375
10,53,"Bulgarian National","bulgaria.bulgaria.t1q10_3","10:5307::bulgaria.bulgaria.t1q10_3","5307","10:5307",0.983333333333333,0.666666666666667,0.0645497224367903,0.325669473639465,15,12,12,0.979166666666667,0.666666666666667,0.0721687836487032,0.325669473639465,-0.316666666666667,-0.261119751202674,FALSE,FALSE,-0.316666666666667,-0.3125,-0.253500689990762,FALSE,FALSE,-0.3125
10,53,"Bulgarian National","bulgaria.bulgaria.t1q10_3","10:5308::bulgaria.bulgaria.t1q10_3","5308","10:5308",0.71875,0.705882352941177,0.375,0.407309139713458,16,17,16,0.71875,0.75,0.375,0.37638632635454,-0.0128676470588235,-0.0323091397134584,FALSE,FALSE,-0.0128676470588235,0.03125,-0.0013863263545405,TRUE,FALSE,0.03125
10,53,"Bulgarian National","bulgaria.bulgaria.t1q10_3","10:5309::bulgaria.bulgaria.t1q10_3","5309","10:5309",0.9375,0.535714285714286,0.144337567297406,0.42581531362632,16,14,13,0.923076923076923,0.5,0.157606292989029,0.420812705765087,-0.401785714285714,-0.281477746328914,FALSE,FALSE,-0.401785714285714,-0.423076923076923,-0.263206412776058,FALSE,FALSE,-0.423076923076923
10,53,"Bulgarian National","bulgaria.bulgaria.t1q10_3","10:5310::bulgaria.bulgaria.t1q10_3","5310","10:5310",0.794117647058823,0.705882352941177,0.387654143914544,0.387654143914544,17,17,17,0.794117647058823,0.705882352941177,0.387654143914544,0.387654143914544,-0.088235294117647,5.55111512312578e-17,FALSE,FALSE,-0.088235294117647,-0.088235294117647,5.55111512312578e-17,FALSE,FALSE,-0.088235294117647
10,53,"Bulgarian National","bulgaria.bulgaria.t1q10_3","10:5311::bulgaria.bulgaria.t1q10_3","5311","10:5311",0.720588235294118,0.485294117647059,0.329326407008216,0.399908077673151,17,17,17,0.720588235294118,0.485294117647059,0.329326407008216,0.399908077673151,-0.235294117647059,-0.0705816706649354,FALSE,FALSE,-0.205882352941176,-0.235294117647059,-0.0705816706649354,FALSE,FALSE,-0.205882352941176
10,53,"Bulgarian National","bulgaria.bulgaria.t1q10_3","10:5312::bulgaria.bulgaria.t1q10_3","5312","10:5312",0.783333333333333,0.732142857142857,0.364332396635401,0.359811458564462,15,14,14,0.767857142857143,0.732142857142857,0.372933868574135,0.359811458564462,-0.0511904761904762,0.0045209380709389,FALSE,TRUE,-0.0511904761904762,-0.0357142857142858,0.013122410009673,FALSE,TRUE,-0.0357142857142858
10,53,"Bulgarian National","bulgaria.bulgaria.t1q10_3","10:5313::bulgaria.bulgaria.t1q10_3","5313","10:5313",0.625,0.485294117647059,0.428174419288838,0.446081798091152,16,17,15,0.633333333333333,0.466666666666667,0.441857550844268,0.451848057057532,-0.139705882352941,-0.0179073788023144,FALSE,FALSE,-0.110294117647059,-0.166666666666667,-0.00999050621326358,FALSE,FALSE,-0.1
10,53,"Bulgarian National","bulgaria.bulgaria.t1q10_3","10:5314::bulgaria.bulgaria.t1q10_3","5314","10:5314",0.78125,0.796875,0.340036762718386,0.277169472826043,16,16,16,0.78125,0.796875,0.340036762718386,0.277169472826043,0.015625,0.0628672898923429,TRUE,TRUE,0.015625,0.015625,0.0628672898923429,TRUE,TRUE,0.015625
10,53,"Bulgarian National","bulgaria.bulgaria.t1q10_3","10:5315::bulgaria.bulgaria.t1q10_3","5315","10:5315",0.666666666666667,0.607142857142857,0.429562346492112,0.456936766731688,15,14,14,0.642857142857143,0.607142857142857,0.435385391992473,0.456936766731688,-0.0595238095238095,-0.0273744202395754,FALSE,FALSE,-0.0595238095238095,-0.0357142857142858,-0.0215513747392145,FALSE,FALSE,-0.0357142857142858
10,53,"Bulgarian National","bulgaria.bulgaria.t1q10_3","10:5316::bulgaria.bulgaria.t1q10_3","5316","10:5316",0.764705882352941,0.455882352941177,0.369444137303917,0.48601773146061,17,17,17,0.764705882352941,0.455882352941177,0.369444137303917,0.48601773146061,-0.308823529411765,-0.116573594156693,FALSE,FALSE,-0.220588235294118,-0.308823529411765,-0.116573594156693,FALSE,FALSE,-0.220588235294118
10,53,"Bulgarian National","bulgaria.bulgaria.t1q10_3","10:5317::bulgaria.bulgaria.t1q10_3","5317","10:5317",0.916666666666667,0.625,0.154303349962092,0.387298334620742,15,16,15,0.916666666666667,0.633333333333333,0.154303349962092,0.39940431835899,-0.291666666666667,-0.23299498465865,FALSE,FALSE,-0.291666666666667,-0.283333333333333,-0.245100968396898,FALSE,FALSE,-0.283333333333333
10,53,"Bulgarian National","bulgaria.bulgaria.t1q16","10:5301::bulgaria.bulgaria.t1q16","5301","10:5301",0.514705882352941,0.34375,0.437237316097603,0.38595120589698,17,16,16,0.5,0.34375,0.447213595499958,0.38595120589698,-0.170955882352941,0.0512861102006227,FALSE,TRUE,0.141544117647059,NA,0.0612623896029776,NA,TRUE,0.15625
10,53,"Bulgarian National","bulgaria.bulgaria.t1q16","10:5302::bulgaria.bulgaria.t1q16","5302","10:5302",0.633333333333333,0.578125,0.338940927568437,0.361924831053816,15,16,15,0.633333333333333,0.566666666666667,0.338940927568437,0.371611676478603,-0.0552083333333333,-0.0229839034853793,FALSE,FALSE,-0.0552083333333333,-0.0666666666666667,-0.0326707489101664,FALSE,FALSE,-0.0666666666666667
10,53,"Bulgarian National","bulgaria.bulgaria.t1q16","10:5303::bulgaria.bulgaria.t1q16","5303","10:5303",0.5,0.307692307692308,0.480384461415261,0.325221817793995,14,13,13,0.538461538461538,0.307692307692308,0.477036793721514,0.325221817793995,NA,0.155162643621266,NA,TRUE,0.192307692307692,-0.230769230769231,0.151814975927519,FALSE,TRUE,0.153846153846154
10,53,"Bulgarian National","bulgaria.bulgaria.t1q16","10:5304::bulgaria.bulgaria.t1q16","5304","10:5304",0.483333333333333,0.634615384615385,0.437797517885457,0.332531085880588,15,13,12,0.541666666666667,0.604166666666667,0.437364697692759,0.327843042637877,-0.151282051282051,0.105266432004869,FALSE,TRUE,0.117948717948718,0.0625,0.109521655054883,TRUE,TRUE,0.0625
10,53,"Bulgarian National","bulgaria.bulgaria.t1q16","10:5305::bulgaria.bulgaria.t1q16","5305","10:5305",0.46875,0.426470588235294,0.375,0.339631071467088,16,17,16,0.46875,0.4375,0.375,0.347610893576904,0.0422794117647059,0.0353689285329119,TRUE,TRUE,0.0422794117647059,0.03125,0.0273891064230965,TRUE,TRUE,0.03125
10,53,"Bulgarian National","bulgaria.bulgaria.t1q16","10:5306::bulgaria.bulgaria.t1q16","5306","10:5306",0.676470588235294,0.53125,0.430884862470106,0.426956281914983,17,16,16,0.65625,0.53125,0.436606229914325,0.426956281914983,-0.145220588235294,0.00392858055512296,FALSE,TRUE,-0.145220588235294,-0.125,0.00964994799934127,FALSE,TRUE,-0.125
10,53,"Bulgarian National","bulgaria.bulgaria.t1q16","10:5307::bulgaria.bulgaria.t1q16","5307","10:5307",0.696428571428571,0.607142857142857,0.34220118110791,0.424199310401437,14,14,13,0.75,0.596153846153846,0.288675134594813,0.439441662065597,-0.0892857142857143,-0.0819981292935277,FALSE,FALSE,-0.0892857142857143,-0.153846153846154,-0.150766527470784,FALSE,FALSE,-0.153846153846154
10,53,"Bulgarian National","bulgaria.bulgaria.t1q16","10:5308::bulgaria.bulgaria.t1q16","5308","10:5308",0.483333333333333,0.573529411764706,0.371611676478603,0.35094410481711,15,17,15,0.483333333333333,0.55,0.371611676478603,0.368394198806504,-0.0901960784313725,0.0206675716614938,FALSE,TRUE,0.0568627450980392,-0.0666666666666667,0.00321747767209968,FALSE,TRUE,0.0333333333333334
10,53,"Bulgarian National","bulgaria.bulgaria.t1q16","10:5309::bulgaria.bulgaria.t1q16","5309","10:5309",0.45,0.484375,0.424684757034136,0.39230887066188,15,16,14,0.410714285714286,0.5,0.411460144545557,0.392232270276368,-0.034375,0.0323758863722553,FALSE,TRUE,-0.034375,-0.0892857142857143,0.0192278742691888,FALSE,TRUE,-0.0892857142857143
10,53,"Bulgarian National","bulgaria.bulgaria.t1q16","10:5310::bulgaria.bulgaria.t1q16","5310","10:5310",0.671875,0.767857142857143,0.350223143153047,0.359811458564462,16,14,14,0.732142857142857,0.767857142857143,0.317203612634112,0.359811458564462,0.0959821428571429,-0.00958831541141475,TRUE,FALSE,0.0959821428571429,0.0357142857142858,-0.0426078459303501,TRUE,FALSE,0.0357142857142858
10,53,"Bulgarian National","bulgaria.bulgaria.t1q16","10:5311::bulgaria.bulgaria.t1q16","5311","10:5311",0.625,0.63235294117647,0.435779584370179,0.386466839000526,14,17,14,0.625,0.696428571428571,0.435779584370179,0.369232200088803,0.00735294117647056,0.0493127453696527,TRUE,TRUE,0.00735294117647056,0.0714285714285714,0.0665473842813766,TRUE,TRUE,0.0714285714285714
10,53,"Bulgarian National","bulgaria.bulgaria.t1q16","10:5312::bulgaria.bulgaria.t1q16","5312","10:5312",0.55,0.75,0.445212629778498,0.288675134594813,15,13,13,0.576923076923077,0.75,0.449358517136459,0.288675134594813,0.2,0.156537495183685,TRUE,TRUE,0.2,0.173076923076923,0.160683382541646,TRUE,TRUE,0.173076923076923
10,53,"Bulgarian National","bulgaria.bulgaria.t1q16","10:5313::bulgaria.bulgaria.t1q16","5313","10:5313",0.5,0.514705882352941,0.405046293650491,0.40955948357746,17,17,16,0.515625,0.5,0.413004741699979,0.418330013267038,NA,-0.0045131899269682,NA,FALSE,0.0147058823529411,-0.015625,-0.00532527156705842,FALSE,FALSE,-0.015625
10,53,"Bulgarian National","bulgaria.bulgaria.t1q16","10:5314::bulgaria.bulgaria.t1q16","5314","10:5314",0.4375,0.466666666666667,0.381881307912987,0.388066022855954,16,15,15,0.466666666666667,0.466666666666667,0.37638632635454,0.388066022855954,-0.0291666666666666,-0.00618471494296763,FALSE,FALSE,-0.0291666666666666,0,-0.0116796965014138,FALSE,FALSE,5.55111512312578e-17
10,53,"Bulgarian National","bulgaria.bulgaria.t1q16","10:5315::bulgaria.bulgaria.t1q16","5315","10:5315",0.589285714285714,0.711538461538462,0.44513548993043,0.267047004409528,14,13,12,0.625,0.770833333333333,0.445941292507922,0.16713948085538,0.122252747252747,0.178088485520902,TRUE,TRUE,0.122252747252747,0.145833333333333,0.278801811652542,TRUE,TRUE,0.145833333333333
10,53,"Bulgarian National","bulgaria.bulgaria.t1q16","10:5316::bulgaria.bulgaria.t1q16","5316","10:5316",0.416666666666667,0.583333333333333,0.397162555181245,0.429562346492112,15,15,13,0.423076923076923,0.538461538461538,0.425546405918019,0.443073473099104,-0.166666666666667,-0.0323997913108676,FALSE,FALSE,0,-0.115384615384615,-0.0175270671810849,FALSE,FALSE,-0.0384615384615385
10,53,"Bulgarian National","bulgaria.bulgaria.t1q16","10:5317::bulgaria.bulgaria.t1q16","5317","10:5317",0.59375,0.642857142857143,0.406970514902493,0.400891862868637,16,14,14,0.571428571428571,0.642857142857143,0.420948693070548,0.400891862868637,0.0491071428571429,0.0060786520338561,TRUE,TRUE,0.0491071428571429,0.0714285714285715,0.0200568302019112,TRUE,TRUE,0.0714285714285715
10,53,"Bulgarian National","bulgaria.bulgaria.t1q21","10:5301::bulgaria.bulgaria.t1q21","5301","10:5301",0.6,0.666666666666667,0.50709255283711,0.492365963917331,15,12,11,0.727272727272727,0.727272727272727,0.467099366496914,0.467099366496914,0.0666666666666667,0.0147265889197791,TRUE,TRUE,0.0666666666666667,0,0,FALSE,FALSE,0
10,53,"Bulgarian National","bulgaria.bulgaria.t1q21","10:5302::bulgaria.bulgaria.t1q21","5302","10:5302",0.571428571428571,0.615384615384615,0.513552591013095,0.506369683541833,14,13,11,0.636363636363636,0.636363636363636,0.504524979109513,0.504524979109513,0.043956043956044,0.00718290747126216,TRUE,TRUE,0.043956043956044,0,0,FALSE,FALSE,0
10,53,"Bulgarian National","bulgaria.bulgaria.t1q21","10:5303::bulgaria.bulgaria.t1q21","5303","10:5303",0.5,0.75,0.522232967867094,0.452267016866645,12,12,11,0.454545454545455,0.727272727272727,0.522232967867094,0.467099366496914,NA,0.0699659510004481,NA,TRUE,0.25,-0.272727272727273,0.0551336013701798,FALSE,TRUE,0.181818181818182
10,53,"Bulgarian National","bulgaria.bulgaria.t1q21","10:5304::bulgaria.bulgaria.t1q21","5304","10:5304",0.428571428571429,0.75,0.513552591013095,0.452267016866645,14,12,10,0.5,0.7,0.52704627669473,0.483045891539648,-0.321428571428571,0.06128557414645,FALSE,TRUE,0.178571428571429,NA,0.044000385155082,NA,TRUE,0.2
10,53,"Bulgarian National","bulgaria.bulgaria.t1q21","10:5305::bulgaria.bulgaria.t1q21","5305","10:5305",0.454545454545455,0.733333333333333,0.522232967867094,0.457737708217063,11,15,9,0.444444444444444,0.555555555555556,0.52704627669473,0.52704627669473,-0.278787878787879,0.0644952596500301,FALSE,TRUE,0.187878787878788,-0.111111111111111,0,FALSE,FALSE,0
10,53,"Bulgarian National","bulgaria.bulgaria.t1q21","10:5306::bulgaria.bulgaria.t1q21","5306","10:5306",0.6,0.866666666666667,0.50709255283711,0.351865775274498,15,15,13,0.538461538461538,0.846153846153846,0.518874521662771,0.375533808099405,0.266666666666667,0.155226777562612,TRUE,TRUE,0.266666666666667,0.307692307692308,0.143340713563365,TRUE,TRUE,0.307692307692308
10,53,"Bulgarian National","bulgaria.bulgaria.t1q21","10:5307::bulgaria.bulgaria.t1q21","5307","10:5307",0.642857142857143,0.8,0.497245158098847,0.414039335605413,14,15,14,0.642857142857143,0.785714285714286,0.497245158098847,0.42581531362632,0.157142857142857,0.0832058224934343,TRUE,TRUE,0.157142857142857,0.142857142857143,0.0714298444725268,TRUE,TRUE,0.142857142857143
10,53,"Bulgarian National","bulgaria.bulgaria.t1q21","10:5308::bulgaria.bulgaria.t1q21","5308","10:5308",0.727272727272727,0.833333333333333,0.467099366496914,0.389249472080761,11,12,8,0.625,0.75,0.517549169506766,0.462910049886276,0.106060606060606,0.0778498944161523,TRUE,TRUE,0.106060606060606,0.125,0.05463911962049,TRUE,TRUE,0.125
10,53,"Bulgarian National","bulgaria.bulgaria.t1q21","10:5309::bulgaria.bulgaria.t1q21","5309","10:5309",0.692307692307692,0.9375,0.480384461415261,0.25,13,16,12,0.666666666666667,1,0.492365963917331,0,0.245192307692308,0.230384461415261,TRUE,TRUE,0.245192307692308,0.333333333333333,0.492365963917331,TRUE,TRUE,0.333333333333333
10,53,"Bulgarian National","bulgaria.bulgaria.t1q21","10:5310::bulgaria.bulgaria.t1q21","5310","10:5310",0.533333333333333,0.666666666666667,0.516397779494322,0.487950036474267,15,15,13,0.538461538461538,0.615384615384615,0.518874521662771,0.506369683541833,0.133333333333333,0.0284477430200556,TRUE,TRUE,0.133333333333333,0.076923076923077,0.0125048381209375,TRUE,TRUE,0.076923076923077
10,53,"Bulgarian National","bulgaria.bulgaria.t1q21","10:5311::bulgaria.bulgaria.t1q21","5311","10:5311",0.6,1,0.50709255283711,0,15,15,13,0.615384615384615,1,0.506369683541833,0,0.4,0.50709255283711,TRUE,TRUE,0.4,0.384615384615385,0.506369683541833,TRUE,TRUE,0.384615384615385
10,53,"Bulgarian National","bulgaria.bulgaria.t1q21","10:5312::bulgaria.bulgaria.t1q21","5312","10:5312",0.6,0.75,0.516397779494322,0.452267016866645,10,12,9,0.666666666666667,0.777777777777778,0.5,0.440958551844098,0.15,0.0641307626276768,TRUE,TRUE,0.15,0.111111111111111,0.0590414481559016,TRUE,TRUE,0.111111111111111
10,53,"Bulgarian National","bulgaria.bulgaria.t1q21","10:5313::bulgaria.bulgaria.t1q21","5313","10:5313",0.5625,0.75,0.51234753829798,0.447213595499958,16,16,15,0.6,0.733333333333333,0.50709255283711,0.457737708217063,0.1875,0.065133942798022,TRUE,TRUE,0.1875,0.133333333333333,0.0493548446200465,TRUE,TRUE,0.133333333333333
10,53,"Bulgarian National","bulgaria.bulgaria.t1q21","10:5314::bulgaria.bulgaria.t1q21","5314","10:5314",0.727272727272727,0.857142857142857,0.467099366496914,0.363136519601281,11,14,10,0.7,0.8,0.483045891539648,0.421637021355784,0.12987012987013,0.103962846895632,TRUE,TRUE,0.12987012987013,0.1,0.061408870183864,TRUE,TRUE,0.1
10,53,"Bulgarian National","bulgaria.bulgaria.t1q21","10:5315::bulgaria.bulgaria.t1q21","5315","10:5315",0.727272727272727,0.928571428571429,0.467099366496914,0.267261241912424,11,14,11,0.727272727272727,0.909090909090909,0.467099366496914,0.301511344577764,0.201298701298701,0.199838124584489,TRUE,TRUE,0.201298701298701,0.181818181818182,0.16558802191915,TRUE,TRUE,0.181818181818182
10,53,"Bulgarian National","bulgaria.bulgaria.t1q21","10:5316::bulgaria.bulgaria.t1q21","5316","10:5316",0.769230769230769,0.705882352941177,0.438529009653515,0.469668218313862,13,17,13,0.769230769230769,0.692307692307692,0.438529009653515,0.480384461415261,-0.0633484162895928,-0.0311392086603475,FALSE,FALSE,-0.0633484162895928,-0.076923076923077,-0.0418554517617468,FALSE,FALSE,-0.076923076923077
10,53,"Bulgarian National","bulgaria.bulgaria.t1q21","10:5317::bulgaria.bulgaria.t1q21","5317","10:5317",0.428571428571429,0.9375,0.513552591013095,0.25,14,16,14,0.428571428571429,0.928571428571429,0.513552591013095,0.267261241912424,-0.508928571428571,0.263552591013095,FALSE,TRUE,0.366071428571429,-0.5,0.246291349100671,FALSE,TRUE,0.357142857142857
10,53,"Bulgarian National","bulgaria.bulgaria.t1q22","10:5301::bulgaria.bulgaria.t1q22","5301","10:5301",0.454545454545455,0.0909090909090909,0.522232967867094,0.301511344577764,11,11,8,0.5,0.125,0.534522483824849,0.353553390593274,0.363636363636364,0.22072162328933,TRUE,TRUE,0.363636363636364,NA,0.180969093231575,NA,TRUE,0.375
10,53,"Bulgarian National","bulgaria.bulgaria.t1q22","10:5302::bulgaria.bulgaria.t1q22","5302","10:5302",0.538461538461538,0.214285714285714,0.518874521662771,0.42581531362632,13,14,11,0.545454545454545,0.181818181818182,0.522232967867094,0.404519917477945,-0.324175824175824,0.0930592080364508,FALSE,TRUE,0.247252747252747,-0.363636363636364,0.117713050389148,FALSE,TRUE,0.272727272727273
10,53,"Bulgarian National","bulgaria.bulgaria.t1q22","10:5303::bulgaria.bulgaria.t1q22","5303","10:5303",0.416666666666667,0.153846153846154,0.514928650544437,0.375533808099405,12,13,11,0.363636363636364,0.181818181818182,0.504524979109513,0.404519917477945,0.262820512820513,0.139394842445032,TRUE,TRUE,0.262820512820513,0.181818181818182,0.100005061631568,TRUE,TRUE,0.181818181818182
10,53,"Bulgarian National","bulgaria.bulgaria.t1q22","10:5304::bulgaria.bulgaria.t1q22","5304","10:5304",0.285714285714286,0,0.468807230938495,0,14,15,14,0.285714285714286,0,0.468807230938495,0,0.285714285714286,0.468807230938495,TRUE,TRUE,0.285714285714286,0.285714285714286,0.468807230938495,TRUE,TRUE,0.285714285714286
10,53,"Bulgarian National","bulgaria.bulgaria.t1q22","10:5305::bulgaria.bulgaria.t1q22","5305","10:5305",0.545454545454545,0.153846153846154,0.522232967867094,0.375533808099405,11,13,9,0.666666666666667,0.111111111111111,0.5,0.333333333333333,-0.391608391608392,0.146699159767688,FALSE,TRUE,0.300699300699301,-0.555555555555556,0.166666666666667,FALSE,TRUE,0.222222222222222
10,53,"Bulgarian National","bulgaria.bulgaria.t1q22","10:5306::bulgaria.bulgaria.t1q22","5306","10:5306",0.533333333333333,0.142857142857143,0.516397779494322,0.363136519601281,15,14,12,0.5,0.166666666666667,0.522232967867094,0.389249472080761,-0.39047619047619,0.153261259893041,FALSE,TRUE,0.323809523809524,NA,0.132983495786332,NA,TRUE,0.333333333333333
10,53,"Bulgarian National","bulgaria.bulgaria.t1q22","10:5307::bulgaria.bulgaria.t1q22","5307","10:5307",0.266666666666667,0.133333333333333,0.457737708217063,0.351865775274498,15,15,15,0.266666666666667,0.133333333333333,0.457737708217063,0.351865775274498,0.133333333333333,0.105871932942565,TRUE,TRUE,0.133333333333333,0.133333333333333,0.105871932942565,TRUE,TRUE,0.133333333333333
10,53,"Bulgarian National","bulgaria.bulgaria.t1q22","10:5308::bulgaria.bulgaria.t1q22","5308","10:5308",0.363636363636364,0.153846153846154,0.504524979109513,0.375533808099405,11,13,10,0.3,0.2,0.483045891539648,0.421637021355784,0.20979020979021,0.128991171010108,TRUE,TRUE,0.20979020979021,0.1,0.0614088701838639,TRUE,TRUE,0.1
10,53,"Bulgarian National","bulgaria.bulgaria.t1q22","10:5309::bulgaria.bulgaria.t1q22","5309","10:5309",0.5,0.0588235294117647,0.522232967867094,0.242535625036333,12,17,12,0.5,0.0833333333333333,0.522232967867094,0.288675134594813,NA,0.27969734283076,NA,TRUE,0.441176470588235,NA,0.233557833272281,NA,TRUE,0.416666666666667
10,53,"Bulgarian National","bulgaria.bulgaria.t1q22","10:5310::bulgaria.bulgaria.t1q22","5310","10:5310",0.111111111111111,0.2,0.333333333333333,0.414039335605413,9,15,8,0.125,0.25,0.353553390593274,0.462910049886276,-0.0888888888888889,-0.0807060022720792,FALSE,FALSE,-0.0888888888888889,-0.125,-0.109356659293002,FALSE,FALSE,-0.125
10,53,"Bulgarian National","bulgaria.bulgaria.t1q22","10:5311::bulgaria.bulgaria.t1q22","5311","10:5311",0.384615384615385,0.235294117647059,0.506369683541833,0.437237316097603,13,17,13,0.384615384615385,0.307692307692308,0.506369683541833,0.480384461415261,0.149321266968326,0.0691323674442302,TRUE,TRUE,0.149321266968326,0.0769230769230769,0.025985222126572,TRUE,TRUE,0.0769230769230769
10,53,"Bulgarian National","bulgaria.bulgaria.t1q22","10:5312::bulgaria.bulgaria.t1q22","5312","10:5312",0.3,0,0.483045891539648,0,10,13,10,0.3,0,0.483045891539648,0,0.3,0.483045891539648,TRUE,TRUE,0.3,0.3,0.483045891539648,TRUE,TRUE,0.3
10,53,"Bulgarian National","bulgaria.bulgaria.t1q22","10:5313::bulgaria.bulgaria.t1q22","5313","10:5313",0.466666666666667,0.176470588235294,0.516397779494322,0.392952623996688,15,17,15,0.466666666666667,0.2,0.516397779494322,0.414039335605413,0.290196078431373,0.123445155497634,TRUE,TRUE,0.290196078431373,0.266666666666667,0.10235844388891,TRUE,TRUE,0.266666666666667
10,53,"Bulgarian National","bulgaria.bulgaria.t1q22","10:5314::bulgaria.bulgaria.t1q22","5314","10:5314",0.357142857142857,0.2,0.497245158098847,0.414039335605413,14,15,13,0.384615384615385,0.230769230769231,0.506369683541833,0.438529009653515,0.157142857142857,0.0832058224934343,TRUE,TRUE,0.157142857142857,0.153846153846154,0.0678406738883187,TRUE,TRUE,0.153846153846154
10,53,"Bulgarian National","bulgaria.bulgaria.t1q22","10:5315::bulgaria.bulgaria.t1q22","5315","10:5315",0.166666666666667,0.0666666666666667,0.389249472080761,0.258198889747161,12,15,12,0.166666666666667,0,0.389249472080761,0,0.1,0.1310505823336,TRUE,TRUE,0.1,0.166666666666667,0.389249472080761,TRUE,TRUE,0.166666666666667
10,53,"Bulgarian National","bulgaria.bulgaria.t1q22","10:5316::bulgaria.bulgaria.t1q22","5316","10:5316",0.777777777777778,0.125,0.440958551844098,0.341565025531987,9,16,9,0.777777777777778,0.222222222222222,0.440958551844098,0.440958551844098,-0.652777777777778,0.0993935263121118,FALSE,TRUE,0.0972222222222222,-0.555555555555556,0,FALSE,FALSE,0
10,53,"Bulgarian National","bulgaria.bulgaria.t1q22","10:5317::bulgaria.bulgaria.t1q22","5317","10:5317",0.333333333333333,0.125,0.492365963917331,0.341565025531987,12,16,12,0.333333333333333,0.0833333333333333,0.492365963917331,0.288675134594813,0.208333333333333,0.150800938385344,TRUE,TRUE,0.208333333333333,0.25,0.203690829322518,TRUE,TRUE,0.25
10,53,"Bulgarian National","bulgaria.bulgaria.t1q23","10:5301::bulgaria.bulgaria.t1q23","5301","10:5301",0.545454545454545,0.846153846153846,0.522232967867094,0.375533808099405,11,13,9,0.444444444444444,0.777777777777778,0.52704627669473,0.440958551844098,0.300699300699301,0.146699159767688,TRUE,TRUE,0.300699300699301,-0.333333333333333,0.0860877248506315,FALSE,TRUE,0.222222222222222
10,53,"Bulgarian National","bulgaria.bulgaria.t1q23","10:5302::bulgaria.bulgaria.t1q23","5302","10:5302",0.444444444444444,0.307692307692308,0.52704627669473,0.480384461415261,9,13,8,0.375,0.125,0.517549169506766,0.353553390593274,0.136752136752137,0.0466618152794686,TRUE,TRUE,0.136752136752137,0.25,0.163995778913492,TRUE,TRUE,0.25
10,53,"Bulgarian National","bulgaria.bulgaria.t1q23","10:5303::bulgaria.bulgaria.t1q23","5303","10:5303",0.333333333333333,0.5,0.492365963917331,0.522232967867094,12,12,10,0.3,0.5,0.483045891539648,0.52704627669473,-0.166666666666667,-0.0298670039497626,FALSE,FALSE,-0.166666666666667,-0.2,-0.044000385155082,FALSE,FALSE,-0.2
10,53,"Bulgarian National","bulgaria.bulgaria.t1q23","10:5304::bulgaria.bulgaria.t1q23","5304","10:5304",0.6,0.615384615384615,0.50709255283711,0.506369683541833,15,13,13,0.538461538461538,0.615384615384615,0.518874521662771,0.506369683541833,0.0153846153846154,0.000722869295276651,TRUE,TRUE,0.0153846153846154,0.076923076923077,0.0125048381209375,TRUE,TRUE,0.076923076923077
10,53,"Bulgarian National","bulgaria.bulgaria.t1q23","10:5305::bulgaria.bulgaria.t1q23","5305","10:5305",0.166666666666667,0.25,0.408248290463863,0.452267016866645,6,12,5,0.2,0.4,0.447213595499958,0.547722557505166,-0.0833333333333333,-0.0440187264027824,FALSE,FALSE,-0.0833333333333334,-0.2,-0.100508962005208,FALSE,FALSE,-0.2
10,53,"Bulgarian National","bulgaria.bulgaria.t1q23","10:5306::bulgaria.bulgaria.t1q23","5306","10:5306",0.529411764705882,0.466666666666667,0.514495755427527,0.516397779494322,17,15,15,0.533333333333333,0.466666666666667,0.516397779494322,0.516397779494322,-0.0627450980392157,-0.00190202406679563,FALSE,FALSE,0.00392156862745097,-0.0666666666666667,0,FALSE,FALSE,0
10,53,"Bulgarian National","bulgaria.bulgaria.t1q23","10:5307::bulgaria.bulgaria.t1q23","5307","10:5307",0.384615384615385,0.866666666666667,0.506369683541833,0.351865775274498,13,15,13,0.384615384615385,0.846153846153846,0.506369683541833,0.375533808099405,-0.482051282051282,0.154503908267335,FALSE,TRUE,0.251282051282051,-0.461538461538462,0.130835875442428,FALSE,TRUE,0.230769230769231
10,53,"Bulgarian National","bulgaria.bulgaria.t1q23","10:5308::bulgaria.bulgaria.t1q23","5308","10:5308",0.461538461538462,0.636363636363636,0.518874521662771,0.504524979109513,13,11,9,0.444444444444444,0.555555555555556,0.52704627669473,0.52704627669473,-0.174825174825175,0.0143495425532578,FALSE,TRUE,0.0979020979020979,-0.111111111111111,0,FALSE,FALSE,0
10,53,"Bulgarian National","bulgaria.bulgaria.t1q23","10:5309::bulgaria.bulgaria.t1q23","5309","10:5309",0.454545454545455,0.375,0.522232967867094,0.5,11,16,10,0.4,0.3,0.516397779494322,0.483045891539648,0.0795454545454545,0.0222329678670935,TRUE,TRUE,0.0795454545454545,0.1,0.0333518879546743,TRUE,TRUE,0.1
10,53,"Bulgarian National","bulgaria.bulgaria.t1q23","10:5310::bulgaria.bulgaria.t1q23","5310","10:5310",0.285714285714286,0.538461538461538,0.487950036474267,0.518874521662771,7,13,5,0.2,0.6,0.447213595499958,0.547722557505166,-0.252747252747253,-0.0309244851885042,FALSE,FALSE,-0.175824175824176,-0.4,-0.100508962005208,FALSE,FALSE,-0.2
10,53,"Bulgarian National","bulgaria.bulgaria.t1q23","10:5311::bulgaria.bulgaria.t1q23","5311","10:5311",0.384615384615385,0.4,0.506369683541833,0.50709255283711,13,15,11,0.363636363636364,0.272727272727273,0.504524979109513,0.467099366496914,-0.0153846153846154,-0.000722869295276651,FALSE,FALSE,-0.0153846153846154,0.0909090909090909,0.0374256126125992,TRUE,TRUE,0.0909090909090909
10,53,"Bulgarian National","bulgaria.bulgaria.t1q23","10:5312::bulgaria.bulgaria.t1q23","5312","10:5312",0.333333333333333,0.538461538461538,0.5,0.518874521662771,9,13,9,0.333333333333333,0.555555555555556,0.5,0.52704627669473,-0.205128205128205,-0.0188745216627708,FALSE,FALSE,-0.128205128205128,-0.222222222222222,-0.0270462766947299,FALSE,FALSE,-0.111111111111111
10,53,"Bulgarian National","bulgaria.bulgaria.t1q23","10:5313::bulgaria.bulgaria.t1q23","5313","10:5313",0.416666666666667,0.5,0.514928650544437,0.516397779494322,12,16,11,0.363636363636364,0.454545454545455,0.504524979109513,0.522232967867094,-0.0833333333333334,-0.00146912894988493,FALSE,FALSE,-0.0833333333333334,-0.0909090909090909,-0.0177079887575805,FALSE,FALSE,-0.0909090909090909
10,53,"Bulgarian National","bulgaria.bulgaria.t1q23","10:5314::bulgaria.bulgaria.t1q23","5314","10:5314",0.5,0.733333333333333,0.534522483824849,0.457737708217063,8,15,8,0.5,0.625,0.534522483824849,0.517549169506766,NA,0.0767847756077853,NA,TRUE,0.233333333333333,NA,0.0169733143180831,NA,TRUE,0.125
10,53,"Bulgarian National","bulgaria.bulgaria.t1q23","10:5315::bulgaria.bulgaria.t1q23","5315","10:5315",0.5,0.75,0.534522483824849,0.452267016866645,8,12,8,0.5,0.75,0.534522483824849,0.462910049886276,NA,0.0822554669582033,NA,TRUE,0.25,NA,0.0716124339385731,NA,TRUE,0.25
10,53,"Bulgarian National","bulgaria.bulgaria.t1q23","10:5316::bulgaria.bulgaria.t1q23","5316","10:5316",0.545454545454545,0.692307692307692,0.522232967867094,0.480384461415261,11,13,7,0.571428571428571,0.571428571428571,0.534522483824849,0.534522483824849,0.146853146853147,0.0418485064518321,TRUE,TRUE,0.146853146853147,0,0,FALSE,FALSE,0
10,53,"Bulgarian National","bulgaria.bulgaria.t1q23","10:5317::bulgaria.bulgaria.t1q23","5317","10:5317",0.416666666666667,0.375,0.514928650544437,0.5,12,16,12,0.416666666666667,0.416666666666667,0.514928650544437,0.514928650544437,0.0416666666666666,0.0149286505444373,TRUE,TRUE,0.0416666666666666,0,0,FALSE,FALSE,0
10,53,"Bulgarian National","bulgaria.bulgaria.t1q19","10:5301::bulgaria.bulgaria.t1q19","5301","10:5301",0.666666666666667,0.785714285714286,0.356348322549899,0.280632462047032,15,14,12,0.75,0.833333333333333,0.321769099721141,0.265908011739155,0.119047619047619,0.0757158605028674,TRUE,TRUE,0.119047619047619,0.0833333333333334,0.0558610879819857,TRUE,TRUE,0.0833333333333334
10,53,"Bulgarian National","bulgaria.bulgaria.t1q19","10:5302::bulgaria.bulgaria.t1q19","5302","10:5302",0.625,0.645833333333333,0.453382350291181,0.429793231940921,16,16,16,0.625,0.645833333333333,0.453382350291181,0.429793231940921,0.0208333333333334,0.0235891183502606,TRUE,TRUE,0.0208333333333334,0.0208333333333334,0.0235891183502606,TRUE,TRUE,0.0208333333333334
10,53,"Bulgarian National","bulgaria.bulgaria.t1q19","10:5303::bulgaria.bulgaria.t1q19","5303","10:5303",0.615384615384615,0.717948717948718,0.381181249931244,0.381181249931244,13,13,13,0.615384615384615,0.717948717948718,0.381181249931244,0.381181249931244,0.102564102564103,0,TRUE,FALSE,0.102564102564103,0.102564102564103,0,TRUE,FALSE,0.102564102564103
10,53,"Bulgarian National","bulgaria.bulgaria.t1q19","10:5304::bulgaria.bulgaria.t1q19","5304","10:5304",0.577777777777778,0.533333333333333,0.387639717088626,0.394405318873308,15,15,14,0.619047619047619,0.571428571428571,0.36648347071885,0.379576269118795,-0.0444444444444444,-0.00676560178468133,FALSE,FALSE,-0.0444444444444444,-0.0476190476190477,-0.013092798399945,FALSE,FALSE,-0.0476190476190477
10,53,"Bulgarian National","bulgaria.bulgaria.t1q19","10:5305::bulgaria.bulgaria.t1q19","5305","10:5305",0.80952380952381,0.822222222222222,0.338783285854121,0.375154289247425,14,15,13,0.794871794871795,0.794871794871795,0.347969281808928,0.397642626135149,0.0126984126984127,-0.0363710033933047,TRUE,FALSE,0.0126984126984127,0,-0.0496733443262214,FALSE,FALSE,0
10,53,"Bulgarian National","bulgaria.bulgaria.t1q19","10:5306::bulgaria.bulgaria.t1q19","5306","10:5306",0.577777777777778,0.156862745098039,0.495482235304804,0.291491544065069,15,17,15,0.577777777777778,0.155555555555556,0.495482235304804,0.305158472144709,-0.420915032679739,0.203990691239736,FALSE,TRUE,0.265359477124183,-0.422222222222222,0.190323763160095,FALSE,TRUE,0.266666666666667
10,53,"Bulgarian National","bulgaria.bulgaria.t1q19","10:5307::bulgaria.bulgaria.t1q19","5307","10:5307",0.769230769230769,0.357142857142857,0.315776977810447,0.442685775658871,13,14,12,0.777777777777778,0.388888888888889,0.328243975944887,0.467819643511491,-0.412087912087912,-0.126908797848423,FALSE,FALSE,-0.126373626373626,-0.388888888888889,-0.139575667566604,FALSE,FALSE,-0.166666666666667
10,53,"Bulgarian National","bulgaria.bulgaria.t1q19","10:5308::bulgaria.bulgaria.t1q19","5308","10:5308",0.571428571428571,0.533333333333333,0.379576269118795,0.373741273720925,14,15,13,0.615384615384615,0.512820512820513,0.356062672546038,0.399429793010185,-0.0380952380952381,0.00583499539786986,FALSE,TRUE,-0.0380952380952381,-0.102564102564103,-0.0433671204641478,FALSE,FALSE,-0.102564102564103
10,53,"Bulgarian National","bulgaria.bulgaria.t1q19","10:5309::bulgaria.bulgaria.t1q19","5309","10:5309",0.666666666666667,0.520833333333333,0.360041149911548,0.403112887414927,13,16,12,0.638888888888889,0.555555555555556,0.361208223150277,0.43422596485262,-0.145833333333333,-0.0430717375033797,FALSE,FALSE,-0.145833333333333,-0.0833333333333333,-0.0730177417023425,FALSE,FALSE,-0.0833333333333333
10,53,"Bulgarian National","bulgaria.bulgaria.t1q19","10:5310::bulgaria.bulgaria.t1q19","5310","10:5310",0.615384615384615,0.274509803921569,0.381181249931244,0.444648645899944,13,17,13,0.615384615384615,0.282051282051282,0.381181249931244,0.448168161357655,-0.340874811463047,-0.0634673959687,FALSE,FALSE,0.110105580693816,-0.333333333333333,-0.066986911426411,FALSE,FALSE,0.102564102564103
10,53,"Bulgarian National","bulgaria.bulgaria.t1q19","10:5311::bulgaria.bulgaria.t1q19","5311","10:5311",0.588235294117647,0.155555555555556,0.417156574733202,0.277936462610931,17,15,15,0.555555555555556,0.155555555555556,0.430331482911935,0.277936462610931,-0.432679738562092,0.139220112122271,FALSE,TRUE,0.256209150326797,-0.4,0.152395020301005,FALSE,TRUE,0.288888888888889
10,53,"Bulgarian National","bulgaria.bulgaria.t1q19","10:5312::bulgaria.bulgaria.t1q19","5312","10:5312",0.69047619047619,0.25,0.402222154763586,0.405143695670331,14,12,11,0.666666666666667,0.181818181818182,0.421637021355784,0.345241827118209,-0.44047619047619,-0.00292154090674585,FALSE,FALSE,0.0595238095238095,-0.484848484848485,0.0763951942375751,FALSE,TRUE,0.151515151515152
10,53,"Bulgarian National","bulgaria.bulgaria.t1q19","10:5313::bulgaria.bulgaria.t1q19","5313","10:5313",0.568627450980392,0.314814814814815,0.386664976331667,0.419651617450771,17,18,17,0.568627450980392,0.333333333333333,0.386664976331667,0.424918292799399,-0.253812636165577,-0.0329866411191044,FALSE,FALSE,0.116557734204793,-0.235294117647059,-0.0382533164677317,FALSE,FALSE,0.0980392156862746
10,53,"Bulgarian National","bulgaria.bulgaria.t1q19","10:5314::bulgaria.bulgaria.t1q19","5314","10:5314",0.80952380952381,0.770833333333333,0.251976315339485,0.315494908100015,14,16,14,0.80952380952381,0.785714285714286,0.251976315339485,0.309594243888022,-0.0386904761904762,-0.0635185927605304,FALSE,FALSE,-0.0386904761904762,-0.0238095238095238,-0.0576179285485369,FALSE,FALSE,-0.0238095238095238
10,53,"Bulgarian National","bulgaria.bulgaria.t1q19","10:5315::bulgaria.bulgaria.t1q19","5315","10:5315",0.722222222222222,0.5,0.343285767029625,0.481999203654147,12,12,11,0.696969696969697,0.454545454545455,0.348155311911396,0.477789522993994,-0.222222222222222,-0.138713436624523,FALSE,FALSE,-0.222222222222222,-0.242424242424242,-0.129634211082598,FALSE,FALSE,-0.151515151515151
10,53,"Bulgarian National","bulgaria.bulgaria.t1q19","10:5316::bulgaria.bulgaria.t1q19","5316","10:5316",0.69047619047619,0.571428571428571,0.422938150178816,0.422215795851101,14,14,11,0.636363636363636,0.636363636363636,0.458367767301552,0.433449867780333,-0.119047619047619,0.000722354327715558,FALSE,TRUE,-0.119047619047619,0,0.0249178995212198,FALSE,TRUE,0
10,53,"Bulgarian National","bulgaria.bulgaria.t1q19","10:5317::bulgaria.bulgaria.t1q19","5317","10:5317",0.547619047619048,0.5,0.445435403187374,0.344265186329548,14,16,14,0.547619047619048,0.476190476190476,0.445435403187374,0.363136519601281,-0.0476190476190477,0.101170216857826,FALSE,TRUE,-0.0476190476190477,-0.0714285714285715,0.0822988835860926,FALSE,TRUE,-0.0238095238095238
9,52,"Zeguo Township","chi.t1att1","9:5201::chi.t1att1","5201","9:5201",0.666666667569767,0.411904769284385,0.348010215631564,0.215075867239775,11,14,10,0.633333334326744,0.456666672229767,0.347832795124856,0.240395758068153,-0.254761898285383,0.132934348391789,FALSE,TRUE,-0.0785714368541519,-0.176666662096977,0.107437037056702,FALSE,TRUE,-0.090000006556511
9,52,"Zeguo Township","chi.t1att1","9:5202::chi.t1att1","5202","9:5202",0.643589744201073,0.645000001788139,0.314873463027393,0.346592758528262,13,10,9,0.585185186730491,0.616666671302583,0.314956394104337,0.355121260434681,0.00141025758706603,-0.0317192955008683,TRUE,FALSE,0.00141025758706603,0.0314814845720927,-0.0401648663303439,TRUE,FALSE,0.0314814845720927
9,52,"Zeguo Township","chi.t1att1","9:5203::chi.t1att1","5203","9:5203",0.671428576111794,0.652380953942026,0.299246096142243,0.246934807036059,14,14,12,0.625000007450581,0.636111112932364,0.298184739772118,0.242236349087728,-0.0190476221697671,0.0523112891061843,FALSE,TRUE,-0.0190476221697671,0.0111111054817835,0.05594839068439,TRUE,TRUE,0.0111111054817835
9,52,"Zeguo Township","chi.t1att1","9:5204::chi.t1att1","5204","9:5204",0.524242430925369,0.612500003228585,0.296307235549275,0.334023904690217,11,12,10,0.546666672825813,0.585000003874302,0.302336576546272,0.342688173786859,0.0882575723032156,-0.0377166691409416,TRUE,FALSE,0.0882575723032156,0.0383333310484887,-0.0403515972405876,TRUE,FALSE,0.0383333310484887
9,52,"Zeguo Township","chi.t1att1","9:5205::chi.t1att1","5205","9:5205",0.408333337306976,0.545000004768372,0.342580082268067,0.264347551956906,10,10,8,0.454166671261191,0.468750007450581,0.372438342930905,0.236448174318009,-0.136666667461395,0.078232530311161,FALSE,TRUE,-0.0466666579246521,-0.0145833361893892,0.135990168612896,FALSE,TRUE,-0.0145833361893892
9,52,"Zeguo Township","chi.t1att1","9:5206::chi.t1att1","5206","9:5206",0.693589746952057,0.621111114323139,0.329740248560716,0.306443151046837,13,15,12,0.705555558204651,0.601388892779748,0.341441782416469,0.261354115045077,-0.0724786326289177,0.0232970975138787,FALSE,TRUE,-0.0724786326289177,-0.104166665424903,0.0800876673713924,FALSE,TRUE,-0.104166665424903
9,52,"Zeguo Township","chi.t1att1","9:5207::chi.t1att1","5207","9:5207",0.580769233978712,0.603846151668292,0.322594093980384,0.285705248883073,13,13,10,0.588333335518837,0.536666662245989,0.284371729853833,0.269292618466498,0.0230769176895802,0.0368888450973116,TRUE,TRUE,0.0230769176895802,-0.0516666732728481,0.0150791113873349,FALSE,TRUE,-0.0516666732728481
9,52,"Zeguo Township","chi.t1att1","9:5208::chi.t1att1","5208","9:5208",0.653030303391543,0.631944444030523,0.250977884228026,0.237033252958409,11,12,9,0.68888889087571,0.635185183750259,0.253995843925839,0.266464038989617,-0.02108585936102,0.0139446312696167,FALSE,TRUE,-0.02108585936102,-0.0537037071254518,-0.0124681950637779,FALSE,FALSE,-0.0537037071254518
9,52,"Zeguo Township","chi.t1att1","9:5209::chi.t1att1","5209","9:5209",0.587500000993411,0.551190479525498,0.240907897456316,0.391439611555138,12,14,12,0.587500000993411,0.518055559446414,0.240907897456316,0.401666876609927,-0.0363095214679128,-0.150531714098822,FALSE,FALSE,-0.0363095214679128,-0.0694444415469964,-0.16075897915361,FALSE,FALSE,-0.0694444415469964
9,52,"Zeguo Township","chi.t1att1","9:5210::chi.t1att1","5210","9:5210",0.694444451067183,0.833333330021964,0.319069827795076,0.243241990253056,9,9,8,0.656250007450581,0.81249999627471,0.318346110480031,0.251306109679689,0.138888878954781,0.0758278375420208,TRUE,TRUE,0.138888878954781,0.156249988824129,0.0670400008003423,TRUE,TRUE,0.156249988824129
9,52,"Zeguo Township","chi.t1att1","9:5211::chi.t1att1","5211","9:5211",0.608974360502683,0.543333338697751,0.236351053300013,0.207096326540219,13,15,13,0.608974360502683,0.550000008482199,0.236351053300013,0.214303349349372,-0.0656410218049318,0.0292547267597938,FALSE,TRUE,-0.0656410218049318,-0.0589743520204837,0.0220477039506404,FALSE,TRUE,-0.0589743520204837
9,52,"Zeguo Township","chi.t1att1","9:5212::chi.t1att1","5212","9:5212",0.61666667006082,0.931249998509884,0.329245769328731,0.1163047118178,9,8,7,0.664285717798131,0.921428569725582,0.357903949453505,0.12198751028193,0.314583328449064,0.212941057510931,TRUE,TRUE,0.314583328449064,0.257142851927451,0.235916439171575,TRUE,TRUE,0.257142851927451
9,52,"Zeguo Township","chi.t1att1","9:5213::chi.t1att1","5213","9:5213",0.753030305558985,0.657142857355731,0.333068074441468,0.454082014523522,11,7,6,0.791666666666667,0.75,0.245798020062544,0.418330013267038,-0.0958874482032541,-0.121013940082054,FALSE,FALSE,-0.0958874482032541,-0.0416666666666666,-0.172531993204494,FALSE,FALSE,-0.0416666666666666
9,52,"Zeguo Township","chi.t1att1","9:5214::chi.t1att1","5214","9:5214",0.527272733775052,0.593749999068677,0.304345629870974,0.287767585831467,11,16,11,0.527272733775052,0.568181816827167,0.304345629870974,0.319239939141503,0.0664772652936253,0.0165780440395067,TRUE,TRUE,0.0664772652936253,0.040909083052115,-0.0148943092705294,TRUE,FALSE,0.040909083052115
9,52,"Zeguo Township","chi.t1att1","9:5215::chi.t1att1","5215","9:5215",0.596666678786278,0.62976190660681,0.181523048179874,0.177250914335104,10,14,9,0.60000001390775,0.705555558204651,0.192209375458032,0.159426046748398,0.0330952278205326,0.00427213384477054,TRUE,TRUE,0.0330952278205326,0.1055555442969,0.0327833287096338,TRUE,TRUE,0.1055555442969
9,52,"Zeguo Township","chi.t1att1","9:5216::chi.t1att1","5216","9:5216",0.633333335320155,0.614814816249741,0.429469956015432,0.281790459646899,6,9,5,0.760000002384186,0.62333333492279,0.331997318982466,0.25210226999306,-0.0185185190704134,0.147679496368532,FALSE,TRUE,-0.0185185190704134,-0.136666667461395,0.079895048989406,FALSE,TRUE,-0.136666667461395
9,52,"Zeguo Township","chi.t1att2","9:5201::chi.t1att2","5201","9:5201",0.593055556217829,0.503333338101705,0.317141454193146,0.238064277112963,12,15,12,0.593055556217829,0.47916667163372,0.317141454193146,0.242995294123731,-0.0897222181161245,0.0790771770801834,FALSE,TRUE,-0.0897222181161245,-0.113888884584109,0.0741461600694153,FALSE,TRUE,-0.0722222278515497
9,52,"Zeguo Township","chi.t1att2","9:5202::chi.t1att2","5202","9:5202",0.600000000916995,0.566666669315762,0.272590452985519,0.360940128214094,13,9,8,0.59375,0.512500002980232,0.291130457510368,0.344543634355551,-0.0333333316012325,-0.0883496752285757,FALSE,FALSE,-0.0333333316012325,-0.0812499970197678,-0.0534131768451839,FALSE,FALSE,-0.0812499970197678
9,52,"Zeguo Township","chi.t1att2","9:5203::chi.t1att2","5203","9:5203",0.657142861613205,0.708333343267441,0.290425141128278,0.220856909063249,14,16,14,0.657142861613205,0.666666678019932,0.290425141128278,0.203284980529535,0.0511904816542353,0.0695682320650296,TRUE,TRUE,0.0511904816542353,0.00952381640672684,0.0871401605987435,TRUE,TRUE,0.00952381640672684
9,52,"Zeguo Township","chi.t1att2","9:5204::chi.t1att2","5204","9:5204",0.529487186899552,0.492307696204919,0.190656011424698,0.30334671807027,13,13,12,0.519444454461336,0.491666670888662,0.195509350214836,0.316826117189754,-0.0371794906946329,-0.112690706645572,FALSE,FALSE,-0.0217948831044711,-0.0277777835726738,-0.121316766974918,FALSE,FALSE,-0.0111111253499985
9,52,"Zeguo Township","chi.t1att2","9:5205::chi.t1att2","5205","9:5205",0.427777782082558,0.620512825938372,0.288193608574664,0.276733071631979,9,13,9,0.427777782082558,0.492592601312531,0.288193608574664,0.206005506408682,-0.192735043855814,0.0114605369426849,FALSE,TRUE,0.0482906080209292,-0.0648148192299737,0.0821881021659816,FALSE,TRUE,-0.0648148192299737
9,52,"Zeguo Township","chi.t1att2","9:5206::chi.t1att2","5206","9:5206",0.606410260957021,0.63571428826877,0.312512103595403,0.368054316231867,13,14,12,0.601388892158866,0.575000002980232,0.325860032998663,0.363241577923959,0.0293040273117495,-0.055542212636464,TRUE,FALSE,0.0293040273117495,-0.0263888891786337,-0.0373815449252963,FALSE,FALSE,-0.0263888891786337
9,52,"Zeguo Township","chi.t1att2","9:5207::chi.t1att2","5207","9:5207",0.670238096799169,0.52051282616762,0.270973124499156,0.283345898342402,14,13,11,0.731818185611205,0.509090915322304,0.201997598547529,0.246347045003674,-0.149725270631549,-0.0123727738432466,FALSE,FALSE,-0.149725270631549,-0.222727270288901,-0.0443494464561454,FALSE,FALSE,-0.222727270288901
9,52,"Zeguo Township","chi.t1att2","9:5208::chi.t1att2","5208","9:5208",0.6222222186625,0.691666666950498,0.256858773323265,0.24770312016038,12,14,11,0.63333332945,0.712121213024313,0.266353980337712,0.245864786909226,0.0694444482879979,0.00915565316288494,TRUE,TRUE,0.0694444482879979,0.0787878835743123,0.0204891934284858,TRUE,TRUE,0.0787878835743123
9,52,"Zeguo Township","chi.t1att2","9:5209::chi.t1att2","5209","9:5209",0.638888895511627,0.352777781585852,0.31045204343037,0.306975580020609,12,12,11,0.606060613285411,0.369696973399682,0.302973480181523,0.316036054779088,-0.286111113925775,0.00347646340976077,FALSE,TRUE,0.00833332290252053,-0.236363639885729,-0.0130625745975644,FALSE,FALSE,0.024242413314906
9,52,"Zeguo Township","chi.t1att2","9:5210::chi.t1att2","5210","9:5210",0.748484852639112,0.633333337306976,0.225271999211696,0.412310560875204,11,5,5,0.620000004768372,0.633333337306976,0.146439216988665,0.412310560875204,-0.115151515332135,-0.187038561663508,FALSE,FALSE,-0.115151515332135,0.0133333325386047,-0.265871343886538,TRUE,FALSE,0.0133333325386047
9,52,"Zeguo Township","chi.t1att2","9:5211::chi.t1att2","5211","9:5211",0.509090915322304,0.494047624724252,0.286100569192896,0.319160698503925,11,14,8,0.527083342894912,0.547916674986482,0.317722239483124,0.309561576988384,-0.0150432905980519,-0.0330601293110282,FALSE,FALSE,-0.00313854004655567,0.0208333320915699,0.00816066249474057,TRUE,TRUE,0.0208333320915699
9,52,"Zeguo Township","chi.t1att2","9:5212::chi.t1att2","5212","9:5212",0.646296297510465,0.670833331067115,0.290566707257603,0.429631624769979,9,8,6,0.63611110796531,0.561111108089487,0.312057092556505,0.447916988258715,0.02453703355665,-0.139064917512376,TRUE,FALSE,0.02453703355665,-0.0749999998758237,-0.13585989570221,FALSE,FALSE,-0.0749999998758237
9,52,"Zeguo Township","chi.t1att2","9:5213::chi.t1att2","5213","9:5213",0.608333330601454,0.733333334326744,0.3982601014303,0.370185137673037,12,10,9,0.488888887895478,0.759259260363049,0.391223150244547,0.382890241732283,0.12500000372529,0.0280749637572634,TRUE,TRUE,0.12500000372529,-0.270370372467571,0.00833290851226404,FALSE,TRUE,0.248148148258527
9,52,"Zeguo Township","chi.t1att2","9:5214::chi.t1att2","5214","9:5214",0.527777781089147,0.507291671354324,0.265464456792766,0.189049154633035,12,16,12,0.527777781089147,0.523611116533478,0.265464456792766,0.21372812938538,-0.0204861097348233,0.0764153021597312,FALSE,TRUE,-0.0204861097348233,-0.00416666455566883,0.0517363274073863,FALSE,TRUE,-0.00416666455566883
9,52,"Zeguo Township","chi.t1att2","9:5215::chi.t1att2","5215","9:5215",0.582051281745617,0.441025652564489,0.326560465345452,0.248385101660665,13,13,12,0.584722220897675,0.416666677842538,0.34093293921117,0.24267033369293,-0.141025629181128,0.0781753636847872,FALSE,TRUE,-0.0230769343101061,-0.168055543055137,0.0982626055182393,FALSE,TRUE,-0.00138889874021214
9,52,"Zeguo Township","chi.t1att2","9:5216::chi.t1att2","5216","9:5216",0.66666667163372,0.122222223215633,0.471404520791032,0.20949675195404,4,9,4,0.66666667163372,0.275000002235174,0.471404520791032,0.24701926668913,-0.544444448418087,0.261907768836992,FALSE,TRUE,0.211111105150647,-0.391666669398546,0.224385254101902,FALSE,TRUE,0.0583333261311054
9,52,"Zeguo Township","chi.t1att3","9:5201::chi.t1att3","5201","9:5201",0.677692310168193,0.528020830824971,0.274687140562141,0.191992685480566,13,16,13,0.677692310168193,0.509871792334777,0.274687140562141,0.153246440488,-0.149671479343222,0.0826944550815752,FALSE,TRUE,-0.149671479343222,-0.167820517833416,0.121440700074141,FALSE,TRUE,-0.167820517833416
9,52,"Zeguo Township","chi.t1att3","9:5202::chi.t1att3","5202","9:5202",0.644871798845438,0.730303035879677,0.198534519217849,0.329799447679572,13,11,10,0.693333339691162,0.703333339467645,0.182776935374797,0.334608670140081,0.085431237034239,-0.131264928461724,TRUE,FALSE,0.085431237034239,0.00999999977648258,-0.151831734765283,TRUE,FALSE,0.00999999977648258
9,52,"Zeguo Township","chi.t1att3","9:5203::chi.t1att3","5203","9:5203",0.634761908224651,0.667000003655752,0.313831340021537,0.242000751795368,14,15,13,0.645128208857316,0.660641030623363,0.324141645397687,0.231987721843195,0.0322380954311007,0.0718305882261684,TRUE,TRUE,0.0322380954311007,0.0155128217660464,0.0921539235544921,TRUE,TRUE,0.0155128217660464
9,52,"Zeguo Township","chi.t1att3","9:5204::chi.t1att3","5204","9:5204",0.524722224722306,0.457575762813741,0.222326808407786,0.332612862035027,12,11,10,0.46133333593607,0.44333333671093,0.167495720071661,0.347051072573376,-0.0671464619085644,-0.110286053627241,FALSE,FALSE,0.0177020124639526,0.0179999992251396,-0.179555352501715,TRUE,FALSE,0.0179999992251396
9,52,"Zeguo Township","chi.t1att3","9:5205::chi.t1att3","5205","9:5205",0.567638883988063,0.652857143964086,0.243151088385699,0.221752367474448,12,14,11,0.528333327986977,0.63393939354203,0.211285740389043,0.244525922056821,0.0852182599760237,0.0213987209112511,TRUE,TRUE,0.0852182599760237,0.105606065555052,-0.033240181667778,TRUE,FALSE,0.105606065555052
9,52,"Zeguo Township","chi.t1att3","9:5206::chi.t1att3","5206","9:5206",0.750000004967054,0.612307696388318,0.234520784602438,0.272469449388743,12,13,11,0.754545461047779,0.541818186640739,0.245412450365986,0.231432081789452,-0.137692308578736,-0.0379486647863048,FALSE,FALSE,-0.137692308578736,-0.21272727440704,0.0139803685765339,FALSE,TRUE,-0.21272727440704
9,52,"Zeguo Township","chi.t1att3","9:5207::chi.t1att3","5207","9:5207",0.684523812362126,0.636875003576279,0.24525098477867,0.210450900865261,14,16,14,0.684523812362126,0.620714289801461,0.24525098477867,0.198085613603602,-0.0476488087858472,0.0348000839134088,FALSE,TRUE,-0.0476488087858472,-0.0638095225606645,0.0471653711750676,FALSE,TRUE,-0.0638095225606645
9,52,"Zeguo Township","chi.t1att3","9:5208::chi.t1att3","5208","9:5208",0.583974354542219,0.645238099353654,0.232250997455085,0.196598050676968,13,14,12,0.574305551747481,0.615277784566085,0.23982996499777,0.182360828310456,0.0612637448114354,0.035652946778117,TRUE,TRUE,0.0612637448114354,0.0409722328186035,0.057469136687314,TRUE,TRUE,0.0409722328186035
9,52,"Zeguo Township","chi.t1att3","9:5209::chi.t1att3","5209","9:5209",0.524242424152114,0.473611113925775,0.225137441001373,0.377890097179222,11,12,9,0.527777779433462,0.372222224871318,0.241379137987502,0.336237350670674,-0.0506313102263393,-0.152752656177849,FALSE,FALSE,0.00214646192211088,-0.155555554562145,-0.0948582126831713,FALSE,FALSE,0.0999999956952201
9,52,"Zeguo Township","chi.t1att3","9:5210::chi.t1att3","5210","9:5210",0.588888886902067,0.887878791852431,0.280128934650529,0.165511142948943,9,11,9,0.588888886902067,0.862962967819638,0.280128934650529,0.174359495434223,0.298989904950363,0.114617791701586,TRUE,TRUE,0.298989904950363,0.27407408091757,0.105769439216306,TRUE,TRUE,0.27407408091757
9,52,"Zeguo Township","chi.t1att3","9:5211::chi.t1att3","5211","9:5211",0.612500002607703,0.520222224295139,0.252312266485659,0.230236991547635,16,15,14,0.610714288694518,0.485952383173364,0.227581778130044,0.195231300625145,-0.0922777783125639,0.0220752749380236,FALSE,TRUE,-0.0922777783125639,-0.124761905521154,0.0323504775048986,FALSE,TRUE,-0.0966666718678815
9,52,"Zeguo Township","chi.t1att3","9:5212::chi.t1att3","5212","9:5212",0.725370383924908,0.925000004470348,0.233737407382821,0.148804752959114,9,8,6,0.706944460670153,0.933333337306976,0.262700532956139,0.163299306452147,0.19962962054544,0.084932654423707,TRUE,TRUE,0.19962962054544,0.226388876636823,0.0994012265039916,TRUE,TRUE,0.226388876636823
9,52,"Zeguo Township","chi.t1att3","9:5213::chi.t1att3","5213","9:5213",0.620833338052034,0.638095234121595,0.277256453823097,0.341797301193975,10,7,6,0.606944448004166,0.594444443782171,0.31930552561925,0.352399184941209,0.0172618960695607,-0.0645408473708783,TRUE,FALSE,0.0172618960695607,-0.0125000042219956,-0.0330936593219585,FALSE,FALSE,-0.0125000042219956
9,52,"Zeguo Township","chi.t1att3","9:5214::chi.t1att3","5214","9:5214",0.602857142686844,0.658958338201046,0.270342792516234,0.158075078979122,14,16,14,0.602857142686844,0.668571433850697,0.270342792516234,0.167407142850062,0.0561011955142021,0.112267713537112,TRUE,TRUE,0.0561011955142021,0.0657142911638532,0.102935649666172,TRUE,TRUE,0.0657142911638532
9,52,"Zeguo Township","chi.t1att3","9:5215::chi.t1att3","5215","9:5215",0.655128206198032,0.615444455544154,0.279747291914178,0.138584785140468,13,15,13,0.655128206198032,0.593974367930339,0.279747291914178,0.129706832048599,-0.0396837506538783,0.141162506773709,FALSE,TRUE,-0.0396837506538783,-0.0611538382676932,0.150040459865579,FALSE,TRUE,-0.0611538382676932
9,52,"Zeguo Township","chi.t1att3","9:5216::chi.t1att3","5216","9:5216",0.706666673932757,0.551481480399768,0.312243966445228,0.258479047916409,7,9,6,0.657777786254883,0.569444440305233,0.311317390223143,0.301738785181438,-0.155185193532989,0.0537649185288195,FALSE,TRUE,-0.155185193532989,-0.0883333459496498,0.0095786050417046,FALSE,TRUE,-0.0883333459496498
9,52,"Zeguo Township","chi.t1att4","9:5201::chi.t1att4","5201","9:5201",0.594444440470801,0.438461545568246,0.228369821764902,0.192736704836866,9,13,8,0.637499995529652,0.400000004097819,0.201334825885643,0.198206243941025,-0.155982894902555,0.0356331169280367,FALSE,TRUE,-0.0329059860390476,-0.237499991431832,0.00312858194461818,FALSE,TRUE,-0.037499999627471
9,52,"Zeguo Township","chi.t1att4","9:5202::chi.t1att4","5202","9:5202",0.672727275978435,0.700000002980232,0.292714566469135,0.368178700662848,11,10,7,0.671428578240531,0.571428575686046,0.338940925893622,0.372890896140148,0.0272727270017971,-0.0754641341937128,TRUE,FALSE,0.0272727270017971,-0.100000002554485,-0.0339499702465256,FALSE,FALSE,-0.100000002554485
9,52,"Zeguo Township","chi.t1att4","9:5203::chi.t1att4","5203","9:5203",0.55625000782311,0.59000000456969,0.263814736905699,0.281069382005338,8,15,7,0.514285719820431,0.607142863529069,0.254483603164116,0.271459890975481,0.0337499967465799,-0.0172546450996385,TRUE,FALSE,0.0337499967465799,0.0928571437086378,-0.0169762878113652,TRUE,FALSE,0.0928571437086378
9,52,"Zeguo Township","chi.t1att4","9:5204::chi.t1att4","5204","9:5204",0.631818184798414,0.512500000496705,0.340053472476026,0.300094683721332,11,12,9,0.638888892200258,0.533333334657881,0.322856178527621,0.239791578444181,-0.119318184301709,0.0399587887546933,FALSE,TRUE,-0.119318184301709,-0.105555557542377,0.0830646000834402,FALSE,TRUE,-0.105555557542377
9,52,"Zeguo Township","chi.t1att4","9:5205::chi.t1att4","5205","9:5205",0.5,0.624999997516473,0.353553390593274,0.385828505187707,8,12,7,0.428571428571429,0.492857141154153,0.313391585264004,0.416761891939073,NA,-0.0322751145944336,NA,FALSE,0.124999997516473,-0.0642857125827245,-0.103370306675069,FALSE,FALSE,-0.0642857125827245
9,52,"Zeguo Township","chi.t1att4","9:5206::chi.t1att4","5206","9:5206",0.690000000596046,0.49500000551343,0.243584345718344,0.373013256795088,10,10,8,0.6875,0.493750006891787,0.224801501255909,0.327803841135374,-0.194999995082617,-0.129428911076744,FALSE,FALSE,-0.185000006109476,-0.193749993108213,-0.103002339879465,FALSE,FALSE,-0.181250006891787
9,52,"Zeguo Township","chi.t1att4","9:5207::chi.t1att4","5207","9:5207",0.653846158431126,0.595833336313566,0.289008027387962,0.249962112543297,13,12,10,0.740000003576279,0.610000002384186,0.210554821247419,0.273658336967985,-0.0580128221175609,0.0390459148446655,FALSE,TRUE,-0.0580128221175609,-0.130000001192093,-0.0631035157205668,FALSE,FALSE,-0.130000001192093
9,52,"Zeguo Township","chi.t1att4","9:5208::chi.t1att4","5208","9:5208",0.683333332339923,0.70909091017463,0.252562621494959,0.232183312854752,12,11,9,0.722222222222222,0.67222222354677,0.278512913710191,0.234668797197705,0.0257575778347073,0.0203793086402076,TRUE,TRUE,0.0257575778347073,-0.0499999986754524,0.0438441165124858,FALSE,TRUE,-0.0499999986754524
9,52,"Zeguo Township","chi.t1att4","9:5209::chi.t1att4","5209","9:5209",0.625000001241763,0.422727271914482,0.312976908019305,0.348829208798741,12,11,10,0.660000002384186,0.375000001490116,0.312516665713647,0.327660056134385,-0.202272729327281,-0.0358523007794357,FALSE,FALSE,-0.0477272731562456,-0.28500000089407,-0.0151433904207381,FALSE,FALSE,-0.0350000038743019
9,52,"Zeguo Township","chi.t1att4","9:5210::chi.t1att4","5210","9:5210",0.644444447424677,0.600000001490116,0.363528234981502,0.489897947745519,9,4,4,0.512500006705523,0.600000001490116,0.246221449029093,0.489897947745519,-0.0444444459345605,-0.126369712764017,FALSE,FALSE,-0.0444444459345605,0.0874999947845936,-0.243676498716426,TRUE,FALSE,0.0874999947845936
9,52,"Zeguo Township","chi.t1att4","9:5211::chi.t1att4","5211","9:5211",0.556250005960464,0.638461546255992,0.191679603300998,0.260731220276646,8,13,7,0.585714289120265,0.700000013623919,0.186445447451627,0.160727507738646,0.0822115402955276,-0.0690516169756471,TRUE,FALSE,0.0822115402955276,0.114285724503653,0.0257179397129813,TRUE,TRUE,0.114285724503653
9,52,"Zeguo Township","chi.t1att4","9:5212::chi.t1att4","5212","9:5212",0.714285705770765,0.833333333333333,0.247847880586229,0.408248290463863,7,6,2,0.674999982118607,0.5,0.318198043104577,0.707106781186548,0.119047627562568,-0.160400409877634,TRUE,FALSE,0.119047627562568,-0.174999982118607,-0.388908738081971,FALSE,FALSE,-0.174999982118607
9,52,"Zeguo Township","chi.t1att4","9:5213::chi.t1att4","5213","9:5213",0.711111115084754,0.625,0.298724134035158,0.478713553878169,9,4,3,0.76666667064031,0.833333333333333,0.404145181550187,0.288675134594813,-0.0861111150847541,-0.179989419843011,FALSE,FALSE,-0.0861111150847541,0.0666666626930237,0.115470046955374,TRUE,TRUE,0.0666666626930237
9,52,"Zeguo Township","chi.t1att4","9:5214::chi.t1att4","5214","9:5214",0.695454543287104,0.496874999254942,0.283244192081622,0.257855738847908,11,16,11,0.695454543287104,0.481818182901903,0.283244192081622,0.217109102728604,-0.198579544032162,0.0253884532337137,FALSE,TRUE,-0.192329542542046,-0.213636360385201,0.0661350893530176,FALSE,TRUE,-0.177272726189007
9,52,"Zeguo Township","chi.t1att4","9:5215::chi.t1att4","5215","9:5215",0.622727274894714,0.639999999602636,0.313339779596207,0.197484165241514,11,15,11,0.622727274894714,0.627272722395984,0.313339779596207,0.217213745427533,0.0172727247079213,0.115855614354693,TRUE,TRUE,0.0172727247079213,0.00454544750126928,0.096126034168674,TRUE,TRUE,0.00454544750126928
9,52,"Zeguo Township","chi.t1att4","9:5216::chi.t1att4","5216","9:5216",0.649999996026357,0.711111108462016,0.504975244557408,0.312027421150558,6,9,6,0.649999996026357,0.724999999006589,0.504975244557408,0.344601220099508,0.0611111124356587,0.19294782340685,TRUE,TRUE,0.0611111124356587,0.0750000029802322,0.1603740244579,TRUE,TRUE,0.0750000029802322
9,52,"Zeguo Township","chi.t1att5","9:5201::chi.t1att5","5201","9:5201",0.710000002384186,0.853333334128062,0.272641399553575,0.20655910786782,10,15,10,0.710000002384186,0.880000001192093,0.272641399553575,0.161932768396256,0.143333331743876,0.0660822916857552,TRUE,TRUE,0.143333331743876,0.169999998807907,0.110708631157319,TRUE,TRUE,0.169999998807907
9,52,"Zeguo Township","chi.t1att5","9:5202::chi.t1att5","5202","9:5202",0.833333333333333,1,0.325669473639465,0,12,13,11,0.909090909090909,1,0.202259958738973,0,0.166666666666667,0.325669473639465,TRUE,TRUE,0.166666666666667,0.0909090909090909,0.202259958738973,TRUE,TRUE,0.0909090909090909
9,52,"Zeguo Township","chi.t1att5","9:5203::chi.t1att5","5203","9:5203",0.892307690702952,0.923076923076923,0.249871761232553,0.187766904049703,13,13,10,0.989999997615814,0.9,0.0316227841411413,0.210818510677892,0.0307692323739712,0.0621048571828505,TRUE,TRUE,0.0307692323739712,-0.0899999976158142,-0.179195726536751,FALSE,FALSE,-0.0899999976158142
9,52,"Zeguo Township","chi.t1att5","9:5204::chi.t1att5","5204","9:5204",0.836363636634567,0.957142855439867,0.290767010106292,0.134245961695601,11,14,11,0.836363636634567,0.945454543287104,0.290767010106292,0.150755673007741,0.120779218805301,0.15652104841069,TRUE,TRUE,0.120779218805301,0.109090906652537,0.140011337098551,TRUE,TRUE,0.109090906652537
9,52,"Zeguo Township","chi.t1att5","9:5205::chi.t1att5","5205","9:5205",0.766666668156783,0.95833332836628,0.32787192598786,0.0900336696559653,9,12,8,0.737500001676381,0.962499998509884,0.337797487851231,0.106066021392667,0.191666660209497,0.237838256331894,TRUE,TRUE,0.191666660209497,0.224999996833503,0.231731466458564,TRUE,TRUE,0.224999996833503
9,52,"Zeguo Township","chi.t1att5","9:5206::chi.t1att5","5206","9:5206",0.864285717053073,0.935714285820723,0.253003928070539,0.240535117322932,14,14,13,0.853846156826386,0.930769230883855,0.260177451466998,0.249615087888069,0.0714285687676498,0.0124688107476071,TRUE,TRUE,0.0714285687676498,0.076923074057469,0.0105623635789287,TRUE,TRUE,0.076923074057469
9,52,"Zeguo Township","chi.t1att5","9:5207::chi.t1att5","5207","9:5207",0.599999998624508,0.921428573983056,0.412310560875204,0.208210580982241,13,14,11,0.709090907465328,0.900000003251162,0.34483197303948,0.232378994616504,0.321428575358548,0.204099979892963,TRUE,TRUE,0.321428575358548,0.190909095785835,0.112452978422976,TRUE,TRUE,0.190909095785835
9,52,"Zeguo Township","chi.t1att5","9:5208::chi.t1att5","5208","9:5208",0.784615388283363,0.823076922159929,0.257701870672948,0.200639999769566,13,13,12,0.808333337306976,0.808333332339923,0.253908830678492,0.20207259211585,0.0384615338765658,0.0570618709033815,TRUE,TRUE,0.0384615338765658,-4.96705376828999e-09,0.0518362385626415,FALSE,TRUE,-4.96705376828999e-09
9,52,"Zeguo Township","chi.t1att5","9:5209::chi.t1att5","5209","9:5209",0.854545455087315,0.938461542129517,0.250454131899261,0.150213514286338,11,13,11,0.854545455087315,0.963636365803805,0.250454131899261,0.120604530642515,0.0839160870422017,0.100240617612922,TRUE,TRUE,0.0839160870422017,0.10909091071649,0.129849601256746,TRUE,TRUE,0.10909091071649
9,52,"Zeguo Township","chi.t1att5","9:5210::chi.t1att5","5210","9:5210",0.944444444444444,1,0.166666666666667,0,9,10,8,0.9375,1,0.176776695296637,0,0.0555555555555556,0.166666666666667,TRUE,TRUE,0.0555555555555556,0.0625,0.176776695296637,TRUE,TRUE,0.0625
9,52,"Zeguo Township","chi.t1att5","9:5211::chi.t1att5","5211","9:5211",0.860000002384186,0.900000002235174,0.206559111028236,0.222111079025754,10,16,9,0.900000002649095,0.955555558204651,0.17320507903625,0.133333325386047,0.0399999998509883,-0.0155519679975177,TRUE,FALSE,0.0399999998509883,0.0555555555555556,0.0398717536502026,TRUE,TRUE,0.0555555555555556
9,52,"Zeguo Township","chi.t1att5","9:5212::chi.t1att5","5212","9:5212",0.725000001490116,0.988888886239794,0.296407054150537,0.0333333412806193,8,9,5,0.680000001192093,1,0.294957622660502,0,0.263888884749677,0.263073712869918,TRUE,TRUE,0.263888884749677,0.319999998807907,0.294957622660502,TRUE,TRUE,0.319999998807907
9,52,"Zeguo Township","chi.t1att5","9:5213::chi.t1att5","5213","9:5213",0.827272726730867,0.899999997445515,0.249362823965224,0.188107989600158,11,14,10,0.809999999403954,0.909999996423721,0.255821117566124,0.17288403482734,0.0727272707146484,0.0612548343650657,TRUE,TRUE,0.0727272707146484,0.0999999970197678,0.0829370827387836,TRUE,TRUE,0.0999999970197678
9,52,"Zeguo Township","chi.t1att5","9:5214::chi.t1att5","5214","9:5214",0.818181818181818,0.720000001788139,0.227236361251412,0.38209946355771,11,15,10,0.8,0.730000002682209,0.230940108249396,0.371333931803649,-0.0981818163936788,-0.154863102306298,FALSE,FALSE,-0.0981818163936788,-0.069999997317791,-0.140393823554253,FALSE,FALSE,-0.069999997317791
9,52,"Zeguo Township","chi.t1att5","9:5215::chi.t1att5","5215","9:5215",0.753846153616905,1,0.28465002953437,0,13,15,13,0.753846153616905,1,0.28465002953437,0,0.246153846383095,0.28465002953437,TRUE,TRUE,0.246153846383095,0.246153846383095,0.28465002953437,TRUE,TRUE,0.246153846383095
9,52,"Zeguo Township","chi.t1att5","9:5216::chi.t1att5","5216","9:5216",1,0.960000002384186,0,0.0843273992448518,6,10,6,1,0.966666668653488,0,0.0816496532260737,-0.0399999976158142,-0.0843273992448518,FALSE,FALSE,-0.0399999976158142,-0.0333333313465118,-0.0816496532260737,FALSE,FALSE,-0.0333333313465118
9,52,"Zeguo Township","chi.t1att6","9:5201::chi.t1att6","5201","9:5201",0.698611112435659,0.597777774333954,0.226352089242943,0.224480585651453,12,15,12,0.698611112435659,0.630555551250776,0.226352089242943,0.208631100156907,-0.100833338101705,0.00187150359148994,FALSE,TRUE,-0.100833338101705,-0.0680555611848831,0.0177209890860363,FALSE,TRUE,-0.0680555611848831
9,52,"Zeguo Township","chi.t1att6","9:5202::chi.t1att6","5202","9:5202",0.814102563491234,0.732051277160645,0.212333393340622,0.248184289732771,13,13,12,0.798611110448837,0.709722216924032,0.213964304759125,0.24520227990896,-0.0820512863305899,-0.0358508963921484,FALSE,FALSE,-0.0820512863305899,-0.0888888935248057,-0.0312379751498352,FALSE,FALSE,-0.0888888935248057
9,52,"Zeguo Township","chi.t1att6","9:5203::chi.t1att6","5203","9:5203",0.786111108462016,0.788461533876566,0.206807546168877,0.234854625524758,12,13,11,0.766666663776745,0.768181812763214,0.205074514270463,0.247482271029939,0.00235042541454999,-0.0280470793558807,TRUE,FALSE,0.00235042541454999,0.00151514898646965,-0.0424077567594769,TRUE,FALSE,0.00151514898646965
9,52,"Zeguo Township","chi.t1att6","9:5204::chi.t1att6","5204","9:5204",0.718333337306976,0.654761901923588,0.211176893438123,0.229308562014207,10,14,10,0.718333337306976,0.636666667461395,0.211176893438123,0.258891273111453,-0.0635714353833879,-0.0181316685760844,FALSE,FALSE,-0.0635714353833879,-0.0816666698455811,-0.0477143796733305,FALSE,FALSE,-0.0816666698455811
9,52,"Zeguo Township","chi.t1att6","9:5205::chi.t1att6","5205","9:5205",0.666666664679845,0.57499999829701,0.384812692453705,0.254426622221385,12,14,12,0.666666664679845,0.593055554231008,0.384812692453705,0.253207537269324,-0.091666666382835,0.13038607023232,FALSE,TRUE,-0.091666666382835,-0.0736111104488373,0.131605155184381,FALSE,TRUE,-0.0736111104488373
9,52,"Zeguo Township","chi.t1att6","9:5206::chi.t1att6","5206","9:5206",0.675757573951374,0.745238091264452,0.291105521957814,0.236645772738907,11,14,11,0.675757573951374,0.675757570700212,0.291105521957814,0.219135123216962,0.0694805173130779,0.0544597492189073,TRUE,TRUE,0.0694805173130779,-3.25116245036838e-09,0.0719703987408519,FALSE,TRUE,-3.25116245036838e-09
9,52,"Zeguo Township","chi.t1att6","9:5207::chi.t1att6","5207","9:5207",0.751282046391414,0.758333332836628,0.292456194858615,0.27795549900485,13,16,13,0.751282046391414,0.815384613550626,0.292456194858615,0.255899064577987,0.00705128644521424,0.0145006958537648,TRUE,TRUE,0.00705128644521424,0.0641025671592126,0.0365571302806278,TRUE,TRUE,0.0641025671592126
9,52,"Zeguo Township","chi.t1att6","9:5208::chi.t1att6","5208","9:5208",0.719696963917125,0.5910256422483,0.249646213546109,0.282974885179118,11,13,9,0.738888883590698,0.520370372136434,0.274494484022231,0.308195663756024,-0.128671321668825,-0.0333286716330089,FALSE,FALSE,-0.128671321668825,-0.218518511454264,-0.0337011797337936,FALSE,FALSE,-0.218518511454264
9,52,"Zeguo Township","chi.t1att6","9:5209::chi.t1att6","5209","9:5209",0.711538457870483,0.698717944438641,0.316621676083402,0.293641057181395,13,13,12,0.687499996026357,0.729166662693024,0.31806905998664,0.284456328712585,-0.0128205134318425,0.0229806189020069,FALSE,TRUE,-0.0128205134318425,0.0416666666666666,0.0336127312740557,TRUE,TRUE,0.0416666666666666
9,52,"Zeguo Township","chi.t1att6","9:5210::chi.t1att6","5210","9:5210",0.753703702820672,0.819696972586892,0.30842090983804,0.314184851103671,9,11,9,0.753703702820672,0.779629633161757,0.30842090983804,0.336833474814376,0.06599326976622,-0.00576394126563129,TRUE,FALSE,0.06599326976622,0.0259259303410848,-0.0284125649763362,TRUE,FALSE,0.0259259303410848
9,52,"Zeguo Township","chi.t1att6","9:5211::chi.t1att6","5211","9:5211",0.67777777671814,0.684444443384806,0.280989371164322,0.200739374156302,15,15,13,0.670512819290161,0.671794869349553,0.302623853746354,0.191411015927924,0.00666666666666671,0.0802499970080205,TRUE,TRUE,0.00666666666666671,0.00128205005939186,0.111212837818431,TRUE,TRUE,0.00128205005939186
9,52,"Zeguo Township","chi.t1att6","9:5212::chi.t1att6","5212","9:5212",0.709259255727132,0.920833331346512,0.347721862655042,0.15320647154197,9,8,6,0.677777775128682,0.894444441795349,0.411861177704663,0.171809543771316,0.21157407561938,0.194515391113072,TRUE,TRUE,0.21157407561938,0.216666666666667,0.240051633933347,TRUE,TRUE,0.216666666666667
9,52,"Zeguo Township","chi.t1att6","9:5213::chi.t1att6","5213","9:5213",0.707575750350952,0.792307692307692,0.297710114715668,0.30976509831003,11,13,10,0.728333325386047,0.82,0.305307979786718,0.253469749310884,0.0847319419567402,-0.0120549835943617,TRUE,FALSE,0.0847319419567402,0.0916666746139527,0.0518382304758349,TRUE,TRUE,0.0916666746139527
9,52,"Zeguo Township","chi.t1att6","9:5214::chi.t1att6","5214","9:5214",0.61666665994204,0.464583329856396,0.280211555993426,0.177417169840718,13,16,13,0.61666665994204,0.494871792426476,0.280211555993426,0.184514454887864,-0.152083330085644,0.102794386152708,FALSE,TRUE,-0.0812499897984358,-0.121794867515564,0.0956971011055627,FALSE,TRUE,-0.111538452368516
9,52,"Zeguo Township","chi.t1att6","9:5215::chi.t1att6","5215","9:5215",0.711111104488373,0.636666661898295,0.26527414203912,0.24431634178283,12,15,12,0.711111104488373,0.686111106475194,0.26527414203912,0.223587972368357,-0.0744444425900777,0.02095780025629,FALSE,TRUE,-0.0744444425900777,-0.0249999980131784,0.0416861696707627,FALSE,TRUE,-0.0249999980131784
9,52,"Zeguo Township","chi.t1att6","9:5216::chi.t1att6","5216","9:5216",0.716666665673256,0.56851851410336,0.378384201632442,0.313409169618143,8,9,7,0.819047617912293,0.530952375275748,0.263070998958556,0.350981236604914,-0.148148151569896,0.0649750320142987,FALSE,TRUE,-0.148148151569896,-0.288095242636544,-0.0879102376463577,FALSE,FALSE,-0.288095242636544
9,52,"Zeguo Township","chi.t1att7","9:5201::chi.t1att7","5201","9:5201",0.754545454545455,0.575,0.19551796011434,0.225106812253821,11,14,11,0.754545454545455,0.559090909090909,0.19551796011434,0.244763336529577,-0.179545454545455,-0.0295888521394806,FALSE,FALSE,-0.179545454545455,-0.195454545454545,-0.0492453764152367,FALSE,FALSE,-0.195454545454545
9,52,"Zeguo Township","chi.t1att7","9:5202::chi.t1att7","5202","9:5202",0.670833333333333,0.433333333333333,0.416401430731394,0.302076149339864,12,9,8,0.5375,0.3625,0.452572014790385,0.229518128757995,-0.2375,0.114325281391529,FALSE,TRUE,-0.104166666666667,-0.175,0.22305388603239,FALSE,TRUE,0.1
9,52,"Zeguo Township","chi.t1att7","9:5203::chi.t1att7","5203","9:5203",0.615,0.666666666666667,0.317148755843899,0.221906341149649,10,12,8,0.54375,0.66875,0.312178405952201,0.221903292964686,0.0516666666666666,0.0952424146942508,TRUE,TRUE,0.0516666666666666,0.125,0.0902751129875146,TRUE,TRUE,0.125
9,52,"Zeguo Township","chi.t1att7","9:5204::chi.t1att7","5204","9:5204",0.6,0.583333333333333,0.330151480384384,0.270801280154532,11,12,11,0.6,0.590909090909091,0.330151480384384,0.282681960706889,-0.0166666666666666,0.0593502002298515,FALSE,TRUE,-0.0166666666666666,-0.00909090909090904,0.047469519677495,FALSE,TRUE,-0.00909090909090904
9,52,"Zeguo Township","chi.t1att7","9:5205::chi.t1att7","5205","9:5205",0.55,0.433333333333333,0.397649343014672,0.281500309489038,9,12,7,0.528571428571429,0.442857142857143,0.401929868319859,0.338413666278136,-0.116666666666667,0.116149033525634,FALSE,TRUE,0.0166666666666666,-0.0857142857142857,0.0635162020417229,FALSE,TRUE,0.0285714285714286
9,52,"Zeguo Township","chi.t1att7","9:5206::chi.t1att7","5206","9:5206",0.56,0.578571428571429,0.368027776729481,0.31299685775904,10,14,10,0.56,0.45,0.368027776729481,0.252762514801718,0.0185714285714286,0.0550309189704402,TRUE,TRUE,0.0185714285714286,-0.11,0.115265261927762,FALSE,TRUE,-0.0100000000000001
9,52,"Zeguo Township","chi.t1att7","9:5207::chi.t1att7","5207","9:5207",0.65,0.55,0.314245127249413,0.29940417021621,13,15,13,0.65,0.534615384615385,0.314245127249413,0.317794886276651,-0.1,0.0148409570332035,FALSE,TRUE,-0.1,-0.115384615384615,-0.00354975902723798,FALSE,FALSE,-0.115384615384615
9,52,"Zeguo Township","chi.t1att7","9:5208::chi.t1att7","5208","9:5208",0.568181818181818,0.704166666666667,0.331113822780571,0.219977615941149,11,12,9,0.627777777777778,0.738888888888889,0.304252271058811,0.208832734769028,0.135984848484848,0.111136206839423,TRUE,TRUE,0.135984848484848,0.111111111111111,0.0954195362897836,TRUE,TRUE,0.111111111111111
9,52,"Zeguo Township","chi.t1att7","9:5209::chi.t1att7","5209","9:5209",0.713636363636364,0.4375,0.324107165217702,0.421105147741684,11,12,11,0.713636363636364,0.477272727272727,0.324107165217702,0.417350953253755,-0.276136363636364,-0.0969979825239823,FALSE,FALSE,-0.151136363636364,-0.236363636363636,-0.0932437880360536,FALSE,FALSE,-0.190909090909091
9,52,"Zeguo Township","chi.t1att7","9:5210::chi.t1att7","5210","9:5210",0.542857142857143,0.6,0.373528860362636,0.393700393700591,7,6,5,0.62,0.52,0.414728827066554,0.381772183376421,0.0571428571428572,-0.0201715333379547,TRUE,FALSE,0.0571428571428572,-0.1,0.0329566436901329,FALSE,TRUE,-0.1
9,52,"Zeguo Township","chi.t1att7","9:5211::chi.t1att7","5211","9:5211",0.718181818181818,0.593333333333333,0.248266718744909,0.232122709748427,11,15,10,0.69,0.53,0.242441287279576,0.235937844922485,-0.124848484848485,0.016144008996482,FALSE,TRUE,-0.124848484848485,-0.16,0.00650344235709055,FALSE,TRUE,-0.16
9,52,"Zeguo Township","chi.t1att7","9:5212::chi.t1att7","5212","9:5212",0.7,0.9625,0.301188123461543,0.075,8,4,2,0.75,1,0.353553390593274,0,0.2625,0.226188123461543,TRUE,TRUE,0.2625,0.25,0.353553390593274,TRUE,TRUE,0.25
9,52,"Zeguo Township","chi.t1att7","9:5213::chi.t1att7","5213","9:5213",0.615,0.791666666666667,0.344842959427428,0.237521928812198,10,6,4,0.575,0.8,0.43493294502333,0.244948974278318,0.176666666666667,0.10732103061523,TRUE,TRUE,0.176666666666667,0.225,0.189983970745012,TRUE,TRUE,0.225
9,52,"Zeguo Township","chi.t1att7","9:5214::chi.t1att7","5214","9:5214",0.555,0.471875,0.307724624371279,0.26265868219675,10,16,10,0.555,0.43,0.307724624371279,0.249666444147653,-0.083125,0.0450659421745285,FALSE,TRUE,-0.0268749999999999,-0.125,0.0580581802236251,FALSE,TRUE,0.0150000000000001
9,52,"Zeguo Township","chi.t1att7","9:5215::chi.t1att7","5215","9:5215",0.6,0.463333333333333,0.347719845434641,0.2302689938394,12,15,12,0.6,0.466666666666667,0.347719845434641,0.236771210371122,-0.136666666666667,0.117450851595242,FALSE,TRUE,-0.0633333333333333,-0.133333333333333,0.11094863506352,FALSE,TRUE,-0.0666666666666667
9,52,"Zeguo Township","chi.t1att7","9:5216::chi.t1att7","5216","9:5216",0.491666666666667,0.577777777777778,0.44990739787946,0.287348994159444,6,9,5,0.59,0.57,0.42485291572496,0.332791225845875,-0.086111111111111,0.162558403720015,FALSE,TRUE,0.0694444444444444,-0.02,0.0920616898790853,FALSE,TRUE,-0.02
9,52,"Zeguo Township","chi.t1att8","9:5201::chi.t1att8","5201","9:5201",0.672727270559831,0.571428575686046,0.284924232961342,0.279913642629034,11,14,10,0.639999997615814,0.490000006556511,0.277688875043707,0.253640167178263,-0.101298694873785,0.00501059033230833,FALSE,TRUE,-0.101298694873785,-0.149999991059303,0.0240487078654438,FALSE,TRUE,-0.130000004172325
9,52,"Zeguo Township","chi.t1att8","9:5202::chi.t1att8","5202","9:5202",0.622727273878726,0.440000003576279,0.44741682860519,0.374759182570997,11,10,8,0.512500001583248,0.300000004470348,0.478651380169229,0.261861472185231,-0.182727270302447,0.0726576460341937,FALSE,TRUE,-0.0627272774550047,-0.2124999971129,0.216789907983998,FALSE,TRUE,0.187499993946403
9,52,"Zeguo Township","chi.t1att8","9:5203::chi.t1att8","5203","9:5203",0.634999991953373,0.618181830102747,0.355160365576151,0.235873618690162,10,11,7,0.521428570151329,0.614285724503653,0.368394197410052,0.224933854603378,-0.0168181618506258,0.119286746885989,FALSE,TRUE,-0.0168181618506258,0.0928571543523243,0.143460342806674,TRUE,TRUE,0.0928571543523243
9,52,"Zeguo Township","chi.t1att8","9:5204::chi.t1att8","5204","9:5204",0.649999992413954,0.37083333482345,0.314642650851762,0.396838833780752,11,12,11,0.649999992413954,0.372727274894714,0.314642650851762,0.416151195453527,-0.279166657590505,-0.0821961829289906,FALSE,FALSE,-0.0208333272374038,-0.27727271751924,-0.101508544601765,FALSE,FALSE,-0.0227272673086687
9,52,"Zeguo Township","chi.t1att8","9:5205::chi.t1att8","5205","9:5205",0.545454542745243,0.427272731607611,0.420983696194711,0.304436885032105,11,11,8,0.43749999627471,0.387500002980232,0.424894943470953,0.344082630405563,-0.118181811137633,0.116546811162606,FALSE,TRUE,0.0272727256471461,0.0499999932944775,0.0808123130653907,TRUE,TRUE,0.0499999932944775
9,52,"Zeguo Township","chi.t1att8","9:5206::chi.t1att8","5206","9:5206",0.511111113760206,0.561538467040429,0.371464817442849,0.309673110172389,9,13,8,0.481250002980232,0.475000008940697,0.385391729712916,0.166904593609762,0.0504273532802223,0.0617917072704601,TRUE,TRUE,0.0504273532802223,0.00624999403953552,0.218487136103153,TRUE,TRUE,0.00624999403953552
9,52,"Zeguo Township","chi.t1att8","9:5207::chi.t1att8","5207","9:5207",0.670000000794729,0.443333335717519,0.334770710139149,0.253452352557057,15,15,14,0.664285715137209,0.435714287417276,0.346647998631517,0.261231234418208,-0.226666665077209,0.0813183575820917,FALSE,TRUE,-0.113333336512248,-0.228571427719934,0.0854167642133093,FALSE,TRUE,-0.100000002554485
9,52,"Zeguo Township","chi.t1att8","9:5208::chi.t1att8","5208","9:5208",0.635000002384186,0.710000002384186,0.267758182926157,0.246981774027713,10,10,7,0.642857142857143,0.757142863103322,0.245676908264711,0.243975011111532,0.0750000000000001,0.0207764088984437,TRUE,TRUE,0.0750000000000001,0.114285720246179,0.00170189715317934,TRUE,TRUE,0.114285720246179
9,52,"Zeguo Township","chi.t1att8","9:5209::chi.t1att8","5209","9:5209",0.622727277604016,0.446153849936449,0.308515508348698,0.371069144126898,11,13,10,0.585000005364418,0.420000002533197,0.297255971091521,0.352136340129507,-0.176573427667568,-0.0625536357782,FALSE,FALSE,-0.068881127540465,-0.165000002831221,-0.054880369037985,FALSE,FALSE,-0.0050000078976154
9,52,"Zeguo Township","chi.t1att8","9:5210::chi.t1att8","5210","9:5210",0.564285721097674,0.616666659712791,0.469675675602174,0.380350713834364,7,6,5,0.540000009536743,0.53999999165535,0.507937007723101,0.369797237631872,0.0523809386151177,0.0893249617678102,TRUE,TRUE,0.0523809386151177,-1.78813934770261e-08,0.138139770091229,FALSE,TRUE,-1.78813934770261e-08
9,52,"Zeguo Township","chi.t1att8","9:5211::chi.t1att8","5211","9:5211",0.608333334326744,0.629999999205271,0.298354069055109,0.235129142687073,12,15,10,0.580000001192093,0.589999994635582,0.299258340596289,0.235466435975212,0.0216666648785273,0.0632249263680367,TRUE,TRUE,0.0216666648785273,0.00999999344348901,0.0637919046210774,TRUE,TRUE,0.00999999344348901
9,52,"Zeguo Township","chi.t1att8","9:5212::chi.t1att8","5212","9:5212",0.600000002554485,0.970000004768372,0.359397644905155,0.0670820286625907,7,5,3,0.666666666666667,1,0.577350269189626,0,0.370000002213887,0.292315616242565,TRUE,TRUE,0.370000002213887,0.333333333333333,0.577350269189626,TRUE,TRUE,0.333333333333333
9,52,"Zeguo Township","chi.t1att8","9:5213::chi.t1att8","5213","9:5213",0.615000000596046,0.692857143070017,0.301892180867641,0.40044617935831,10,7,5,0.75,0.75,0.180277565426335,0.353553390593274,0.0778571424739701,-0.0985539984906683,TRUE,FALSE,0.0778571424739701,0,-0.173275825166939,FALSE,FALSE,0
9,52,"Zeguo Township","chi.t1att8","9:5214::chi.t1att8","5214","9:5214",0.5545454621315,0.403125000419095,0.236066247329536,0.294657286537927,11,16,11,0.5545454621315,0.381818182427775,0.236066247329536,0.247257686290597,-0.151420461712405,-0.0585910392083913,FALSE,FALSE,0.0423295374494046,-0.172727279703725,-0.0111914389610615,FALSE,FALSE,0.063636355440725
9,52,"Zeguo Township","chi.t1att8","9:5215::chi.t1att8","5215","9:5215",0.500000002709302,0.400000001969082,0.35916570133196,0.249615085190244,11,14,10,0.550000002980232,0.420000002160668,0.33582402917675,0.246306040094072,-0.10000000074022,0.109550616141716,FALSE,TRUE,0.099999995321616,-0.130000000819564,0.0895179890826778,FALSE,TRUE,0.0299999948590994
9,52,"Zeguo Township","chi.t1att8","9:5216::chi.t1att8","5216","9:5216",0.707142859697342,0.46111111342907,0.400446178184379,0.275882424068622,7,9,7,0.707142859697342,0.521428574408804,0.400446178184379,0.287020823332854,-0.246031746268272,0.124563754115757,FALSE,TRUE,-0.168253973126411,-0.185714285288538,0.113425354851525,FALSE,TRUE,-0.185714285288538
9,52,"Zeguo Township","chi.t1att9","9:5201::chi.t1att9","5201","9:5201",0.817307692307692,0.84375,0.222529167239995,0.151794812942193,13,16,13,0.817307692307692,0.876923079674061,0.222529167239995,0.108234666727329,0.0264423076923077,0.0707343542978012,TRUE,TRUE,0.0264423076923077,0.0596153873663683,0.114294500512666,TRUE,TRUE,0.0596153873663683
9,52,"Zeguo Township","chi.t1att9","9:5202::chi.t1att9","5202","9:5202",0.844047623021262,0.963333336512248,0.184594397298398,0.0660537253784542,14,15,14,0.844047623021262,0.960714289120265,0.184594397298398,0.0677341232992347,0.119285713490986,0.118540671919943,TRUE,TRUE,0.119285713490986,0.116666666099003,0.116860273999163,TRUE,TRUE,0.116666666099003
9,52,"Zeguo Township","chi.t1att9","9:5203::chi.t1att9","5203","9:5203",0.91130952324186,0.938690470797675,0.120876747745953,0.0812303366643905,14,14,12,0.902083332339923,0.945138881603877,0.128123848343218,0.0752486139723597,0.0273809475558144,0.0396464110815626,TRUE,TRUE,0.0273809475558144,0.0430555492639542,0.0528752343708583,TRUE,TRUE,0.0430555492639542
9,52,"Zeguo Township","chi.t1att9","9:5204::chi.t1att9","5204","9:5204",0.906944443782171,0.966071426868439,0.115515607977713,0.0676580365012897,12,14,12,0.906944443782171,0.960416664679845,0.115515607977713,0.0718729412779158,0.0591269830862681,0.0478575714764234,TRUE,TRUE,0.0591269830862681,0.0534722208976746,0.0436426666997973,TRUE,TRUE,0.0534722208976746
9,52,"Zeguo Township","chi.t1att9","9:5205::chi.t1att9","5205","9:5205",0.777272728356448,0.851190477609634,0.238865690913553,0.160190093836803,11,14,11,0.777272728356448,0.859090908007188,0.238865690913553,0.16555691109572,0.0739177492531863,0.07867559707675,TRUE,TRUE,0.0739177492531863,0.0818181796507401,0.0733087798178329,TRUE,TRUE,0.0818181796507401
9,52,"Zeguo Township","chi.t1att9","9:5206::chi.t1att9","5206","9:5206",0.892307691849195,0.910416668280959,0.221825903429111,0.150508397197999,13,16,13,0.892307691849195,0.93076923260322,0.221825903429111,0.100599165928085,0.0181089764317641,0.0713175062311126,TRUE,TRUE,0.0181089764317641,0.0384615407540249,0.121226737501026,TRUE,TRUE,0.0384615407540249
9,52,"Zeguo Township","chi.t1att9","9:5207::chi.t1att9","5207","9:5207",0.847777779897054,0.918749999254942,0.277396956964372,0.152342811875023,15,16,15,0.847777779897054,0.913333332538605,0.277396956964372,0.156086816079573,0.0709722193578879,0.12505414508935,TRUE,TRUE,0.0709722193578879,0.0655555526415507,0.1213101408848,TRUE,TRUE,0.0655555526415507
9,52,"Zeguo Township","chi.t1att9","9:5208::chi.t1att9","5208","9:5208",0.764743589437925,0.826388888061047,0.245518953756687,0.18459734002672,13,12,11,0.767424242063002,0.819696970961311,0.244507850201757,0.192074664077368,0.0616452986231217,0.0609216137299671,TRUE,TRUE,0.0616452986231217,0.0522727288983085,0.0524331861243889,TRUE,TRUE,0.0522727288983085
9,52,"Zeguo Township","chi.t1att9","9:5209::chi.t1att9","5209","9:5209",0.814285716840199,0.924358973136315,0.160142449648604,0.0977443257202835,14,13,13,0.800000002750984,0.924358973136315,0.157122563150518,0.0977443257202835,0.110073256296116,0.0623981239283208,TRUE,TRUE,0.110073256296116,0.124358970385331,0.0593782374302344,TRUE,TRUE,0.124358970385331
9,52,"Zeguo Township","chi.t1att9","9:5210::chi.t1att9","5210","9:5210",0.751666671037674,0.947499996423721,0.314215658977693,0.112082565859232,10,10,9,0.774074077606201,0.941666662693024,0.324691210017229,0.117260401302544,0.195833325386047,0.202133093118461,TRUE,TRUE,0.195833325386047,0.167592585086823,0.207430808714685,TRUE,TRUE,0.167592585086823
9,52,"Zeguo Township","chi.t1att9","9:5211::chi.t1att9","5211","9:5211",0.82291667163372,0.87647058858591,0.181875514019656,0.160328310530725,16,17,16,0.82291667163372,0.868750000372529,0.181875514019656,0.162289748971832,0.0535539169521893,0.0215472034889315,TRUE,TRUE,0.0535539169521893,0.0458333287388086,0.0195857650478243,TRUE,TRUE,0.0458333287388086
9,52,"Zeguo Township","chi.t1att9","9:5212::chi.t1att9","5212","9:5212",0.778124995529652,0.974999999006589,0.295029507974911,0.0621581556149343,8,12,8,0.778124995529652,0.987499997019768,0.295029507974911,0.0353553474886971,0.196875003476938,0.232871352359976,TRUE,TRUE,0.196875003476938,0.209375001490116,0.259674160486214,TRUE,TRUE,0.209375001490116
9,52,"Zeguo Township","chi.t1att9","9:5213::chi.t1att9","5213","9:5213",0.808333335301051,0.861538458902102,0.296858552076601,0.255892106566744,13,13,12,0.872916668653488,0.924999997019768,0.192311989786936,0.11965861230162,0.0532051236010515,0.0409664455098576,TRUE,TRUE,0.0532051236010515,0.0520833283662796,0.0726533774853158,TRUE,TRUE,0.0520833283662796
9,52,"Zeguo Township","chi.t1att9","9:5214::chi.t1att9","5214","9:5214",0.751282050059392,0.96614583209157,0.22586885046006,0.0612726744120964,13,16,13,0.751282050059392,0.980769230769231,0.22586885046006,0.0469417260124257,0.214863782032178,0.164596176047963,TRUE,TRUE,0.214863782032178,0.229487180709839,0.178927124447634,TRUE,TRUE,0.229487180709839
9,52,"Zeguo Township","chi.t1att9","9:5215::chi.t1att9","5215","9:5215",0.782692308609302,0.95,0.240308962112533,0.0876274645046575,13,15,13,0.782692308609302,0.957692306775313,0.240308962112533,0.0825281711940721,0.167307691390698,0.152681497607875,TRUE,TRUE,0.167307691390698,0.174999998166011,0.157780790918461,TRUE,TRUE,0.174999998166011
9,52,"Zeguo Township","chi.t1att9","9:5216::chi.t1att9","5216","9:5216",0.892857142857143,0.967500001192093,0.28347335475692,0.0799739533895055,7,10,7,0.892857142857143,0.953571430274418,0.28347335475692,0.0940174749754166,0.07464285833495,0.203499401367415,TRUE,TRUE,0.07464285833495,0.0607142874172755,0.189455879781504,TRUE,TRUE,0.0607142874172755
16,95,"By the People 2004 US Presidential Primaries","btp04pr.t1trade","16:9501::btp04pr.t1trade","9501","16:9501",0.486083333690961,0.738071428877967,0.31353452941437,0.24209866519256,12,14,12,0.486083333690961,0.75,0.31353452941437,0.251279633902885,-0.251988095187005,0.0714358642218101,FALSE,TRUE,0.224154762568928,-0.263916666309039,0.0622548955114858,FALSE,TRUE,0.236083333690961
16,95,"By the People 2004 US Presidential Primaries","btp04pr.t1trade","16:9502::btp04pr.t1trade","9502","16:9502",0.714285714285714,0.722266666094462,0.280586865943127,0.224168134556383,14,15,13,0.769230769230769,0.743615384285267,0.198751585311639,0.231865097094097,0.0079809518087478,0.056418731386745,TRUE,TRUE,0.0079809518087478,-0.0256153849455026,-0.0331135117824583,FALSE,FALSE,-0.0256153849455026
16,95,"By the People 2004 US Presidential Primaries","btp04pr.t1trade","16:9503::btp04pr.t1trade","9503","16:9503",0.622200000286102,0.708499997854233,0.255620589427572,0.231676787169706,15,16,15,0.622200000286102,0.689066664377848,0.255620589427572,0.225906892593594,0.0862999975681304,0.0239438022578659,TRUE,TRUE,0.0862999975681304,0.066866664091746,0.029713696833978,TRUE,TRUE,0.066866664091746
16,95,"By the People 2004 US Presidential Primaries","btp04pr.t1trade","16:9504::btp04pr.t1trade","9504","16:9504",0.576999999009646,0.555533333619436,0.29356231600408,0.325243177153563,13,15,13,0.576999999009646,0.551230769891005,0.29356231600408,0.349429811189932,-0.0214666653902104,-0.0316808611494834,FALSE,FALSE,-0.0214666653902104,-0.0257692291186407,-0.0558674951858519,FALSE,FALSE,-0.0257692291186407
16,95,"By the People 2004 US Presidential Primaries","btp04pr.t1trade","16:9505::btp04pr.t1trade","9505","16:9505",0.681727273897691,0.756307693628164,0.273303894696529,0.221648891241642,11,13,11,0.681727273897691,0.712000001560558,0.273303894696529,0.21193678400745,0.0745804197304732,0.0516550034548869,TRUE,TRUE,0.0745804197304732,0.0302727276628668,0.0613671106890788,TRUE,TRUE,0.0302727276628668
16,95,"By the People 2004 US Presidential Primaries","btp04pr.t1trade","16:9506::btp04pr.t1trade","9506","16:9506",0.588866666952769,0.711133333047231,0.273627449093262,0.324013419128332,15,15,15,0.588866666952769,0.711133333047231,0.273627449093262,0.324013419128332,0.122266666094462,-0.0503859700350693,TRUE,FALSE,0.122266666094462,0.122266666094462,-0.0503859700350693,TRUE,FALSE,0.122266666094462
16,95,"By the People 2004 US Presidential Primaries","btp04pr.t1trade","16:9507::btp04pr.t1trade","9507","16:9507",0.729125000536442,0.733399999141693,0.250780747853427,0.238130778659714,8,10,8,0.729125000536442,0.75,0.250780747853427,0.267083188903999,0.00427499860525127,0.0126499691937133,TRUE,TRUE,0.00427499860525127,0.0208749994635582,-0.0163024410505715,TRUE,FALSE,0.0208749994635582
16,95,"By the People 2004 US Presidential Primaries","btp04pr.t1trade","16:9508::btp04pr.t1trade","9508","16:9508",0.520874999463558,0.666666666666667,0.287645834752604,0.322555036555283,8,9,8,0.520874999463558,0.645874999463558,0.287645834752604,0.338317029310702,0.145791667203108,-0.0349092018026784,TRUE,FALSE,0.145791667203108,0.125,-0.0506711945580982,TRUE,FALSE,0.125
16,95,"By the People 2004 US Presidential Primaries","btp04pr.t1trade","16:9509::btp04pr.t1trade","9509","16:9509",0.555555555555556,0.614105262254414,0.318298273265569,0.314511066042027,18,19,18,0.555555555555556,0.629722221030129,0.318298273265569,0.315957891521717,0.0585497066988582,0.00378720722354198,TRUE,TRUE,0.0585497066988582,0.0741666654745737,0.00234038174385143,TRUE,TRUE,0.0741666654745737
16,95,"By the People 2004 US Presidential Primaries","btp04pr.t1trade","16:9510::btp04pr.t1trade","9510","16:9510",0.611222220791711,0.729125000536442,0.220416525694448,0.280931834680351,9,8,7,0.595285713672638,0.690428572041648,0.251882059778735,0.279464878465949,0.117902779744731,-0.0605153089859028,TRUE,FALSE,0.117902779744731,0.0951428583690098,-0.0275828186872141,TRUE,FALSE,0.0951428583690098
16,95,"By the People 2004 US Presidential Primaries","btp04pr.t1trade","16:9511::btp04pr.t1trade","9511","16:9511",0.651545454155315,0.576923076923077,0.174016875615458,0.221624857087995,11,13,11,0.651545454155315,0.575727273117412,0.174016875615458,0.239867502358271,-0.0746223772322382,-0.0476079814725369,FALSE,FALSE,-0.0746223772322382,-0.0758181810379028,-0.0658506267428125,FALSE,FALSE,-0.0758181810379028
16,95,"By the People 2004 US Presidential Primaries","btp04pr.t1trade","16:9512::btp04pr.t1trade","9512","16:9512",0.555555555555556,0.5625,0.300532073561526,0.307827873646956,9,8,8,0.520874999463558,0.5625,0.301415438985632,0.307827873646956,0.00694444444444442,-0.00729580008543051,TRUE,FALSE,0.00694444444444442,0.0416250005364418,-0.00641243466132396,TRUE,FALSE,0.0416250005364418
16,95,"By the People 2004 US Presidential Primaries","btp04pr.t1trade","16:9513::btp04pr.t1trade","9513","16:9513",0.627529410754933,0.666611111826367,0.266948524958249,0.297077359053944,17,18,14,0.583428570202419,0.690428572041648,0.267530793335674,0.298541509750947,0.0390817010714338,-0.0301288340956951,TRUE,FALSE,0.0390817010714338,0.107000001839229,-0.0310107164152728,TRUE,FALSE,0.107000001839229
16,95,"By the People 2004 US Presidential Primaries","btp04pr.t1trade","16:9514::btp04pr.t1trade","9514","16:9514",0.499875001609325,0.458374999463558,0.321257545131604,0.231326571986899,8,8,7,0.4284285732678,0.476285713059562,0.269749177710608,0.243796170090734,0.0415000021457672,0.0899309731447044,TRUE,TRUE,0.0415000021457672,-0.0478571397917611,0.025953007619874,FALSE,TRUE,-0.0478571397917611
16,95,"By the People 2004 US Presidential Primaries","btp04pr.t1trade","16:9515::btp04pr.t1trade","9515","16:9515",0.564230767580179,0.513999998569489,0.284983962225175,0.358530080487109,13,12,12,0.555666665236155,0.513999998569489,0.295903648978872,0.358530080487109,-0.0502307690106906,-0.0735461182619337,FALSE,FALSE,-0.0502307690106906,-0.0416666666666666,-0.0626264315082364,FALSE,FALSE,-0.0416666666666666
16,95,"By the People 2004 US Presidential Primaries","btp04pr.t1trade","16:9516::btp04pr.t1trade","9516","16:9516",0.703666667143504,0.520874999463558,0.182045325386171,0.139365330804795,9,8,8,0.666625000536442,0.520874999463558,0.154149222359184,0.139365330804795,-0.182791667679946,0.0426799945813765,FALSE,TRUE,-0.182791667679946,-0.145750001072884,0.0147838915543888,FALSE,TRUE,-0.145750001072884
16,95,"By the People 2004 US Presidential Primaries","btp04pr.t1mindex","16:9501::btp04pr.t1mindex","9501","16:9501",0.708285713834422,0.792666663016592,0.239143692784393,0.217938406162992,14,14,14,0.708285713834422,0.792666663016592,0.239143692784393,0.217938406162992,0.0843809491821698,0.0212052866214017,TRUE,TRUE,0.0843809491821698,0.0843809491821698,0.0212052866214017,TRUE,TRUE,0.0843809491821698
16,95,"By the People 2004 US Presidential Primaries","btp04pr.t1mindex","16:9502::btp04pr.t1mindex","9502","16:9502",0.695322913117707,0.727416671812534,0.263591268494024,0.227093894065541,16,16,16,0.695322913117707,0.727416671812534,0.263591268494024,0.227093894065541,0.0320937586948276,0.0364973744284825,TRUE,TRUE,0.0320937586948276,0.0320937586948276,0.0364973744284825,TRUE,TRUE,0.0320937586948276
16,95,"By the People 2004 US Presidential Primaries","btp04pr.t1mindex","16:9503::btp04pr.t1mindex","9503","16:9503",0.571187506429851,0.65617708535865,0.291420633974138,0.272511044723492,16,16,16,0.571187506429851,0.65617708535865,0.291420633974138,0.272511044723492,0.0849895789287984,0.018909589250647,TRUE,TRUE,0.0849895789287984,0.0849895789287984,0.018909589250647,TRUE,TRUE,0.0849895789287984
16,95,"By the People 2004 US Presidential Primaries","btp04pr.t1mindex","16:9504::btp04pr.t1mindex","9504","16:9504",0.569455558558305,0.618533333390951,0.316238937976873,0.326350912611059,15,15,15,0.569455558558305,0.618533333390951,0.316238937976873,0.326350912611059,0.0490777748326461,-0.0101119746341862,TRUE,FALSE,0.0490777748326461,0.0490777748326461,-0.0101119746341862,TRUE,FALSE,0.0490777748326461
16,95,"By the People 2004 US Presidential Primaries","btp04pr.t1mindex","16:9505::btp04pr.t1mindex","9505","16:9505",0.680538458319811,0.747871802403377,0.266274798158647,0.201071551560706,13,13,13,0.680538458319811,0.747871802403377,0.266274798158647,0.201071551560706,0.067333344083566,0.0652032465979407,TRUE,TRUE,0.067333344083566,0.067333344083566,0.0652032465979407,TRUE,TRUE,0.067333344083566
16,95,"By the People 2004 US Presidential Primaries","btp04pr.t1mindex","16:9506::btp04pr.t1mindex","9506","16:9506",0.545333328843117,0.640711107850075,0.24778680193298,0.273635744974973,15,15,15,0.545333328843117,0.640711107850075,0.24778680193298,0.273635744974973,0.095377779006958,-0.0258489430419928,TRUE,FALSE,0.095377779006958,0.095377779006958,-0.0258489430419928,TRUE,FALSE,0.095377779006958
16,95,"By the People 2004 US Presidential Primaries","btp04pr.t1mindex","16:9507::btp04pr.t1mindex","9507","16:9507",0.628787879239429,0.641393939202482,0.307128466135637,0.268563662173121,11,11,11,0.628787879239429,0.641393939202482,0.307128466135637,0.268563662173121,0.0126060599630529,0.0385648039625158,TRUE,TRUE,0.0126060599630529,0.0126060599630529,0.0385648039625158,TRUE,TRUE,0.0126060599630529
16,95,"By the People 2004 US Presidential Primaries","btp04pr.t1mindex","16:9508::btp04pr.t1mindex","9508","16:9508",0.529166670143604,0.577799998223782,0.264479377846474,0.161859501190462,10,10,10,0.529166670143604,0.577799998223782,0.264479377846474,0.161859501190462,0.0486333280801773,0.102619876656012,TRUE,TRUE,0.0486333280801773,0.0486333280801773,0.102619876656012,TRUE,TRUE,0.0486333280801773
16,95,"By the People 2004 US Presidential Primaries","btp04pr.t1mindex","16:9509::btp04pr.t1mindex","9509","16:9509",0.622824566144692,0.565771929527584,0.251754273819117,0.24606139555701,19,19,19,0.622824566144692,0.565771929527584,0.251754273819117,0.24606139555701,-0.0570526366171084,0.00569287826210735,FALSE,TRUE,-0.0570526366171084,-0.0570526366171084,0.00569287826210735,FALSE,TRUE,-0.0570526366171084
16,95,"By the People 2004 US Presidential Primaries","btp04pr.t1mindex","16:9510::btp04pr.t1mindex","9510","16:9510",0.672166664898395,0.652699994295835,0.20731976961326,0.286661641637292,10,10,10,0.672166664898395,0.652699994295835,0.20731976961326,0.286661641637292,-0.01946667060256,-0.0793418720240317,FALSE,FALSE,-0.01946667060256,-0.01946667060256,-0.0793418720240317,FALSE,FALSE,-0.01946667060256
16,95,"By the People 2004 US Presidential Primaries","btp04pr.t1mindex","16:9511::btp04pr.t1mindex","9511","16:9511",0.763880951063974,0.698380953499249,0.159262920891391,0.18643437192615,14,14,14,0.763880951063974,0.698380953499249,0.159262920891391,0.18643437192615,-0.0654999975647246,-0.027171451034759,FALSE,FALSE,-0.0654999975647246,-0.0654999975647246,-0.027171451034759,FALSE,FALSE,-0.0654999975647246
16,95,"By the People 2004 US Presidential Primaries","btp04pr.t1mindex","16:9512::btp04pr.t1mindex","9512","16:9512",0.6296666773657,0.574074081248707,0.326265361127841,0.300760371256207,9,9,9,0.6296666773657,0.574074081248707,0.326265361127841,0.300760371256207,-0.0555925961169931,0.0255049898716341,FALSE,TRUE,-0.0555925961169931,-0.0555925961169931,0.0255049898716341,FALSE,TRUE,-0.0555925961169931
16,95,"By the People 2004 US Presidential Primaries","btp04pr.t1mindex","16:9513::btp04pr.t1mindex","9513","16:9513",0.641523807886101,0.656079361836115,0.26186734477738,0.285497010822396,21,21,21,0.641523807886101,0.656079361836115,0.26186734477738,0.285497010822396,0.0145555539500145,-0.0236296660450155,TRUE,FALSE,0.0145555539500145,0.0145555539500145,-0.0236296660450155,TRUE,FALSE,0.0145555539500145
16,95,"By the People 2004 US Presidential Primaries","btp04pr.t1mindex","16:9514::btp04pr.t1mindex","9514","16:9514",0.543000003695488,0.568000000715256,0.23154500097308,0.233714237126186,10,10,10,0.543000003695488,0.568000000715256,0.23154500097308,0.233714237126186,0.0249999970197677,-0.00216923615310538,TRUE,FALSE,0.0249999970197677,0.0249999970197677,-0.00216923615310538,TRUE,FALSE,0.0249999970197677
16,95,"By the People 2004 US Presidential Primaries","btp04pr.t1mindex","16:9515::btp04pr.t1mindex","9515","16:9515",0.658128208265855,0.64102564408229,0.26748473351957,0.275331266347887,13,13,13,0.658128208265855,0.64102564408229,0.26748473351957,0.275331266347887,-0.0171025641835653,-0.00784653282831765,FALSE,FALSE,-0.0171025641835653,-0.0171025641835653,-0.00784653282831765,FALSE,FALSE,-0.0171025641835653
16,95,"By the People 2004 US Presidential Primaries","btp04pr.t1mindex","16:9516::btp04pr.t1mindex","9516","16:9516",0.693181820213795,0.732333331622861,0.280570861943709,0.269397850374621,11,11,11,0.693181820213795,0.732333331622861,0.280570861943709,0.269397850374621,0.0391515114090659,0.0111730115690877,TRUE,TRUE,0.0391515114090659,0.0391515114090659,0.0111730115690877,TRUE,TRUE,0.0391515114090659
16,95,"By the People 2004 US Presidential Primaries","btp04pr.t1services","16:9501::btp04pr.t1services","9501","16:9501",0.583357142550605,0.583285714898791,0.28300138905733,0.242388572107105,14,14,14,0.583357142550605,0.583285714898791,0.28300138905733,0.242388572107105,-7.14276518140045e-05,0.0406128169502248,FALSE,TRUE,-7.14276518140045e-05,-7.14276518140045e-05,0.0406128169502248,FALSE,TRUE,-7.14276518140045e-05
16,95,"By the People 2004 US Presidential Primaries","btp04pr.t1services","16:9502::btp04pr.t1services","9502","16:9502",0.5,0.466666666666667,0.304205195001739,0.322318093505641,16,15,15,0.488866666952769,0.466666666666667,0.311489938481504,0.322318093505641,NA,-0.0181128985039023,NA,FALSE,0.0333333333333333,0.0222000002861023,-0.0108281550241374,TRUE,FALSE,0.0222000002861023
16,95,"By the People 2004 US Presidential Primaries","btp04pr.t1services","16:9503::btp04pr.t1services","9503","16:9503",0.541625000536442,0.566666666666667,0.268721386336341,0.273106904260394,16,15,15,0.544400000572205,0.566666666666667,0.277915660648313,0.273106904260394,0.0250416661302248,-0.00438551792405373,TRUE,FALSE,0.0250416661302248,0.022266666094462,0.00480875638791878,TRUE,TRUE,0.022266666094462
16,95,"By the People 2004 US Presidential Primaries","btp04pr.t1services","16:9504::btp04pr.t1services","9504","16:9504",0.50006666580836,0.522266666094462,0.274483793864197,0.280745555434604,15,15,15,0.50006666580836,0.522266666094462,0.274483793864197,0.280745555434604,0.0222000002861023,-0.00626176157040709,TRUE,FALSE,0.0222000002861023,0.0222000002861023,-0.00626176157040709,TRUE,FALSE,0.0222000002861023
16,95,"By the People 2004 US Presidential Primaries","btp04pr.t1services","16:9505::btp04pr.t1services","9505","16:9505",0.486083333690961,0.49991666773955,0.206732350881473,0.256274872636515,12,12,11,0.484818182208321,0.499909092079509,0.216773991433155,0.268783352575624,-0.013833334048589,-0.0495425217550421,FALSE,FALSE,-0.013833334048589,-0.0150909098711881,-0.0520093611424691,FALSE,FALSE,-0.0150909098711881
16,95,"By the People 2004 US Presidential Primaries","btp04pr.t1services","16:9506::btp04pr.t1services","9506","16:9506",0.588933332761129,0.607285712446485,0.234593102440323,0.258210835321832,15,14,14,0.595285713672638,0.607285712446485,0.242106279252384,0.258210835321832,0.0183523796853565,-0.0236177328815091,TRUE,FALSE,0.0183523796853565,0.0119999987738473,-0.0161045560694483,TRUE,FALSE,0.0119999987738473
16,95,"By the People 2004 US Presidential Primaries","btp04pr.t1services","16:9507::btp04pr.t1services","9507","16:9507",0.566699999570847,0.616799998283386,0.274460298221227,0.222838158509923,10,10,10,0.566699999570847,0.616799998283386,0.274460298221227,0.222838158509923,0.0500999987125397,0.0516221397113034,TRUE,TRUE,0.0500999987125397,0.0500999987125397,0.0516221397113034,TRUE,TRUE,0.0500999987125397
16,95,"By the People 2004 US Presidential Primaries","btp04pr.t1services","16:9508::btp04pr.t1services","9508","16:9508",0.592555556032393,0.583300000429153,0.277741837024243,0.274929910980959,9,10,9,0.592555556032393,0.574000000953674,0.277741837024243,0.289934045182269,-0.00925555560323932,0.00281192604328373,FALSE,TRUE,-0.00925555560323932,-0.0185555550787184,-0.0121922081580259,FALSE,FALSE,-0.0185555550787184
16,95,"By the People 2004 US Presidential Primaries","btp04pr.t1services","16:9509::btp04pr.t1services","9509","16:9509",0.499941177227918,0.509222222699059,0.306084236161677,0.288519253197759,17,18,16,0.499937500804663,0.499937500804663,0.316122439396559,0.304278265068961,-0.0092810454711415,0.0175649829639188,FALSE,TRUE,0.00916339992697723,0,0.011844174327598,FALSE,TRUE,0
16,95,"By the People 2004 US Presidential Primaries","btp04pr.t1services","16:9510::btp04pr.t1services","9510","16:9510",0.6,0.633399999141693,0.306332426287748,0.312188761985281,10,10,10,0.6,0.633399999141693,0.306332426287748,0.312188761985281,0.0333999991416931,-0.00585633569753324,TRUE,FALSE,0.0333999991416931,0.0333999991416931,-0.00585633569753324,TRUE,FALSE,0.0333999991416931
16,95,"By the People 2004 US Presidential Primaries","btp04pr.t1services","16:9511::btp04pr.t1services","9511","16:9511",0.597333331902822,0.576923076923077,0.218554479816076,0.211075207241288,12,13,12,0.597333331902822,0.583333333333333,0.218554479816076,0.219135213744884,-0.020410254979745,0.00747927257478764,FALSE,TRUE,-0.020410254979745,-0.0139999985694885,-0.000580733928808336,FALSE,FALSE,-0.0139999985694885
16,95,"By the People 2004 US Presidential Primaries","btp04pr.t1services","16:9512::btp04pr.t1services","9512","16:9512",0.357142857142857,0.407444443967607,0.29537458179325,0.301733786400367,7,9,7,0.357142857142857,0.380999999386924,0.29537458179325,0.343102997265355,-0.0503015868247501,-0.00635920460711648,FALSE,FALSE,-0.0503015868247501,-0.0238571422440665,-0.0477284154721045,FALSE,FALSE,-0.0238571422440665
16,95,"By the People 2004 US Presidential Primaries","btp04pr.t1services","16:9513::btp04pr.t1services","9513","16:9513",0.555523809932527,0.484142856938498,0.285495116542425,0.306879338885132,21,21,21,0.555523809932527,0.484142856938498,0.285495116542425,0.306879338885132,-0.0713809529940287,-0.021384222342707,FALSE,FALSE,-0.0396666668710254,-0.0713809529940287,-0.021384222342707,FALSE,FALSE,-0.0396666668710254
16,95,"By the People 2004 US Presidential Primaries","btp04pr.t1services","16:9514::btp04pr.t1services","9514","16:9514",0.520750001072884,0.518555555078718,0.287821745338186,0.211578655861995,8,9,8,0.520750001072884,0.520874999463558,0.287821745338186,0.226064742221159,-0.00219444599416518,0.0762430894761911,FALSE,TRUE,-0.00219444599416518,0.000124998390674591,0.061757003117027,TRUE,TRUE,0.000124998390674591
16,95,"By the People 2004 US Presidential Primaries","btp04pr.t1services","16:9515::btp04pr.t1services","9515","16:9515",0.576846154836508,0.555666665236155,0.33757143604107,0.371474540211278,13,12,12,0.583250001072884,0.555666665236155,0.351756146253387,0.371474540211278,-0.0211794896003528,-0.0339031041702086,FALSE,FALSE,-0.0211794896003528,-0.0275833358367285,-0.0197183939578916,FALSE,FALSE,-0.0275833358367285
16,95,"By the People 2004 US Presidential Primaries","btp04pr.t1services","16:9516::btp04pr.t1services","9516","16:9516",0.69690909168937,0.727363635193218,0.266759613828899,0.300634087959707,11,11,11,0.69690909168937,0.727363635193218,0.266759613828899,0.300634087959707,0.030454543503848,-0.0338744741308085,TRUE,FALSE,0.030454543503848,0.030454543503848,-0.0338744741308085,TRUE,FALSE,0.030454543503848
14,93,"By the People: National","btp03.olt1usseca","14:9301::btp03.olt1usseca","9301","14:9301",0.804642851863589,0.815357138003622,0.141794327263763,0.185963849786712,14,14,14,0.804642851863589,0.815357138003622,0.141794327263763,0.185963849786712,0.0107142861400331,-0.0441695225229496,TRUE,FALSE,0.0107142861400331,0.0107142861400331,-0.0441695225229496,TRUE,FALSE,0.0107142861400331
14,93,"By the People: National","btp03.olt1usseca","14:9302::btp03.olt1usseca","9302","14:9302",0.809500002861023,0.798374992609024,0.150507470190899,0.155652798923817,10,10,10,0.809500002861023,0.798374992609024,0.150507470190899,0.155652798923817,-0.011125010251999,-0.00514532873291798,FALSE,FALSE,-0.011125010251999,-0.011125010251999,-0.00514532873291798,FALSE,FALSE,-0.011125010251999
14,93,"By the People: National","btp03.olt1usseca","14:9303::btp03.olt1usseca","9303","14:9303",0.850882358410779,0.811764703077428,0.113595161315405,0.130993093323869,17,17,17,0.850882358410779,0.811764703077428,0.113595161315405,0.130993093323869,-0.0391176553333508,-0.0173979320084641,FALSE,FALSE,-0.0391176553333508,-0.0391176553333508,-0.0173979320084641,FALSE,FALSE,-0.0391176553333508
14,93,"By the People: National","btp03.olt1usseca","14:9304::btp03.olt1usseca","9304","14:9304",0.786363631486893,0.761818178675391,0.146374360175313,0.164031597488236,11,11,11,0.786363631486893,0.761818178675391,0.146374360175313,0.164031597488236,-0.0245454528115012,-0.0176572373129231,FALSE,FALSE,-0.0245454528115012,-0.0245454528115012,-0.0176572373129231,FALSE,FALSE,-0.0245454528115012
14,93,"By the People: National","btp03.olt1usseca","14:9305::btp03.olt1usseca","9305","14:9305",0.82000000278155,0.809166669845581,0.0724255093347905,0.0800804588276656,12,12,12,0.82000000278155,0.809166669845581,0.0724255093347905,0.0800804588276656,-0.010833332935969,-0.00765494949287507,FALSE,FALSE,-0.010833332935969,-0.010833332935969,-0.00765494949287507,FALSE,FALSE,-0.010833332935969
14,93,"By the People: National","btp03.olt1usseca","14:9306::btp03.olt1usseca","9306","14:9306",0.781960781882791,0.808529408539043,0.119462382555256,0.102114588595676,17,17,17,0.781960781882791,0.808529408539043,0.119462382555256,0.102114588595676,0.0265686266562518,0.0173477939595807,TRUE,TRUE,0.0265686266562518,0.0265686266562518,0.0173477939595807,TRUE,TRUE,0.0265686266562518
14,93,"By the People: National","btp03.olt1usseca","14:9307::btp03.olt1usseca","9307","14:9307",0.751388885908657,0.770294112317702,0.150819382125006,0.145499886619705,18,17,17,0.765882350066129,0.770294112317702,0.141953282018412,0.145499886619705,0.0189052264090458,0.00531949550530048,TRUE,TRUE,0.0189052264090458,0.00441176225157347,-0.00354660460129319,TRUE,FALSE,0.00441176225157347
14,93,"By the People: National","btp03.olt1usseca","14:9308::btp03.olt1usseca","9308","14:9308",0.803571432828903,0.78785713655608,0.12788860378832,0.170606540127725,14,14,14,0.803571432828903,0.78785713655608,0.12788860378832,0.170606540127725,-0.0157142962728228,-0.0427179363394045,FALSE,FALSE,-0.0157142962728228,-0.0157142962728228,-0.0427179363394045,FALSE,FALSE,-0.0157142962728228
14,93,"By the People: National","btp03.olt1usseca","14:9309::btp03.olt1usseca","9309","14:9309",0.804166659712791,0.799166669448217,0.091622578931497,0.0791096311005516,12,12,12,0.804166659712791,0.799166669448217,0.091622578931497,0.0791096311005516,-0.00499999026457465,0.0125129478309455,FALSE,TRUE,-0.00499999026457465,-0.00499999026457465,0.0125129478309455,FALSE,TRUE,-0.00499999026457465
14,93,"By the People: National","btp03.olt1usseca","14:9310::btp03.olt1usseca","9310","14:9310",0.715000005231963,0.741944438881344,0.137070183943754,0.168104823814177,18,18,18,0.715000005231963,0.741944438881344,0.137070183943754,0.168104823814177,0.026944433649381,-0.0310346398704228,TRUE,FALSE,0.026944433649381,0.026944433649381,-0.0310346398704228,TRUE,FALSE,0.026944433649381
14,93,"By the People: National","btp03.olt1usseca","14:9311::btp03.olt1usseca","9311","14:9311",0.88299999833107,0.870999994874001,0.112336432966285,0.106073460072767,20,20,20,0.88299999833107,0.870999994874001,0.112336432966285,0.106073460072767,-0.0120000034570693,0.00626297289351838,FALSE,TRUE,-0.0120000034570693,-0.0120000034570693,0.00626297289351838,FALSE,TRUE,-0.0120000034570693
14,93,"By the People: National","btp03.olt1usseca","14:9312::btp03.olt1usseca","9312","14:9312",0.794782611338989,0.821956523086714,0.153596862223606,0.141491558090355,23,23,23,0.794782611338989,0.821956523086714,0.153596862223606,0.141491558090355,0.0271739117477251,0.0121053041332502,TRUE,TRUE,0.0271739117477251,0.0271739117477251,0.0121053041332502,TRUE,TRUE,0.0271739117477251
14,93,"By the People: National","btp03.olt1usseca","14:9313::btp03.olt1usseca","9313","14:9313",0.792857143140975,0.762619044099535,0.134281149245361,0.161040518849415,21,21,21,0.792857143140975,0.762619044099535,0.134281149245361,0.161040518849415,-0.0302380990414393,-0.0267593696040541,FALSE,FALSE,-0.0302380990414393,-0.0302380990414393,-0.0267593696040541,FALSE,FALSE,-0.0302380990414393
14,93,"By the People: National","btp03.olt1usseca","14:9314::btp03.olt1usseca","9314","14:9314",0.815999999642372,0.80700000077486,0.149187264314053,0.12306823157199,20,20,20,0.815999999642372,0.80700000077486,0.149187264314053,0.12306823157199,-0.00899999886751179,0.0261190327420626,FALSE,TRUE,-0.00899999886751179,-0.00899999886751179,0.0261190327420626,FALSE,TRUE,-0.00899999886751179
14,93,"By the People: National","btp03.olt1usseca","14:9315::btp03.olt1usseca","9315","14:9315",0.831470587674309,0.805882350486868,0.155209178577072,0.163346211132972,17,17,17,0.831470587674309,0.805882350486868,0.155209178577072,0.163346211132972,-0.0255882371874417,-0.00813703255589956,FALSE,FALSE,-0.0255882371874417,-0.0255882371874417,-0.00813703255589956,FALSE,FALSE,-0.0255882371874417
14,93,"By the People: National","btp03.olt1humrh2","14:9301::btp03.olt1humrh2","9301","14:9301",0.628571438470057,0.657142862677574,0.205421034643563,0.220887314542568,14,14,14,0.628571438470057,0.657142862677574,0.205421034643563,0.220887314542568,0.0285714242075171,-0.0154662798990053,TRUE,FALSE,0.0285714242075171,0.0285714242075171,-0.0154662798990053,TRUE,FALSE,0.0285714242075171
14,93,"By the People: National","btp03.olt1humrh2","14:9302::btp03.olt1humrh2","9302","14:9302",0.590000005066395,0.622222221559948,0.213177026334995,0.148136573733694,10,9,9,0.577777784731653,0.622222221559948,0.222361069187395,0.148136573733694,0.0322222164935536,0.0650404526013007,TRUE,TRUE,0.0322222164935536,0.0444444368282955,0.0742244954537009,TRUE,TRUE,0.0444444368282955
14,93,"By the People: National","btp03.olt1humrh2","14:9303::btp03.olt1humrh2","9303","14:9303",0.564705885070212,0.564705889014637,0.237015761072806,0.214887110694905,17,17,17,0.564705885070212,0.564705889014637,0.237015761072806,0.214887110694905,3.9444250088394e-09,0.0221286503779011,TRUE,TRUE,3.9444250088394e-09,3.9444250088394e-09,0.0221286503779011,TRUE,TRUE,3.9444250088394e-09
14,93,"By the People: National","btp03.olt1humrh2","14:9304::btp03.olt1humrh2","9304","14:9304",0.609090906652537,0.627272729169239,0.207145086605362,0.200454031596482,11,11,11,0.609090906652537,0.627272729169239,0.207145086605362,0.200454031596482,0.0181818225167014,0.00669105500887981,TRUE,TRUE,0.0181818225167014,0.0181818225167014,0.00669105500887981,TRUE,TRUE,0.0181818225167014
14,93,"By the People: National","btp03.olt1humrh2","14:9305::btp03.olt1humrh2","9305","14:9305",0.558333339790503,0.675000006953875,0.223437337699487,0.154478587271068,12,12,12,0.558333339790503,0.675000006953875,0.223437337699487,0.154478587271068,0.116666667163372,0.0689587504284195,TRUE,TRUE,0.116666667163372,0.116666667163372,0.0689587504284195,TRUE,TRUE,0.116666667163372
14,93,"By the People: National","btp03.olt1humrh2","14:9306::btp03.olt1humrh2","9306","14:9306",0.52352941343013,0.629411762251573,0.225081680279002,0.140377632388907,17,17,17,0.52352941343013,0.629411762251573,0.225081680279002,0.140377632388907,0.105882348821444,0.0847040478900954,TRUE,TRUE,0.105882348821444,0.105882348821444,0.0847040478900954,TRUE,TRUE,0.105882348821444
14,93,"By the People: National","btp03.olt1humrh2","14:9307::btp03.olt1humrh2","9307","14:9307",0.544444455040826,0.605882358025102,0.165288420172329,0.185305787237026,18,17,17,0.541176480405471,0.605882358025102,0.169774938506393,0.185305787237026,0.0614379029842763,-0.0200173670646969,TRUE,FALSE,0.0614379029842763,0.0647058776196311,-0.0155308487306327,TRUE,FALSE,0.0647058776196311
14,93,"By the People: National","btp03.olt1humrh2","14:9308::btp03.olt1humrh2","9308","14:9308",0.628571431551661,0.692857147327491,0.223360938370424,0.26154653915838,14,14,14,0.628571431551661,0.692857147327491,0.223360938370424,0.26154653915838,0.0642857157758304,-0.0381856007879557,TRUE,FALSE,0.0642857157758304,0.0642857157758304,-0.0381856007879557,TRUE,FALSE,0.0642857157758304
14,93,"By the People: National","btp03.olt1humrh2","14:9309::btp03.olt1humrh2","9309","14:9309",0.51666667064031,0.616666674613953,0.212488855997905,0.14034589047952,12,12,12,0.51666667064031,0.616666674613953,0.212488855997905,0.14034589047952,0.100000003973643,0.0721429655183853,TRUE,TRUE,0.100000003973643,0.100000003973643,0.0721429655183853,TRUE,TRUE,0.100000003973643
14,93,"By the People: National","btp03.olt1humrh2","14:9310::btp03.olt1humrh2","9310","14:9310",0.60555555505885,0.622222224871318,0.198441638047432,0.210197538065559,18,18,18,0.60555555505885,0.622222224871318,0.198441638047432,0.210197538065559,0.0166666698124673,-0.0117559000181276,TRUE,FALSE,0.0166666698124673,0.0166666698124673,-0.0117559000181276,TRUE,FALSE,0.0166666698124673
14,93,"By the People: National","btp03.olt1humrh2","14:9311::btp03.olt1humrh2","9311","14:9311",0.665000002831221,0.714999997615814,0.256032476324421,0.203327576723366,20,20,20,0.665000002831221,0.714999997615814,0.256032476324421,0.203327576723366,0.0499999947845936,0.0527048996010548,TRUE,TRUE,0.0499999947845936,0.0499999947845936,0.0527048996010548,TRUE,TRUE,0.0499999947845936
14,93,"By the People: National","btp03.olt1humrh2","14:9312::btp03.olt1humrh2","9312","14:9312",0.600000001814054,0.595652178577755,0.27633970815749,0.205555254701335,23,23,23,0.600000001814054,0.595652178577755,0.27633970815749,0.205555254701335,-0.00434782323629967,0.0707844534561552,FALSE,TRUE,-0.00434782323629967,-0.00434782323629967,0.0707844534561552,FALSE,TRUE,-0.00434782323629967
14,93,"By the People: National","btp03.olt1humrh2","14:9313::btp03.olt1humrh2","9313","14:9313",0.59523809985036,0.623809522106534,0.224669066085464,0.170013999315802,21,21,21,0.59523809985036,0.623809522106534,0.224669066085464,0.170013999315802,0.0285714222561745,0.0546550667696616,TRUE,TRUE,0.0285714222561745,0.0285714222561745,0.0546550667696616,TRUE,TRUE,0.0285714222561745
14,93,"By the People: National","btp03.olt1humrh2","14:9314::btp03.olt1humrh2","9314","14:9314",0.585000003874302,0.644999999552965,0.268082860878113,0.228208118617714,20,20,20,0.585000003874302,0.644999999552965,0.268082860878113,0.228208118617714,0.0599999956786632,0.0398747422603995,TRUE,TRUE,0.0599999956786632,0.0599999956786632,0.0398747422603995,TRUE,TRUE,0.0599999956786632
14,93,"By the People: National","btp03.olt1humrh2","14:9315::btp03.olt1humrh2","9315","14:9315",0.511764708687277,0.55882353291792,0.25952445069839,0.203281894974648,17,17,17,0.511764708687277,0.55882353291792,0.25952445069839,0.203281894974648,0.0470588242306429,0.0562425557237424,TRUE,TRUE,0.0470588242306429,0.0470588242306429,0.0562425557237424,TRUE,TRUE,0.0470588242306429
14,93,"By the People: National","btp03.olt1envir","14:9301::btp03.olt1envir","9301","14:9301",0.669642860602055,0.717857147566974,0.327898112984401,0.330708532833085,14,14,14,0.669642860602055,0.717857147566974,0.327898112984401,0.330708532833085,0.0482142869649189,-0.00281041984868419,TRUE,FALSE,0.0482142869649189,0.0482142869649189,-0.00281041984868419,TRUE,FALSE,0.0482142869649189
14,93,"By the People: National","btp03.olt1envir","14:9302::btp03.olt1envir","9302","14:9302",0.730000001192093,0.687499995529652,0.249944438111252,0.264640739441569,10,10,10,0.730000001192093,0.687499995529652,0.249944438111252,0.264640739441569,-0.0425000056624412,-0.0146963013303174,FALSE,FALSE,-0.0425000056624412,-0.0425000056624412,-0.0146963013303174,FALSE,FALSE,-0.0425000056624412
14,93,"By the People: National","btp03.olt1envir","14:9303::btp03.olt1envir","9303","14:9303",0.684313726775787,0.703921567429515,0.208455845087805,0.229131013638862,17,17,17,0.684313726775787,0.703921567429515,0.208455845087805,0.229131013638862,0.019607840653728,-0.0206751685510574,TRUE,FALSE,0.019607840653728,0.019607840653728,-0.0206751685510574,TRUE,FALSE,0.019607840653728
14,93,"By the People: National","btp03.olt1envir","14:9304::btp03.olt1envir","9304","14:9304",0.68030303039334,0.71136364069852,0.310270328045221,0.237792879629769,11,11,11,0.68030303039334,0.71136364069852,0.310270328045221,0.237792879629769,0.0310606103051793,0.072477448415452,TRUE,TRUE,0.0310606103051793,0.0310606103051793,0.072477448415452,TRUE,TRUE,0.0310606103051793
14,93,"By the People: National","btp03.olt1envir","14:9305::btp03.olt1envir","9305","14:9305",0.66666667163372,0.654861109020809,0.220106722768701,0.257500077867596,12,12,12,0.66666667163372,0.654861109020809,0.220106722768701,0.257500077867596,-0.0118055626129111,-0.0373933550988957,FALSE,FALSE,-0.0118055626129111,-0.0118055626129111,-0.0373933550988957,FALSE,FALSE,-0.0118055626129111
14,93,"By the People: National","btp03.olt1envir","14:9306::btp03.olt1envir","9306","14:9306",0.669607847600299,0.652941183570553,0.226325975620836,0.233332244576094,17,17,17,0.669607847600299,0.652941183570553,0.226325975620836,0.233332244576094,-0.0166666640297455,-0.00700626895525822,FALSE,FALSE,-0.0166666640297455,-0.0166666640297455,-0.00700626895525822,FALSE,FALSE,-0.0166666640297455
14,93,"By the People: National","btp03.olt1envir","14:9307::btp03.olt1envir","9307","14:9307",0.652314817739858,0.707352939116604,0.230883599400305,0.233479906947378,18,17,17,0.639215689371614,0.707352939116604,0.230992065318044,0.233479906947378,0.0550381213767467,-0.00259630754707246,TRUE,FALSE,0.0550381213767467,0.0681372497449904,-0.00248784162933391,TRUE,FALSE,0.0681372497449904
14,93,"By the People: National","btp03.olt1envir","14:9308::btp03.olt1envir","9308","14:9308",0.765476192746844,0.739285717053073,0.258733291524582,0.27275557577361,14,14,14,0.765476192746844,0.739285717053073,0.258733291524582,0.27275557577361,-0.0261904756937709,-0.0140222842490281,FALSE,FALSE,-0.0261904756937709,-0.0261904756937709,-0.0140222842490281,FALSE,FALSE,-0.0261904756937709
14,93,"By the People: National","btp03.olt1envir","14:9309::btp03.olt1envir","9309","14:9309",0.654166671137015,0.678472225864728,0.196513161468615,0.12428879667599,12,12,12,0.654166671137015,0.678472225864728,0.196513161468615,0.12428879667599,0.0243055547277133,0.0722243647926245,TRUE,TRUE,0.0243055547277133,0.0243055547277133,0.0722243647926245,TRUE,TRUE,0.0243055547277133
14,93,"By the People: National","btp03.olt1envir","14:9310::btp03.olt1envir","9310","14:9310",0.739814812938372,0.819444441133075,0.233167931316752,0.20607600440462,18,18,18,0.739814812938372,0.819444441133075,0.233167931316752,0.20607600440462,0.079629628194703,0.0270919269121317,TRUE,TRUE,0.079629628194703,0.079629628194703,0.0270919269121317,TRUE,TRUE,0.079629628194703
14,93,"By the People: National","btp03.olt1envir","14:9311::btp03.olt1envir","9311","14:9311",0.71291666328907,0.767083330452442,0.181680647327177,0.209487589033601,20,20,20,0.71291666328907,0.767083330452442,0.181680647327177,0.209487589033601,0.054166667163372,-0.0278069417064244,TRUE,FALSE,0.054166667163372,0.054166667163372,-0.0278069417064244,TRUE,FALSE,0.054166667163372
14,93,"By the People: National","btp03.olt1envir","14:9312::btp03.olt1envir","9312","14:9312",0.640579710835996,0.69891304295996,0.180842310939154,0.204144316228427,23,23,23,0.640579710835996,0.69891304295996,0.180842310939154,0.204144316228427,0.0583333321239637,-0.0233020052892734,TRUE,FALSE,0.0583333321239637,0.0583333321239637,-0.0233020052892734,TRUE,FALSE,0.0583333321239637
14,93,"By the People: National","btp03.olt1envir","14:9313::btp03.olt1envir","9313","14:9313",0.689682536891529,0.709523812645958,0.208064905699728,0.218871563016444,21,21,21,0.689682536891529,0.709523812645958,0.208064905699728,0.218871563016444,0.019841275754429,-0.0108066573167158,TRUE,FALSE,0.019841275754429,0.019841275754429,-0.0108066573167158,TRUE,FALSE,0.019841275754429
14,93,"By the People: National","btp03.olt1envir","14:9314::btp03.olt1envir","9314","14:9314",0.659583328664303,0.687916667759419,0.219287037919895,0.187501947034753,20,20,20,0.659583328664303,0.687916667759419,0.219287037919895,0.187501947034753,0.0283333390951157,0.031785090885142,TRUE,TRUE,0.0283333390951157,0.0283333390951157,0.031785090885142,TRUE,TRUE,0.0283333390951157
14,93,"By the People: National","btp03.olt1envir","14:9315::btp03.olt1envir","9315","14:9315",0.697058826684952,0.744117647409439,0.189753615039797,0.226303413503253,17,17,17,0.697058826684952,0.744117647409439,0.189753615039797,0.226303413503253,0.0470588207244873,-0.0365497984634557,TRUE,FALSE,0.0470588207244873,0.0470588207244873,-0.0365497984634557,TRUE,FALSE,0.0470588207244873
14,93,"By the People: National","btp03.olt1inter","14:9301::btp03.olt1inter","9301","14:9301",0.964285714285714,0.875,0.133630620956212,0.23513498578149,14,14,14,0.964285714285714,0.875,0.133630620956212,0.23513498578149,-0.0892857142857143,-0.101504364825278,FALSE,FALSE,-0.0892857142857143,-0.0892857142857143,-0.101504364825278,FALSE,FALSE,-0.0892857142857143
14,93,"By the People: National","btp03.olt1inter","14:9302::btp03.olt1inter","9302","14:9302",0.75,0.675,0.372677996249965,0.289875452182101,10,10,10,0.75,0.675,0.372677996249965,0.289875452182101,-0.075,0.0828025440678635,FALSE,TRUE,-0.075,-0.075,0.0828025440678635,FALSE,TRUE,-0.075
14,93,"By the People: National","btp03.olt1inter","14:9303::btp03.olt1inter","9303","14:9303",0.691176470588235,0.529411764705882,0.286811836247678,0.304681608163245,17,17,17,0.691176470588235,0.529411764705882,0.286811836247678,0.304681608163245,-0.161764705882353,-0.0178697719155672,FALSE,FALSE,-0.161764705882353,-0.161764705882353,-0.0178697719155672,FALSE,FALSE,-0.161764705882353
14,93,"By the People: National","btp03.olt1inter","14:9304::btp03.olt1inter","9304","14:9304",0.613636363636364,0.704545454545455,0.258931370338657,0.291937104060571,11,11,11,0.613636363636364,0.704545454545455,0.258931370338657,0.291937104060571,0.0909090909090909,-0.0330057337219146,TRUE,FALSE,0.0909090909090909,0.0909090909090909,-0.0330057337219146,TRUE,FALSE,0.0909090909090909
14,93,"By the People: National","btp03.olt1inter","14:9305::btp03.olt1inter","9305","14:9305",0.613636363636364,0.770833333333333,0.359924234451439,0.22508415934463,11,12,11,0.613636363636364,0.772727272727273,0.359924234451439,0.235969951862135,0.15719696969697,0.134840075106809,TRUE,TRUE,0.15719696969697,0.159090909090909,0.123954282589304,TRUE,TRUE,0.159090909090909
14,93,"By the People: National","btp03.olt1inter","14:9306::btp03.olt1inter","9306","14:9306",0.5,0.529411764705882,0.293150984988964,0.291579118513211,17,17,17,0.5,0.529411764705882,0.293150984988964,0.291579118513211,NA,0.0015718664757533,NA,TRUE,0.0294117647058824,NA,0.0015718664757533,NA,TRUE,0.0294117647058824
14,93,"By the People: National","btp03.olt1inter","14:9307::btp03.olt1inter","9307","14:9307",0.597222222222222,0.691176470588235,0.310820651058103,0.33691397924658,18,17,17,0.61764705882353,0.691176470588235,0.307683469895701,0.33691397924658,0.0939542483660131,-0.0260933281884767,TRUE,FALSE,0.0939542483660131,0.0735294117647058,-0.0292305093508786,TRUE,FALSE,0.0735294117647058
14,93,"By the People: National","btp03.olt1inter","14:9308::btp03.olt1inter","9308","14:9308",0.767857142857143,0.803571428571429,0.285284704527534,0.262725570271957,14,14,14,0.767857142857143,0.803571428571429,0.285284704527534,0.262725570271957,0.0357142857142857,0.022559134255577,TRUE,TRUE,0.0357142857142857,0.0357142857142857,0.022559134255577,TRUE,TRUE,0.0357142857142857
14,93,"By the People: National","btp03.olt1inter","14:9309::btp03.olt1inter","9309","14:9309",0.568181818181818,0.729166666666667,0.226133508433323,0.310028102343036,11,12,11,0.568181818181818,0.704545454545455,0.226133508433323,0.312613615709989,0.160984848484848,-0.0838945939097136,TRUE,FALSE,0.160984848484848,0.136363636363636,-0.0864801072766664,TRUE,FALSE,0.136363636363636
14,93,"By the People: National","btp03.olt1inter","14:9310::btp03.olt1inter","9310","14:9310",0.722222222222222,0.833333333333333,0.269652402734805,0.226871303243258,18,18,18,0.722222222222222,0.833333333333333,0.269652402734805,0.226871303243258,0.111111111111111,0.0427810994915476,TRUE,TRUE,0.111111111111111,0.111111111111111,0.0427810994915476,TRUE,TRUE,0.111111111111111
14,93,"By the People: National","btp03.olt1inter","14:9311::btp03.olt1inter","9311","14:9311",0.68421052631579,0.597222222222222,0.286769667338202,0.344482656535267,19,18,18,0.680555555555556,0.597222222222222,0.294627825494395,0.344482656535267,-0.0869883040935673,-0.0577129891970649,FALSE,FALSE,-0.0869883040935673,-0.0833333333333334,-0.0498548310408722,FALSE,FALSE,-0.0833333333333334
14,93,"By the People: National","btp03.olt1inter","14:9312::btp03.olt1inter","9312","14:9312",0.625,0.684782608695652,0.27548658250967,0.321726444574175,22,23,22,0.625,0.681818181818182,0.27548658250967,0.328975847479884,0.0597826086956522,-0.0462398620645055,TRUE,FALSE,0.0597826086956522,0.0568181818181818,-0.0534892649702146,TRUE,FALSE,0.0568181818181818
14,93,"By the People: National","btp03.olt1inter","14:9313::btp03.olt1inter","9313","14:9313",0.654761904761905,0.7625,0.29021748823286,0.262515663693065,21,20,20,0.675,0.7625,0.282144046823417,0.262515663693065,0.107738095238095,0.0277018245397952,TRUE,TRUE,0.107738095238095,0.0874999999999999,0.0196283831303522,TRUE,TRUE,0.0874999999999999
14,93,"By the People: National","btp03.olt1inter","14:9314::btp03.olt1inter","9314","14:9314",0.6875,0.625,0.31282877442023,0.2308870362957,20,18,18,0.652777777777778,0.625,0.310820651058103,0.2308870362957,-0.0625,0.0819417381245303,FALSE,TRUE,-0.0625,-0.0277777777777778,0.0799336147624032,FALSE,TRUE,-0.0277777777777778
14,93,"By the People: National","btp03.olt1inter","14:9315::btp03.olt1inter","9315","14:9315",0.602941176470588,0.573529411764706,0.306935756834438,0.303169531295416,17,17,17,0.602941176470588,0.573529411764706,0.306935756834438,0.303169531295416,-0.0294117647058824,0.00376622553902212,FALSE,TRUE,-0.0294117647058824,-0.0294117647058824,0.00376622553902212,FALSE,TRUE,-0.0294117647058824
14,93,"By the People: National","btp03.olt1multi","14:9301::btp03.olt1multi","9301","14:9301",0.767807539020266,0.74327878015382,0.107485450378655,0.0982519118711215,14,14,14,0.767807539020266,0.74327878015382,0.107485450378655,0.0982519118711215,-0.0245287588664463,0.00923353850753386,FALSE,TRUE,-0.0245287588664463,-0.0245287588664463,0.00923353850753386,FALSE,TRUE,-0.0245287588664463
14,93,"By the People: National","btp03.olt1multi","14:9302::btp03.olt1multi","9302","14:9302",0.762291663885117,0.714374989271164,0.109786802646153,0.0937253013147892,10,10,10,0.762291663885117,0.714374989271164,0.109786802646153,0.0937253013147892,-0.0479166746139527,0.0160615013313638,FALSE,TRUE,-0.0479166746139527,-0.0479166746139527,0.0160615013313638,FALSE,TRUE,-0.0479166746139527
14,93,"By the People: National","btp03.olt1multi","14:9303::btp03.olt1multi","9303","14:9303",0.742375703418956,0.71054505425341,0.119241415072151,0.124961599087438,17,17,17,0.742375703418956,0.71054505425341,0.119241415072151,0.124961599087438,-0.0318306491655462,-0.00572018401528694,FALSE,FALSE,-0.0318306491655462,-0.0318306491655462,-0.00572018401528694,FALSE,FALSE,-0.0318306491655462
14,93,"By the People: National","btp03.olt1multi","14:9304::btp03.olt1multi","9304","14:9304",0.73593073812398,0.76316288113594,0.153575094607185,0.136029277009268,11,11,11,0.73593073812398,0.76316288113594,0.153575094607185,0.136029277009268,0.0272321430119601,0.017545817597917,TRUE,TRUE,0.0272321430119601,0.0272321430119601,0.017545817597917,TRUE,TRUE,0.0272321430119601
14,93,"By the People: National","btp03.olt1multi","14:9305::btp03.olt1multi","9305","14:9305",0.723193620642026,0.7213169708848,0.150450183823246,0.140422140175064,12,12,12,0.723193620642026,0.7213169708848,0.150450183823246,0.140422140175064,-0.00187664975722635,0.0100280436481822,FALSE,TRUE,-0.00187664975722635,-0.00187664975722635,0.0100280436481822,FALSE,TRUE,-0.00187664975722635
14,93,"By the People: National","btp03.olt1multi","14:9306::btp03.olt1multi","9306","14:9306",0.730318632195978,0.660078209112672,0.197104184347055,0.181477236091826,17,17,17,0.730318632195978,0.660078209112672,0.197104184347055,0.181477236091826,-0.0702404230833054,0.0156269482552293,FALSE,TRUE,-0.0702404230833054,-0.0702404230833054,0.0156269482552293,FALSE,TRUE,-0.0702404230833054
14,93,"By the People: National","btp03.olt1multi","14:9307::btp03.olt1multi","9307","14:9307",0.723809525370598,0.728755254955853,0.121330029217977,0.122247960442041,18,17,17,0.711790966636994,0.728755254955853,0.11348353159613,0.122247960442041,0.00494572958525485,-0.000917931224063667,TRUE,FALSE,0.00494572958525485,0.0169642883188584,-0.00876442884591103,TRUE,FALSE,0.0169642883188584
14,93,"By the People: National","btp03.olt1multi","14:9308::btp03.olt1multi","9308","14:9308",0.744501141565187,0.77547122325216,0.132893110301171,0.121576809528635,14,14,14,0.744501141565187,0.77547122325216,0.132893110301171,0.121576809528635,0.0309700816869736,0.011316300772536,TRUE,TRUE,0.0309700816869736,0.0309700816869736,0.011316300772536,TRUE,TRUE,0.0309700816869736
14,93,"By the People: National","btp03.olt1multi","14:9309::btp03.olt1multi","9309","14:9309",0.693675597508748,0.743526784082254,0.187597205161372,0.116343147742243,12,12,12,0.693675597508748,0.743526784082254,0.187597205161372,0.116343147742243,0.0498511865735054,0.0712540574191288,TRUE,TRUE,0.0498511865735054,0.0498511865735054,0.0712540574191288,TRUE,TRUE,0.0498511865735054
14,93,"By the People: National","btp03.olt1multi","14:9310::btp03.olt1multi","9310","14:9310",0.726612110932668,0.772486779424879,0.105940955007635,0.0931974093297474,18,18,18,0.726612110932668,0.772486779424879,0.105940955007635,0.0931974093297474,0.0458746684922112,0.0127435456778873,TRUE,TRUE,0.0458746684922112,0.0458746684922112,0.0127435456778873,TRUE,TRUE,0.0458746684922112
14,93,"By the People: National","btp03.olt1multi","14:9311::btp03.olt1multi","9311","14:9311",0.753303571045399,0.780131453275681,0.127320369046941,0.118490957282857,20,20,20,0.753303571045399,0.780131453275681,0.127320369046941,0.118490957282857,0.0268278822302819,0.00882941176408399,TRUE,TRUE,0.0268278822302819,0.0268278822302819,0.00882941176408399,TRUE,TRUE,0.0268278822302819
14,93,"By the People: National","btp03.olt1multi","14:9312::btp03.olt1multi","9312","14:9312",0.727064358151477,0.765454630488935,0.169091939413531,0.113736872721212,23,23,23,0.727064358151477,0.765454630488935,0.169091939413531,0.113736872721212,0.0383902723374574,0.0553550666923192,TRUE,TRUE,0.0383902723374574,0.0383902723374574,0.0553550666923192,TRUE,TRUE,0.0383902723374574
14,93,"By the People: National","btp03.olt1multi","14:9313::btp03.olt1multi","9313","14:9313",0.726376131886528,0.754799695242019,0.162290318037762,0.105864263253321,21,21,21,0.726376131886528,0.754799695242019,0.162290318037762,0.105864263253321,0.0284235633554913,0.0564260547844408,TRUE,TRUE,0.0284235633554913,0.0284235633554913,0.0564260547844408,TRUE,TRUE,0.0284235633554913
14,93,"By the People: National","btp03.olt1multi","14:9314::btp03.olt1multi","9314","14:9314",0.73290923088789,0.755314984917641,0.138855775412091,0.13869691935826,20,20,20,0.73290923088789,0.755314984917641,0.138855775412091,0.13869691935826,0.0224057540297509,0.000158856053830647,TRUE,TRUE,0.0224057540297509,0.0224057540297509,0.000158856053830647,TRUE,TRUE,0.0224057540297509
14,93,"By the People: National","btp03.olt1multi","14:9315::btp03.olt1multi","9315","14:9315",0.745427755748524,0.790870105519014,0.13365474701497,0.12219287815076,17,17,17,0.745427755748524,0.790870105519014,0.13365474701497,0.12219287815076,0.0454423497704899,0.01146186886421,TRUE,TRUE,0.0454423497704899,0.0454423497704899,0.01146186886421,TRUE,TRUE,0.0454423497704899
14,93,"By the People: National","btp03.olt1demo","14:9301::btp03.olt1demo","9301","14:9301",0.625793648617608,0.712301586355482,0.232473047329623,0.206370272990168,14,14,14,0.625793648617608,0.712301586355482,0.232473047329623,0.206370272990168,0.0865079377378736,0.0261027743394552,TRUE,TRUE,0.0865079377378736,0.0865079377378736,0.0261027743394552,TRUE,TRUE,0.0865079377378736
14,93,"By the People: National","btp03.olt1demo","14:9302::btp03.olt1demo","9302","14:9302",0.583888886868954,0.604999995231628,0.226962554900572,0.194125839087999,10,10,10,0.583888886868954,0.604999995231628,0.226962554900572,0.194125839087999,0.0211111083626747,0.0328367158125732,TRUE,TRUE,0.0211111083626747,0.0211111083626747,0.0328367158125732,TRUE,TRUE,0.0211111083626747
14,93,"By the People: National","btp03.olt1demo","14:9303::btp03.olt1demo","9303","14:9303",0.554738561896717,0.589869281824897,0.227993132703376,0.225891877887994,17,17,17,0.554738561896717,0.589869281824897,0.227993132703376,0.225891877887994,0.0351307199281804,0.0021012548153812,TRUE,TRUE,0.0351307199281804,0.0351307199281804,0.0021012548153812,TRUE,TRUE,0.0351307199281804
14,93,"By the People: National","btp03.olt1demo","14:9304::btp03.olt1demo","9304","14:9304",0.664646465669979,0.583838393742388,0.147683194838991,0.242968461250039,11,11,11,0.664646465669979,0.583838393742388,0.147683194838991,0.242968461250039,-0.0808080719275908,-0.0952852664110481,FALSE,FALSE,-0.0808080719275908,-0.0808080719275908,-0.0952852664110481,FALSE,FALSE,-0.0808080719275908
14,93,"By the People: National","btp03.olt1demo","14:9305::btp03.olt1demo","9305","14:9305",0.562037038306395,0.622685189048449,0.21054993205251,0.169047937697009,12,12,12,0.562037038306395,0.622685189048449,0.21054993205251,0.169047937697009,0.060648150742054,0.0415019943555005,TRUE,TRUE,0.060648150742054,0.060648150742054,0.0415019943555005,TRUE,TRUE,0.060648150742054
14,93,"By the People: National","btp03.olt1demo","14:9306::btp03.olt1demo","9306","14:9306",0.535294116419904,0.59705882212695,0.210918595365717,0.221100617169058,17,17,17,0.535294116419904,0.59705882212695,0.210918595365717,0.221100617169058,0.0617647057070452,-0.010182021803341,TRUE,FALSE,0.0617647057070452,0.0617647057070452,-0.010182021803341,TRUE,FALSE,0.0617647057070452
14,93,"By the People: National","btp03.olt1demo","14:9307::btp03.olt1demo","9307","14:9307",0.582098771300581,0.588235296747264,0.224340846941801,0.20949567127089,18,17,17,0.605228764169356,0.588235296747264,0.207948448367927,0.20949567127089,0.00613652544668297,0.0148451756709104,TRUE,TRUE,0.00613652544668297,-0.0169934674220927,-0.00154722290296333,FALSE,FALSE,-0.0169934674220927
14,93,"By the People: National","btp03.olt1demo","14:9308::btp03.olt1demo","9308","14:9308",0.602579355239868,0.673015871218273,0.255035842816392,0.241403551242683,14,14,14,0.602579355239868,0.673015871218273,0.255035842816392,0.241403551242683,0.0704365159784045,0.0136322915737082,TRUE,TRUE,0.0704365159784045,0.0704365159784045,0.0136322915737082,TRUE,TRUE,0.0704365159784045
14,93,"By the People: National","btp03.olt1demo","14:9309::btp03.olt1demo","9309","14:9309",0.57657407472531,0.587037039299806,0.17118944936357,0.229799267058953,12,12,12,0.57657407472531,0.587037039299806,0.17118944936357,0.229799267058953,0.010462964574496,-0.0586098176953828,TRUE,FALSE,0.010462964574496,0.010462964574496,-0.0586098176953828,TRUE,FALSE,0.010462964574496
14,93,"By the People: National","btp03.olt1demo","14:9310::btp03.olt1demo","9310","14:9310",0.609413581589858,0.685802464683851,0.235361431566927,0.228356684158786,18,18,18,0.609413581589858,0.685802464683851,0.235361431566927,0.228356684158786,0.0763888830939929,0.00700474740814094,TRUE,TRUE,0.0763888830939929,0.0763888830939929,0.00700474740814094,TRUE,TRUE,0.0763888830939929
14,93,"By the People: National","btp03.olt1demo","14:9311::btp03.olt1demo","9311","14:9311",0.660138891637325,0.719027777016163,0.197157910330516,0.236299845007719,20,20,20,0.660138891637325,0.719027777016163,0.197157910330516,0.236299845007719,0.0588888853788375,-0.0391419346772022,TRUE,FALSE,0.0588888853788375,0.0588888853788375,-0.0391419346772022,TRUE,FALSE,0.0588888853788375
14,93,"By the People: National","btp03.olt1demo","14:9312::btp03.olt1demo","9312","14:9312",0.557487923813903,0.542149761448736,0.199990235214512,0.144654692967374,23,23,23,0.557487923813903,0.542149761448736,0.199990235214512,0.144654692967374,-0.0153381623651671,0.0553355422471388,FALSE,TRUE,-0.0153381623651671,-0.0153381623651671,0.0553355422471388,FALSE,TRUE,-0.0153381623651671
14,93,"By the People: National","btp03.olt1demo","14:9313::btp03.olt1demo","9313","14:9313",0.659788360198339,0.627037038405736,0.195937948331618,0.144878980559561,21,21,21,0.659788360198339,0.627037038405736,0.195937948331618,0.144878980559561,-0.0327513217926025,0.0510589677720567,FALSE,TRUE,-0.0327513217926025,-0.0327513217926025,0.0510589677720567,FALSE,TRUE,-0.0327513217926025
14,93,"By the People: National","btp03.olt1demo","14:9314::btp03.olt1demo","9314","14:9314",0.585555559396744,0.655555558204651,0.232100613765375,0.203080959735792,20,20,20,0.585555559396744,0.655555558204651,0.232100613765375,0.203080959735792,0.0699999988079071,0.0290196540295838,TRUE,TRUE,0.0699999988079071,0.0699999988079071,0.0290196540295838,TRUE,TRUE,0.0699999988079071
14,93,"By the People: National","btp03.olt1demo","14:9315::btp03.olt1demo","9315","14:9315",0.591830066021751,0.5911764765487,0.236495741779568,0.225651137505432,17,17,17,0.591830066021751,0.5911764765487,0.236495741779568,0.225651137505432,-0.000653589473051164,0.0108446042741353,FALSE,TRUE,-0.000653589473051164,-0.000653589473051164,0.0108446042741353,FALSE,TRUE,-0.000653589473051164
14,93,"By the People: National","btp03.olt1forai1","14:9301::btp03.olt1forai1","9301","14:9301",0.461538461538462,0.535714285714286,0.431158249251288,0.414370965082372,13,14,13,0.461538461538462,0.5,0.431158249251288,0.408248290463863,-0.0741758241758242,0.0167872841689157,FALSE,TRUE,-0.00274725274725279,-0.0384615384615385,0.0229099587874251,FALSE,TRUE,-0.0384615384615385
14,93,"By the People: National","btp03.olt1forai1","14:9302::btp03.olt1forai1","9302","14:9302",0.35,0.5,0.411636301174282,0.408248290463863,10,10,10,0.35,0.5,0.411636301174282,0.408248290463863,-0.15,0.00338801071041928,FALSE,TRUE,-0.15,-0.15,0.00338801071041928,FALSE,TRUE,-0.15
14,93,"By the People: National","btp03.olt1forai1","14:9303::btp03.olt1forai1","9303","14:9303",0.1875,0.3125,0.25,0.35939764421413,16,16,15,0.2,0.3,0.253546276418555,0.368394198806504,-0.125,-0.10939764421413,FALSE,FALSE,-0.125,-0.1,-0.114847922387949,FALSE,FALSE,-0.1
14,93,"By the People: National","btp03.olt1forai1","14:9304::btp03.olt1forai1","9304","14:9304",0.5,0.454545454545455,0.333333333333333,0.415604707296817,10,11,10,0.5,0.45,0.333333333333333,0.437797517885457,NA,-0.0822713739634834,NA,FALSE,0.0454545454545455,NA,-0.104464184552123,NA,FALSE,0.05
14,93,"By the People: National","btp03.olt1forai1","14:9305::btp03.olt1forai1","9305","14:9305",0.291666666666667,0.3,0.257464325272219,0.258198889747161,12,10,10,0.25,0.3,0.263523138347365,0.258198889747161,-0.0083333333333333,-0.000734564474942467,FALSE,FALSE,-0.0083333333333333,-0.05,0.00532424860020386,FALSE,TRUE,-0.05
14,93,"By the People: National","btp03.olt1forai1","14:9306::btp03.olt1forai1","9306","14:9306",0.125,0.21875,0.226133508433323,0.314576434802948,12,16,11,0.0909090909090909,0.181818181818182,0.202259958738973,0.337099931231621,-0.09375,-0.0884429263696252,FALSE,FALSE,-0.09375,-0.0909090909090909,-0.134839972492648,FALSE,FALSE,-0.0909090909090909
14,93,"By the People: National","btp03.olt1forai1","14:9307::btp03.olt1forai1","9307","14:9307",0.3,0.321428571428571,0.316227766016838,0.372473171834246,15,14,13,0.307692307692308,0.346153846153846,0.325221817793995,0.375533808099405,-0.0214285714285715,-0.0562454058174081,FALSE,FALSE,-0.0214285714285715,-0.0384615384615384,-0.0503119903054099,FALSE,FALSE,-0.0384615384615384
14,93,"By the People: National","btp03.olt1forai1","14:9308::btp03.olt1forai1","9308","14:9308",0.384615384615385,0.416666666666667,0.362505526040992,0.358870281282637,13,12,12,0.375,0.416666666666667,0.376889180722205,0.358870281282637,-0.032051282051282,0.00363524475835542,FALSE,TRUE,-0.032051282051282,-0.0416666666666666,0.0180188994395679,FALSE,TRUE,-0.0416666666666666
14,93,"By the People: National","btp03.olt1forai1","14:9309::btp03.olt1forai1","9309","14:9309",0.277777777777778,0.5,0.263523138347365,0.25,9,9,9,0.277777777777778,0.5,0.263523138347365,0.25,-0.222222222222222,0.013523138347365,FALSE,TRUE,-0.222222222222222,-0.222222222222222,0.013523138347365,FALSE,TRUE,-0.222222222222222
14,93,"By the People: National","btp03.olt1forai1","14:9310::btp03.olt1forai1","9310","14:9310",0.366666666666667,0.65625,0.351865775274498,0.39660013447636,15,16,14,0.357142857142857,0.642857142857143,0.363136519601281,0.412710152927778,-0.289583333333333,-0.0447343592018614,FALSE,FALSE,0.0229166666666666,-0.285714285714286,-0.049573633326497,FALSE,FALSE,5.55111512312578e-17
14,93,"By the People: National","btp03.olt1forai1","14:9311::btp03.olt1forai1","9311","14:9311",0.34375,0.447368421052632,0.352077169571293,0.32891812735531,16,19,16,0.34375,0.4375,0.352077169571293,0.35939764421413,-0.103618421052632,0.0231590422159834,FALSE,TRUE,-0.103618421052632,-0.09375,-0.00732047464283697,FALSE,FALSE,-0.09375
14,93,"By the People: National","btp03.olt1forai1","14:9312::btp03.olt1forai1","9312","14:9312",0.222222222222222,0.404761904761905,0.255654996282457,0.339817878393987,18,21,18,0.222222222222222,0.416666666666667,0.255654996282457,0.353553390593274,-0.182539682539683,-0.0841628821115301,FALSE,FALSE,-0.182539682539683,-0.194444444444444,-0.097898394310817,FALSE,FALSE,-0.194444444444444
14,93,"By the People: National","btp03.olt1forai1","14:9313::btp03.olt1forai1","9313","14:9313",0.361111111111111,0.444444444444444,0.334556579034344,0.379197639329681,18,18,17,0.382352941176471,0.441176470588235,0.332105582077536,0.390606617214513,-0.0833333333333333,-0.0446410602953364,FALSE,FALSE,-0.0833333333333333,-0.0588235294117647,-0.0585010351369768,FALSE,FALSE,-0.0588235294117647
14,93,"By the People: National","btp03.olt1forai1","14:9314::btp03.olt1forai1","9314","14:9314",0.25,0.473684210526316,0.337099931231621,0.35251809293702,12,19,11,0.272727272727273,0.454545454545455,0.343775825476164,0.350324524872685,-0.223684210526316,-0.0154181617053986,FALSE,FALSE,-0.223684210526316,-0.181818181818182,-0.00654869939652103,FALSE,FALSE,-0.181818181818182
14,93,"By the People: National","btp03.olt1forai1","14:9315::btp03.olt1forai1","9315","14:9315",0.3,0.233333333333333,0.368394198806504,0.258198889747161,15,15,14,0.285714285714286,0.25,0.377964473009227,0.259437260831385,0.0666666666666667,0.110195309059342,TRUE,TRUE,0.0666666666666667,0.0357142857142857,0.118527212177842,TRUE,TRUE,0.0357142857142857
14,93,"By the People: National","btp03.olt1global","14:9301::btp03.olt1global","9301","14:9301",0.552182542426246,0.613888888486794,0.210996308391755,0.220874654813259,14,14,14,0.552182542426246,0.613888888486794,0.210996308391755,0.220874654813259,0.0617063460605485,-0.00987834642150376,TRUE,FALSE,0.0617063460605485,0.0617063460605485,-0.00987834642150376,TRUE,FALSE,0.0617063460605485
14,93,"By the People: National","btp03.olt1global","14:9302::btp03.olt1global","9302","14:9302",0.505000005662441,0.543055561184883,0.203087451916721,0.194890356728058,10,10,10,0.505000005662441,0.543055561184883,0.203087451916721,0.194890356728058,0.0380555555224418,0.0081970951886633,TRUE,TRUE,0.0380555555224418,0.0380555555224418,0.0081970951886633,TRUE,TRUE,0.0380555555224418
14,93,"By the People: National","btp03.olt1global","14:9303::btp03.olt1global","9303","14:9303",0.47908497207305,0.532026153276948,0.168757482543243,0.192655757771606,17,17,17,0.47908497207305,0.532026153276948,0.168757482543243,0.192655757771606,-0.0529411812038982,-0.0238982752283627,FALSE,FALSE,0.0111111253499985,-0.0529411812038982,-0.0238982752283627,FALSE,FALSE,0.0111111253499985
14,93,"By the People: National","btp03.olt1global","14:9304::btp03.olt1global","9304","14:9304",0.563888888467442,0.531313129446723,0.195651016118757,0.204404022427753,11,11,11,0.563888888467442,0.531313129446723,0.195651016118757,0.204404022427753,-0.0325757590207186,-0.00875300630899595,FALSE,FALSE,-0.0325757590207186,-0.0325757590207186,-0.00875300630899595,FALSE,FALSE,-0.0325757590207186
14,93,"By the People: National","btp03.olt1global","14:9305::btp03.olt1global","9305","14:9305",0.438657411684593,0.531712964177132,0.166504374037983,0.138597968905383,12,12,12,0.438657411684593,0.531712964177132,0.166504374037983,0.138597968905383,-0.0930555524925391,0.0279064051326,FALSE,TRUE,-0.0296296241382758,-0.0930555524925391,0.0279064051326,FALSE,TRUE,-0.0296296241382758
14,93,"By the People: National","btp03.olt1global","14:9306::btp03.olt1global","9306","14:9306",0.405457512420766,0.473366017727291,0.147589846314156,0.157144229743471,17,17,17,0.405457512420766,0.473366017727291,0.147589846314156,0.157144229743471,-0.0679085053065244,-0.00955438342931439,FALSE,FALSE,-0.0679085053065244,-0.0679085053065244,-0.00955438342931439,FALSE,FALSE,-0.0679085053065244
14,93,"By the People: National","btp03.olt1global","14:9307::btp03.olt1global","9307","14:9307",0.445216052234173,0.482679737841382,0.162062789131278,0.164163877751293,18,17,17,0.457843139767647,0.482679737841382,0.1576594921909,0.164163877751293,-0.0374636856072089,-0.00210108862001498,FALSE,FALSE,-0.0374636856072089,-0.024836598073735,-0.00650438556039246,FALSE,FALSE,-0.024836598073735
14,93,"By the People: National","btp03.olt1global","14:9308::btp03.olt1global","9308","14:9308",0.541071434106146,0.584523809807641,0.171348690719251,0.196323985254165,14,14,14,0.541071434106146,0.584523809807641,0.171348690719251,0.196323985254165,0.0434523757014956,-0.0249752945349146,TRUE,FALSE,0.0434523757014956,0.0434523757014956,-0.0249752945349146,TRUE,FALSE,0.0434523757014956
14,93,"By the People: National","btp03.olt1global","14:9309::btp03.olt1global","9309","14:9309",0.444675929223498,0.479629633327325,0.180318251884149,0.154157376262921,12,12,12,0.444675929223498,0.479629633327325,0.180318251884149,0.154157376262921,-0.0349537041038274,0.0261608756212272,FALSE,TRUE,-0.0349537041038274,-0.0349537041038274,0.0261608756212272,FALSE,TRUE,-0.0349537041038274
14,93,"By the People: National","btp03.olt1global","14:9310::btp03.olt1global","9310","14:9310",0.50972222785155,0.590277782744832,0.168336545465292,0.183697522042517,18,18,18,0.50972222785155,0.590277782744832,0.168336545465292,0.183697522042517,0.0805555548932818,-0.015360976577226,TRUE,FALSE,0.0805555548932818,0.0805555548932818,-0.015360976577226,TRUE,FALSE,0.0805555548932818
14,93,"By the People: National","btp03.olt1global","14:9311::btp03.olt1global","9311","14:9311",0.507722226530314,0.59277777671814,0.181655427072261,0.128552192910499,20,20,20,0.507722226530314,0.59277777671814,0.181655427072261,0.128552192910499,0.0850555501878262,0.0531032341617619,TRUE,TRUE,0.0850555501878262,0.0850555501878262,0.0531032341617619,TRUE,TRUE,0.0850555501878262
14,93,"By the People: National","btp03.olt1global","14:9312::btp03.olt1global","9312","14:9312",0.511908217940641,0.515700487338978,0.204425354969821,0.200566691315596,23,23,23,0.511908217940641,0.515700487338978,0.204425354969821,0.200566691315596,0.00379226939833688,0.00385866365422513,TRUE,TRUE,0.00379226939833688,0.00379226939833688,0.00385866365422513,TRUE,TRUE,0.00379226939833688
14,93,"By the People: National","btp03.olt1global","14:9313::btp03.olt1global","9313","14:9313",0.540145506461461,0.55740741179103,0.196692315943823,0.159048901798119,21,21,21,0.540145506461461,0.55740741179103,0.196692315943823,0.159048901798119,0.0172619053295681,0.0376434141457037,TRUE,TRUE,0.0172619053295681,0.0172619053295681,0.0376434141457037,TRUE,TRUE,0.0172619053295681
14,93,"By the People: National","btp03.olt1global","14:9314::btp03.olt1global","9314","14:9314",0.46472222879529,0.528680557757616,0.203736021445069,0.152276073321363,20,20,20,0.46472222879529,0.528680557757616,0.203736021445069,0.152276073321363,-0.063958328962326,0.0514599481237059,FALSE,TRUE,-0.00659721344709396,-0.063958328962326,0.0514599481237059,FALSE,TRUE,-0.00659721344709396
14,93,"By the People: National","btp03.olt1global","14:9315::btp03.olt1global","9315","14:9315",0.461437909042134,0.427777784712174,0.186607651676944,0.156701504366539,17,17,17,0.461437909042134,0.427777784712174,0.186607651676944,0.156701504366539,0.0336601243299596,0.0299061473104049,TRUE,TRUE,0.0336601243299596,0.0336601243299596,0.0299061473104049,TRUE,TRUE,0.0336601243299596
14,93,"By the People: National","btp03.olt1trade","14:9301::btp03.olt1trade","9301","14:9301",0.45,0.642857142857143,0.437797517885457,0.456936766731688,10,14,10,0.45,0.5,0.437797517885457,0.471404520791032,-0.192857142857143,-0.0191392488462311,FALSE,FALSE,0.092857142857143,-0.0499999999999999,-0.0336070029055751,FALSE,FALSE,-0.0499999999999999
14,93,"By the People: National","btp03.olt1trade","14:9302::btp03.olt1trade","9302","14:9302",0.583333333333333,0.6875,0.491596040125088,0.372011904571422,6,8,6,0.583333333333333,0.583333333333333,0.491596040125088,0.37638632635454,0.104166666666667,0.119584135553665,TRUE,TRUE,0.104166666666667,0,0.115209713770547,FALSE,TRUE,0
14,93,"By the People: National","btp03.olt1trade","14:9303::btp03.olt1trade","9303","14:9303",0.458333333333333,0.428571428571429,0.45016831868926,0.474631146549323,12,14,11,0.5,0.545454545454545,0.447213595499958,0.47193990372427,0.0297619047619048,-0.0244628278600633,TRUE,FALSE,0.0297619047619048,NA,-0.0247263082243115,NA,FALSE,0.0454545454545454
14,93,"By the People: National","btp03.olt1trade","14:9304::btp03.olt1trade","9304","14:9304",0.5,0.55,0.462910049886276,0.437797517885457,8,10,7,0.428571428571429,0.428571428571429,0.449867705421219,0.449867705421219,NA,0.0251125320008191,NA,TRUE,0.05,0,0,FALSE,FALSE,0
14,93,"By the People: National","btp03.olt1trade","14:9305::btp03.olt1trade","9305","14:9305",0.416666666666667,0.722222222222222,0.491596040125088,0.363241578628389,6,9,6,0.416666666666667,0.75,0.491596040125088,0.273861278752583,-0.305555555555556,0.128354461496698,FALSE,TRUE,0.138888888888889,-0.333333333333333,0.217734761372504,FALSE,TRUE,0.166666666666667
14,93,"By the People: National","btp03.olt1trade","14:9306::btp03.olt1trade","9306","14:9306",0.3,0.5,0.421637021355784,0.426401432711221,10,12,7,0.428571428571429,0.642857142857143,0.449867705421219,0.475594865605671,-0.2,-0.00476441135543698,FALSE,FALSE,-0.2,-0.214285714285714,-0.0257271601844523,FALSE,FALSE,0.0714285714285715
14,93,"By the People: National","btp03.olt1trade","14:9307::btp03.olt1trade","9307","14:9307",0.269230769230769,0.269230769230769,0.438529009653515,0.438529009653515,13,13,11,0.227272727272727,0.272727272727273,0.410099766132362,0.467099366496914,0,0,FALSE,FALSE,0,-0.0454545454545454,-0.0569996003645516,FALSE,FALSE,-0.0454545454545454
14,93,"By the People: National","btp03.olt1trade","14:9308::btp03.olt1trade","9308","14:9308",0.666666666666667,0.6875,0.389249472080761,0.458062690656452,12,8,8,0.8125,0.6875,0.372011904571422,0.458062690656452,0.0208333333333334,-0.0688132185756907,TRUE,FALSE,0.0208333333333334,-0.125,-0.0860507860850297,FALSE,FALSE,-0.125
14,93,"By the People: National","btp03.olt1trade","14:9309::btp03.olt1trade","9309","14:9309",0.3125,0.611111111111111,0.372011904571422,0.416666666666667,8,9,8,0.3125,0.625,0.372011904571422,0.443202630213959,-0.298611111111111,-0.0446547620952442,FALSE,FALSE,-0.0763888888888888,-0.3125,-0.0711907256425367,FALSE,FALSE,-0.0625
14,93,"By the People: National","btp03.olt1trade","14:9310::btp03.olt1trade","9310","14:9310",0.384615384615385,0.571428571428571,0.416025147168922,0.385164443259822,13,14,12,0.375,0.5,0.433012701892219,0.369274472937998,-0.186813186813187,0.0308607039091002,FALSE,TRUE,-0.043956043956044,-0.125,0.0637382289542211,FALSE,TRUE,-0.125
14,93,"By the People: National","btp03.olt1trade","14:9311::btp03.olt1trade","9311","14:9311",0.55,0.642857142857143,0.437797517885457,0.456936766731688,10,14,9,0.611111111111111,0.666666666666667,0.416666666666667,0.433012701892219,0.0928571428571429,-0.0191392488462311,TRUE,FALSE,0.0928571428571429,0.0555555555555555,-0.0163460352255526,TRUE,FALSE,0.0555555555555555
14,93,"By the People: National","btp03.olt1trade","14:9312::btp03.olt1trade","9312","14:9312",0.55,0.633333333333333,0.497214463005877,0.441857550844268,10,15,8,0.6875,0.8125,0.458062690656452,0.372011904571422,0.0833333333333333,0.0553569121616083,TRUE,TRUE,0.0833333333333333,0.125,0.0860507860850297,TRUE,TRUE,0.125
14,93,"By the People: National","btp03.olt1trade","14:9313::btp03.olt1trade","9313","14:9313",0.538461538461538,0.607142857142857,0.431158249251288,0.349646603376534,13,14,12,0.5,0.625,0.426401432711221,0.376889180722205,0.0686813186813187,0.0815116458747542,TRUE,TRUE,0.0686813186813187,NA,0.0495122519890163,NA,TRUE,0.125
14,93,"By the People: National","btp03.olt1trade","14:9314::btp03.olt1trade","9314","14:9314",0.35,0.423076923076923,0.411636301174282,0.449358517136459,10,13,8,0.375,0.5,0.443202630213959,0.462910049886276,-0.073076923076923,-0.0377222159621762,FALSE,FALSE,-0.073076923076923,-0.125,-0.0197074196723165,FALSE,FALSE,-0.125
14,93,"By the People: National","btp03.olt1trade","14:9315::btp03.olt1trade","9315","14:9315",0.4375,0.333333333333333,0.495515604482557,0.443812682299297,8,12,6,0.333333333333333,0.166666666666667,0.516397779494322,0.408248290463863,0.104166666666667,0.0517029221832602,TRUE,TRUE,0.104166666666667,0.166666666666667,0.108149489030459,TRUE,TRUE,0.166666666666667
11,71,"Europolis","eu2009.cc1","11:711::eu2009.cc1","711","11:711",0.564285714285714,0.669230769230769,0.305355134624847,0.175045781557356,14,13,13,0.530769230769231,0.669230769230769,0.289783296575836,0.175045781557356,0.104945054945055,0.130309353067491,TRUE,TRUE,0.104945054945055,0.138461538461538,0.11473751501848,TRUE,TRUE,0.138461538461538
11,71,"Europolis","eu2009.cc1","11:7110::eu2009.cc1","7110","11:7110",0.628571428571429,0.8,0.312381845795202,0.2,14,13,13,0.661538461538462,0.8,0.298715197522271,0.2,0.171428571428571,0.112381845795202,TRUE,TRUE,0.171428571428571,0.138461538461539,0.0987151975222708,TRUE,TRUE,0.138461538461539
11,71,"Europolis","eu2009.cc1","11:7111::eu2009.cc1","7111","11:7111",0.523076923076923,0.623076923076923,0.220430813612216,0.200640001635791,13,13,13,0.523076923076923,0.623076923076923,0.220430813612216,0.200640001635791,0.1,0.0197908119764251,TRUE,TRUE,0.1,0.1,0.0197908119764251,TRUE,TRUE,0.1
11,71,"Europolis","eu2009.cc1","11:7112::eu2009.cc1","7112","11:7112",0.621428571428571,0.793333333333333,0.316661846888325,0.218653890451379,14,15,14,0.621428571428571,0.8,0.316661846888325,0.225320284859643,0.171904761904762,0.0980079564369461,TRUE,TRUE,0.171904761904762,0.178571428571429,0.0913415620286822,TRUE,TRUE,0.178571428571429
11,71,"Europolis","eu2009.cc1","11:7113::eu2009.cc1","7113","11:7113",0.469230769230769,0.830769230769231,0.402874288466877,0.286893172291869,13,13,13,0.469230769230769,0.830769230769231,0.402874288466877,0.286893172291869,-0.361538461538462,0.115981116175007,FALSE,TRUE,0.3,-0.361538461538462,0.115981116175007,FALSE,TRUE,0.3
11,71,"Europolis","eu2009.cc1","11:7114::eu2009.cc1","7114","11:7114",0.621428571428571,0.578571428571429,0.346806466598772,0.248622579049423,14,14,14,0.621428571428571,0.578571428571429,0.346806466598772,0.248622579049423,-0.0428571428571428,0.0981838875493488,FALSE,TRUE,-0.0428571428571428,-0.0428571428571428,0.0981838875493488,FALSE,TRUE,-0.0428571428571428
11,71,"Europolis","eu2009.cc1","11:7115::eu2009.cc1","7115","11:7115",0.66,0.7,0.267498701969852,0.33166247903554,10,11,10,0.66,0.77,0.267498701969852,0.249666444147653,0.04,-0.0641637770656883,TRUE,FALSE,0.04,0.11,0.0178322578221983,TRUE,TRUE,0.11
11,71,"Europolis","eu2009.cc1","11:7116::eu2009.cc1","7116","11:7116",0.571428571428571,0.586666666666667,0.381149216547437,0.371995903715286,14,15,14,0.571428571428571,0.628571428571429,0.381149216547437,0.347360534113104,0.0152380952380953,0.00915331283215132,TRUE,TRUE,0.0152380952380953,0.0571428571428572,0.0337886824343336,TRUE,TRUE,0.0571428571428572
11,71,"Europolis","eu2009.cc1","11:7117::eu2009.cc1","7117","11:7117",0.726666666666667,0.713333333333333,0.234419241856083,0.320416395751944,15,15,15,0.726666666666667,0.713333333333333,0.234419241856083,0.320416395751944,-0.0133333333333333,-0.085997153895861,FALSE,FALSE,-0.0133333333333333,-0.0133333333333333,-0.085997153895861,FALSE,FALSE,-0.0133333333333333
11,71,"Europolis","eu2009.cc1","11:7118::eu2009.cc1","7118","11:7118",0.572727272727273,0.663636363636364,0.355220802011676,0.29418608829354,11,11,11,0.572727272727273,0.663636363636364,0.355220802011676,0.29418608829354,0.0909090909090908,0.0610347137181357,TRUE,TRUE,0.0909090909090908,0.0909090909090908,0.0610347137181357,TRUE,TRUE,0.0909090909090908
11,71,"Europolis","eu2009.cc1","11:7119::eu2009.cc1","7119","11:7119",0.54,0.6875,0.261315354094845,0.233452350598575,15,16,15,0.54,0.666666666666667,0.261315354094845,0.225726340847454,0.1475,0.0278630034962701,TRUE,TRUE,0.1475,0.126666666666667,0.0355890132473912,TRUE,TRUE,0.126666666666667
11,71,"Europolis","eu2009.cc1","11:712::eu2009.cc1","712","11:712",0.5,0.478571428571429,0.387298334620742,0.353397948338852,15,14,14,0.521428571428571,0.478571428571429,0.392582321457397,0.353397948338852,NA,0.0339003862818897,NA,TRUE,0.0214285714285715,-0.0428571428571429,0.0391843731185452,FALSE,TRUE,0
11,71,"Europolis","eu2009.cc1","11:7120::eu2009.cc1","7120","11:7120",0.614285714285714,0.666666666666667,0.28784916685157,0.388525907697776,14,15,13,0.584615384615385,0.730769230769231,0.27642405179408,0.36374124361652,0.0523809523809524,-0.100676740846206,TRUE,FALSE,0.0523809523809524,0.146153846153846,-0.0873171918224393,TRUE,FALSE,0.146153846153846
11,71,"Europolis","eu2009.cc1","11:7121::eu2009.cc1","7121","11:7121",0.64,0.673333333333333,0.315775688922193,0.268505564365505,15,15,15,0.64,0.673333333333333,0.315775688922193,0.268505564365505,0.0333333333333333,0.0472701245566886,TRUE,TRUE,0.0333333333333333,0.0333333333333333,0.0472701245566886,TRUE,TRUE,0.0333333333333333
11,71,"Europolis","eu2009.cc1","11:7122::eu2009.cc1","7122","11:7122",0.558333333333333,0.584615384615385,0.253908835942542,0.310500010322474,12,13,12,0.558333333333333,0.558333333333333,0.253908835942542,0.308834563931546,0.0262820512820513,-0.0565911743799314,TRUE,FALSE,0.0262820512820513,0,-0.0549257279890031,FALSE,FALSE,0
11,71,"Europolis","eu2009.cc1","11:7123::eu2009.cc1","7123","11:7123",0.45,0.642857142857143,0.334549065045887,0.284778687929594,14,14,14,0.45,0.642857142857143,0.334549065045887,0.284778687929594,-0.192857142857143,0.0497703771162926,FALSE,TRUE,0.0928571428571429,-0.192857142857143,0.0497703771162926,FALSE,TRUE,0.0928571428571429
11,71,"Europolis","eu2009.cc1","11:7124::eu2009.cc1","7124","11:7124",0.584615384615385,0.653846153846154,0.20349510168615,0.287562702192596,13,13,13,0.584615384615385,0.653846153846154,0.20349510168615,0.287562702192596,0.0692307692307692,-0.0840676005064464,TRUE,FALSE,0.0692307692307692,0.0692307692307692,-0.0840676005064464,TRUE,FALSE,0.0692307692307692
11,71,"Europolis","eu2009.cc1","11:7125::eu2009.cc1","7125","11:7125",0.623529411764706,0.705882352941177,0.207754096724667,0.281670437380492,17,17,17,0.623529411764706,0.705882352941177,0.207754096724667,0.281670437380492,0.0823529411764706,-0.0739163406558248,TRUE,FALSE,0.0823529411764706,0.0823529411764706,-0.0739163406558248,TRUE,FALSE,0.0823529411764706
11,71,"Europolis","eu2009.cc1","11:713::eu2009.cc1","713","11:713",0.64,0.773333333333333,0.235432732279459,0.265832027165025,15,15,15,0.64,0.773333333333333,0.235432732279459,0.265832027165025,0.133333333333333,-0.0303992948855661,TRUE,FALSE,0.133333333333333,0.133333333333333,-0.0303992948855661,TRUE,FALSE,0.133333333333333
11,71,"Europolis","eu2009.cc1","11:714::eu2009.cc1","714","11:714",0.507142857142857,0.778571428571429,0.275860292718798,0.235922319120809,14,14,14,0.507142857142857,0.778571428571429,0.275860292718798,0.235922319120809,0.271428571428571,0.0399379735979898,TRUE,TRUE,0.271428571428571,0.271428571428571,0.0399379735979898,TRUE,TRUE,0.271428571428571
11,71,"Europolis","eu2009.cc1","11:715::eu2009.cc1","715","11:715",0.607142857142857,0.642857142857143,0.319769834807393,0.268082322931095,14,14,14,0.607142857142857,0.642857142857143,0.319769834807393,0.268082322931095,0.0357142857142858,0.0516875118762978,TRUE,TRUE,0.0357142857142858,0.0357142857142858,0.0516875118762978,TRUE,TRUE,0.0357142857142858
11,71,"Europolis","eu2009.cc1","11:716::eu2009.cc1","716","11:716",0.56,0.493333333333333,0.235432732279459,0.293906366690061,15,15,15,0.56,0.493333333333333,0.235432732279459,0.293906366690061,-0.0666666666666667,-0.0584736344106015,FALSE,FALSE,-0.0533333333333334,-0.0666666666666667,-0.0584736344106015,FALSE,FALSE,-0.0533333333333334
11,71,"Europolis","eu2009.cc1","11:717::eu2009.cc1","717","11:717",0.69,0.5,0.317804971641414,0.296647939483827,10,11,10,0.69,0.49,0.317804971641414,0.310733898304571,-0.19,0.0211570321575876,FALSE,TRUE,-0.19,-0.2,0.00707107333684293,FALSE,TRUE,-0.18
11,71,"Europolis","eu2009.cc1","11:718::eu2009.cc1","718","11:718",0.4875,0.622222222222222,0.274837614393871,0.376755151848577,8,9,8,0.4875,0.6375,0.274837614393871,0.399776723398735,-0.134722222222222,-0.101917537454706,FALSE,FALSE,0.109722222222222,-0.15,-0.124939109004864,FALSE,FALSE,0.125
11,71,"Europolis","eu2009.cc1","11:719::eu2009.cc1","719","11:719",0.673333333333333,0.72,0.291465917308321,0.20071301473924,15,15,15,0.673333333333333,0.72,0.291465917308321,0.20071301473924,0.0466666666666666,0.090752902569081,TRUE,TRUE,0.0466666666666666,0.0466666666666666,0.090752902569081,TRUE,TRUE,0.0466666666666666
11,71,"Europolis","eu2009.imm1","11:711::eu2009.imm1","711","11:711",0.232142857142857,0.303571428571429,0.301666616072689,0.312843218115527,14,14,14,0.232142857142857,0.303571428571429,0.301666616072689,0.312843218115527,-0.0714285714285714,-0.0111766020428377,FALSE,FALSE,-0.0714285714285714,-0.0714285714285714,-0.0111766020428377,FALSE,FALSE,-0.0714285714285714
11,71,"Europolis","eu2009.imm1","11:7110::eu2009.imm1","7110","11:7110",0.285714285714286,0.303571428571429,0.237315573274662,0.312843218115527,14,14,14,0.285714285714286,0.303571428571429,0.237315573274662,0.312843218115527,-0.0178571428571428,-0.0755276448408651,FALSE,FALSE,-0.0178571428571428,-0.0178571428571428,-0.0755276448408651,FALSE,FALSE,-0.0178571428571428
11,71,"Europolis","eu2009.imm1","11:7111::eu2009.imm1","7111","11:7111",0.288461538461538,0.270833333333333,0.320256307610174,0.270906167362708,13,12,12,0.291666666666667,0.270833333333333,0.334278961710761,0.270906167362708,0.0176282051282051,0.0493501402474664,TRUE,TRUE,0.0176282051282051,0.0208333333333333,0.0633727943480529,TRUE,TRUE,0.0208333333333333
11,71,"Europolis","eu2009.imm1","11:7112::eu2009.imm1","7112","11:7112",0.267857142857143,0.303571428571429,0.317203612634112,0.34220118110791,14,14,13,0.288461538461538,0.307692307692308,0.320256307610174,0.355812540676357,-0.0357142857142857,-0.0249975684737975,FALSE,FALSE,-0.0357142857142857,-0.0192307692307693,-0.0355562330661826,FALSE,FALSE,-0.0192307692307693
11,71,"Europolis","eu2009.imm1","11:7113::eu2009.imm1","7113","11:7113",0.115384615384615,0.134615384615385,0.129718630415693,0.281650356074554,13,13,13,0.115384615384615,0.134615384615385,0.129718630415693,0.281650356074554,-0.0192307692307692,-0.151931725658861,FALSE,FALSE,-0.0192307692307692,-0.0192307692307692,-0.151931725658861,FALSE,FALSE,-0.0192307692307692
11,71,"Europolis","eu2009.imm1","11:7114::eu2009.imm1","7114","11:7114",0.0714285714285714,0.160714285714286,0.152812461375532,0.158330923444163,14,14,14,0.0714285714285714,0.160714285714286,0.152812461375532,0.158330923444163,-0.0892857142857143,-0.00551846206863107,FALSE,FALSE,-0.0892857142857142,-0.0892857142857143,-0.00551846206863107,FALSE,FALSE,-0.0892857142857142
11,71,"Europolis","eu2009.imm1","11:7115::eu2009.imm1","7115","11:7115",0.0909090909090909,0.363636363636364,0.16854996561581,0.423728043142597,11,11,11,0.0909090909090909,0.363636363636364,0.16854996561581,0.423728043142597,-0.272727272727273,-0.255178077526787,FALSE,FALSE,-0.272727272727273,-0.272727272727273,-0.255178077526787,FALSE,FALSE,-0.272727272727273
11,71,"Europolis","eu2009.imm1","11:7116::eu2009.imm1","7116","11:7116",0.428571428571429,0.5,0.301096895798247,0.301511344577764,14,12,11,0.431818181818182,0.5,0.297718598069324,0.316227766016838,-0.0714285714285715,-0.000414448779516241,FALSE,FALSE,-0.0714285714285715,-0.0681818181818182,-0.0185091679475141,FALSE,FALSE,-0.0681818181818182
11,71,"Europolis","eu2009.imm1","11:7117::eu2009.imm1","7117","11:7117",0.383333333333333,0.535714285714286,0.325503273335893,0.351605423203872,15,14,14,0.357142857142857,0.535714285714286,0.320970369383185,0.351605423203872,-0.152380952380952,-0.0261021498679788,FALSE,FALSE,-0.0809523809523809,-0.178571428571429,-0.0306350538206869,FALSE,FALSE,-0.107142857142857
11,71,"Europolis","eu2009.imm1","11:7118::eu2009.imm1","7118","11:7118",0.295454545454545,0.386363636363636,0.384353057392904,0.282038037408883,11,11,11,0.295454545454545,0.386363636363636,0.384353057392904,0.282038037408883,-0.0909090909090909,0.102315019984021,FALSE,TRUE,-0.0909090909090909,-0.0909090909090909,0.102315019984021,FALSE,TRUE,-0.0909090909090909
11,71,"Europolis","eu2009.imm1","11:7119::eu2009.imm1","7119","11:7119",0.234375,0.296875,0.322344923955691,0.291815438248219,16,16,16,0.234375,0.296875,0.322344923955691,0.291815438248219,-0.0625,0.0305294857074719,FALSE,TRUE,-0.0625,-0.0625,0.0305294857074719,FALSE,TRUE,-0.0625
11,71,"Europolis","eu2009.imm1","11:712::eu2009.imm1","712","11:712",0.333333333333333,0.428571428571429,0.293784825696502,0.284682201839096,15,14,14,0.303571428571429,0.428571428571429,0.280428439873901,0.284682201839096,-0.0952380952380952,0.00910262385740512,FALSE,TRUE,-0.0952380952380952,-0.125,-0.00425376196519583,FALSE,FALSE,-0.125
11,71,"Europolis","eu2009.imm1","11:7120::eu2009.imm1","7120","11:7120",0.265625,0.359375,0.280902563178053,0.302334665561196,16,16,16,0.265625,0.359375,0.280902563178053,0.302334665561196,-0.09375,-0.0214321023831427,FALSE,FALSE,-0.09375,-0.09375,-0.0214321023831427,FALSE,FALSE,-0.09375
11,71,"Europolis","eu2009.imm1","11:7121::eu2009.imm1","7121","11:7121",0.416666666666667,0.466666666666667,0.397162555181245,0.338940927568437,15,15,15,0.416666666666667,0.466666666666667,0.397162555181245,0.338940927568437,-0.05,0.0582216276128078,FALSE,TRUE,-0.05,-0.05,0.0582216276128078,FALSE,TRUE,-0.05
11,71,"Europolis","eu2009.imm1","11:7122::eu2009.imm1","7122","11:7122",0.288461538461538,0.403846153846154,0.200160192256359,0.346687622640768,13,13,13,0.288461538461538,0.403846153846154,0.200160192256359,0.346687622640768,-0.115384615384615,-0.146527430384409,FALSE,FALSE,-0.115384615384615,-0.115384615384615,-0.146527430384409,FALSE,FALSE,-0.115384615384615
11,71,"Europolis","eu2009.imm1","11:7123::eu2009.imm1","7123","11:7123",0.428571428571429,0.461538461538462,0.301096895798247,0.246774058396412,14,13,13,0.461538461538462,0.461538461538462,0.285885937448433,0.246774058396412,-0.032967032967033,0.0543228374018351,FALSE,TRUE,-0.032967032967033,0,0.0391118790520205,FALSE,TRUE,0
11,71,"Europolis","eu2009.imm1","11:7124::eu2009.imm1","7124","11:7124",0.25,0.173076923076923,0.353553390593274,0.236832733357835,12,13,12,0.25,0.1875,0.353553390593274,0.241326824790856,0.0769230769230769,0.116720657235438,TRUE,TRUE,0.0769230769230769,0.0625,0.112226565802418,TRUE,TRUE,0.0625
11,71,"Europolis","eu2009.imm1","11:7125::eu2009.imm1","7125","11:7125",0.279411764705882,0.279411764705882,0.36317128514372,0.304681608163245,17,17,17,0.279411764705882,0.279411764705882,0.36317128514372,0.304681608163245,0,0.0584896769804749,FALSE,TRUE,0,0,0.0584896769804749,FALSE,TRUE,0
11,71,"Europolis","eu2009.imm1","11:713::eu2009.imm1","713","11:713",0.333333333333333,0.35,0.349319065502886,0.295803989154981,15,15,15,0.333333333333333,0.35,0.349319065502886,0.295803989154981,-0.0166666666666666,0.0535150763479051,FALSE,TRUE,-0.0166666666666666,-0.0166666666666666,0.0535150763479051,FALSE,TRUE,-0.0166666666666666
11,71,"Europolis","eu2009.imm1","11:714::eu2009.imm1","714","11:714",0.285714285714286,0.375,0.323103086329432,0.389155891247078,14,14,14,0.285714285714286,0.375,0.323103086329432,0.389155891247078,-0.0892857142857143,-0.0660528049176461,FALSE,FALSE,-0.0892857142857143,-0.0892857142857143,-0.0660528049176461,FALSE,FALSE,-0.0892857142857143
11,71,"Europolis","eu2009.imm1","11:715::eu2009.imm1","715","11:715",0.339285714285714,0.392857142857143,0.31936148521974,0.376142946874611,14,14,14,0.339285714285714,0.392857142857143,0.31936148521974,0.376142946874611,-0.0535714285714286,-0.056781461654871,FALSE,FALSE,-0.0535714285714286,-0.0535714285714286,-0.056781461654871,FALSE,FALSE,-0.0535714285714286
11,71,"Europolis","eu2009.imm1","11:716::eu2009.imm1","716","11:716",0.233333333333333,0.183333333333333,0.274945882120897,0.175932887637249,15,15,15,0.233333333333333,0.183333333333333,0.274945882120897,0.175932887637249,0.05,0.0990129944836477,TRUE,TRUE,0.0499999999999999,0.05,0.0990129944836477,TRUE,TRUE,0.0499999999999999
11,71,"Europolis","eu2009.imm1","11:717::eu2009.imm1","717","11:717",0.159090909090909,0.386363636363636,0.202259958738973,0.258931370338657,11,11,11,0.159090909090909,0.386363636363636,0.202259958738973,0.258931370338657,-0.227272727272727,-0.056671411599684,FALSE,FALSE,-0.227272727272727,-0.227272727272727,-0.056671411599684,FALSE,FALSE,-0.227272727272727
11,71,"Europolis","eu2009.imm1","11:718::eu2009.imm1","718","11:718",0.333333333333333,0.277777777777778,0.330718913883074,0.195433989992643,9,9,8,0.375,0.28125,0.327326835353989,0.20863074009907,0.0555555555555555,0.135284923890431,TRUE,TRUE,0.0555555555555555,0.09375,0.118696095254919,TRUE,TRUE,0.09375
11,71,"Europolis","eu2009.imm1","11:719::eu2009.imm1","719","11:719",0.383333333333333,0.483333333333333,0.311486451589487,0.240287526180814,15,15,15,0.383333333333333,0.483333333333333,0.311486451589487,0.240287526180814,-0.1,0.0711989254086728,FALSE,TRUE,-0.1,-0.1,0.0711989254086728,FALSE,TRUE,-0.1
